home_team,away_team,target,rank_dif,goals_dif,goals_dif_l5,goals_suf_dif,goals_suf_dif_l5,goals_per_ranking_dif,dif_rank_agst,dif_rank_agst_l5,dif_points_rank,dif_points_rank_l5,is_friendly
Iraq,Yemen,0,-86.0,0.0,0.0,-3.0,-3.0,0.014149659863945573,-26.0,-26.0,0.061224489795918366,0.061224489795918366,0
Saudi Arabia,Oman,1,-26.0,-3.0,-3.0,0.0,0.0,-0.01948051948051948,-86.0,-86.0,-0.01948051948051948,-0.01948051948051948,0
Qatar,United Arab Emirates,1,-10.0,1.0,1.0,1.0,1.0,0.011764705882352941,-63.0,-63.0,0.0,0.0,0
Vietnam,Thailand,1,-15.0,-1.0,-1.0,0.0,0.0,-0.007444622059831011,6.0,6.0,-0.0008221055035396198,-0.0008221055035396198,0
Bahrain,Kuwait,1,-63.0,1.0,1.0,1.0,1.0,0.01904761904761905,-10.0,-10.0,0.007142857142857145,0.007142857142857145,0
Iraq,Qatar,0,8.0,2.5,2.5,-1.5,-1.5,0.021579532814238044,24.0,24.0,0.033209647495361774,0.033209647495361774,0
Bahrain,Oman,1,10.0,-1.0,-1.0,-0.5,-0.5,-0.01020746494884426,2.5,2.5,-0.01197412625984054,-0.01197412625984054,0
Thailand,Vietnam,0,15.0,0.5,0.5,0.0,0.0,0.005479712394285895,-10.5,-10.5,0.0011148815805986367,0.0011148815805986367,0
Iraq,Oman,0,-7.0,1.0,1.0,-0.6666666666666667,-0.6666666666666667,0.013387198986058304,-8.333333333333329,-8.333333333333329,0.004901960784313722,0.004901960784313722,0
Grenada,Barbados,1,7.0,0.0,0.0,0.0,0.0,0.00024374956473292072,-7.0,-7.0,0.00024374956473292072,0.00024374956473292072,1
Grenada,Saint Lucia,0,1.0,-0.6666666666666667,-0.6666666666666667,0.6666666666666667,0.6666666666666667,-0.0036241857051105605,-5.0,-5.0,-0.01332497620539963,-0.01332497620539963,1
Jamaica,Trinidad and Tobago,1,-40.0,-1.0,-1.0,1.0,1.0,-0.015625,40.0,40.0,-0.046875,-0.046875,1
Tahiti,New Caledonia,0,1.0,-2.0,-2.0,2.0,2.0,-0.012345679012345678,-1.0,-1.0,-0.018518518518518517,-0.018518518518518517,1
Grenada,United States,1,160.0,1.0,1.0,0.25,0.25,-0.012863390789812194,146.0,146.0,-0.0220392513968322,-0.0220392513968322,0
Fiji,Solomon Islands,1,27.0,-1.0,-1.0,2.0,2.0,-0.006097560975609756,0.0,0.0,-0.018292682926829267,-0.018292682926829267,1
Slovenia,San Marino,0,-149.0,2.0,2.0,-1.0,-1.0,0.017391304347826087,56.0,56.0,0.02608695652173913,0.02608695652173913,0
Lesotho,Zambia,1,59.0,-2.0,-2.0,2.0,2.0,-0.009044526901669757,-59.0,-59.0,-0.02040816326530612,-0.02040816326530612,0
Malta,Italy,1,159.0,0.0,0.0,0.0,0.0,-0.18461538461538463,60.0,60.0,0.0,0.0,0
Russia,Iraq,0,-31.0,-2.0,-2.0,0.25,0.25,0.006163708086785007,-60.5,-60.5,-0.0010095856524427946,-0.0010095856524427946,1
Kazakhstan,Denmark,0,97.0,-2.0,-2.0,1.0,1.0,-0.03744239631336405,6.0,6.0,-0.05357142857142857,-0.05357142857142857,0
Liechtenstein,Iceland,1,135.0,-0.5,-0.5,1.5,1.5,-0.0125,-31.0,-31.0,0.0,0.0,0
Luxembourg,Portugal,1,83.0,-4.0,-4.0,0.0,0.0,-0.020202020202020204,-144.0,-144.0,0.0033670033670033656,0.0033670033670033656,0
Mexico,Jamaica,1,-49.0,2.0,2.0,-0.5,-0.5,0.014388489208633094,35.0,35.0,0.016775041505257333,0.016775041505257333,0
Northern Ireland,Finland,1,3.0,1.6666666666666667,1.6666666666666667,-2.0,-2.0,0.002812006319115325,161.0,161.0,0.014218009478672985,0.014218009478672985,0
Slovakia,Bosnia and Herzegovina,0,-3.0,-3.0,-3.0,0.0,0.0,-0.047619047619047616,29.0,29.0,-0.03674948240165631,-0.03674948240165631,0
Greece,Lithuania,1,-93.0,3.0,3.0,-2.0,-2.0,0.015,171.0,171.0,0.015,0.015,1
North Macedonia,Faroe Islands,0,-58.0,1.0,1.0,0.0,0.0,0.006228921467410008,-7.0,-7.0,0.012216945419505815,0.012216945419505815,1
Guinea-Bissau,Nigeria,1,83.0,1.0,1.0,-1.0,-1.0,0.02857142857142857,-83.0,-83.0,0.08571428571428572,0.08571428571428572,0
Angola,Ghana,1,59.0,-1.0,-1.0,1.0,1.0,-0.008547008547008548,-59.0,-59.0,-0.02564102564102564,-0.02564102564102564,0
Niger,Algeria,1,82.0,-1.0,-1.0,1.0,1.0,0.00860655737704918,-82.0,-82.0,-0.02459016393442623,-0.02459016393442623,0
Netherlands,Gibraltar,0,-194.0,0.0,0.0,1.0,1.0,0.0,-48.0,-48.0,0.0,0.0,0
Sudan,Gabon,0,49.0,-1.0,-1.0,1.0,1.0,-0.0078125,-49.0,-49.0,-0.0234375,-0.0234375,0
Ethiopia,Guinea,1,55.0,-1.5,-1.5,1.0,1.0,-0.00994729907773386,-28.0,-28.0,-0.010790225325293556,-0.010790225325293556,0
Central African Republic,Madagascar,0,30.0,3.0,3.0,-3.0,-3.0,0.029411764705882353,-30.0,-30.0,0.029411764705882353,0.029411764705882353,0
Republic of Ireland,France,1,45.0,-1.0,-1.0,2.0,2.0,-0.644110275689223,127.0,127.0,-0.4774436090225564,-0.4774436090225564,0
United States,El Salvador,0,-61.0,2.6666666666666665,2.6666666666666665,0.0,0.0,0.0365296803652968,-8.0,-8.0,0.02538818995806415,0.02538818995806415,0
Sweden,Azerbaijan,0,-98.0,0.33333333333333326,0.33333333333333326,-2.666666666666667,-2.666666666666667,0.0031085604973696765,7.0,7.0,0.03373015873015873,0.03373015873015873,0
Hungary,Bulgaria,0,-35.0,1.0,1.0,-1.0,-1.0,0.009174311926605505,40.0,40.0,0.027522935779816515,0.027522935779816515,0
Montenegro,Serbia,1,40.0,-1.0,-1.0,-0.5,-0.5,-0.011393199964115907,-7.5,-7.5,-0.08354776092452149,-0.08354776092452149,0
Austria,Estonia,0,-75.0,3.5,3.5,0.5,0.5,0.02218828602227812,75.0,75.0,-0.0019923258559622174,-0.0019923258559622174,0
Moldova,Czech Republic,1,136.0,-2.0,-2.0,0.0,0.0,-0.12823355506282336,101.0,101.0,-0.12823355506282336,-0.12823355506282336,0
Saint Vincent and the Grenadines,Bahamas,1,-25.0,1.0,1.0,1.0,1.0,0.007042253521126761,38.0,38.0,0.0,0.0,0
Trinidad and Tobago,Nicaragua,1,-38.0,-2.666666666666667,-2.666666666666667,-1.0,-1.0,-0.010387317967344444,-67.66666666666667,-67.66666666666667,0.008905509123447907,0.008905509123447907,0
Armenia,Cyprus,1,-15.0,1.0,1.0,-1.0,-1.0,0.022727272727272728,2.0,2.0,0.0,0.0,1
Australia,Ecuador,1,-14.0,2.0,2.0,-2.0,-2.0,0.036133694670280034,14.0,14.0,0.07317073170731707,0.07317073170731707,1
Bahrain,Syria,0,-5.0,-2.0,-2.0,0.25,0.25,-0.0163887291546866,-17.0,-17.0,-0.012837837837837839,-0.012837837837837839,1
Bangladesh,Seychelles,1,-7.0,1.0,1.0,-0.5,-0.5,0.006191950464396285,-30.5,-30.5,0.011569946506727184,0.011569946506727184,1
Germany,Belgium,1,10.0,-1.0,-1.0,0.0,0.0,-0.035196687370600416,-2.0,-2.0,0.0124223602484472,0.0124223602484472,1
India,Kyrgyzstan,0,12.0,0.0,0.0,-1.0,-1.0,0.0,0.0,0.0,0.012578616352201257,0.012578616352201257,0
Indonesia,Burundi,1,10.0,0.5,0.5,-1.5,-1.5,0.006035711291809875,-32.5,-32.5,0.010638297872340425,0.010638297872340425,1
Namibia,Cameroon,0,80.0,0.0,0.0,0.0,0.0,0.02145347278090641,-80.0,-80.0,0.02145347278090641,0.02145347278090641,0
Japan,Colombia,1,3.0,0.0,0.0,0.0,0.0,0.009868421052631582,-3.0,-3.0,0.0040384615384615324,0.0040384615384615324,1
United Arab Emirates,Thailand,0,-41.0,-1.4166666666666667,-1.4166666666666667,-0.5833333333333334,-0.5833333333333334,-0.013228885660925505,-1.4166666666666714,-1.4166666666666714,-0.00694710515112814,-0.00694710515112814,1
Malaysia,Hong Kong,0,-1.0,-0.5,-0.5,0.5,0.5,-0.002184959349593496,-37.0,-37.0,0.004861111111111111,0.004861111111111111,1
Morocco,Peru,1,-10.0,2.0,2.0,-1.0,-1.0,2.0,-13.0,-13.0,3.0,3.0,1
Nepal,Bhutan,1,-10.0,1.0,1.0,-2.0,-2.0,0.0053475935828877,0.0,0.0,0.016042780748663103,0.016042780748663103,0
Saudi Arabia,Bolivia,1,-33.0,0.6666666666666666,0.6666666666666666,1.0,1.0,0.0101010101010101,-11.0,-11.0,0.0,0.0,1
Uzbekistan,Venezuela,1,22.0,-1.0,-1.0,-1.0,-1.0,-0.02862120457939273,33.0,33.0,-0.02463912394225983,-0.02463912394225983,1
Eswatini,Cape Verde,1,71.0,0.0,0.0,0.0,0.0,0.0,-71.0,-71.0,0.006895881895881895,0.006895881895881895,0
South Korea,Uruguay,1,9.0,1.0,1.0,1.0,1.0,0.06764705882352941,-3.0,-3.0,0.008823529411764702,0.008823529411764702,1
Argentina,Curaçao,0,-84.0,2.0,2.0,-2.0,-2.0,0.03278688524590164,8.0,8.0,0.04918032786885246,0.04918032786885246,1
Togo,Burkina Faso,1,77.0,-1.0,-1.0,1.0,1.0,-0.007874015748031496,-77.0,-77.0,-0.023622047244094488,-0.023622047244094488,0
Kuwait,Tajikistan,0,40.0,1.3333333333333333,1.3333333333333333,0.3333333333333333,0.3333333333333333,0.01384083044982699,26.33333333333333,26.33333333333333,0.011384255194615158,0.011384255194615158,1
Scotland,Spain,0,32.0,0.0,0.0,0.0,0.0,-0.04249471458773785,67.0,67.0,-0.04249471458773785,-0.04249471458773785,0
Turkey,Croatia,1,37.0,1.0,1.0,0.0,0.0,-0.014661654135338344,67.0,67.0,-0.004135338345864659,-0.004135338345864659,0
Comoros,Ivory Coast,1,82.0,-2.0,-2.0,2.0,2.0,-0.0019792182088075212,-82.0,-82.0,-0.023255813953488372,-0.023255813953488372,0
Mauritania,DR Congo,1,30.0,-2.0,-2.0,2.0,2.0,-0.01542758345524671,-30.0,-30.0,-0.02912621359223301,-0.02912621359223301,0
Botswana,Equatorial Guinea,1,51.0,-2.0,-2.0,2.0,2.0,-0.013422818791946308,-51.0,-51.0,-0.020134228187919462,-0.020134228187919462,0
Libya,Tunisia,1,90.0,-3.0,-3.0,3.0,3.0,-0.025,-90.0,-90.0,-0.025,-0.025,0
Liberia,South Africa,1,83.0,0.0,0.0,0.0,0.0,0.016517412935323383,-83.0,-83.0,0.008258706467661692,0.008258706467661692,0
Mozambique,Senegal,1,95.0,-4.0,-4.0,4.0,4.0,0.008771929824561403,-95.0,-95.0,-0.02631578947368421,-0.02631578947368421,0
Malawi,Egypt,1,85.0,-1.5,-1.5,1.5,1.5,-0.011800027929060188,-8.5,-8.5,-0.021589381720430106,-0.021589381720430106,0
Wales,Latvia,0,-105.0,-1.0,-1.0,-2.0,-2.0,0.10119047619047619,-41.0,-41.0,0.14285714285714285,0.14285714285714285,0
Gambia,Mali,0,81.0,-2.0,-2.0,2.0,2.0,-0.015873015873015872,-81.0,-81.0,-0.023809523809523808,-0.023809523809523808,0
Canada,Honduras,0,-28.0,1.0,1.0,0.0,0.0,0.009742300439974858,12.0,12.0,-0.005656819610307985,-0.005656819610307985,0
Switzerland,Israel,0,-64.0,4.0,4.0,-1.0,-1.0,0.04220059736005395,-10.0,-10.0,0.021582040659023027,0.021582040659023027,0
Romania,Belarus,0,-45.0,2.0,2.0,-5.0,-5.0,0.013071895424836602,141.0,141.0,0.0196078431372549,0.0196078431372549,0
Haiti,Bermuda,0,-82.0,4.0,4.0,-2.0,-2.0,0.0223463687150838,8.0,8.0,0.01675977653631285,0.01675977653631285,0
Guyana,Montserrat,1,-8.0,2.0,2.0,-4.0,-4.0,0.011834319526627219,82.0,82.0,0.01775147928994083,0.01775147928994083,0
Tanzania,Uganda,1,41.0,1.0,1.0,-1.0,-1.0,0.011235955056179775,-41.0,-41.0,0.033707865168539325,0.033707865168539325,0
Kosovo,Andorra,1,-46.0,1.0,1.0,-1.0,-1.0,0.013157894736842105,24.0,24.0,0.013157894736842105,0.013157894736842105,0
Georgia,Norway,1,35.0,6.0,6.0,-2.0,-2.0,0.03278688524590164,173.0,173.0,0.01639344262295082,0.01639344262295082,0
Rwanda,Benin,1,46.0,-0.5,-0.5,0.0,0.0,-0.002932457845918465,-22.5,-22.5,-0.0018047645784872056,-0.0018047645784872056,0
Nepal,Laos,0,-12.0,0.5,0.5,-1.0,-1.0,0.002508960573476702,6.0,6.0,0.002615984968926146,0.002615984968926146,0
United States,Mexico,1,-2.0,0.25,0.25,-0.25,-0.25,0.011012290051951108,-28.25,-28.25,0.010572410697208427,0.010572410697208427,1
Mexico,Guatemala,0,-101.0,0.16666666666666674,0.16666666666666674,0.0,0.0,0.010489920300046885,-46.5,-46.5,0.021324154994472842,0.021324154994472842,1
Luxembourg,Malta,1,-81.0,-0.5,-0.5,1.0,1.0,-0.0136986301369863,-5.0,-5.0,0.009259259259259259,0.009259259259259259,1
Mexico,Cameroon,1,-27.0,0.75,0.75,-0.75,-0.75,0.012234779827273695,-30.0,-30.0,0.030573441164324006,0.030573441164324006,1
Panama,Nicaragua,0,-82.0,-1.8333333333333335,-1.8333333333333335,0.0,0.0,-0.0046586010290641106,-90.0,-90.0,0.02081646184835213,0.02081646184835213,1
Chile,Cuba,0,-134.0,2.0,2.0,2.0,2.0,0.05919329491880566,-120.0,-120.0,0.047145102147721316,0.047145102147721316,1
Guatemala,Trinidad and Tobago,1,12.0,-0.25,-0.25,1.0833333333333333,1.0833333333333333,0.0013339373804490077,-34.25,-34.25,-0.009933845604934745,-0.009933845604934745,1
Uzbekistan,Oman,0,1.0,-1.0,-1.0,-0.7,-0.7,-0.007331284415418107,-22.700000000000003,-22.700000000000003,-0.001816233366960976,-0.001816233366960976,0
Tajikistan,Turkmenistan,1,-28.0,0.5,0.5,0.0,0.0,0.0045871559633027525,-36.0,-36.0,0.007142857142857143,0.007142857142857143,0
Germany,Ukraine,1,-16.0,2.0,2.0,-0.5,-0.5,0.16,7.5,7.5,0.07142857142857142,0.07142857142857142,1
Morocco,Cape Verde,1,-60.0,0.5,0.5,0.5,0.5,0.08741258741258741,-132.0,-132.0,1.5098235098235098,1.5098235098235098,1
Curaçao,Costa Rica,1,49.0,0.0,0.0,3.5,3.5,0.0,-33.5,-33.5,0.0,0.0,1
Togo,Lesotho,0,-21.0,0.0,0.0,-1.5,-1.5,0.004318181818181818,-38.0,-38.0,0.01,0.01,1
DR Congo,Uganda,0,-19.0,1.5,1.5,0.5,0.5,0.015571321882001492,-27.0,-27.0,0.007879014189693799,0.007879014189693799,1
Indonesia,Palestine,1,56.0,-0.33333333333333326,-0.33333333333333326,0.6666666666666667,0.6666666666666667,-0.010301898537192654,41.0,41.0,-0.02583785287164511,-0.02583785287164511,1
Malaysia,Solomon Islands,0,4.0,-1.0,-1.0,1.0,1.0,-0.004579354677650876,-32.83333333333334,-32.83333333333334,-0.004092072975244136,-0.004092072975244136,1
Mozambique,Malawi,1,-8.0,0.16666666666666669,0.16666666666666669,0.6666666666666665,0.6666666666666665,0.022612085769980507,-71.0,-71.0,-0.001736111111111111,-0.001736111111111111,1
Uruguay,Nicaragua,0,-124.0,-0.8333333333333335,-0.8333333333333335,-0.6666666666666667,-0.6666666666666667,0.046078431372549015,-90.83333333333333,-90.83333333333333,0.0761768942667819,0.0761768942667819,1
Netherlands,Croatia,1,-1.0,0.0,0.0,1.5,1.5,-0.026888341543513956,65.5,65.5,-0.044448051948051945,-0.044448051948051945,0
Oman,Tajikistan,1,-36.0,1.0,0.7333333333333333,0.5,0.3999999999999999,0.013234121711400482,-30.0,-43.133333333333326,0.017138193034347115,0.018108726702359773,0
Pakistan,Kenya,1,93.0,-1.0,-1.0,0.0,0.0,-0.041666666666666664,144.0,144.0,0.0,0.0,0
Guinea,Egypt,1,44.0,-0.5,-0.5,1.0,1.0,-0.006077606358111266,14.0,14.0,-0.0024544179523141654,-0.0024544179523141654,0
Uzbekistan,Turkmenistan,0,-63.0,1.1666666666666667,1.1666666666666667,-0.6666666666666667,-0.6666666666666667,0.019872515935508064,-57.0,-57.0,0.027367202185509122,0.027367202185509122,0
Costa Rica,Guatemala,1,-77.0,-0.75,-0.75,-0.75,-0.75,-0.008426966292134831,-14.5,-14.5,-0.00267790611028316,-0.00267790611028316,1
Panama,Canada,1,11.0,-1.75,-1.75,0.75,0.75,-0.018863297296192596,-10.25,-10.25,-0.005064895790357488,-0.005064895790357488,0
United States,Mexico,0,-2.0,0.19999999999999996,0.19999999999999996,-0.19999999999999996,-0.19999999999999996,0.00840336134453781,-13.199999999999996,-13.199999999999996,0.003913874714066408,0.003913874714066408,0
Japan,El Salvador,0,-55.0,1.0,1.0,0.5,0.5,0.06060606060606061,-30.5,-30.5,0.03125,0.03125,1
Argentina,Australia,0,-28.0,2.5,2.5,-1.5,-1.5,0.012444001991040315,32.5,32.5,0.005446658545883977,0.005446658545883977,1
Jamaica,Qatar,1,2.0,-0.33333333333333337,-0.33333333333333337,-0.6666666666666667,-0.6666666666666667,-0.004484304932735427,0.0,0.0,0.02066544566544567,0.02066544566544567,1
Philippines,Nepal,0,-38.0,-1.6666666666666667,-1.6666666666666667,2.3333333333333335,2.3333333333333335,-0.008944543828264758,-70.33333333333334,-70.33333333333334,-0.012496988967577205,-0.012496988967577205,1
Vietnam,Hong Kong,0,-52.0,0.8333333333333333,0.8333333333333333,-0.5,-0.5,0.007445172065222169,-28.16666666666667,-28.16666666666667,0.006500519559294394,0.006500519559294394,1
Spain,Italy,0,2.0,0.0,0.0,0.0,0.0,0.017852257181942544,-43.5,-43.5,0.025901685002088844,0.025901685002088844,0
Honduras,Venezuela,1,25.0,-0.5,-0.5,1.0,1.0,-0.008061492313460816,0.5,0.5,-0.016835481121195407,-0.016835481121195407,1
Chile,Dominican Republic,0,-120.0,1.0,1.0,1.0,1.0,0.017072382593709606,-70.5,-70.5,0.024654150197628455,0.024654150197628455,1
Colombia,Iraq,0,-50.0,-1.0666666666666667,-1.0666666666666667,0.0,0.0,0.03696551724137931,-55.66666666666667,-55.66666666666667,0.054833357119071405,0.054833357119071405,1
South Korea,Peru,1,6.0,1.5,1.5,1.0,1.0,0.09090909090909091,4.0,4.0,-0.016042780748663103,-0.016042780748663103,1
Poland,Germany,0,9.0,-1.3333333333333335,-1.3333333333333335,-0.5,-0.5,-0.10804195804195806,33.66666666666667,33.66666666666667,-0.036002886002885995,-0.036002886002885995,1
Gibraltar,France,1,199.0,-2.5,-2.5,3.0,3.0,-0.09259259259259259,1.5,1.5,-0.28125,-0.28125,0
Curaçao,Saint Kitts and Nevis,1,-51.0,-2.0,-2.0,3.0,3.0,-0.009900990099009901,-170.66666666666666,-170.66666666666666,-0.006304476601506305,-0.006304476601506305,0
Malta,England,1,167.0,-1.3333333333333335,-1.3333333333333335,0.8333333333333333,0.8333333333333333,-0.1054519368723099,37.666666666666664,37.666666666666664,-0.23420329670329673,-0.23420329670329673,0
Greece,Republic of Ireland,0,3.0,0.0,0.0,-1.5,-1.5,-0.013337893296853627,104.0,104.0,-0.00030597326649958213,-0.00030597326649958213,0
Serbia,Jordan,0,-59.0,-2.0,-2.0,0.3333333333333333,0.3333333333333333,-0.0033020737022850313,-58.66666666666667,-58.66666666666667,0.07597221528921724,0.07597221528921724,1
Kyrgyzstan,Iran,1,72.0,-2.5,-2.5,0.5,0.5,-0.026943138643827677,34.83333333333333,34.83333333333333,-0.022216957923194402,-0.022216957923194402,0
North Macedonia,Ukraine,1,35.0,0.0,0.0,-2.0,-2.0,-0.14754990925589836,135.5,135.5,-0.01453712783492249,-0.01453712783492249,0
Latvia,Turkey,1,89.0,0.0,0.0,0.5,0.5,0.006707946336429307,-13.0,-13.0,-0.015789473684210527,-0.015789473684210527,0
Finland,Slovenia,0,-3.0,-1.5,-1.5,1.0,1.0,-0.002700560659876127,-110.75,-110.75,-0.007440618593426394,-0.007440618593426394,0
Wales,Armenia,1,-71.0,-0.5,-0.5,-1.5,-1.5,-0.005194805194805195,-7.0,-7.0,0.07816131237183868,0.07816131237183868,0
Andorra,Switzerland,1,141.0,-3.5,-3.5,1.5,1.5,-0.03995346639037336,-7.0,-7.0,-0.03052786243477467,-0.03052786243477467,0
Belarus,Israel,1,20.0,0.0,0.0,1.5,1.5,0.007221638655462185,-27.5,-27.5,-0.004672897196261682,-0.004672897196261682,0
Kosovo,Romania,1,61.0,-1.0,-1.0,0.5,0.5,-0.007266375545851529,-10.5,-10.5,-0.015420917869770444,-0.015420917869770444,0
Denmark,Northern Ireland,0,-43.0,1.5,1.5,1.5,1.5,0.021749129377751492,-48.0,-48.0,0.01967670954637779,0.01967670954637779,0
San Marino,Kazakhstan,1,99.0,-2.0,-2.0,0.0,0.0,-0.05,20.5,20.5,-0.08333333333333333,-0.08333333333333333,0
Brazil,Guinea,0,-76.0,-1.0,-1.0,0.6666666666666667,0.6666666666666667,0.07161648640748319,-92.66666666666667,-92.66666666666667,-0.014492753623188406,-0.014492753623188406,1
Guyana,Grenada,1,-5.0,-0.3999999999999999,-0.3999999999999999,-2.4,-2.4,-0.00441252523230402,36.19999999999999,36.19999999999999,0.005771025087115767,0.005771025087115767,0
Norway,Scotland,1,8.0,-2.0,-2.0,2.0,2.0,-0.0303030303030303,-16.0,-16.0,-0.15722610722610722,-0.15722610722610722,0
Ecuador,Bolivia,0,-42.0,0.5,0.5,1.0,1.0,0.03968253968253968,-36.0,-36.0,0.02494331065759637,0.02494331065759637,1
Lithuania,Bulgaria,1,70.0,0.0,0.0,-1.0,-1.0,0.0,-12.5,-12.5,0.00980392156862745,0.00980392156862745,0
Cyprus,Georgia,1,34.0,-2.5,-2.5,1.5,1.5,-0.016374911181448227,-44.5,-44.5,-0.014561470393482757,-0.014561470393482757,0
Faroe Islands,Czech Republic,1,87.0,-1.0,-1.0,0.5,0.5,-0.01112202203056955,21.5,21.5,-0.06818181818181818,-0.06818181818181818,0
Albania,Moldova,0,-103.0,-0.5,-0.5,0.5,0.5,-0.006211180124223602,-58.5,-58.5,-0.01722293538724861,-0.01722293538724861,0
Belgium,Austria,1,-28.0,0.0,0.0,0.0,0.0,0.13607520564042305,-96.5,-96.5,0.14620208634242066,0.14620208634242066,0
Luxembourg,Liechtenstein,0,-108.0,0.0,0.0,-3.1666666666666665,-3.1666666666666665,0.0,42.33333333333333,42.33333333333333,0.006172839506172839,0.006172839506172839,0
Suriname,Puerto Rico,1,-25.0,-4.0,-4.0,1.0,1.0,-0.019851116625310174,-186.5,-186.5,-0.014908992255709564,-0.014908992255709564,0
Montenegro,Hungary,1,36.0,-1.5,-1.5,1.0,1.0,-0.012222222222222223,-40.0,-40.0,-0.013761467889908258,-0.013761467889908258,0
Botswana,Libya,0,31.0,1.0,1.0,0.5,0.5,0.01020408163265306,68.0,68.0,0.0,0.0,0
Iceland,Slovakia,1,13.0,1.6666666666666665,1.6666666666666665,1.6666666666666667,1.6666666666666667,0.015354159625319877,18.16666666666667,18.16666666666667,-0.026700067031874806,-0.026700067031874806,0
Azerbaijan,Estonia,1,16.0,-0.16666666666666663,-0.16666666666666663,3.5,3.5,0.001670843776106934,-13.5,-13.5,-0.017857142857142856,-0.017857142857142856,0
Uzbekistan,Tajikistan,0,-35.0,1.0,1.0,-0.75,-0.75,0.013163564868431683,-20.25,-20.25,0.020619317542430113,0.020619317542430113,0
Benin,Senegal,1,74.0,-2.0,-2.0,0.5,0.5,-0.01901651940069151,23.0,23.0,-0.01901651940069151,-0.01901651940069151,0
Turkmenistan,Oman,1,64.0,-1.2380952380952381,-0.8666666666666667,-0.09523809523809534,-0.06666666666666665,-0.014165617008282758,18.047619047619037,22.133333333333326,-0.019109530145908,-0.011835581939197698,0
Djibouti,Pakistan,0,-2.0,3.0,3.0,-0.6666666666666667,-0.6666666666666667,0.016666666666666666,34.0,34.0,0.016666666666666666,0.016666666666666666,0
Zambia,Ivory Coast,0,41.0,0.0,0.0,0.0,0.0,-0.002373042240151873,18.0,18.0,-0.002847650688182251,-0.002847650688182251,0
Lesotho,Comoros,1,19.0,-0.16666666666666669,-0.16666666666666669,-0.16666666666666652,-0.16666666666666652,-0.007359609347750262,54.66666666666667,54.66666666666667,0.0,0.0,0
Equatorial Guinea,Tunisia,0,66.0,0.5,0.5,1.0,1.0,0.00011185682326621954,29.0,29.0,-0.00486577181208054,-0.00486577181208054,0
Portugal,Bosnia and Herzegovina,0,-48.0,3.5,3.5,-1.0,-1.0,0.008841732979664015,86.5,86.5,7.058159232072383e-05,7.058159232072383e-05,0
Central African Republic,Angola,1,4.0,2.0,2.0,-1.0,-1.0,0.015889114266396213,44.0,44.0,0.02079107505070994,0.02079107505070994,0
South Africa,Morocco,0,55.0,1.3333333333333335,1.3333333333333335,1.1666666666666667,1.1666666666666667,-0.008172043010752686,119.0,119.0,-1.0072345182204336,-1.0072345182204336,0
Croatia,Spain,1,-3.0,0.6666666666666667,0.6666666666666667,0.0,0.0,0.03598014888337469,-5.0,-5.0,0.0530428873452129,0.0530428873452129,0
Mauritius,Kenya,0,78.0,1.0,1.0,0.5,0.5,0.0011768582591912633,84.5,84.5,0.0,0.0,0
Panama,Mexico,1,43.0,-0.5,-0.3999999999999999,0.06666666666666665,-0.20000000000000018,-0.008549931600547196,3.5,18.4,-0.002584014030556088,-0.003727547385001747,0
United States,Canada,0,-34.0,-0.5,-0.2666666666666666,0.3333333333333333,0.06666666666666671,0.004692122463020289,-21.166666666666664,-16.200000000000003,0.022680330880798585,0.035459390116845235,0
Egypt,South Sudan,0,-128.0,0.6666666666666665,0.6666666666666665,-2.6666666666666665,-2.6666666666666665,0.007798165137614679,-11.0,-11.0,0.02878726010616578,0.02878726010616578,1
Guatemala,Venezuela,1,61.0,-0.5333333333333332,-0.5333333333333332,0.33333333333333337,0.33333333333333337,-0.009290893449674325,10.333333333333329,10.333333333333329,-0.01516477277601399,-0.01516477277601399,1
Paraguay,Nicaragua,0,-92.0,0.0,0.0,0.75,0.75,0.04204421891989851,-58.0,-58.0,-0.00661732929991357,-0.00661732929991357,1
Singapore,Solomon Islands,1,24.0,-0.3333333333333335,-0.3333333333333335,-0.33333333333333326,-0.33333333333333326,-0.002539135810646709,7.333333333333343,7.333333333333343,-0.002358483724726374,-0.002358483724726374,1
Netherlands,Italy,1,-2.0,0.3333333333333335,0.3333333333333335,1.3333333333333333,1.3333333333333333,0.0018315018315018354,9.333333333333336,9.333333333333336,-0.0009880239520958078,-0.0009880239520958078,0
Madagascar,Ghana,1,50.0,-1.0,-1.0,2.0,2.0,-0.008547008547008548,15.0,15.0,-0.017094017094017096,-0.017094017094017096,0
Eswatini,Togo,1,15.0,-1.0,-1.0,-0.16666666666666663,-0.16666666666666663,-0.012,-11.333333333333329,-11.333333333333329,-0.00638888888888889,-0.00638888888888889,0
Tanzania,Niger,0,7.0,0.0,0.0,-1.0,-1.0,-0.006882022471910113,49.0,49.0,0.016853932584269662,0.016853932584269662,0
Uganda,Algeria,1,55.0,-1.1666666666666667,-1.1666666666666667,0.16666666666666663,0.16666666666666663,-0.009264778936910084,-12.0,-12.0,-0.016897856242118536,-0.016897856242118536,0
Gabon,DR Congo,1,12.0,-1.1666666666666667,-1.1666666666666667,-0.16666666666666663,-0.16666666666666663,-0.013042902542372881,29.66666666666667,29.66666666666667,-0.01246218887495,-0.01246218887495,0
Rwanda,Mozambique,1,16.0,0.0,0.0,-1.3333333333333335,-1.3333333333333335,-0.005871212121212122,51.66666666666667,51.66666666666667,0.004701335409996828,0.004701335409996828,0
Cape Verde,Burkina Faso,0,21.0,-0.6666666666666667,-0.6666666666666667,-0.5,-0.5,-0.004507012381028129,-28.0,-28.0,0.023879008130976632,0.023879008130976632,0
France,Greece,0,-50.0,0.9999999999999998,0.9999999999999998,-0.3333333333333333,-0.3333333333333333,0.01864990270917527,-46.0,-46.0,0.1647521462979885,0.1647521462979885,0
Hong Kong,Thailand,1,33.0,-1.0666666666666667,-1.0666666666666667,-0.06666666666666665,-0.06666666666666665,-0.011584507042253521,33.93333333333334,33.93333333333334,-0.010387931034482758,-0.010387931034482758,1
Ukraine,Malta,0,-142.0,1.5,1.5,0.3333333333333335,0.3333333333333335,0.05959425190194421,-14.25,-14.25,0.030952380952380953,0.030952380952380953,0
Jamaica,Jordan,1,-21.0,-2.25,-2.25,-0.25,-0.25,-0.02717246877491363,-8.5,-8.5,0.007876482969766554,0.007876482969766554,1
Macau,Myanmar,1,22.0,-0.5,-0.5,0.0,0.0,-0.005,60.0,60.0,-0.005319148936170213,-0.005319148936170213,1
Republic of Ireland,Gibraltar,0,-152.0,1.3333333333333333,1.3333333333333333,-1.3333333333333333,-1.3333333333333333,0.02127659574468085,43.0,43.0,0.007518796992481203,0.007518796992481203,0
Belarus,Kosovo,0,-9.0,0.0,0.0,2.3333333333333335,2.3333333333333335,0.006811779769526248,-44.333333333333336,-44.333333333333336,-0.013810990961347672,-0.013810990961347672,0
Indonesia,Argentina,1,148.0,-2.4166666666666665,-2.4166666666666665,1.25,1.25,-0.051884288747346075,59.083333333333336,59.083333333333336,-0.05272373759581362,-0.05272373759581362,1
Turkey,Wales,0,17.0,0.3333333333333335,0.3333333333333335,0.0,0.0,0.004489884236719682,-1.0,-1.0,-0.03703577124629756,-0.03703577124629756,0
Finland,San Marino,0,-155.0,0.8,0.8,-1.1333333333333335,-1.1333333333333335,0.014925373134328358,-24.06666666666667,-24.06666666666667,0.02033898305084746,0.02033898305084746,0
Northern Ireland,Kazakhstan,1,-50.0,-1.666666666666667,-1.666666666666667,-0.6666666666666666,-0.6666666666666666,-0.017061975824862425,-1.6666666666666714,-1.6666666666666714,-0.05555555555555555,-0.05555555555555555,0
Slovenia,Denmark,1,40.0,-0.6666666666666667,-0.6666666666666667,-0.33333333333333326,-0.33333333333333326,-0.015279868772891714,49.66666666666666,49.66666666666666,-0.020551186448403334,-0.020551186448403334,0
Israel,Andorra,0,-75.0,0.33333333333333337,0.33333333333333337,0.0,0.0,0.0021289783598781916,15.333333333333329,15.333333333333329,0.01020408163265306,0.01020408163265306,0
Switzerland,Romania,1,-34.0,2.0,2.0,0.0,0.0,0.019470364833049786,-10.333333333333329,-10.333333333333329,0.010042629939334316,0.010042629939334316,0
Armenia,Latvia,0,-35.0,1.0000000000000002,1.0000000000000002,-0.3333333333333335,-0.3333333333333335,0.0052754435107376305,20.333333333333336,20.333333333333336,0.04149184149184149,0.04149184149184149,0
England,North Macedonia,0,-60.0,0.9999999999999998,0.9999999999999998,-1.0,-1.0,0.023209951456310676,-38.0,-38.0,0.15515738669700174,0.15515738669700174,0
Vietnam,Syria,0,5.0,-0.25,-0.25,-0.25,-0.25,-0.0056907378335949756,32.0,32.0,-0.0011923330277161873,-0.0011923330277161873,1
Algeria,Tunisia,1,6.0,0.3333333333333335,0.3333333333333335,0.3333333333333333,0.3333333333333333,0.003038967110823399,-0.3333333333333286,-0.3333333333333286,0.010962731012463929,0.010962731012463929,1
Bolivia,Chile,1,52.0,-3.0,-3.0,0.33333333333333337,0.33333333333333337,-0.018410692427300097,-65.0,-65.0,-0.014014089786373935,-0.014014089786373935,1
Brazil,Senegal,1,-15.0,0.16666666666666652,0.16666666666666652,0.8333333333333334,0.8333333333333334,0.03368055555555555,-61.66666666666667,-61.66666666666667,-0.002179706282768007,-0.002179706282768007,1
Japan,Peru,0,-1.0,2.333333333333333,2.333333333333333,0.33333333333333337,0.33333333333333337,0.05484330484330484,18.666666666666668,18.666666666666668,-0.03317340067340067,-0.03317340067340067,1
Germany,Colombia,1,-3.0,0.5,0.5,1.0,1.0,0.04974358974358974,-11.75,-11.75,-0.03387718003389646,-0.03387718003389646,1
Haiti,Trinidad and Tobago,1,-17.0,2.3,2.3,0.3,0.3,0.009928185313115937,56.2,56.2,-0.004780901608832502,-0.004780901608832502,1
South Korea,El Salvador,1,-48.0,1.0,1.0,-0.9999999999999998,-0.9999999999999998,0.05555555555555555,-20.0,-20.0,0.0196078431372549,0.0196078431372549,1
Malaysia,Papua New Guinea,0,-21.0,-0.25,-0.25,-1.0,-1.0,0.0006497569427732584,-26.5,-26.5,0.00996044285824792,0.00996044285824792,1
Montenegro,Czech Republic,1,31.0,-1.6666666666666667,-1.6666666666666667,0.3333333333333333,0.3333333333333333,-0.011172791792565525,-62.666666666666664,-62.666666666666664,-0.03118473712354237,-0.03118473712354237,1
Ecuador,Costa Rica,0,2.0,1.3333333333333333,1.3333333333333333,0.6666666666666666,0.6666666666666666,0.029197080291970802,-42.666666666666664,-42.666666666666664,0.045297351020242585,0.045297351020242585,1
Uruguay,Cuba,0,-149.0,1.8333333333333335,1.8333333333333335,-0.5,-0.5,0.03276169570585814,-36.833333333333336,-36.833333333333336,0.05477337923121056,0.05477337923121056,1
Scotland,Georgia,0,-41.0,-0.6666666666666665,-0.6666666666666665,-0.6666666666666667,-0.6666666666666667,0.01597669537526236,-57.666666666666664,-57.666666666666664,0.10959275395035974,0.10959275395035974,0
Faroe Islands,Albania,1,57.0,-0.6666666666666667,-0.6666666666666667,1.1666666666666667,1.1666666666666667,-0.0067525859972690375,-4.166666666666671,-4.166666666666671,-0.006856221012300867,-0.006856221012300867,0
Norway,Cyprus,0,-67.0,-0.33333333333333337,-0.33333333333333337,-0.3333333333333335,-0.3333333333333335,0.0021103406692794674,-29.999999999999993,-29.999999999999993,0.0007647323436797116,0.0007647323436797116,0
Austria,Sweden,0,10.0,-0.2666666666666666,-0.2666666666666666,0.0,0.0,-0.007876167759888694,9.200000000000003,9.200000000000003,0.06957533514581055,0.06957533514581055,0
Estonia,Belgium,1,104.0,-1.5833333333333335,-1.5833333333333335,0.0,0.0,-0.08944927536231885,39.5,39.5,-0.10991451278968808,-0.10991451278968808,0
Hungary,Lithuania,0,-113.0,1.0,1.0,-1.0,-1.0,0.009654000617856038,31.0,31.0,0.017167824218556164,0.017167824218556164,0
Bulgaria,Serbia,1,51.0,-1.9166666666666667,-1.9166666666666667,0.9166666666666667,0.9166666666666667,-0.02504819431949621,6.166666666666671,6.166666666666671,-0.08041567264877271,-0.08041567264877271,0
Kyrgyzstan,Oman,1,23.0,-0.9583333333333334,-0.7333333333333333,1.4166666666666665,1.2666666666666666,-0.009832162094674133,-0.6666666666666714,-1.2666666666666657,-0.020037470074934824,-0.010117988370416511,0
Moldova,Poland,0,148.0,-0.6666666666666667,-0.6666666666666667,0.0,0.0,-0.021056916586485085,36.99999999999999,36.99999999999999,-0.07509812965525417,-0.07509812965525417,0
Liechtenstein,Slovakia,1,148.0,-1.3333333333333333,-1.3333333333333333,3.9999999999999996,3.9999999999999996,-0.018779342723004695,-16.666666666666664,-16.666666666666664,-0.0367920480549199,-0.0367920480549199,0
Uzbekistan,Iran,1,50.0,-1.1,-1.1,-0.6,-0.6,-0.009673927749966178,-6.049999999999997,-6.049999999999997,0.0022230550806125148,0.0022230550806125148,0
Burundi,Namibia,0,39.0,0.0,0.0,1.5,1.5,-0.03552077062010837,118.0,118.0,-0.05729480232791491,-0.05729480232791491,0
Ethiopia,Malawi,1,15.0,0.5,0.5,-0.33333333333333326,-0.33333333333333326,0.0047596019242027035,3.75,3.75,0.003896346403524914,0.003896346403524914,0
Sudan,Mauritania,1,23.0,-0.5,-0.5,-1.5,-1.5,-0.007369516212935668,6.0,6.0,0.012138026703658749,0.012138026703658749,0
Iceland,Portugal,1,55.0,-2.083333333333333,-2.083333333333333,1.75,1.75,-0.010108353844941003,-33.41666666666667,-33.41666666666667,-0.029676051129140377,-0.029676051129140377,0
Bosnia and Herzegovina,Luxembourg,1,-34.0,0.5,0.5,-0.08333333333333326,-0.08333333333333326,0.01920122887864823,-66.5,-66.5,0.007474542022280716,0.007474542022280716,0
Kuwait,Nepal,0,-31.0,0.25,0.25,-0.25,-0.25,0.007919105521628037,-74.5,-74.5,0.016824179829008624,0.016824179829008624,0
India,Pakistan,0,-94.0,1.25,1.25,-2.0,-2.0,0.010272921455998696,-31.25,-31.25,0.025391409072661582,0.025391409072661582,0
Lebanon,Bangladesh,0,-93.0,-0.75,-0.75,1.5,1.5,-0.004297994269340974,-99.5,-99.5,-0.010046336889727227,-0.010046336889727227,0
Maldives,Bhutan,0,-31.0,0.0,0.0,-1.5,-1.5,-0.00039665675024791024,14.0,14.0,0.012527472527472529,0.012527472527472529,0
Pakistan,Kuwait,1,52.0,-1.6,-1.6,1.7999999999999998,1.7999999999999998,-0.014395701147445284,32.2,32.2,-0.02440581310582219,-0.02440581310582219,0
India,Nepal,0,-73.0,1.1333333333333335,1.1333333333333335,-1.2,-1.2,0.008465095465393795,-18.26666666666665,-18.26666666666665,0.01455761779609986,0.01455761779609986,0
United States,Jamaica,1,-50.0,1.3428571428571427,1.9999999999999998,-0.8285714285714285,-0.9999999999999999,0.02967097532314924,-20.74285714285714,-8.799999999999997,0.04862952750293862,0.06241919672432523,0
Bangladesh,Maldives,0,38.0,-0.9,-0.9,0.8,0.8,-0.004130621409231989,-30.599999999999994,-30.599999999999994,-0.00776334628863402,-0.00776334628863402,0
Bhutan,Lebanon,1,86.0,-0.33333333333333337,-0.33333333333333337,0.6666666666666667,0.6666666666666667,-0.0036146677118717883,38.5,38.5,-0.005907738095238095,-0.005907738095238095,0
Trinidad and Tobago,Saint Kitts and Nevis,0,-35.0,-0.5,-0.5,-0.33333333333333337,-0.3,-0.001469087941236482,-32.33333333333333,-22.599999999999994,0.0071719226578177125,0.0018528193405963778,0
Haiti,Qatar,0,26.0,1.0833333333333335,1.0833333333333335,-1.1666666666666667,-1.1666666666666667,-0.001995791818800668,79.16666666666666,79.16666666666666,-0.0007673103289777116,-0.0007673103289777116,0
Mexico,Honduras,0,-65.0,0.761904761904762,0.5333333333333333,-0.523809523809524,-0.4666666666666668,0.011482899123348565,2.904761904761905,-12.266666666666666,0.017275992406786785,0.022150248012316978,0
Costa Rica,Panama,1,-19.0,-0.5833333333333334,-0.55,-0.08333333333333326,-0.1499999999999999,-0.010816533186044372,17.333333333333336,29.299999999999997,-0.017756079704609115,-0.020194805194805196,0
Nepal,Pakistan,0,-21.0,0.8333333333333334,0.6000000000000001,-1.3333333333333333,-1.4,0.005246919214970333,10.666666666666657,6.599999999999994,0.006248494483788602,0.004289637230813702,0
India,Kuwait,1,-42.0,0.08333333333333348,-0.1499999999999999,-0.5,-0.6,-0.002501825997162357,27.83333333333333,16.30000000000001,-0.002050076942216879,0.0019408955987541485,0
Guatemala,Cuba,0,-49.0,0.3333333333333333,0.26666666666666666,-0.6666666666666667,-0.6666666666666667,0.004194053208137715,4.0,6.799999999999997,0.012369565963038214,0.012769609908164128,0
Lebanon,Maldives,0,-55.0,0.6666666666666667,0.6666666666666667,0.0,0.0,0.006281329290178849,-40.0,-40.0,8.012820512820484e-05,8.012820512820484e-05,0
Bhutan,Bangladesh,1,-7.0,-0.25,-0.25,1.4166666666666665,1.45,-0.001431099484496422,-4.75,-11.650000000000006,-0.008515739744666637,-0.0088916987535078,0
Jamaica,Trinidad and Tobago,0,-41.0,-0.45238095238095244,-0.6000000000000001,1.1904761904761905,1.2,0.002080414794776419,-52.92857142857143,-82.0,0.005068525991858093,0.014489098781763722,0
United States,Saint Kitts and Nevis,0,-126.0,1.0,0.6000000000000001,-0.7083333333333333,-0.9333333333333332,0.02933728795676487,-77.20833333333334,-88.53333333333335,0.049145948686173516,0.06864362822546939,0
Qatar,Honduras,1,-23.0,0.7,0.7,-0.6499999999999999,-0.6499999999999999,0.005933506620759109,25.349999999999994,25.349999999999994,0.002245817245817244,0.002245817245817244,0
Haiti,Mexico,1,73.0,0.5,0.44999999999999996,-0.5,-0.5,-0.009122807017543862,62.625,66.45,-0.008301575602640079,-0.00445240406359242,0
El Salvador,Costa Rica,1,34.0,-0.15000000000000002,-0.15000000000000002,0.8500000000000001,0.8500000000000001,0.0015976930870547886,-37.55,-37.55,0.006986531986531986,0.006986531986531986,0
India,Lebanon,1,-2.0,0.25,0.25,-0.55,-0.55,0.0015207403093250513,1.5,1.5,0.005249930042474147,0.005249930042474147,0
Kuwait,Bangladesh,0,-51.0,0.7142857142857142,1.0,-0.2857142857142857,-0.4,0.008225100313530546,-38.428571428571416,-20.19999999999999,0.01020465539387023,0.007990126406210035,0
Guatemala,Canada,1,71.0,-1.2857142857142856,-1.6,0.1071428571428571,0.050000000000000044,-0.025483364077338252,28.35714285714286,16.099999999999994,-0.012547825078390234,-0.011890244953596994,0
United States,Trinidad and Tobago,0,-90.0,1.1944444444444446,1.4000000000000001,-0.06944444444444442,-0.6,0.027072016821447345,-46.19444444444444,-53.60000000000001,0.035943358379784386,0.06039417888270358,0
Jamaica,Saint Kitts and Nevis,0,-73.0,0.5357142857142858,1.05,-1.2142857142857142,-0.8999999999999999,0.011185693659920464,-32.46428571428571,-46.35,0.0194535456292882,0.02793339910914168,0
Honduras,Haiti,0,-6.0,-1.4,-1.4,1.0,1.0,-0.0072106261859582535,-54.400000000000006,-54.400000000000006,-0.007105009691921075,-0.007105009691921075,0
Mexico,Qatar,1,-44.0,0.7222222222222221,0.8,-0.5,-0.19999999999999996,0.012359275575134604,-7.666666666666671,-17.799999999999997,0.019570404298570036,0.01465319588882807,0
India,Kuwait,1,-41.0,-0.20833333333333326,-0.40000000000000013,-0.33333333333333337,-0.39999999999999997,-0.002630280574152674,12.125,-12.400000000000006,-0.0036665019762723884,-0.0009183891396263889,0
Panama,El Salvador,1,-19.0,0.8,1.0,-0.5142857142857142,-0.6000000000000001,0.012302016587611996,19.685714285714283,18.0,0.016474260644428716,0.0262510175010175,0
Canada,Cuba,0,-121.0,1.35,1.35,-0.9,-0.9,0.019559356378685628,-11.450000000000003,-11.450000000000003,0.021935044821538668,0.021935044821538668,0
Eswatini,Botswana,1,-1.0,-1.0,-1.0,-0.6666666666666667,-0.6666666666666667,-0.00946372239747634,-14.666666666666671,-14.666666666666671,-0.0036348331802877262,-0.0036348331802877262,0
South Africa,Namibia,1,-50.0,0.33333333333333326,0.33333333333333326,-0.3333333333333335,-0.3333333333333335,-0.004404077962847263,33.33333333333334,33.33333333333334,0.05939393939393938,0.05939393939393938,0
Seychelles,Comoros,1,66.0,-0.16666666666666663,-0.16666666666666663,-1.1666666666666667,-1.1666666666666667,-0.005592554644808744,110.66666666666667,110.66666666666667,0.001145833333333333,0.001145833333333333,0
Zambia,Malawi,1,-42.0,2.2666666666666666,2.2666666666666666,-1.2666666666666668,-1.2666666666666668,0.01983234171624752,6.799999999999997,6.799999999999997,0.031696874759293385,0.031696874759293385,0
Mauritius,Lesotho,1,28.0,1.4166666666666667,1.4166666666666667,-1.0,-1.0,0.007910503651001684,54.33333333333334,54.33333333333334,0.01493212669683258,0.01493212669683258,0
Mozambique,Angola,1,3.0,0.0,0.0,0.75,0.75,0.0007282913165266112,-4.333333333333329,-4.333333333333329,-0.00641978825569359,-0.00641978825569359,0
Panama,Qatar,0,-1.0,-0.017857142857142794,0.19999999999999996,0.08928571428571419,0.40000000000000013,0.0020549190761956736,-8.107142857142861,0.7999999999999972,-0.014511587689131737,-0.03254817956572343,0
Mexico,Costa Rica,0,-28.0,1.3666666666666667,1.2000000000000002,-0.16666666666666674,-0.19999999999999996,0.02082767978290366,-6.333333333333329,-16.599999999999994,0.02466400815619943,0.01983707309024913,0
South Africa,Botswana,0,-85.0,0.75,0.75,0.0,0.0,0.007909154501682418,-10.0,-10.0,0.06574529429681983,0.06574529429681983,0
Namibia,Eswatini,1,-34.0,1.5,1.5,0.5,0.5,0.02197802197802198,-36.75,-36.75,0.030863066145324206,0.030863066145324206,0
Guatemala,Jamaica,1,53.0,-1.125,-2.0,-0.375,-0.7999999999999999,-0.014968525838091055,4.875,2.0,-0.006668011385646391,-0.00210018739430504,0
United States,Canada,1,-34.0,0.7999999999999998,1.6,-0.33333333333333337,-0.8,0.01852783175220025,-19.366666666666674,-13.799999999999997,0.02637971597815991,0.04310687068743347,0
Zambia,Comoros,0,-46.0,0.75,0.75,-0.75,-0.75,0.005840664711632453,6.25,6.25,0.01804421768707483,0.01804421768707483,0
Malawi,Seychelles,0,-70.0,0.16666666666666669,0.06666666666666671,0.0,0.06666666666666665,0.002932523488659011,-68.83333333333334,-86.73333333333335,0.004186372318880604,0.005023646782656723,0
Angola,Mauritius,1,-66.0,-0.25,-0.25,-0.25,-0.25,0.003479443640033347,-71.75,-71.75,0.0013955429253204657,0.0013955429253204657,0
Mozambique,Lesotho,1,-35.0,0.4,0.4,0.0,0.0,0.007207164815860468,-40.400000000000006,-40.400000000000006,0.004440300225629692,0.004440300225629692,0
Seychelles,Zambia,1,112.0,-1.75,-1.75,0.9,0.9,-0.01524422268907563,41.0,41.0,-0.022205733254840397,-0.022205733254840397,0
Namibia,Botswana,1,-35.0,0.3999999999999999,0.3999999999999999,0.20000000000000018,0.20000000000000018,0.007182634390271621,-21.200000000000003,-21.200000000000003,0.01839996396699084,0.01839996396699084,0
South Africa,Eswatini,0,-84.0,1.4,1.4,0.19999999999999996,0.19999999999999996,0.012030075187969926,7.599999999999994,7.599999999999994,0.057611214182642756,0.057611214182642756,0
Malawi,Comoros,0,-4.0,-0.48571428571428565,-0.3999999999999999,-0.2571428571428571,-0.3999999999999999,-0.005285153565949116,11.057142857142864,11.200000000000003,0.0031779692762416833,0.006231980115990058,0
Jamaica,Mexico,1,49.0,-0.06060606060606055,0.3999999999999999,0.09090909090909094,0.4,-0.006332611711615567,17.161616161616152,25.599999999999994,-0.007078251751656023,-0.008289068943227153,0
United States,Panama,1,-46.0,1.2828282828282827,1.7999999999999998,-0.585858585858586,-0.6,0.017161517683801808,6.606060606060602,32.0,0.019292778713951977,0.0022811239696612987,0
Mauritius,Mozambique,1,63.0,0.3666666666666666,0.3999999999999999,-0.5,0.19999999999999996,-0.0008974143249761632,56.86666666666666,41.79999999999998,0.00774440594703387,0.006448800353873366,0
Angola,Lesotho,0,-38.0,0.13333333333333341,0.20000000000000007,-0.33333333333333326,0.0,0.0020196095931455686,-15.166666666666671,-22.0,0.003024428307073868,0.0016141718968174582,0
Malawi,Lesotho,1,-26.0,0.017857142857142905,0.19999999999999996,-0.7142857142857142,-1.2,0.0003550695271301984,-3.375,0.0,0.005799953885942242,0.00944705075963213,0
South Africa,Zambia,1,-22.0,-0.5000000000000002,-0.40000000000000013,0.33333333333333337,0.19999999999999996,-0.0023359865526276762,-12.500000000000014,-15.600000000000009,0.0339020967616858,0.043430815433750845,0
Lesotho,Zambia,1,68.0,-1.4107142857142856,-1.0000000000000002,0.7678571428571429,0.19999999999999996,-0.011563082476574425,-0.2321428571428612,21.799999999999997,-0.021469922897671412,-0.020638521744512524,0
South Africa,Malawi,1,-64.0,0.8253968253968254,0.40000000000000013,0.2857142857142858,1.0,0.007680695333943274,-7.158730158730151,-40.80000000000001,0.038638031523593894,0.04697868409937869,0
Mexico,Panama,0,-43.0,0.43333333333333335,0.5999999999999999,-0.3666666666666666,-0.6,0.002413070800167578,10.68333333333333,26.200000000000003,-0.00174987006811448,-0.008336764566347146,0
Ethiopia,Guyana,0,-26.0,-0.25,-0.25,0.9166666666666667,0.9166666666666667,0.0012406065187424969,-66.83333333333334,-66.83333333333334,-0.002241162569246764,-0.002241162569246764,1
Madagascar,Seychelles,0,-86.0,-0.6,-0.6,-0.33333333333333326,-0.33333333333333326,-0.004143646408839779,-36.80000000000001,-36.80000000000001,0.0024305555555555556,0.0024305555555555556,0
Madagascar,Mauritius,1,-72.0,-0.75,-0.35,0.25,0.050000000000000044,-0.004942350303175046,-16.0,-6.099999999999994,-0.0038193822125870275,-0.0031128647878033468,0
Bolivia,Panama,1,38.0,-0.7727272727272727,-1.3,-0.4318181818181819,-0.25,-0.01521544559519243,-0.7727272727272734,9.899999999999999,-0.00901991899227485,-0.023172201521997036,1
Mauritius,Seychelles,0,-14.0,0.5,0.0,-0.8333333333333333,-1.2,0.0035298067121461614,1.4761904761904816,-9.400000000000006,0.008877466022396363,0.009872362687765163,0
Tahiti,Cook Islands,0,-26.0,2.6666666666666665,2.6666666666666665,-7.666666666666667,-7.666666666666667,0.015395787944807553,8.0,8.0,0.011530329060393816,0.011530329060393816,1
Madagascar,Comoros,0,-22.0,-0.6,-0.6,-0.30000000000000004,0.0,-0.0063654397178752485,31.266666666666666,19.0,0.0016528742081024861,0.00047600345980316604,0
Comoros,Mauritius,1,-50.0,0.1428571428571428,0.7999999999999999,0.9821428571428572,0.8,0.0037455790714646603,-38.58928571428571,-4.199999999999989,-0.006935686515226144,-0.0031465687619474138,0
Bangladesh,Afghanistan,1,32.0,0.125,0.3999999999999999,-5.125,-5.0,-0.03461889845993213,135.625,127.0,0.009485260406955576,0.010548438048438049,1
Guatemala,Honduras,1,28.0,-0.2777777777777778,-0.4,-1.0555555555555554,-1.8000000000000003,-0.0077042537186673464,23.33333333333333,19.800000000000004,0.0013743329764622416,0.01312059587921657,1
Mozambique,Benin,0,24.0,-0.1428571428571429,0.0,0.2857142857142858,-0.4,-0.0022310771603804777,9.23809523809524,44.266666666666666,-0.015451150786968638,-0.012277731674883965,0
Oman,Palestine,0,-23.0,0.5555555555555556,0.19999999999999996,0.6111111111111112,0.30000000000000004,0.007508037324551086,-20.111111111111114,-13.799999999999997,0.0021440419306040445,-0.002538339092399266,1
Macau,Bhutan,1,-3.0,-0.8,-0.8,-0.8999999999999999,-0.8999999999999999,-0.004956629491945477,-1.4000000000000057,-1.4000000000000057,-0.001142857142857143,-0.001142857142857143,1
Syria,Malaysia,1,-42.0,-2.4,-2.4,0.19999999999999996,0.19999999999999996,-0.014508239897659718,-40.0,-40.0,-0.007796221322490209,-0.007796221322490209,1
Libya,Equatorial Guinea,1,36.0,-2.0,-2.0,1.0,1.0,-0.01840490797546012,-38.0,-38.0,-0.049137104506232016,-0.049137104506232016,0
Malta,Gibraltar,0,-27.0,0.4,0.4,-1.2,-1.2,0.010050251256281409,12.799999999999997,12.799999999999997,0.006593406593406593,0.006593406593406593,1
Qatar,Kenya,1,-46.0,0.33333333333333337,0.33333333333333337,0.625,0.6000000000000001,0.010225563909774436,-67.375,-72.6,0.0309388142721476,0.04972188305521639,1
Guatemala,El Salvador,0,32.0,0.0,-0.39999999999999997,-1.1333333333333333,-1.6,-0.0062655860349127195,40.2,49.60000000000001,0.0032773541517484503,-0.005065630448708395,0
Colombia,Venezuela,0,-40.0,0.1499999999999999,0.1499999999999999,0.09999999999999998,0.09999999999999998,0.03483176191965681,-52.7,-52.7,0.0708035891852431,0.0708035891852431,0
Argentina,Ecuador,0,-39.0,1.5,1.5,-1.25,-1.25,0.00022727272727272874,37.25,37.25,-0.004133053374591904,-0.004133053374591904,0
Austria,Moldova,1,-135.0,1.25,1.25,-0.5,-0.5,0.019283234126984128,1.0,1.0,0.06844982679750301,0.06844982679750301,1
Bahrain,Kuwait,1,-51.0,-0.7777777777777777,-1.0,0.4444444444444444,0.4,-0.0030753905801582694,-35.57777777777777,-59.2,-0.0011975009833971179,0.004387621059223995,1
Bangladesh,Afghanistan,1,32.0,0.5,0.7,-2.2222222222222223,-2.0,0.0015813149468638888,52.83333333333334,40.69999999999999,0.006493554021968127,0.0057677298441629644,1
Bulgaria,Iran,1,55.0,-2.5,-2.5,0.7,0.7,-0.025151031395749212,-23.599999999999994,-23.599999999999994,-0.01786274654773165,-0.01786274654773165,1
Trinidad and Tobago,Curaçao,0,14.0,0.8611111111111112,0.75,-1.2777777777777777,-0.5,0.006956748432197049,40.52777777777777,24.950000000000003,0.007708919582698849,0.003578993569070472,0
Paraguay,Peru,1,28.0,1.5,1.5,0.0,0.0,-0.0043859649122807015,67.5,67.5,-0.03979076479076479,-0.03979076479076479,0
Norway,Jordan,0,-38.0,-1.4166666666666665,-1.4166666666666665,0.41666666666666674,0.41666666666666674,-0.014759440291355185,-15.25,-15.25,-0.013373817478295087,-0.013373817478295087,1
Cambodia,Hong Kong,1,27.0,-0.25,-0.25,-0.25,-0.25,-0.0019455252918287938,63.5,63.5,-0.0015625,-0.0015625,1
Wales,South Korea,1,7.0,0.0,0.0,0.25,0.25,-0.016722037652270212,37.75,37.75,0.023314167772372104,0.023314167772372104,1
Netherlands,Greece,0,-43.0,0.5,0.5,2.25,2.25,0.019451863895018004,-44.25,-44.25,-0.017042233560090703,-0.017042233560090703,0
Angola,Madagascar,1,8.0,0.33333333333333326,0.40000000000000013,-0.16666666666666652,0.19999999999999996,0.004398455793937091,-23.5,-13.399999999999991,0.0015587218453540445,0.001870466214424854,0
Iraq,India,1,-29.0,0.4285714285714286,0.3999999999999999,0.7142857142857143,0.7999999999999999,0.019699546485260774,-78.66666666666667,-82.4,0.013122557738909437,0.01059307952847291,0
Niger,Uganda,1,36.0,-0.16666666666666669,-0.16666666666666669,0.33333333333333326,0.33333333333333326,-0.0007326007326007335,-21.0,-21.0,-0.0057692307692307696,-0.0057692307692307696,0
Tunisia,Botswana,0,-116.0,0.41666666666666663,0.25,-0.6666666666666667,-0.5,0.005737662958159853,-14.166666666666671,-15.799999999999997,0.010807956999170096,0.008998960163709999,0
France,Republic of Ireland,0,-51.0,0.5,0.5,-1.25,-1.25,0.011321102300226923,-20.5,-20.5,0.14940897917871604,0.14940897917871604,0
Czech Republic,Albania,1,-28.0,0.8333333333333333,0.8333333333333333,-0.16666666666666663,-0.16666666666666663,0.009917755200774068,-8.5,-8.5,0.03854930270112152,0.03854930270112152,0
Algeria,Tanzania,1,-91.0,0.8333333333333334,0.8333333333333334,0.4166666666666667,0.4166666666666667,0.0099759803425332,-10.083333333333329,-10.083333333333329,0.010284583330926592,0.010284583330926592,0
Serbia,Hungary,1,-11.0,0.5,0.5,0.8,0.8,0.010716862333573817,-21.549999999999997,-21.549999999999997,0.042586312150840196,0.042586312150840196,0
Lithuania,Montenegro,1,73.0,-0.25,-0.25,-0.25,-0.25,-0.006404901141743247,4.5,4.5,-0.009947703388923465,-0.009947703388923465,0
Kazakhstan,Finland,1,49.0,0.33333333333333326,0.0,0.0,0.19999999999999996,0.001786062796075391,8.416666666666671,-2.950000000000003,0.03799912244106492,0.03413535828330124,0
Denmark,San Marino,0,-189.0,1.75,1.75,-2.0,-2.0,0.023972602739726026,0.75,0.75,0.02972691947199875,0.02972691947199875,0
Slovenia,Northern Ireland,0,-3.0,0.75,0.75,0.25,0.25,0.0074437023020338606,0.75,0.75,0.019679633867276888,0.019679633867276888,0
Ghana,Central African Republic,0,-66.0,-1.3333333333333335,-1.3333333333333335,-0.3333333333333333,-0.3333333333333333,-0.012819586884298715,7.333333333333343,7.333333333333343,-0.005181528710940476,-0.005181528710940476,0
Poland,Faroe Islands,0,-103.0,0.75,0.75,-0.5,-0.5,0.011503936613008376,-14.0,-14.0,0.06349828332586953,0.06349828332586953,0
Thailand,Lebanon,0,13.0,-0.06666666666666665,-0.3999999999999999,0.5666666666666668,0.7999999999999999,0.0025073460841412553,-33.86666666666666,-41.39999999999999,0.001529733711383957,0.00015061884704741652,0
Grenada,Suriname,1,31.0,1.3333333333333333,1.4,1.1666666666666665,1.4,0.009313154831199068,52.66666666666666,48.099999999999994,0.002883352836791763,0.0028576137655958993,0
Jamaica,Honduras,0,-21.0,0.7857142857142857,1.6,-0.37142857142857144,-0.3999999999999999,0.00883751138052011,10.957142857142856,12.199999999999989,0.008481435616892762,0.018524038188120387,0
Barbados,Montserrat,1,-13.0,1.25,1.25,-0.75,-0.75,0.007751937984496124,32.25,32.25,0.005691387641912146,0.005691387641912146,0
Dominican Republic,Nicaragua,1,11.0,-0.6000000000000001,-0.6000000000000001,0.2999999999999998,0.2999999999999998,-0.010140144449227532,22.700000000000003,22.700000000000003,0.0032288638327964162,0.0032288638327964162,0
Brazil,Bolivia,0,-80.0,1.7333333333333334,1.7333333333333334,1.3333333333333335,1.3333333333333335,0.05246913580246915,-12.600000000000001,-12.600000000000001,-0.0060382830143082145,-0.0060382830143082145,0
Belize,Saint Vincent and the Grenadines,1,-1.0,-0.5,-0.5,-0.5,-0.5,-0.002107064548906359,-37.0,-37.0,-0.0024630541871921183,-0.0024630541871921183,0
Uruguay,Chile,0,-16.0,-0.5,-0.5,0.25,0.25,0.0009951845906902082,-23.75,-23.75,0.023573859421066268,0.023573859421066268,0
Haiti,Cuba,1,-85.0,1.2333333333333334,0.7999999999999999,-0.8333333333333333,-0.6000000000000001,0.010070714888826344,26.53333333333333,11.0,0.011936703553756492,0.011694980523510281,0
Costa Rica,Saudi Arabia,0,-8.0,-0.4642857142857143,-0.35,-0.7142857142857142,-0.3999999999999999,-0.00630899937067338,-5.142857142857139,-9.0,0.003503075871496924,0.002631578947368421,1
Indonesia,Turkmenistan,0,12.0,0.75,0.75,-0.10000000000000009,-0.10000000000000009,0.008099454752948137,-5.849999999999994,-5.849999999999994,0.005530718518005453,0.005530718518005453,1
Myanmar,Nepal,1,-15.0,0.0,0.19999999999999996,-0.47619047619047616,-0.7333333333333333,0.001680563635188417,-34.66666666666667,-25.066666666666677,0.001486950172807493,0.002755125558629938,1
Singapore,Tajikistan,1,48.0,0.44999999999999996,0.44999999999999996,-0.8,-0.8,8.340230062038427e-05,54.849999999999994,54.849999999999994,0.002214483674679955,0.002214483674679955,1
Egypt,Ethiopia,0,-108.0,1.75,1.75,-0.75,-0.75,0.014087775578458807,2.9000000000000057,2.9000000000000057,0.016665878308658875,0.016665878308658875,0
Mali,South Sudan,0,-116.0,0.0,0.0,-2.5,-2.5,-0.004966717869943677,48.5,48.5,0.011904761904761904,0.011904761904761904,0
Georgia,Spain,1,68.0,1.0,1.0,0.5,0.5,-0.025871313672922256,68.25,68.25,-0.13023707527853542,-0.13023707527853542,0
Bosnia and Herzegovina,Liechtenstein,0,-138.0,0.75,0.75,-1.75,-1.75,0.013824884792626729,0.75,0.75,0.011904761904761904,0.011904761904761904,0
Burkina Faso,Eswatini,1,-90.0,0.5,0.4,0.16666666666666652,-0.06666666666666665,0.004180264180264181,9.333333333333329,3.933333333333323,0.0037195871349414667,0.005141544806899137,0
Turkey,Armenia,1,-49.0,-0.5,-0.5,-0.5,-0.5,-0.0019230769230769232,-13.0,-13.0,0.0056220095693779865,0.0056220095693779865,0
Luxembourg,Iceland,0,22.0,-1.0,-1.0,-0.20000000000000018,-0.20000000000000018,-0.018480579423709616,30.60000000000001,30.60000000000001,0.014214791839758779,0.014214791839758779,0
Slovakia,Portugal,1,38.0,-2.25,-2.25,0.25,0.25,-0.021927338010535515,0.25,0.25,-0.005453817175468917,-0.005453817175468917,0
Cyprus,Scotland,1,88.0,-1.25,-1.25,2.25,2.25,-0.021840522371256714,4.25,4.25,-0.10597231715652769,-0.10597231715652769,0
Croatia,Latvia,0,-128.0,0.5,0.5,-1.5,-1.5,0.0563973063973064,-32.0,-32.0,0.17597402597402598,0.17597402597402598,0
United States,Uzbekistan,0,-63.0,0.5833333333333335,1.0,0.16666666666666663,0.20000000000000007,0.015000000000000006,-15.416666666666671,1.4000000000000057,0.021963227106610157,-0.0003547305474462907,1
Kosovo,Switzerland,1,96.0,-2.25,-2.25,0.25,0.25,-0.024215169073769784,0.25,0.25,-0.0175788799875168,-0.0175788799875168,0
Antigua and Barbuda,Guyana,1,-36.0,0.25,0.25,1.25,1.25,0.001512818190053447,-0.25,-0.25,-0.007263089295749373,-0.007263089295749373,0
Bahamas,Puerto Rico,1,34.0,-2.1666666666666665,-2.1666666666666665,1.3333333333333335,1.3333333333333335,-0.011159783062161033,-40.33333333333334,-40.33333333333334,-0.009494405600281529,-0.009494405600281529,0
Mexico,Australia,1,-15.0,0.4358974358974359,0.4666666666666668,-0.8974358974358975,-1.2666666666666666,-0.020548540315106577,36.33333333333333,33.733333333333334,0.010931948255851687,0.0168421474206964,1
South Africa,Namibia,1,-51.0,0.33333333333333326,0.0,-0.20833333333333326,-0.3999999999999999,0.0005914721168596253,21.41666666666667,16.400000000000006,0.020627911810622023,-0.011203931283945175,1
Malawi,Guinea,1,42.0,-0.95,-0.55,-1.1,-1.8,-0.01536658670416632,37.0,46.3,0.0008763606891758809,0.008491496955943485,0
North Macedonia,Italy,1,60.0,-0.5,-0.5,1.25,1.25,-0.021849427168576102,34.25,34.25,-0.11890243902439025,-0.11890243902439025,0
Comoros,Zambia,1,46.0,-1.125,-0.6000000000000001,1.125,1.0,-0.008386638237384506,-8.375,5.600000000000023,-0.022335481894207334,-0.01824017239127596,0
DR Congo,Sudan,0,-62.0,1.4166666666666667,1.4166666666666667,-0.8333333333333333,-0.8333333333333333,0.014765357888473137,6.583333333333329,6.583333333333329,0.01462381777152587,0.01462381777152587,0
Rwanda,Senegal,1,121.0,-2.25,-2.25,0.25,0.25,-0.02949991889814312,29.0,29.0,-0.2603807805466845,-0.2603807805466845,0
Ukraine,England,1,20.0,-2.0,-2.0,1.5,1.5,-0.028006803505535055,-3.75,-3.75,-0.10473901098901099,-0.10473901098901099,0
Azerbaijan,Belgium,1,116.0,-1.8333333333333335,-1.8333333333333335,2.5833333333333335,2.5833333333333335,-0.044375963020030815,10.75,10.75,-0.0978506489149605,-0.0978506489149605,0
Estonia,Sweden,1,88.0,-1.5666666666666664,-1.6,0.23333333333333317,0.0,-0.02276344446305914,-11.866666666666667,-13.200000000000003,-0.013670121829945878,-0.00815529826966777,0
Andorra,Belarus,1,56.0,-0.25,-0.25,-0.75,-0.75,-0.00401606425702811,0.0,0.0,-0.004672897196261683,-0.004672897196261683,0
Mauritania,Gabon,0,16.0,1.3333333333333335,1.3333333333333335,0.33333333333333326,0.33333333333333326,0.015180690519905067,-17.333333333333343,-17.333333333333343,0.0045662100456621,0.0045662100456621,0
Ivory Coast,Lesotho,0,-99.0,0.888888888888889,0.4666666666666668,-0.22222222222222232,0.1333333333333333,0.00791236716463884,-2.7777777777777715,-9.533333333333331,0.009921187052969998,0.005455035920152198,0
Germany,Japan,1,-5.0,-1.6,-1.6,0.8,0.8,-0.019339045287637704,-13.25,-13.25,-0.02610119047619048,-0.02610119047619048,1
Romania,Israel,1,-28.0,0.25,0.25,-0.75,-0.75,0.0027466490881125037,-0.25,-0.25,0.020912230871730136,0.020912230871730136,0
Republic of Ireland,Netherlands,1,46.0,-0.6000000000000001,-0.6000000000000001,-0.8000000000000003,-0.8000000000000003,-0.019410619536588156,24.6,24.6,-0.007503647177645606,-0.007503647177645606,0
Saint Lucia,Saint Kitts and Nevis,0,25.0,1.15,1.15,-1.75,-1.75,0.003076480736055205,91.0,91.0,0.006739751341127004,0.006739751341127004,0
Hungary,Czech Republic,1,-1.0,-0.6000000000000001,-0.6000000000000001,-0.39999999999999997,-0.39999999999999997,-0.005128205128205127,-7.0,-7.0,-3.1296663870722385e-05,-3.1296663870722385e-05,1
El Salvador,Trinidad and Tobago,1,-27.0,-0.6714285714285715,-0.4,0.7571428571428571,0.20000000000000018,-0.002613422846507127,-48.12857142857143,-26.999999999999993,-0.006536422839338488,0.002244504943652338,0
Guatemala,Panama,1,62.0,-0.6969696969696969,-1.2000000000000002,-0.5303030303030304,-0.8,-0.017175476718085524,26.727272727272734,37.00000000000001,-0.014210279691871108,-0.01977468672761577,0
Togo,Cape Verde,0,56.0,0.25,0.25,0.25,0.25,0.0011629778083354064,11.75,11.75,-0.029511946386946392,-0.029511946386946392,0
Faroe Islands,Moldova,1,-35.0,-0.6,-0.6,0.8,0.8,-0.012402758726534995,18.0,18.0,-0.03872325711342018,-0.03872325711342018,0
Kazakhstan,Northern Ireland,0,40.0,0.8,0.8,-0.3999999999999999,-0.3999999999999999,0.010893246187363837,-10.200000000000003,-10.200000000000003,0.04301075268817204,0.04301075268817204,0
Greece,Gibraltar,0,-148.0,1.0,1.0,-1.6,-1.6,0.01243781094527363,24.60000000000001,24.60000000000001,0.01663378684807256,0.01663378684807256,0
Thailand,Iraq,1,43.0,-0.5714285714285714,-0.3999999999999999,0.0,-0.40000000000000013,-0.01507237807415194,36.14285714285715,42.99999999999999,-0.00972021918186591,-0.0036885693671407996,0
Lebanon,India,0,1.0,-0.29166666666666674,0.40000000000000013,0.33333333333333337,-0.20000000000000007,-0.0022913594342165774,1.75,22.80000000000001,-0.004977667500859763,0.001181102991496371,0
San Marino,Slovenia,1,147.0,-1.8,-1.8,2.2,2.2,-0.01935483870967742,-31.4,-31.4,-0.027962308989556105,-0.027962308989556105,0
Lithuania,Serbia,1,119.0,-1.2333333333333334,-1.2000000000000002,0.3999999999999999,0.3999999999999999,-0.014527889172438939,-18.33333333333333,-29.799999999999997,-0.04795545192060609,-0.013266705947535165,0
Finland,Denmark,1,36.0,-0.6285714285714288,0.0,-0.1428571428571429,-0.4,-0.003132075471698116,-16.714285714285708,-9.799999999999997,-0.005986282593776652,0.0022856647535984403,0
Montenegro,Bulgaria,0,-6.0,0.4,0.4,0.20000000000000018,0.20000000000000018,0.005987003302439544,3.3999999999999986,3.3999999999999986,0.006530336161148434,0.006530336161148434,0
Albania,Poland,0,39.0,0.10000000000000009,0.10000000000000009,-0.44999999999999996,-0.44999999999999996,0.0001549969674506345,5.150000000000006,5.150000000000006,-0.03945649306971217,-0.03945649306971217,0
Kuwait,Kyrgyzstan,1,40.0,1.4,1.5,-1.65,-1.65,0.009736182298253787,34.0,44.30000000000001,0.01921001215027172,0.015586538238746412,1
Nicaragua,Barbados,0,-25.0,0.26666666666666683,-0.19999999999999996,0.23333333333333317,0.3999999999999999,0.009490465879723405,-72.13333333333334,-89.20000000000002,0.0008087351507401483,-0.0010218460559498696,0
Cayman Islands,Aruba,1,-6.0,1.0,1.0,3.0,3.0,0.0058823529411764705,30.0,30.0,0.0,0.0,0
Cambodia,Macau,0,-6.0,0.5,0.5,-0.33333333333333326,-0.33333333333333326,0.002932551319648094,2.166666666666657,2.166666666666657,0.003355704697986577,0.003355704697986577,1
Portugal,Luxembourg,0,-80.0,1.8333333333333333,1.6,-1.3333333333333333,-1.6,0.020206288835673256,-1.4000000000000057,-9.200000000000003,0.020385716438137653,0.01972270035006489,0
Dominican Republic,Montserrat,0,-27.0,-0.33333333333333337,-0.33333333333333337,0.3333333333333335,0.3333333333333335,-0.0013283452613315977,-25.333333333333343,-25.333333333333343,-0.0022915959425154108,-0.0022915959425154108,0
Vietnam,Palestine,0,-1.0,0.19999999999999996,0.19999999999999996,-0.4,-0.4,6.407860308645097e-05,19.66666666666667,19.66666666666667,0.002521768707627204,0.002521768707627204,1
Guinea-Bissau,Sierra Leone,0,-8.0,-1.5,-1.5,-2.5,-2.5,-0.03571428571428572,-5.0,-5.0,0.04285714285714286,0.04285714285714286,0
Armenia,Croatia,1,84.0,-0.3999999999999999,-0.3999999999999999,1.0,1.0,-0.025725442156037056,26.199999999999996,26.199999999999996,-0.11093822449847203,-0.11093822449847203,0
Latvia,Wales,1,99.0,0.19999999999999996,0.19999999999999996,1.4,1.4,0.009535509535509537,-17.200000000000003,-17.200000000000003,-0.04022556390977443,-0.04022556390977443,0
Iceland,Bosnia and Herzegovina,0,5.0,0.6666666666666667,0.8,0.23333333333333317,0.19999999999999996,0.011428796073211686,-12.233333333333334,-2.6000000000000085,-0.009998556998556998,-0.009493506493506493,0
Slovakia,Liechtenstein,0,-153.0,0.8,0.8,-2.8000000000000003,-2.8000000000000003,0.008253296154772969,29.0,29.0,0.025090304209836368,0.025090304209836368,0
Myanmar,Nepal,0,-15.0,-0.125,0.35,-0.5,-0.7,-2.35862799996666e-05,-22.5,-7.75,0.0008183272316172807,0.003882101940612578,1
Saint Vincent and the Grenadines,Bermuda,0,5.0,0.8333333333333333,0.8333333333333333,-0.5,-0.5,0.0037868662567940832,45.0,45.0,0.00729175363891904,0.00729175363891904,0
Guyana,Bahamas,0,-29.0,0.9333333333333335,0.9333333333333335,-2.533333333333333,-2.533333333333333,0.005543259131856824,11.066666666666663,11.066666666666663,0.008483266806024082,0.008483266806024082,0
Puerto Rico,Antigua and Barbuda,0,31.0,2.5,2.5,-2.75,-2.75,0.012905363362344139,18.25,18.25,0.013034652372229625,0.013034652372229625,0
Turks and Caicos Islands,Dominica,1,18.0,0.0,0.0,0.0,0.0,-0.0009595845563332584,34.0,34.0,0.0,0.0,0
Bolivia,Argentina,1,82.0,-2.1333333333333333,-1.9999999999999998,1.6666666666666667,1.8,-0.022096001781935624,-32.0,-39.2,-0.04094888485114013,-0.03783279970740522,0
Ecuador,Uruguay,0,24.0,-1.0,-1.0,0.3999999999999999,0.3999999999999999,0.008134410033425028,-41.00000000000001,-41.00000000000001,-0.015836324652589717,-0.015836324652589717,0
Jamaica,Haiti,1,-29.0,-0.11688311688311681,1.4000000000000001,0.09090909090909083,-0.3999999999999999,0.005174544331170839,-35.97402597402598,3.3999999999999915,0.010198673595404063,0.0100264127825555,0
Venezuela,Paraguay,0,8.0,-0.33333333333333326,-0.33333333333333326,-0.4,-0.4,-0.006084070796460176,3.799999999999997,3.799999999999997,0.0044988413338167,0.0044988413338167,0
Azerbaijan,Jordan,0,39.0,-1.5,-1.5,0.25,0.25,-0.01831048208757187,-24.0,-24.0,-0.015186962015320223,-0.015186962015320223,1
Bahrain,Turkmenistan,1,-52.0,0.8,0.6000000000000001,-0.26666666666666683,-0.20000000000000018,0.008135366723551028,-9.700000000000003,-1.6000000000000085,0.013180152629693914,0.006183155632696917,1
Egypt,Tunisia,1,3.0,0.7999999999999998,0.7999999999999998,-0.2,-0.2,0.003453361189627623,23.400000000000006,23.400000000000006,0.00521470417722986,0.00521470417722986,1
Germany,France,0,13.0,-0.8666666666666669,-1.0000000000000002,2.1666666666666665,2.6,0.03900966183574878,-52.83333333333333,-53.2,-0.10897921151722899,-0.1316776242156417,1
Qatar,Russia,1,21.0,-0.5,-0.7,1.1666666666666667,1.3,-0.01832298136645963,24.0,22.799999999999997,-0.01083258406243156,0.0024341217968668893,1
Ghana,Liberia,0,-88.0,-0.5,-0.5,-1.5,-1.5,-0.013877421403620195,50.5,50.5,0.00930943020495259,0.00930943020495259,1
Peru,Brazil,1,18.0,-2.6,-2.6,-0.8,-0.8,-0.04629829951105534,-23.55,-23.55,0.025955857592712423,0.025955857592712423,0
Cuba,Suriname,0,29.0,0.16666666666666669,0.06666666666666671,0.6666666666666667,1.0,0.003690690782438667,-41.5,-59.33333333333333,0.0010040160642570276,-0.0016248903660619493,0
Honduras,Grenada,0,-95.0,-0.6607142857142858,-0.6,-0.5,-0.8000000000000003,0.0008798970107123018,-79.76785714285714,-69.0,0.006649107226528858,0.006150542384851621,0
Chile,Colombia,1,15.0,1.0666666666666667,0.7999999999999998,0.5,0.4,-0.014785957767054766,59.53333333333334,55.6,-0.0733730912079659,-0.07727569214198866,0
Iran,Angola,0,-94.0,1.5238095238095237,1.6,-0.33333333333333337,-0.4,0.01956673654786862,-23.57142857142857,-35.20000000000002,0.01980016642403294,0.01953522293246589,1
Japan,Turkey,0,-21.0,1.6,1.6,-0.19999999999999996,-0.19999999999999996,0.08825396825396827,-41.2,-41.2,0.052911039253144505,0.052911039253144505,1
Kenya,South Sudan,1,-62.0,0.33333333333333337,0.33333333333333337,-2.3333333333333335,-2.3333333333333335,-0.0009751134099291979,45.83333333333333,45.83333333333333,0.016558018252933508,0.016558018252933508,1
Philippines,Afghanistan,0,-22.0,-0.3333333333333333,-0.3333333333333333,-0.3333333333333335,-0.3333333333333335,-0.002512070190917335,1.3333333333333428,1.3333333333333428,0.0022197895761114153,0.0022197895761114153,1
Scotland,England,1,26.0,-0.8000000000000003,-0.8000000000000003,-0.2,-0.2,-0.020811104291582082,12.799999999999997,12.799999999999997,-0.02716153508822014,-0.02716153508822014,1
Senegal,Algeria,1,-15.0,1.2,1.2,0.4,0.4,0.013602891953407416,-4.599999999999994,-4.599999999999994,0.18880567877767335,0.18880567877767335,1
South Africa,DR Congo,0,-6.0,-0.4666666666666668,-0.8,0.6,0.4,-0.0061780738946093285,13.955555555555563,21.80000000000001,0.014259439394138752,-0.01487287992108645,1
United Arab Emirates,Costa Rica,0,26.0,0.125,-0.25,-0.75,-1.1,-0.00281675856091759,43.25,58.15,0.0032286024062339845,-0.0005044518202412945,1
United States,Oman,0,-62.0,1.0153846153846153,2.4000000000000004,-0.48461538461538467,-0.4,0.023518188632226537,-31.49230769230769,-19.200000000000003,0.021786483301578365,0.007604040875256263,1
Italy,Ukraine,0,-16.0,0.0,0.0,-0.20000000000000018,-0.20000000000000018,0.00048076923076922906,-0.7999999999999972,-0.7999999999999972,0.02952913523233895,0.02952913523233895,0
Morocco,Burkina Faso,0,-42.0,0.0,0.0,-0.25,-0.25,0.012498497776709529,-78.0,-78.0,0.7558395441501704,0.7558395441501704,1
Norway,Georgia,0,-34.0,0.20000000000000018,0.20000000000000018,-1.0,-1.0,0.00859065488300072,-13.199999999999996,-13.199999999999996,0.0019513244195464331,0.0019513244195464331,0
Malta,North Macedonia,1,103.0,-0.7,-0.7999999999999999,-0.8999999999999999,-1.0,-0.010461342955045725,-0.4333333333333229,-0.19999999999998863,-0.025451105131987267,-0.023847153528035663,0
Belgium,Estonia,0,-106.0,1.7000000000000002,1.8000000000000003,-1.4,-1.7999999999999998,0.026082426768105058,13.433333333333337,15.399999999999999,0.07543567517031115,0.08409542939458149,0
Sweden,Austria,1,-6.0,0.5714285714285716,0.7999999999999998,0.19999999999999996,0.3999999999999999,0.013151461816759566,-14.42857142857143,-10.400000000000006,-0.06281109121729789,-0.07259142121840712,0
Switzerland,Andorra,0,-141.0,2.1999999999999997,2.1999999999999997,-0.3999999999999999,-0.3999999999999999,0.02046049596481873,26.799999999999997,26.799999999999997,0.02027458574710786,0.02027458574710786,0
Israel,Belarus,0,-22.0,0.3999999999999999,0.3999999999999999,-0.6000000000000001,-0.6000000000000001,0.004428508672990845,3.0,3.0,0.00917366521799884,0.00917366521799884,0
Romania,Kosovo,0,-61.0,0.3999999999999999,0.3999999999999999,-0.3999999999999999,-0.3999999999999999,0.0027769692030040153,11.799999999999997,11.799999999999997,0.007603330168876037,0.007603330168876037,0
South Korea,Saudi Arabia,0,-26.0,0.0,0.0,-1.0000000000000002,-1.0000000000000002,0.01212030525213228,-32.400000000000006,-32.400000000000006,0.020145658263305322,0.020145658263305322,1
Cameroon,Burundi,0,-98.0,-0.6666666666666667,-0.6666666666666667,-0.6666666666666667,-0.6666666666666667,0.0018916280205028072,-55.66666666666667,-55.66666666666667,0.013530606946682113,0.013530606946682113,0
Spain,Cyprus,0,-108.0,1.5999999999999999,1.5999999999999999,-1.8,-1.8,0.05352684144818976,-22.0,-22.0,0.12311196147793456,0.12311196147793456,0
Mexico,Uzbekistan,1,-62.0,0.07142857142857162,-0.3999999999999999,0.0,-0.4,0.0046636903138922055,-8.785714285714285,-21.4,0.01468984958602541,0.023639919724454197,1
Papua New Guinea,Solomon Islands,1,29.0,-0.5,-0.5,4.75,4.75,-0.002874061862825907,-7.75,-7.75,-0.00759211924455969,-0.00759211924455969,0
New Caledonia,Vanuatu,0,-5.0,0.5,0.5,-0.5,-0.5,0.0025702960485569177,12.5,12.5,5.6805271529196746e-05,5.6805271529196746e-05,0
Wales,Gibraltar,0,-165.0,1.0,1.0,-1.8333333333333333,-1.8,0.013574660633484162,18.833333333333336,31.4,0.03725264654172745,0.01613174727864437,1
Solomon Islands,Vanuatu,0,-35.0,1.1333333333333333,1.1333333333333333,-1.1333333333333335,-1.1333333333333335,0.007135963823861914,3.0,3.0,0.006174075343818333,0.006174075343818333,0
New Caledonia,Papua New Guinea,0,1.0,1.3333333333333335,1.3333333333333335,-4.333333333333333,-4.333333333333333,0.007234635283415772,21.0,21.0,0.01001551581720358,0.01001551581720358,0
Indonesia,Brunei,0,-44.0,1.1666666666666667,1.4,-8.833333333333334,-9.0,0.011475409836065573,-47.33333333333333,-46.2,0.010143435488844459,0.012172122586613352,0
Suriname,Haiti,1,58.0,-1.375,-0.95,-0.125,-0.6000000000000001,-0.013615593284815658,27.0,54.55,-0.011602481933070017,-0.011504326427932933,0
Grenada,Jamaica,1,117.0,-0.375,-0.8,1.0833333333333333,1.6,-0.011303601314264328,58.70833333333333,29.0,-0.017991082600708495,-0.013414521702699257,0
Cuba,Honduras,1,92.0,-0.4285714285714286,-0.7999999999999999,0.09523809523809534,0.7999999999999999,-0.006593342474545613,10.61904761904762,-15.399999999999991,-0.005984966637114384,-0.009167607556263698,0
Afghanistan,Mongolia,0,-25.0,-0.25,-0.25,-3.75,-3.75,-0.00723392064174187,56.25,56.25,0.0026455026455026454,0.0026455026455026454,0
Argentina,Paraguay,0,-51.0,1.8333333333333335,2.0,-1.0,-1.0,0.02188217154331612,12.416666666666671,15.150000000000006,0.03586995043181631,0.036660255896790034,0
Maldives,Bangladesh,1,-34.0,0.0,-0.3999999999999999,0.19999999999999996,0.19999999999999996,-0.0003241032596732179,8.650000000000006,8.949999999999989,-0.0009618857756750303,-0.001786909939776182,0
Hong Kong,Bhutan,0,-36.0,1.1666666666666665,1.4000000000000001,-1.0,-1.0,0.008580751907344426,-18.166666666666686,-16.400000000000006,0.0009205816113710854,-0.0001453020663546977,0
Cambodia,Pakistan,1,-20.0,1.523809523809524,1.4666666666666668,-1.7619047619047619,-1.9333333333333336,0.008606940598986196,24.47619047619048,31.73333333333335,0.00773164195982988,0.00773164195982988,0
Bolivia,Ecuador,1,45.0,-0.9285714285714286,-1.2000000000000002,0.6904761904761905,1.4000000000000001,-0.030437792368525944,3.1190476190476204,-9.000000000000004,-0.05525847710856674,-0.0758841403662624,0
Chile,Peru,0,14.0,1.6666666666666667,1.4,-0.33333333333333337,-0.4,0.008975570252395735,59.0,64.4,-0.008048313991269814,-0.022701455050393348,0
Brazil,Venezuela,1,-50.0,1.6,1.8,1.1,1.2000000000000002,0.04585683719120794,-22.266666666666673,-25.4,0.010262270685545444,0.01588056659325022,0
Colombia,Uruguay,1,-1.0,-1.0238095238095237,-1.2,-0.5714285714285714,-0.8,0.004282032094454144,-37.76190476190476,-42.400000000000006,0.03656371928767003,0.04791660460513563,0
Montenegro,Lebanon,0,-33.0,-0.2857142857142858,-0.3999999999999999,0.7857142857142857,1.2000000000000002,0.005502200880352141,-65.80952380952381,-65.99999999999999,0.006654420186864853,4.174954174954171e-05,1
Dominica,British Virgin Islands,1,-23.0,0.0,0.0,-0.5,-0.5,-5.750100626761116e-05,1.0,1.0,0.0,0.0,0
Russia,Cameroon,0,-2.0,-0.41666666666666674,-0.41666666666666674,-0.5833333333333334,-0.5833333333333334,0.008117362813092069,-44.916666666666664,-44.916666666666664,0.01000828985161387,0.01000828985161387,1
Nepal,Laos,1,-11.0,-0.2222222222222222,-0.6,-0.6666666666666667,-0.4666666666666668,-0.0007931712710023261,-16.7777777777778,-26.53333333333333,0.0011641037376331495,-0.0010784823284823285,0
Algeria,Cape Verde,0,-37.0,-0.033333333333333215,-0.19999999999999996,-0.30000000000000004,-0.4,0.0011233240217543381,-9.966666666666669,-17.599999999999994,0.013112719815005613,0.017972475746366255,1
Bahrain,Kyrgyzstan,0,-10.0,0.0,-0.19999999999999996,-0.7142857142857142,-0.6000000000000001,-0.0005733464229403483,6.057142857142864,6.799999999999997,0.008267785878367725,0.0024785183499697596,1
Egypt,Zambia,0,-47.0,0.16666666666666652,0.20000000000000018,-0.11111111111111116,-0.19999999999999996,0.0037488123002504953,-15.611111111111114,-26.200000000000003,-0.003649123556548811,-0.002499878325485212,1
Georgia,Thailand,0,-33.0,0.33333333333333326,-0.19999999999999996,1.0833333333333335,1.0,0.011019109379765114,-30.58333333333333,-46.60000000000001,-0.004768560989851572,-0.0028822073141010016,1
Belarus,Romania,1,58.0,-0.8333333333333334,-0.5999999999999999,1.1666666666666665,0.3999999999999999,-0.00789475667568566,-12.5,13.200000000000003,-0.024894124460040006,-0.025951380724597024,0
Myanmar,Macau,0,-24.0,0.8,0.8,-1.6,-1.6,0.00546448087431694,-23.849999999999994,-23.849999999999994,0.009995791442599954,0.009995791442599954,0
Sweden,Moldova,0,-136.0,1.375,2.0,0.25,0.19999999999999996,0.02218755908489318,-3.8333333333333286,21.199999999999996,-0.014226842870321572,-0.026533745839955755,1
Andorra,Kosovo,1,42.0,-0.33333333333333337,-0.20000000000000007,0.3333333333333335,0.20000000000000018,-0.0031874039938556073,-12.333333333333329,-9.999999999999993,-0.016467695630323922,-0.017129655809020282,0
Albania,Czech Republic,0,25.0,-0.3999999999999999,-0.19999999999999996,-0.06666666666666665,0.0,-0.0034425432055209017,-5.633333333333326,-17.599999999999994,-0.005334135726576351,0.013513544318405044,0
Faroe Islands,Poland,1,101.0,-0.8333333333333335,-1.0,0.5,1.0,-0.01075443586617906,8.666666666666671,-16.799999999999997,-0.04620815787616109,-0.056599214738749626,0
Spain,Scotland,0,-21.0,0.8333333333333335,1.0,0.0,0.0,0.024998138634502266,-11.166666666666664,0.0,0.031945089793927,0.029835164835164837,0
Latvia,Armenia,0,45.0,-0.8333333333333334,-1.2000000000000002,1.1666666666666665,1.2000000000000002,-0.00839990028505468,-17.0,-21.200000000000003,-0.02859884018420604,-0.03431860822104725,0
Cyprus,Norway,1,77.0,-1.5,-1.8,1.8333333333333333,2.2,-0.019488573613116983,-16.166666666666664,-25.799999999999997,-0.01739468806221053,-0.020873625674652632,0
Croatia,Turkey,1,-36.0,0.4999999999999998,0.7999999999999998,-1.1666666666666667,-1.4,0.014639639639639636,-9.666666666666664,1.7999999999999972,0.09646925838991827,0.11493604239872897,0
England,Australia,0,-23.0,1.6666666666666665,1.9,-1.25,-1.35,-0.004696356275303647,30.416666666666664,39.65,0.07681514851821149,0.025003381473886296,1
Curaçao,Panama,1,45.0,-1.1076923076923078,-1.4000000000000001,1.0461538461538464,1.4000000000000001,-0.01989514071633756,9.846153846153847,12.399999999999999,-0.024339600257003102,-0.031057666260111916,0
Equatorial Guinea,Burkina Faso,1,34.0,1.15,1.15,-0.25,-0.25,0.0092669716210373,16.25,16.25,0.03115225670455806,0.03115225670455806,1
DR Congo,New Zealand,1,-40.0,0.5,0.19999999999999996,-3.5,-3.6,-0.029692724088520937,73.16666666666667,71.6,0.02200482430621453,0.02058054644901083,1
Belize,Bermuda,1,6.0,-0.6666666666666666,-0.6666666666666666,-1.0,-1.0,-0.004719968942195704,4.333333333333314,4.333333333333314,0.0,0.0,0
Barbados,Dominican Republic,1,21.0,0.08333333333333326,0.1499999999999999,0.4166666666666665,0.6499999999999999,-0.0011975105937410899,29.083333333333343,26.650000000000006,-0.002707731603708994,-0.002715085734524272,0
Montserrat,Nicaragua,1,41.0,-1.3928571428571428,-1.25,0.5357142857142858,0.25,-0.015567289935364728,40.85714285714286,56.0,-0.0032025749012560825,-0.0015817656591277382,0
Trinidad and Tobago,Guatemala,0,-5.0,0.6060606060606061,1.0,0.5151515151515152,2.0,0.004631195203022029,18.80303030303031,13.800000000000004,0.0009552682607751259,-0.00028580587773739674,0
Japan,Canada,0,-25.0,1.3333333333333335,2.1999999999999997,0.16666666666666674,0.0,0.08174275970886141,-45.02380952380953,-39.0,0.051957460196096567,0.05734033338250712,1
Guinea,Guinea-Bissau,0,-25.0,0.8,0.8,1.3333333333333335,1.3333333333333335,0.004805491990846681,24.06666666666667,24.06666666666667,-0.02658309347068626,-0.02658309347068626,1
Iraq,Qatar,1,8.0,1.0,0.5999999999999999,-0.3500000000000001,0.19999999999999996,0.011520006344926042,8.700000000000003,9.200000000000003,-0.0077782473552041285,-0.038799323029722034,1
Portugal,Slovakia,0,-40.0,2.666666666666667,2.4,-0.3333333333333333,-0.4,0.030993237892530473,-12.333333333333329,-36.0,0.0173921535174096,0.020014194234066737,0
Angola,Mozambique,1,4.0,-0.125,-0.3999999999999999,0.0,0.8,-0.00093513435444364,-2.75,-19.000000000000014,-0.0010522807276636004,-0.008475154663609671,1
South Korea,Tunisia,0,-3.0,-0.9999999999999999,-1.0,0.5,0.20000000000000007,0.002899349944018314,-55.166666666666664,-45.599999999999994,-0.0052952292027922225,-0.013118980925703613,1
Mali,Uganda,0,-40.0,1.2,1.2,-0.46666666666666673,-0.46666666666666673,0.006189727768399404,41.26666666666665,41.26666666666665,0.004621647273219129,0.004621647273219129,1
Iceland,Luxembourg,1,-18.0,0.5714285714285714,0.6000000000000001,-0.857142857142857,-1.0000000000000002,0.010149208513216691,-11.142857142857139,-19.0,-0.009637568832512202,-0.009788892661813379,0
Austria,Belgium,1,20.0,-0.5,-0.8,0.33333333333333337,0.20000000000000007,-0.009774431940481373,5.666666666666657,-12.799999999999997,0.0199406023380906,0.04505700164149744,0
Liechtenstein,Bosnia and Herzegovina,1,136.0,-0.6666666666666667,-0.2,1.6666666666666665,1.2,-0.007234603280198553,-26.833333333333336,-21.400000000000006,-0.010436507936507937,-0.003,0
Netherlands,France,1,5.0,0.0,0.7999999999999998,1.6666666666666667,1.2000000000000002,0.0053831775700934545,-9.0,-10.199999999999996,-0.09335294680443935,-0.012023536165327208,0
Republic of Ireland,Greece,1,4.0,-0.3333333333333335,-0.3999999999999999,0.6666666666666666,0.3999999999999999,0.003433835845896148,-33.66666666666667,-27.0,-0.010139780880017667,-0.013679015251509923,0
South Africa,Eswatini,1,-79.0,0.8714285714285714,0.20000000000000007,-0.09999999999999998,-0.6,0.007106887702018451,18.042857142857144,6.599999999999994,0.03258485378785795,0.0072183573386513725,1
Nigeria,Saudi Arabia,1,-17.0,0.6666666666666666,0.5333333333333332,-1.0,-1.0,3.2009730958210136e-05,58.66666666666667,60.46666666666667,0.017021584818194987,0.017021584818194987,1
Estonia,Azerbaijan,1,-6.0,-0.3714285714285715,-0.4,0.02857142857142847,0.8000000000000003,-0.00523471800067545,-10.114285714285714,-12.399999999999999,-0.00036379006537486797,-0.0075560217967771065,0
Vietnam,Uzbekistan,1,20.0,-0.5416666666666667,-0.8,-0.625,-1.0,-0.018489628799441313,54.79166666666667,52.4,-0.009599135009566672,-0.007750714744895901,1
Sierra Leone,Benin,1,30.0,0.25,0.25,1.0,1.0,0.0075119032299575325,-26.25,-26.25,-0.01753852392538524,-0.01753852392538524,1
Puerto Rico,Guyana,1,-5.0,1.9666666666666666,1.9999999999999998,-0.4,-0.6,0.010697633682968371,8.933333333333337,9.599999999999994,0.0038051670588700286,0.0051218610399845505,0
Bahamas,Antigua and Barbuda,1,63.0,0.33333333333333337,0.33333333333333337,-0.75,-0.75,0.0025011406120245125,-12.416666666666657,-12.416666666666657,0.0014044943820224719,0.0014044943820224719,0
Ivory Coast,Morocco,1,37.0,0.7,0.7,0.4,0.4,-0.006483439041578576,80.75,80.75,-0.6064602022525832,-0.6064602022525832,1
Liberia,Libya,1,24.0,1.0833333333333333,1.0833333333333333,0.8333333333333335,0.8333333333333335,0.017318226668027625,-11.083333333333329,-11.083333333333329,0.002227871630856705,0.002227871630856705,1
Mauritania,Madagascar,0,-9.0,0.8928571428571429,0.55,0.1071428571428572,0.65,0.013142675038950002,-45.10714285714286,-46.25,0.008195597305998293,0.004230811449993098,1
Mexico,Ghana,0,-48.0,0.4666666666666668,0.8000000000000003,0.4,0.4,0.018683857272188055,-61.39999999999999,-71.0,0.016510855768807845,0.02697420223736013,1
United States,Germany,1,-4.0,1.2857142857142858,2.0,-1.4285714285714286,-1.6,-0.044255334927786126,49.142857142857146,51.6,-0.1940441539471193,-0.2764455700426919,1
Bulgaria,Lithuania,1,-65.0,-0.16666666666666663,-0.20000000000000007,-0.16666666666666674,0.0,-0.005905006418485235,14.0,8.799999999999997,-1.549746428963772e-07,-1.8596957147669346e-07,0
Hungary,Serbia,0,4.0,-0.5,-0.3999999999999999,-0.6666666666666667,-0.7999999999999999,-0.005041328065197054,-4.69047619047619,-12.200000000000003,-0.010138303647705703,0.02222749446568582,0
Northern Ireland,San Marino,0,-133.0,0.6666666666666666,0.4,-2.166666666666667,-2.1999999999999997,0.007104795737122558,32.33333333333333,8.400000000000006,0.0023696682464454974,0.0,0
Slovenia,Finland,0,5.0,0.7916666666666665,0.20000000000000018,0.125,0.8,0.0010440680643521057,36.91666666666667,21.19999999999999,0.007610885489426563,-0.0033222826459891573,0
Denmark,Kazakhstan,0,-82.0,0.5,0.19999999999999996,0.0,0.20000000000000007,0.0025538250114521335,13.833333333333329,17.799999999999997,-0.014711760593834451,-0.028368398426887056,0
Papua New Guinea,Vanuatu,1,-6.0,0.5,0.5,2.5,2.5,0.003395412218941631,-0.75,-0.75,-0.003018948512852373,-0.003018948512852373,0
New Caledonia,Solomon Islands,1,30.0,0.8333333333333333,0.8999999999999999,-0.25,-0.44999999999999996,0.004797340444307531,4.666666666666657,5.699999999999989,0.0004898172732114049,0.0015016083185105458,0
Ukraine,North Macedonia,0,-42.0,0.16666666666666674,0.6000000000000001,-0.33333333333333326,-0.6000000000000001,0.017709073679222934,-39.333333333333336,-14.800000000000004,0.03335435043994743,0.0436180348991944,0
Italy,Malta,0,-162.0,1.2380952380952381,1.4,-0.23809523809523814,-0.19999999999999996,0.029262672811059914,-19.761904761904766,-23.400000000000006,0.1027375807322217,0.1219102812181361,0
Honduras,Cuba,0,-92.0,0.4,0.6,-0.050000000000000044,-0.6,0.0047145201693012005,-0.125,25.400000000000006,0.0045353291942477215,0.004305361049454854,0
Haiti,Jamaica,1,31.0,-0.1367521367521367,-0.6000000000000001,-0.04273504273504258,0.40000000000000013,-0.0059413702670163444,25.37606837606839,0.20000000000000284,-0.009133968170983414,-0.01254403226459143,0
Suriname,Grenada,0,-28.0,-0.7111111111111111,-0.4,-1.4444444444444446,-2.4,-0.005537745767907432,-3.5333333333333314,30.599999999999994,-5.4172990865276015e-05,0.0020780231523407065,0
Kyrgyzstan,Philippines,1,-36.0,0.08333333333333337,0.050000000000000044,0.25,0.4500000000000002,0.0032184117441666294,-43.25,-55.55,-0.00438956182543402,-0.004707852847484854,1
Sudan,Tanzania,1,8.0,-0.25,-0.25,1.25,1.25,-0.0029759757593247243,-0.5,-0.5,-0.012606613957426212,-0.012606613957426212,1
Georgia,Cyprus,0,-41.0,2.1428571428571432,2.0,-1.2857142857142856,-1.2000000000000002,0.023520258543300025,28.285714285714285,21.800000000000004,0.011847954585672405,0.010762548262548263,0
Norway,Spain,1,33.0,-0.4285714285714288,-0.19999999999999973,0.5714285714285714,0.4,-0.02815237077283929,26.857142857142854,37.00000000000001,-0.086912800196908,-0.11028853446768073,0
Wales,Croatia,0,27.0,-0.4285714285714286,-0.3999999999999999,0.4285714285714286,0.6,-0.02109816384180791,40.85714285714286,43.6,-0.07442144321843572,-0.1164935064935065,0
Turkey,Latvia,0,-94.0,0.5714285714285714,0.8,-0.857142857142857,-1.0,0.009140376620200539,4.0,0.3999999999999986,0.0925478448034839,0.12325119325119324,0
Czech Republic,Faroe Islands,0,-94.0,1.4285714285714284,1.6,-0.8571428571428572,-1.0000000000000002,0.01815999615932404,-1.7142857142857082,6.200000000000003,0.03528632719937068,0.02212813080639168,0
Poland,Moldova,1,-129.0,0.2857142857142858,0.19999999999999996,-0.14285714285714302,-0.6000000000000001,-0.001508301299170246,25.857142857142854,47.6,0.011896801585022265,0.014453787283021519,0
Switzerland,Belarus,1,-91.0,2.261904761904762,1.7999999999999998,-0.738095238095238,0.19999999999999996,0.019167090805664505,30.69047619047619,15.199999999999989,0.015428056123669091,0.010733600754786276,0
Romania,Andorra,0,-106.0,0.8571428571428572,0.6,-1.2857142857142858,-1.4,0.007287629394082912,26.857142857142847,19.4,0.02483850998999281,0.026535937226734353,0
Dominican Republic,Barbados,0,-21.0,0.8571428571428572,1.0,-1.1714285714285717,-1.6,0.00713769286384543,-19.628571428571405,-14.199999999999989,0.005326353023605717,0.005669265637621009,0
Nicaragua,Montserrat,0,-41.0,1.65,1.6,-0.8999999999999999,-1.0,0.015776121769462505,-30.17500000000001,-30.60000000000001,0.0053457296501319435,0.006129733085040346,0
Turks and Caicos Islands,British Virgin Islands,1,-2.0,-1.1666666666666667,-1.1666666666666667,1.3333333333333333,1.3333333333333333,-0.006461168194020182,10.333333333333343,10.333333333333343,-0.0067819968810067825,-0.0067819968810067825,0
Algeria,Egypt,1,-1.0,-0.2857142857142858,0.19999999999999996,0.0,-0.20000000000000007,0.0021139770362229027,-24.42857142857143,-33.400000000000006,0.024729766851877246,0.03446302737369635,1
Botswana,Eswatini,0,5.0,0.3392857142857143,0.0,0.5535714285714286,0.19999999999999996,0.0032892257443155647,6.053571428571431,6.0,-0.0014867015965018982,-0.001151513492733916,1
Kenya,Russia,1,70.0,-0.44999999999999996,-0.44999999999999996,0.5,0.5,-0.01964166666666667,77.0,77.0,-0.03072963489144823,-0.03072963489144823,1
Luxembourg,Slovakia,1,37.0,-0.4285714285714286,0.0,1.5357142857142856,1.2000000000000002,-0.0032799546624003844,-10.607142857142861,-16.200000000000003,-0.001823632146073166,0.010091614296936375,0
Senegal,Cameroon,0,-21.0,0.6000000000000001,0.0,-0.19999999999999996,-0.19999999999999996,0.007575757575757576,-1.5,-7.799999999999997,0.15906027233804032,0.18948696073560606,1
Gibraltar,Republic of Ireland,1,143.0,-1.1428571428571428,-1.0,1.5714285714285714,1.6,-0.017817371937639197,-12.428571428571423,-1.6000000000000014,-0.005354537730253138,-0.0029850746268656717,0
Greece,Netherlands,1,44.0,-0.14285714285714302,-0.19999999999999996,-1.2857142857142856,-1.0,-0.02192706733155295,47.42857142857142,38.2,0.003037447193203837,0.0028635371815964837,0
Azerbaijan,Austria,1,96.0,-1.1428571428571428,-0.8,0.8571428571428572,0.40000000000000013,-0.017133369015181,-2.8333333333333357,22.999999999999993,-0.07018458936910629,-0.09019287966265697,0
Belgium,Sweden,1,-18.0,0.26984126984126977,0.0,-0.507936507936508,-0.7999999999999999,0.01118620925072538,-13.0,-6.799999999999997,0.059793119014790494,0.03099064833584559,0
Iceland,Liechtenstein,0,-132.0,1.3571428571428572,0.6000000000000001,-1.5,-0.6000000000000001,0.018315249769818204,16.607142857142854,-3.5999999999999943,0.009412914726007705,0.012030360531309297,0
Bosnia and Herzegovina,Portugal,1,55.0,-2.857142857142857,-2.5999999999999996,1.0,0.9999999999999999,-0.0351292493571367,12.57142857142857,52.2,-0.032801431092881375,-0.04589377089310564,0
Mozambique,Nigeria,1,73.0,-0.38888888888888884,-0.30000000000000004,0.08333333333333326,-0.25,-0.004173895295438311,3.7222222222222285,28.69999999999999,-0.006447719356524793,-0.003903419615053815,1
Ecuador,Colombia,1,22.0,0.3214285714285714,0.40000000000000013,0.5178571428571428,0.4,-0.0009612540668441291,8.80357142857143,7.0,-0.019611488848407382,-0.013010941699649892,0
Venezuela,Chile,0,17.0,-1.0,-0.8,-0.1428571428571429,-0.19999999999999996,-0.010097186700767265,-15.571428571428577,-4.799999999999997,0.03166132531088209,0.04616339677588187,0
Guyana,Puerto Rico,0,5.0,-1.3333333333333335,-1.0,0.0,0.3999999999999999,-0.007136106964800328,-8.142857142857139,-4.600000000000023,-0.00022649613514482726,0.0003816339213904476,0
Bahrain,Philippines,0,-46.0,0.32499999999999996,0.3999999999999999,-0.2749999999999999,-0.19999999999999996,0.004682885440631782,-27.17500000000001,-21.000000000000014,0.002553376449686156,0.0008460101159611256,1
Bermuda,Belize,1,-6.0,0.75,0.75,0.5,0.5,0.004906610243688894,-1.75,-1.75,0.004166666666666667,0.004166666666666667,0
Curaçao,Trinidad and Tobago,0,-8.0,-1.0833333333333335,-1.2000000000000002,0.9166666666666665,-0.5999999999999996,-0.009455456823877877,-32.916666666666664,-2.5999999999999943,-0.015067184707397274,-0.014076370487559981,0
Panama,Guatemala,0,-58.0,0.5879120879120879,0.19999999999999996,0.29670329670329665,0.0,0.013005202080832334,-18.961538461538467,-11.0,0.013722568171085595,0.01897046937557543,0
Peru,Argentina,1,21.0,-2.285714285714286,-1.4,1.2857142857142858,1.4,-0.023500000000000007,-48.57142857142857,-43.599999999999994,-0.022007867652732285,-0.03218002313582638,0
Antigua and Barbuda,Bahamas,1,-63.0,0.5,0.5,-0.1499999999999999,-0.1499999999999999,0.0019416547106647529,24.25,24.25,0.0026264044943820225,0.0026264044943820225,0
Uruguay,Brazil,0,14.0,-0.1904761904761907,-0.20000000000000018,-0.3571428571428572,-0.19999999999999996,-0.01858361333677954,18.404761904761905,27.799999999999997,0.012958381737174451,-0.007996787926522385,0
Bhutan,Hong Kong,0,36.0,-1.5714285714285712,-2.4,1.4285714285714284,2.0,-0.010640056605894684,10.428571428571416,3.1999999999999886,-0.0031182624991876375,-0.0042584246417198355,0
Angola,DR Congo,1,53.0,-0.4285714285714286,-0.19999999999999996,0.7619047619047619,1.2000000000000002,-0.005137395459976105,6.904761904761898,21.200000000000003,-0.010432214275001026,-0.01299274402194296,1
Albania,Bulgaria,0,-16.0,1.4047619047619047,1.6,-1.0714285714285714,-0.9999999999999999,0.02045641447368421,-3.4761904761904674,-2.200000000000003,0.037480004561475364,0.04363745361467063,1
Bangladesh,Maldives,0,34.0,0.0,0.0,-0.18181818181818177,-0.19999999999999996,0.0004861610591651352,-13.27272727272728,-13.0,0.0012645916818194531,-0.00029703085384203114,0
Pakistan,Cambodia,0,20.0,-1.125,-1.05,1.625,1.9,-0.006128783759289469,-26.75,-22.400000000000006,-0.006361552313601797,-0.0059378235000424745,0
Sri Lanka,Yemen,1,46.0,-1.6666666666666667,-1.6666666666666667,0.3333333333333335,0.3333333333333335,-0.014492753623188406,41.0,41.0,-0.0049504950495049506,-0.0049504950495049506,0
Macau,Myanmar,1,24.0,-1.3,-1.6,2.1,2.2,-0.008626964411990975,15.566666666666663,6.200000000000017,-0.01103252890486933,-0.013239034685843195,0
Laos,Nepal,1,11.0,0.19999999999999996,0.6,0.5,0.7,0.0007557540364136039,13.5,17.099999999999994,-0.0009675671547113678,8.043358849810396e-05,0
Brunei,Indonesia,1,44.0,-1.8571428571428572,-2.0,7.0,7.2,-0.016229712858926344,33.57142857142857,35.2,-0.010938202745112754,-0.011058164694221684,0
Mongolia,Afghanistan,1,25.0,-0.30000000000000004,-0.30000000000000004,1.7,1.7,-0.0013182674199623354,-26.0,-26.0,-0.00539509064099228,-0.00539509064099228,0
Paraguay,Bolivia,0,-31.0,0.17500000000000004,0.20000000000000007,-0.875,-1.4,-0.0015438596491228057,14.375,26.4,0.002124204520517885,0.007357910906298003,0
Australia,New Zealand,0,-77.0,0.19999999999999996,0.19999999999999996,-0.8999999999999999,-0.8999999999999999,0.03735024665257223,-23.2,-23.2,0.023488313008130077,0.023488313008130077,0
Guam,Singapore,1,44.0,-0.16666666666666674,-0.19999999999999996,0.8333333333333333,0.8,-0.0011413028621415485,1.6666666666666572,-0.19999999999998863,-0.008668366571600467,-0.009032176872221931,0
Benin,Madagascar,1,-14.0,0.32499999999999996,-0.19999999999999996,0.1499999999999999,0.3999999999999999,0.0045456262513063955,-23.775000000000006,-37.20000000000002,0.006970753306103281,0.005100305203429795,1
Mexico,Germany,1,-3.0,0.25,1.0000000000000002,-0.9375,-0.8,-0.07135101963746224,46.0625,41.6,-0.208631028076698,-0.31438521912206124,1
Mali,Saudi Arabia,0,-8.0,0.8928571428571429,0.75,-1.75,-1.75,-0.0014488988368839672,70.71428571428572,76.8,0.015298936637159068,0.01387036520858764,1
Finland,Kazakhstan,1,-46.0,-0.20634920634920628,0.6000000000000001,-0.03174603174603163,0.0,-0.0037667109203742,3.444444444444443,8.400000000000006,-0.023365196924164278,-0.0031136970601842104,0
Libya,Niger,1,-2.0,0.0,0.0,0.40000000000000013,0.40000000000000013,0.0007655059460229315,-8.600000000000009,-8.600000000000009,0.0031050186926475584,0.0031050186926475584,1
South Korea,Vietnam,0,-69.0,0.14285714285714302,0.3999999999999999,0.1428571428571428,-0.19999999999999996,0.026193969114651106,-76.28571428571428,-61.0,0.020837723922518356,0.023183419344749403,1
Estonia,Thailand,1,3.0,-0.9583333333333333,-0.8,0.375,0.6000000000000001,-0.005993681209517643,-48.84722222222223,-37.800000000000004,-0.006412195733564715,-0.01132587228439763,1
Guinea,Gabon,1,-7.0,1.1666666666666667,1.1,0.41666666666666674,0.75,0.01373236551209561,-16.25,-25.75,0.007458996493805178,0.00577484470560969,1
France,Scotland,0,-29.0,0.1428571428571428,0.19999999999999996,-0.42857142857142855,-0.6,0.001796667742795785,1.2857142857142847,14.999999999999993,0.09435050996483237,0.08504525940531076,1
Cape Verde,Comoros,1,-58.0,0.16666666666666674,0.5999999999999999,-0.2777777777777777,-0.40000000000000013,0.005110238763116023,-29.72222222222223,-44.400000000000006,0.02456786599643743,0.03199666999667,1
North Macedonia,Armenia,0,-25.0,-0.2857142857142858,-0.3999999999999999,0.4285714285714286,1.2000000000000002,-0.0050505050505050535,4.714285714285722,-20.6,0.0019007334718018597,-0.003991654473040868,1
Somalia,Sierra Leone,1,70.0,-1.3333333333333333,-1.3333333333333333,1.0,1.0,-0.016260162601626015,46.0,46.0,-0.0035460992907801418,-0.0035460992907801418,1
Burkina Faso,Mauritania,0,-41.0,-1.3,-1.4,-0.3666666666666666,-0.19999999999999996,-0.014072641849038258,2.7666666666666657,-3.4000000000000057,-0.011839114566029508,-0.01492302590558139,1
Ivory Coast,South Africa,1,-15.0,0.21818181818181803,0.9999999999999999,0.18181818181818177,0.6,0.003404427798480497,-12.309090909090912,-5.800000000000011,-0.009194982042794012,0.015234222284769772,1
United Arab Emirates,Lebanon,0,-31.0,0.02499999999999991,0.3999999999999999,-0.4,-0.4,0.0036429677214619895,-28.650000000000006,-12.200000000000003,0.012180973101489403,0.011677358894750196,1
San Marino,Denmark,1,189.0,-2.142857142857143,-2.0,2.571428571428571,3.6,-0.022900763358778626,-30.285714285714285,-32.39999999999999,-0.031125172765218066,-0.032860956157019575,0
Northern Ireland,Slovenia,1,15.0,-1.2857142857142856,-1.4,0.2857142857142857,0.3999999999999999,-0.012917344004001498,6.142857142857139,20.39999999999999,-0.025868487760650233,-0.030998491560562495,0
Syria,Kuwait,1,-42.0,-0.5681818181818181,-0.1499999999999999,0.43181818181818177,0.050000000000000044,-0.0031935277836917172,-15.25,-8.450000000000003,-0.010298043580304582,-0.0054869501549740865,1
Serbia,Montenegro,0,-40.0,0.5892857142857142,0.19999999999999996,-0.4464285714285714,-0.19999999999999996,0.006828033946827492,4.321428571428569,-4.199999999999989,0.02443186303995896,-0.007241194044216453,0
Lithuania,Hungary,1,111.0,-0.7142857142857143,-0.19999999999999996,1.0,1.0,-0.006151486751299309,-17.428571428571438,-4.399999999999999,-0.03909646521817716,-0.04470132855158359,0
England,Italy,0,-5.0,0.8571428571428572,1.0,-0.7142857142857142,-0.7999999999999999,0.025776053215077612,-14.142857142857146,7.800000000000004,0.018792040846143457,-0.06817525152106477,0
Morocco,Liberia,0,-137.0,-0.6666666666666666,-0.9,-1.8333333333333335,-1.9,0.00011792452830189024,-35.833333333333336,-27.200000000000003,0.5188144872552063,0.023323653362963846,0
Zambia,Uganda,0,-7.0,1.1333333333333333,0.8,-0.033333333333333326,0.19999999999999996,0.007990900042656051,26.83333333333333,32.8,0.01441582468334075,0.008921589188764182,1
United States,Ghana,0,-49.0,1.4333333333333333,1.0000000000000002,-0.10000000000000009,0.19999999999999996,0.030511087394758683,-42.53333333333333,-49.8,0.02782439691496258,0.011936960221026551,1
Malta,Ukraine,1,147.0,-1.1964285714285714,-1.4000000000000001,0.4464285714285714,1.2000000000000002,-0.02660501781247631,11.535714285714285,-1.0,-0.05548215627119282,-0.06877974738439854,0
United Arab Emirates,Kuwait,0,-65.0,-0.33333333333333326,0.19999999999999996,-0.16666666666666674,-0.6,0.0003484320557491285,-23.916666666666657,-28.39999999999999,0.0046387643874635925,0.011021305821593778,1
Guatemala,Jamaica,1,52.0,-1.0714285714285716,-1.0,-0.2142857142857142,-0.20000000000000018,-0.01185077043968712,-8.0,-19.599999999999994,-0.007544174677239238,-0.005282457086132187,1
Kosovo,Israel,0,34.0,-0.023809523809523947,0.0,-0.023809523809523947,0.0,6.272862934643061e-05,-2.142857142857139,-10.200000000000003,0.0012072174536437892,0.003320876845721566,0
DR Congo,Mauritania,0,-36.0,-0.41666666666666674,-0.8,-0.8333333333333333,-0.6,-0.006421356421356423,11.5,9.0,0.0020725797813228933,-0.004511900637398513,0
Ethiopia,Sierra Leone,1,21.0,-0.6666666666666666,-0.7,-0.5,-0.30000000000000004,-0.005724971231300344,-4.666666666666671,-11.0,0.0014126076211636706,-0.0013793221284935358,0
Belgium,Serbia,0,-24.0,0.5,0.8,-0.36111111111111116,-0.7999999999999999,0.01673664912176947,-16.875,6.3999999999999915,0.03194709267310384,0.03299351579502463,1
Israel,Switzerland,1,57.0,-1.8571428571428572,-1.2,0.0,-0.8,-0.01575488532010271,-17.0,-13.0,-0.0055593818722878205,0.004428010352706915,0
Equatorial Guinea,Namibia,1,-23.0,0.3999999999999999,0.5999999999999999,-0.5428571428571428,-0.6,0.002569854302328114,12.342857142857142,-10.399999999999991,0.01164578593946634,0.026744387871511326,0
Saint Kitts and Nevis,Saint Lucia,1,-19.0,-1.3,-1.6,1.8333333333333335,2.4,-0.00548199152542373,-70.33333333333333,-89.4,-0.009354964630636686,-0.011451424276601282,0
British Virgin Islands,Dominica,1,20.0,0.08333333333333326,0.08333333333333326,0.41666666666666674,0.41666666666666674,0.0006114491573181117,-3.75,-3.75,-0.0002584865553164062,-0.0002584865553164062,0
Costa Rica,Panama,1,2.0,-0.7999999999999999,-0.6000000000000001,0.48888888888888893,1.0,-0.013159445918066608,2.0444444444444443,-24.60000000000001,-0.02205228278740709,-0.007847293867789009,0
Bolivia,Peru,0,59.0,0.3055555555555556,0.39999999999999997,0.4027777777777777,0.8,0.0024144350037783157,17.319444444444443,6.0,-0.01741659518157214,-0.004081632653061224,0
Venezuela,Ecuador,1,13.0,-0.125,-0.19999999999999996,-0.5,-0.4,-0.014252029129639725,16.875,13.200000000000003,0.013142672943792441,0.028137114038354463,0
Colombia,Brazil,0,14.0,-0.8888888888888888,-0.8,-1.0158730158730158,-1.2000000000000002,-0.014309701024985591,-8.841269841269842,-6.799999999999997,0.04353082057024033,0.03708739328396676,0
Argentina,Uruguay,1,-14.0,0.375,-0.19999999999999996,-1.0,-1.0,-0.0002345765892563939,10.125,18.0,-0.10662666429901488,-0.1698194135249403,0
Chile,Paraguay,1,-16.0,0.9166666666666666,0.0,0.16666666666666663,0.7999999999999999,0.010301440681187516,13.625,-22.199999999999996,0.02128073181921202,0.020408632237122668,0
United States,Trinidad and Tobago,0,-88.0,1.1490384615384615,0.6000000000000001,-0.8509615384615385,-2.2,0.02706513113638103,-33.456730769230774,-17.60000000000001,0.023900424283199218,0.009192633583496035,0
Kuwait,India,1,34.0,0.24786324786324787,0.5999999999999999,0.29059829059829057,0.3999999999999999,0.0035822865490808785,-15.119658119658112,-22.0,0.004958509424208373,0.007793388803490516,0
South Korea,Singapore,0,-131.0,0.7321428571428572,1.2,-0.25,-1.0,0.036798748858023256,-119.10714285714286,-103.4,0.026851659110831358,0.03777695993577719,0
Malaysia,Kyrgyzstan,0,40.0,2.452380952380952,3.0,-0.8571428571428572,-1.4,0.01741674320508895,27.404761904761912,43.19999999999999,0.011750677055675793,0.014553327862171683,0
Iran,Hong Kong,0,-129.0,0.8571428571428572,0.3999999999999999,-0.4285714285714286,-0.4,0.017667292057535963,-62.28571428571429,-66.0,0.024882292824318523,0.023638569496931695,0
Turkmenistan,Uzbekistan,1,68.0,-1.5555555555555556,-1.6,0.5,0.0,-0.025288376220053237,39.72222222222223,48.2,-0.0254436414213289,-0.02432659951564424,0
Iraq,Indonesia,0,-77.0,-0.5972222222222223,-1.9999999999999998,0.23611111111111116,0.9999999999999999,0.004906924569488234,-50.111111111111114,-57.39999999999999,0.011360057315188549,-0.005712284185237166,0
Qatar,Afghanistan,0,-93.0,0.07575757575757569,-0.20000000000000007,-0.045454545454545414,0.7999999999999999,0.008031422470853223,-83.5,-119.20000000000002,0.02271227781350201,0.042345072310934935,0
Philippines,Vietnam,1,44.0,-0.33333333333333337,0.0,-0.04166666666666674,-0.40000000000000013,-0.004544131467112431,23.29166666666667,32.60000000000001,-0.002966896982045013,-0.0034783674067035072,0
Japan,Myanmar,0,-140.0,2.1428571428571423,2.8000000000000003,0.7142857142857142,0.8,0.09663652430277621,-124.7142857142857,-141.2,0.07358701627309382,0.09264948235679944,0
Tajikistan,Jordan,1,27.0,-0.8,-0.6000000000000001,-0.8999999999999999,-0.5999999999999999,-0.014164904862579281,32.599999999999994,40.599999999999994,-0.004956262086133832,-0.00600437306768185,0
Saudi Arabia,Pakistan,0,-136.0,0.6527777777777778,0.8,0.23611111111111116,0.40000000000000013,0.01437583765198406,-100.51388888888889,-105.4,0.0006140144381669805,0.0004802259887005649,0
Norway,Faroe Islands,0,-93.0,1.875,2.8,-0.625,-1.2000000000000002,0.029058693244739753,-9.625,15.200000000000003,0.016768414715744404,0.025414786268444806,1
Yemen,Bahrain,1,73.0,0.38888888888888884,0.30000000000000004,1.25,1.45,0.0006490039487362341,29.08333333333333,18.150000000000006,-0.011862142687045826,-0.013960901524935104,0
Lebanon,Palestine,1,8.0,0.5833333333333333,0.25,-0.13888888888888884,0.1499999999999999,0.003900949796472185,16.83333333333333,-10.5,-0.00032085220522843835,-0.002440775700151932,0
Australia,Bangladesh,0,-156.0,0.25,0.19999999999999996,0.4999999999999999,0.5999999999999999,0.03257036094562622,-124.58333333333331,-120.6,0.02135608745015633,0.014726836412679845,0
Egypt,Djibouti,0,-154.0,-1.125,-1.6,-0.375,-0.19999999999999996,0.0032554557124518622,-90.125,-97.1,0.007960681401468807,0.005080118794035235,0
Sudan,Togo,1,11.0,-1.1,-1.0,0.3666666666666667,0.3999999999999999,-0.01266689489900719,13.833333333333329,19.200000000000003,-0.010799910675719372,-0.008708377659348095,0
Cape Verde,Angola,1,-42.0,0.24285714285714277,0.3999999999999999,0.37142857142857144,0.8000000000000003,0.003603901892366857,-9.114285714285714,-22.599999999999994,0.015169524486602965,0.01948768640448892,0
Burundi,Gambia,0,25.0,0.16666666666666674,0.16666666666666674,1.1666666666666667,1.1666666666666667,-0.002476943346508562,28.16666666666667,28.16666666666667,-0.01962609071018954,-0.01962609071018954,0
Gabon,Kenya,0,-24.0,-0.4,-0.4,0.033333333333333215,0.19999999999999996,-0.0031306327672896306,-9.066666666666677,-26.400000000000006,-0.008155547306324142,-0.011217983928082797,0
Botswana,Mozambique,1,35.0,-0.32499999999999996,-0.5999999999999999,-0.125,-0.19999999999999996,-0.0034275031159119243,1.9000000000000057,-17.400000000000006,-0.00024608595281990116,-0.0014323779524840052,0
Algeria,Somalia,0,-163.0,1.625,1.6,-1.875,-1.9,0.021346469622331693,-49.875,-70.8,0.04551982640569569,0.05625408364163474,0
Nigeria,Lesotho,1,-113.0,1.1,1.0,-0.10000000000000009,0.0,0.010896420215618088,-6.300000000000011,6.0,0.014007037309595868,0.012315950618509177,0
Cyprus,Spain,1,116.0,-2.125,-3.0,2.875,3.8,-0.047232947232947235,6.25,-14.199999999999996,-0.10094064645151052,-0.07465680910821856,0
Georgia,Scotland,1,42.0,1.125,1.4,0.5,0.40000000000000013,-0.002431967627718766,35.5,22.200000000000003,-0.042672164417495405,-0.0025198106977768007,0
Estonia,Austria,1,93.0,-1.5555555555555556,-1.6,1.2222222222222223,2.2,-0.020352517617349464,-13.902777777777779,-14.0,-0.0671602097812931,-0.05775215938982448,0
Azerbaijan,Sweden,0,97.0,-1.4428571428571426,-1.0,0.6571428571428573,-0.5999999999999999,-0.018517406962785112,-12.0,-0.20000000000000284,-0.0299119413840333,-0.034792673984134395,0
Bulgaria,Hungary,1,54.0,-1.25,-1.4,1.0,0.6000000000000001,-0.015474156106438224,-6.75,-11.200000000000003,-0.03989134147870537,-0.048342167273674116,0
Montenegro,Lithuania,0,-64.0,0.25,0.40000000000000013,0.25,0.5999999999999999,-0.0010593065915109716,15.75,29.799999999999997,0.003950402719301872,-0.0016375183602557741,0
Liechtenstein,Portugal,1,194.0,-3.875,-3.5999999999999996,2.875,2.0,-0.04642471332622101,-25.625,-4.200000000000003,-0.04436543622158587,-0.0509063400043259,0
Luxembourg,Bosnia and Herzegovina,0,24.0,0.01388888888888884,0.3999999999999999,0.36111111111111116,0.5999999999999999,0.0015999592583318834,-10.597222222222229,-63.4,0.006502304369024336,0.01645153892005195,0
Slovakia,Iceland,0,-17.0,-0.4027777777777777,0.0,-0.7083333333333333,-0.19999999999999996,-0.005292414507847121,3.3611111111111143,11.400000000000006,0.011926127648976333,-0.001971537001897533,0
United Arab Emirates,Nepal,0,-104.0,0.6103896103896104,1.2000000000000002,-0.33766233766233766,0.0,0.009175566221804772,-64.71428571428571,-77.2,0.016969275248338293,0.022057775676236926,0
Curaçao,El Salvador,1,12.0,0.375,0.3999999999999999,0.2857142857142856,-0.20000000000000018,0.003508494003410646,12.160714285714292,17.599999999999994,-0.0007348718272031166,-0.0029885810704764516,1
Montserrat,Dominican Republic,0,31.0,-2.0,-2.0,1.0,0.40000000000000013,-0.013700457625200111,-3.166666666666657,14.0,-0.0074614516064998625,-0.005544651018708926,0
Barbados,Nicaragua,1,41.0,-1.0833333333333335,-1.2000000000000002,1.5416666666666667,3.1999999999999997,-0.01155178461808296,38.375,5.799999999999983,-0.006558762489858097,-0.009685584195147347,0
Honduras,Mexico,0,66.0,-0.7005347593582887,-0.3999999999999999,0.09090909090909083,-1.2,-0.01898842625044784,33.342245989304814,88.80000000000001,-0.02389098672274919,-0.0339185966816926,0
Guinea,Uganda,0,-10.0,1.0,0.6,0.4285714285714286,0.40000000000000013,0.011012100846321541,1.1428571428571388,-1.5999999999999943,0.006394206035649192,0.004871620891380441,0
Eswatini,Libya,1,20.0,-0.38888888888888895,-0.19999999999999996,-0.5,-0.19999999999999996,-0.003976222349716327,-0.8333333333333286,-21.400000000000006,0.0017460105480938803,0.004245192307692307,0
Cameroon,Mauritius,0,-134.0,0.05555555555555558,0.19999999999999996,0.38888888888888895,0.7999999999999999,0.008246255660048765,-71.66666666666667,-67.19999999999999,0.002944991555545057,0.0027958697519196683,0
Ivory Coast,Seychelles,0,-143.0,0.9047619047619047,0.6,-0.7142857142857142,-1.2000000000000002,0.010997178707171876,-49.071428571428584,-36.8,0.02421566879011435,0.027086211186010973,0
Liberia,Malawi,1,28.0,0.2909090909090909,-0.19999999999999996,1.6,2.0,0.009927403131286627,-45.763636363636365,-57.60000000000001,-0.008815374289317742,-0.011702266206081112,0
Bermuda,Saint Vincent and the Grenadines,0,-3.0,-0.8,-0.8,-0.25,-0.25,-0.003973102924695419,-14.550000000000011,-14.550000000000011,-0.005359630900351772,-0.005359630900351772,0
Burkina Faso,Guinea-Bissau,1,-54.0,-0.0357142857142857,-0.15000000000000002,0.1071428571428571,0.25,-0.003673660996964998,28.82142857142857,16.650000000000006,-0.01631886091699418,-0.018074189310788476,0
Poland,Czech Republic,1,-10.0,-0.375,0.0,0.25,0.0,-0.006069237345195674,11.125,58.400000000000006,0.004566745629684052,-0.011419106380473875,0
Mali,Chad,0,-132.0,2.0,2.0,-0.6,-0.6,0.017699115044247787,-17.0,-17.0,0.025622607956343794,0.025622607956343794,0
Greece,New Zealand,0,-52.0,0.8333333333333334,0.7333333333333333,-1.5833333333333335,-1.3333333333333335,0.00042777317327487296,45.083333333333336,16.133333333333333,0.013899904658833232,0.008731060606060607,1
Comoros,Central African Republic,0,1.0,-0.6499999999999999,-0.75,0.7,1.0,-0.008260563414014934,13.799999999999997,18.299999999999997,-0.00575944180489097,-0.0038742257466366833,0
Italy,North Macedonia,0,-57.0,0.5,1.0000000000000002,-0.5,-0.8000000000000003,0.015196435228745406,-20.5,-5.199999999999996,0.057168575685433654,0.09634776987718165,0
Moldova,Albania,1,98.0,-0.8571428571428572,-0.8000000000000003,0.8214285714285714,0.9999999999999999,-0.008931059708771685,-12.982142857142861,-13.800000000000004,-0.011362804603431233,-0.012889514687611,0
England,Malta,0,-167.0,2.4305555555555554,2.6,-1.5,-1.4,0.055679782843284495,-10.208333333333336,-34.8,0.13716492379283077,0.1234226884226884,0
Finland,Northern Ireland,0,-13.0,0.32499999999999996,0.6000000000000001,0.07499999999999996,-0.19999999999999996,0.007324817038085563,-27.525000000000006,-10.0,0.010887062470173738,0.005714281940327685,0
Denmark,Slovenia,0,-35.0,0.0,-0.3999999999999999,0.125,0.0,-0.001501892935454812,7.625,42.0,-0.0022452193734048345,-0.015923062866489732,0
Kazakhstan,San Marino,0,-109.0,1.375,0.8,-2.125,-2.8,0.019889626132448643,10.375,5.0,0.04146279105938609,0.030163530465949818,0
Ghana,Madagascar,0,-48.0,0.0,-0.6000000000000001,0.06349206349206349,0.40000000000000013,0.003004869535150799,-34.76190476190476,-42.39999999999999,0.0012244145007754108,-0.0031994717467938288,0
Antigua and Barbuda,Puerto Rico,1,-25.0,-1.4,-1.0,1.7142857142857142,1.6,-0.0085377414879746,7.5428571428571445,19.400000000000006,-0.006695126030884461,-0.0050095795409544185,0
Jamaica,Canada,1,10.0,-0.20833333333333326,0.6000000000000001,-0.2416666666666667,-1.0,-0.007802322288303593,16.849999999999994,41.599999999999994,-0.007448490406417981,-0.001392707965476414,0
France,Gibraltar,0,-196.0,2.25,2.0,-2.75,-2.5999999999999996,0.043583535108958835,-0.5,-39.99999999999999,0.15213338456641967,0.12792834067940578,0
South Africa,Benin,0,-29.0,0.0,-0.7999999999999999,-0.6666666666666666,-1.4000000000000001,-0.00017600090035834598,1.75,-0.20000000000000284,0.023331044892269073,0.0032423602634996957,0
Niger,Tanzania,1,8.0,0.2333333333333334,0.20000000000000007,0.7666666666666667,0.6,0.0015730679676239047,10.866666666666674,23.60000000000001,-0.01531861850288308,-0.01453860432080704,0
Germany,Turkey,1,-22.0,-0.20833333333333326,-0.3999999999999999,0.6388888888888888,1.0,0.07784598214285715,-48.44444444444444,-43.2,0.1379480795405718,0.24150121120709356,1
Senegal,South Sudan,0,-147.0,1.1071428571428572,0.6499999999999999,-1.6428571428571428,-1.5,0.014607429092479723,-1.1785714285714306,-16.15,0.15626658863948478,0.21110405116294786,0
Switzerland,Kosovo,1,-91.0,1.5,0.8000000000000003,0.125,0.40000000000000013,0.012216146526296852,19.125,20.400000000000006,-0.002025721657979644,-0.012956432555824347,0
Armenia,Wales,1,67.0,-0.125,-0.8,0.75,1.0,0.0010319917440660478,-10.625,-5.599999999999994,-0.07088429416208046,-0.10522726878751631,0
Latvia,Croatia,1,122.0,-0.875,-0.7999999999999999,1.75,2.0,-0.018226992645597295,0.375,-7.599999999999994,-0.0908313079954871,-0.024550872013558583,0
Belarus,Andorra,0,-59.0,0.5,0.8,-0.375,-1.4,0.007171457171457171,2.75,10.199999999999989,0.013460772602394056,0.023406395042335163,0
Netherlands,Republic of Ireland,0,-51.0,0.25,0.19999999999999996,0.375,0.0,0.01888601443106398,-34.125,-59.0,0.017224252966672907,0.02907008294216537,0
Israel,Romania,1,23.0,-0.625,-0.8,0.625,0.20000000000000007,-0.003411427019898376,-22.125,-7.400000000000006,-0.0038234071255974535,-0.0021327647427875004,0
Cyprus,Lithuania,0,-10.0,-0.33333333333333326,-1.2,1.777777777777778,2.2,-0.005522058084614612,-4.111111111111107,-21.200000000000003,-0.011781718620935036,-0.016759209100758395,1
Sierra Leone,Egypt,1,87.0,-1.1333333333333335,-0.8,0.6444444444444444,0.3999999999999999,-0.011402619678777483,9.044444444444437,21.0,-0.016465799442875267,-0.013980336920963286,0
Sudan,DR Congo,0,65.0,-0.7619047619047619,-0.4,0.6984126984126984,0.9999999999999999,-0.008132810156210549,8.49206349206348,16.0,-0.00982406346914103,-0.007518291705365831,0
Zimbabwe,Nigeria,1,85.0,-1.6666666666666667,-2.0,-1.3333333333333333,-1.4,-0.014792899408284023,27.33333333333333,28.400000000000006,-0.009806015254225815,-0.013195789733642407,0
Burundi,Gabon,1,56.0,0.9666666666666667,1.0,1.2333333333333332,1.0,0.0077824009862844795,10.400000000000006,15.400000000000006,0.0016037680837751485,0.004189404540939384,0
Spain,Georgia,0,-68.0,-0.11111111111111116,0.5999999999999996,-1.222222222222222,-1.8000000000000003,0.012507959876380932,-22.111111111111114,14.799999999999997,0.07715236368817686,0.03468459441589004,0
Mozambique,Algeria,1,80.0,-0.41414141414141414,0.0,0.8787878787878788,1.0,-0.0067638882856274184,14.555555555555557,26.799999999999997,-0.031561822934201914,-0.03662404898855862,0
Belgium,Azerbaijan,0,-115.0,1.2083333333333335,0.8000000000000003,-0.9583333333333334,0.0,0.021523129555258074,2.125,11.799999999999997,0.054981451898536586,0.025127969440863998,0
Sweden,Estonia,0,-95.0,1.690909090909091,1.8,-0.8363636363636366,-1.4,0.02134259259259259,18.727272727272734,27.599999999999994,0.02947798622123833,0.0473932760253515,0
Hungary,Montenegro,0,-40.0,0.3333333333333335,-0.19999999999999996,-0.7777777777777778,-0.20000000000000018,0.0027468050433141766,6.333333333333343,-33.4,0.023036860441011282,0.035014227932729486,0
Serbia,Bulgaria,1,-55.0,1.2444444444444445,1.0,-0.5666666666666667,-0.40000000000000013,0.018547487687646195,-0.011111111111119953,-8.599999999999994,0.0319812154257829,0.006323529411764707,0
Portugal,Iceland,0,-61.0,1.9777777777777776,2.2,-1.3777777777777778,-1.2000000000000002,0.01775583671087924,13.033333333333331,-7.599999999999994,0.03206474050549462,0.029485904096132186,0
Bosnia and Herzegovina,Slovakia,1,13.0,-0.7777777777777779,-1.0,1.2222222222222223,1.0000000000000002,-0.008923369617094954,-0.3333333333333286,38.400000000000006,-0.015869703732861777,-0.012998972033124358,0
Liechtenstein,Luxembourg,1,113.0,-1.0888888888888888,-1.4000000000000001,1.0,0.0,-0.013928733312862802,-23.5,-1.7999999999999972,-0.01935460145066701,-0.02146410803127221,0
Scotland,Norway,1,-8.0,-0.3333333333333335,-1.4,0.33333333333333326,1.8000000000000003,0.0066888396156688755,-23.222222222222214,-43.0,0.034542282397891866,-0.01673750059740356,0
Liberia,Equatorial Guinea,0,60.0,-0.16666666666666674,-0.19999999999999996,1.3333333333333335,1.2,0.0019578947368421046,-28.16666666666667,-17.400000000000006,-0.02626688924045734,-0.030478496077830586,0
Gambia,Ivory Coast,1,65.0,-0.9285714285714284,-0.8999999999999999,0.8928571428571429,0.75,-0.006945543248945149,-10.964285714285708,-3.25,-0.0035994613777766693,-0.004244077811704675,0
Djibouti,Guinea-Bissau,1,79.0,1.2,1.2,1.8666666666666665,1.8666666666666665,0.0024017304393227426,71.26666666666665,71.26666666666665,-0.015030525030525028,-0.015030525030525028,0
Trinidad and Tobago,United States,0,88.0,-1.277310924369748,-1.0,0.995798319327731,1.7999999999999998,-0.026047236040727142,25.243697478991592,9.200000000000003,-0.02451603661886425,-0.011744467714277531,0
Chad,Madagascar,1,71.0,-0.4,-0.8999999999999999,0.8,0.8,-0.0018690794783569088,-31.200000000000003,-11.299999999999997,-0.010129864609711218,-0.012722501269823352,0
Dominica,Turks and Caicos Islands,0,-17.0,0.75,0.75,-1.4166666666666665,-1.4166666666666665,0.0038979576504931477,-2.583333333333343,-2.583333333333343,0.006982837810323357,0.006982837810323357,0
Aruba,Cayman Islands,0,-2.0,0.0,0.0,-2.0,-2.0,0.0005859518054640005,-18.0,-18.0,0.007772020725388601,0.007772020725388601,0
Montserrat,Barbados,0,6.0,-0.39682539682539686,0.0,-0.7142857142857144,-2.0000000000000004,-0.0021478521478521485,-12.555555555555543,-2.4000000000000057,0.002464445016595274,0.007641303468909194,0
Panama,Costa Rica,0,-2.0,0.9625,1.4000000000000001,-0.7,-1.4,0.015842863857120477,-1.0249999999999986,33.8,0.02508375659744936,0.020890772128658575,0
Mali,Central African Republic,1,-80.0,0.3666666666666665,0.40000000000000013,-1.1,-1.0,-0.0001739405439595207,22.0,21.599999999999994,0.0123807635039857,0.012447952619348661,0
Seychelles,Kenya,1,85.0,-0.625,-0.6,1.3392857142857142,2.0,-0.006513784461152883,25.85714285714286,3.799999999999997,-0.011171603378965667,-0.015297696653628855,0
Curaçao,El Salvador,1,12.0,0.33333333333333337,0.6000000000000001,0.23611111111111116,0.0,0.0032619980575370917,9.597222222222221,12.799999999999997,-0.0004041701561399748,-0.00035916720510753564,1
Northern Ireland,Denmark,0,56.0,-1.3333333333333335,-1.4,0.5555555555555556,1.4,-0.0128860168889281,-2.7777777777777715,-26.200000000000003,-0.028801528381489895,-0.030904817404817403,0
Slovenia,Kazakhstan,0,-44.0,0.33333333333333326,1.2000000000000002,-0.22222222222222232,-0.3999999999999999,0.0019778506706505106,7.666666666666671,4.200000000000003,-0.010651596014591515,0.008094172768085814,0
San Marino,Finland,1,145.0,-1.2323232323232323,-0.7999999999999999,2.1313131313131315,2.0,-0.01556093844955534,-13.888888888888886,-17.400000000000006,-0.01679627987082401,-0.01376923076923077,0
Czech Republic,Moldova,0,-116.0,0.5555555555555556,-0.19999999999999996,-0.3333333333333335,0.0,0.002339040270074755,21.444444444444443,11.0,0.003889836986022986,-0.0019399674825166836,0
Albania,Faroe Islands,1,-76.0,1.5277777777777777,1.8,-1.2777777777777777,-1.2000000000000002,0.018333919891946392,10.069444444444443,7.200000000000003,0.03809487394028529,0.053664737741170865,0
Ukraine,Italy,1,13.0,-0.4722222222222223,-1.0,-0.06944444444444442,-0.5999999999999999,-0.010664943653674392,5.236111111111114,17.60000000000001,-0.02407142675197716,0.025547195622435008,0
Russia,Cuba,0,-130.0,0.9555555555555555,0.7999999999999999,-0.7555555555555555,-0.8,0.017978769098607104,-24.022222222222226,-25.599999999999994,0.029956526869665604,0.02792364461243769,1
North Macedonia,England,1,62.0,-1.3333333333333333,-0.3999999999999999,1.777777777777778,1.2000000000000002,-0.026291844260332355,10.666666666666657,8.399999999999999,-0.10441889826543663,-0.08562881562881562,0
Peru,Venezuela,1,-23.0,-0.888888888888889,-1.0,1.0,0.9999999999999999,-0.013468190837415937,-24.11111111111111,6.599999999999998,-0.046757126744811466,-0.09705215419501133,0
Uruguay,Bolivia,0,-70.0,1.4111111111111112,1.2,-0.7111111111111112,-1.2000000000000002,0.023702678782892686,12.811111111111117,-5.600000000000001,0.4642088818759326,0.8081730769230769,0
Paraguay,Colombia,1,36.0,-0.48571428571428565,-0.8,0.11428571428571432,-0.19999999999999996,-0.02844452844452844,24.257142857142853,10.399999999999999,-0.1506121202176166,-0.21164604897469794,0
Ecuador,Chile,0,-1.0,-0.33333333333333326,0.20000000000000007,0.0,-0.6,0.009155754285105934,-29.444444444444443,0.7999999999999972,0.02237349618846364,0.01849953025497124,0
Canada,Jamaica,1,-10.0,0.26388888888888884,-0.19999999999999996,0.14583333333333326,0.40000000000000013,0.00853559191338793,-15.840277777777771,-26.39999999999999,0.011577655435256289,0.019896735583428075,0
Puerto Rico,Bahamas,0,-35.0,1.8333333333333333,1.8000000000000003,-1.7916666666666665,-1.4000000000000001,0.009991985577399665,19.916666666666657,3.0,0.009903202403462177,0.009324237067015774,0
Guyana,Antigua and Barbuda,0,21.0,0.45833333333333326,0.9999999999999998,-2.0,-1.8000000000000003,0.003512524441345791,-12.583333333333343,-20.80000000000001,0.00973017370494283,0.011091139824642363,0
Saint Vincent and the Grenadines,Belize,0,-6.0,1.2000000000000002,1.2000000000000002,0.7999999999999998,0.7999999999999998,0.006616507404496967,14.0,14.0,0.006693834988480651,0.006693834988480651,0
Nepal,Yemen,1,17.0,-0.44999999999999996,-0.7999999999999999,-1.0333333333333334,-1.0000000000000002,-0.004774469154416382,31.916666666666657,26.19999999999999,0.0027588505130154576,0.001590679229213244,0
Nicaragua,Dominican Republic,1,-16.0,0.2142857142857144,0.6000000000000001,-0.37142857142857144,-1.0,0.0047126075720396905,-24.742857142857133,1.1999999999999886,0.001691230654165739,0.007385313235662959,0
India,Qatar,1,41.0,-0.10000000000000009,-1.2,-0.9166666666666667,-0.8,-0.009547530095475303,57.150000000000006,25.200000000000003,-0.014704520368490749,-0.0014096809224156612,0
Myanmar,North Korea,1,43.0,1.125,1.2,0.0,0.19999999999999996,0.008035714285714285,48.0,55.599999999999994,0.008950072354327673,0.008895752895752895,0
Syria,Japan,1,74.0,-2.458333333333333,-3.4000000000000004,0.16666666666666674,0.19999999999999996,-0.06459566639567327,64.45833333333333,57.400000000000006,-0.0656343085272643,-0.09395142736404406,0
Singapore,Thailand,1,43.0,-0.30000000000000004,-0.3999999999999999,-0.3999999999999999,-0.5999999999999999,-0.005982391516099382,43.825,31.799999999999997,-0.005207638585909996,-0.0072152193778225095,0
Afghanistan,Kuwait,1,18.0,-0.7142857142857143,-0.19999999999999996,1.5714285714285712,0.8000000000000003,-0.007466039397139588,22.92857142857143,60.599999999999994,-0.01095311891451953,-0.0058127789818909325,0
Kyrgyzstan,Oman,0,25.0,-0.4545454545454546,0.0,0.7613636363636365,0.6000000000000001,-0.00697552585561427,17.75,23.200000000000003,-0.01825581466144064,-0.014334862385321102,0
Uzbekistan,Iran,1,52.0,-1.0,-1.4,0.5,1.4000000000000001,-0.002713075479237253,-26.849999999999994,-45.99999999999999,-0.0009400408734373117,-0.004084954404132302,0
Hong Kong,Turkmenistan,1,9.0,1.349206349206349,2.6,-0.38095238095238093,-0.6000000000000001,0.008383000921208892,39.57142857142857,59.8,0.0019199921859470222,0.0052295465430742955,0
Philippines,Indonesia,1,-7.0,-1.650793650793651,-2.2,0.09523809523809534,-0.5999999999999999,-0.014100344075381747,2.0793650793650897,3.6000000000000085,-0.0005955974984680219,0.0028893833129788535,0
Vietnam,Iraq,1,26.0,-0.9888888888888889,-0.8,0.12222222222222223,0.40000000000000013,-0.015343915343915345,24.0,-2.0,-0.007606402390459729,0.0060577596699234685,0
Pakistan,Tajikistan,1,84.0,-0.8,-1.0,0.6714285714285715,0.19999999999999996,-0.008064099250452313,40.0,40.8,-0.0072352670256452395,-0.005916298775370647,0
Jordan,Saudi Arabia,1,25.0,0.4444444444444444,-0.40000000000000013,0.2777777777777777,0.8,0.0028656928383039154,12.0,1.2000000000000028,0.008692009713326808,0.003249863618975184,0
Bahrain,United Arab Emirates,1,14.0,-0.55,-1.2000000000000002,0.4,0.4,-0.005206349206349206,2.25,18.60000000000001,-0.006375121268899931,-0.01621124650868367,0
Brazil,Argentina,1,2.0,-0.3472222222222223,0.20000000000000018,1.4027777777777777,0.7999999999999999,0.01292327622179456,-22.291666666666664,-4.199999999999996,-0.027502467202210425,-0.02146617533409987,0
Mexico,Honduras,0,-66.0,0.5277777777777777,-0.19999999999999996,0.05555555555555558,1.6,0.014916948447126195,-25.583333333333336,-65.60000000000001,0.002090276579636105,-0.024738560229276396,0
Lesotho,Benin,1,60.0,-0.4155844155844155,-0.3999999999999999,-0.11688311688311681,-0.19999999999999996,-0.004384941577319779,3.740259740259745,-3.0,-0.004333705563985762,-0.0061367127496159725,0
Somalia,Uganda,1,106.0,-0.2916666666666667,-0.46666666666666673,1.4166666666666665,1.0666666666666664,-0.003603603603603604,7.125,20.400000000000006,-0.005814302884615385,-0.0046875,0
Tanzania,Morocco,1,108.0,-0.47619047619047616,-0.6,-0.23809523809523808,-0.19999999999999996,-0.012531745870497164,39.547619047619044,22.200000000000003,-0.4308620255299463,-0.00440290795248334,0
Niger,Zambia,0,48.0,-1.1948051948051948,-0.5999999999999999,0.4155844155844155,0.4,-0.00995042958531681,-8.311688311688314,39.0,-0.01987436848258837,-0.017224737255604517,0
Mauritius,Angola,1,61.0,0.18181818181818177,0.6000000000000001,-0.09090909090909083,0.0,-0.0010085686660220722,37.70909090909092,42.2,0.0012218883797101617,0.00011055391341177265,0
Libya,Cameroon,1,83.0,-0.5714285714285715,-0.40000000000000013,0.2857142857142858,0.19999999999999996,-0.007954360518906098,15.714285714285722,55.2,-0.007792070280749205,-0.009138986888624107,0
South Sudan,Mauritania,1,66.0,-0.8285714285714286,-1.0,1.3714285714285712,1.5999999999999999,-0.007885708433611553,-18.08571428571429,-22.599999999999994,-0.008601146508831842,-0.011587593370681607,0
Rwanda,South Africa,0,76.0,-0.7307692307692308,-0.20000000000000007,0.15384615384615385,0.6,-0.006306678876318199,-10.384615384615387,-5.200000000000003,-0.021795775043211778,-0.005183824424224513,0
Togo,Senegal,1,99.0,-0.625,-0.19999999999999996,0.08333333333333337,0.0,-0.008927839525520167,10.458333333333329,31.400000000000006,-0.12623207629488736,-0.19686977233754693,0
Botswana,Guinea,0,68.0,-0.625,-0.3999999999999999,0.05555555555555558,0.19999999999999996,-0.008300783446414512,12.652777777777771,10.400000000000006,-0.007231095566126618,-0.010273406605666155,0
Ethiopia,Burkina Faso,1,87.0,-0.0357142857142857,0.20000000000000007,-0.017857142857142905,0.20000000000000007,-0.0010022880515115308,9.464285714285708,14.599999999999994,-0.0031010117431897483,-0.004636987952634819,0
Eswatini,Cape Verde,1,72.0,-0.6,-0.9999999999999999,-0.375,-1.2000000000000002,-0.00665478312537136,5.5,1.3999999999999915,-0.01604608992540027,-0.007075786282682834,0
Palestine,Australia,1,69.0,-1.5428571428571427,-1.6,-0.1428571428571428,0.0,-0.03293124987200229,46.05714285714286,40.400000000000006,-0.018496340741138838,-0.015390403628804283,0
Gibraltar,Netherlands,1,191.0,-1.6666666666666667,-1.6,2.8888888888888893,5.0,-0.034722222222222224,-1.4444444444444429,19.400000000000006,-0.026905715658633873,-0.04543028818554097,0
Malawi,Tunisia,1,91.0,-0.6547619047619048,-0.19999999999999996,-0.08333333333333337,-0.7999999999999999,-0.011199648913827152,33.44047619047619,48.2,-0.014392324414735525,-0.012011418140841407,0
Austria,Germany,0,9.0,0.30000000000000004,-0.19999999999999996,-1.1111111111111112,-1.2000000000000002,-0.06930474461508267,58.53333333333333,69.6,-0.13373295029168364,-0.33386222904659785,1
Poland,Latvia,0,-101.0,0.44444444444444453,0.7999999999999999,-1.3333333333333335,-1.8,-0.003986486486486487,46.0,68.2,0.03373437290711482,0.008773819284754736,1
Republic of Ireland,New Zealand,1,-45.0,0.8333333333333333,0.5,-0.9166666666666667,-0.8500000000000001,0.006153501901991494,31.66666666666667,12.0,0.0019418921403652357,-0.0008759469696969697,1
Fiji,Tahiti,1,7.0,-3.0,-3.0,1.0,1.0,-0.016723973256924547,-24.5,-24.5,-0.01263710849742302,-0.01263710849742302,0
Greece,France,1,49.0,-1.9999999999999998,-2.8,0.2222222222222222,0.0,-0.03407250516136624,17.111111111111114,13.200000000000003,-0.11669183046147856,-0.09965554551340675,0
Wales,Turkey,1,-10.0,-0.5555555555555556,-0.40000000000000013,-0.33333333333333326,-0.9999999999999999,-0.01654704944178629,23.666666666666664,38.6,-0.01568522888105317,-0.02737795165675118,0
Croatia,Armenia,0,-85.0,0.4444444444444444,1.2000000000000002,-1.0,-1.0,0.010455001946409938,-7.777777777777779,30.800000000000004,0.06389304920429782,0.0036688272290747725,0
Andorra,Israel,1,88.0,-0.6666666666666667,-0.8,0.7777777777777777,1.2000000000000002,-0.00832279065800509,-7.222222222222214,11.199999999999996,-0.01809890622915833,-0.022534013605442178,0
Kosovo,Belarus,1,5.0,0.22222222222222232,0.5999999999999999,-0.5555555555555556,0.19999999999999996,0.0034360310647864305,-3.0,-30.200000000000003,0.0117268893474529,0.018429282884120633,0
Romania,Switzerland,0,34.0,-0.7777777777777779,-0.19999999999999996,-0.5555555555555556,-0.9999999999999999,-0.007029924780052127,-3.666666666666657,-6.0,0.009082817765337092,0.010055809361497211,0
Tonga,Cook Islands,1,9.0,-0.5,-0.5,1.0,1.0,-0.0030864197530864196,0.0,0.0,0.0,0.0,0
Bangladesh,Lebanon,1,79.0,-0.19999999999999996,-0.19999999999999996,0.3076923076923077,0.6000000000000001,-0.0036739280774550484,33.10769230769232,40.999999999999986,-0.0014020364688176867,-0.0004348783707218062,0
Comoros,Ghana,0,68.0,0.36363636363636354,0.6000000000000001,0.6022727272727273,0.3999999999999999,0.0016141740900435554,17.284090909090907,33.0,-0.004111477780737434,0.001184551683609019,0
Vanuatu,Papua New Guinea,1,3.0,-0.20000000000000007,-0.20000000000000007,-2.1999999999999997,-2.1999999999999997,-0.001300146005701175,-0.5999999999999943,-0.5999999999999943,0.006118862513985602,0.006118862513985602,0
Solomon Islands,American Samoa,0,-55.0,1.5,1.4,-9.25,-9.6,0.009188361408882083,-26.75,-21.80000000000001,0.014199593482709005,0.015379831391876531,0
Cook Islands,New Caledonia,1,23.0,-1.8333333333333335,-2.0,3.6666666666666665,3.533333333333333,-0.01153775006986016,9.166666666666657,8.866666666666646,-0.006571710394734449,-0.0052132766050291815,0
Tahiti,Samoa,0,-27.0,-2.2,-2.2,0.30000000000000004,0.30000000000000004,-0.015416709066856618,15.099999999999994,15.099999999999994,0.003221641257141453,0.003221641257141453,0
Cook Islands,Papua New Guinea,1,20.0,-0.08333333333333337,0.15000000000000002,1.9166666666666665,1.65,-0.0009761663286004061,15.333333333333343,16.0,0.001819063568704702,0.0026755031909671085,0
New Caledonia,Vanuatu,0,-6.0,2.904761904761905,4.0,-0.9285714285714286,-1.2000000000000002,0.017102428533689533,12.904761904761926,16.599999999999994,0.005203753665117211,0.00869533410770524,0
Solomon Islands,Fiji,0,-39.0,2.222222222222222,3.0666666666666664,-0.6666666666666666,-1.1333333333333333,0.013255722384032335,11.444444444444429,19.46666666666667,0.012368985793808494,0.015294825283628185,0
American Samoa,Tonga,1,-8.0,-0.5,-0.5,6.0,6.0,-0.002881844380403458,-13.0,-13.0,0.0,0.0,0
Samoa,Cook Islands,0,2.0,3.0666666666666664,3.0666666666666664,-3.8,-3.8,0.0193663708086785,-9.0,-9.0,0.0022835605808668655,0.0022835605808668655,0
Tahiti,Papua New Guinea,0,-1.0,1.5238095238095237,2.0,-2.0238095238095237,-1.0,0.007935092573249293,17.333333333333343,16.0,0.007965608517849207,0.01001033268929638,0
Vanuatu,Fiji,1,-2.0,0.3214285714285714,0.15000000000000002,-0.0714285714285714,-0.10000000000000009,0.0020065352168673204,6.357142857142861,8.5,0.0046068337479380425,0.0033820825845365726,0
Solomon Islands,New Caledonia,1,-28.0,-0.75,-0.5999999999999996,0.09999999999999998,-0.4,-0.004448136942359144,-0.5500000000000114,7.0,0.0016833518326625774,0.003554364096151329,0
Mexico,Colombia,1,-1.0,0.6076555023923444,0.8,0.4545454545454546,0.7999999999999999,-0.009138460602743065,30.444976076555026,32.4,-0.1242442213754,-0.20087027476572722,1
Japan,Thailand,0,-96.0,2.323232323232323,2.8000000000000003,-0.9292929292929293,-1.8,0.05722368721020613,-52.50505050505051,-33.8,0.056822796155691115,0.06412247642883126,1
Indonesia,Libya,1,26.0,1.225,1.8000000000000003,0.050000000000000044,0.19999999999999996,0.008438306268022465,23.549999999999997,33.599999999999994,-0.00037359853748675405,-0.004441230067231397,1
Tajikistan,Hong Kong,0,-44.0,-0.17500000000000004,-1.0,-0.02499999999999991,0.0,0.0011377858686995104,-24.125,-28.0,0.0051394811313626425,0.004247823043855429,1
Saudi Arabia,Lebanon,0,-51.0,0.11818181818181817,0.8,0.7,0.0,0.008368021866816896,-49.56363636363636,-24.799999999999997,-0.0020603241368972996,0.006189045892084365,1
Indonesia,Libya,1,26.0,0.6868686868686869,0.7999999999999998,0.43434343434343425,1.2,0.003924498545500326,18.04040404040404,19.0,-0.002414140889869564,-0.01070084299748161,1
Iran,Burkina Faso,0,-36.0,1.8888888888888888,1.2,-0.11111111111111116,-0.19999999999999996,0.019891230738521483,-5.555555555555557,6.400000000000006,0.01520102344298293,0.013563950602746271,1
Kyrgyzstan,Syria,1,7.0,0.0,0.5999999999999999,0.17460317460317465,-0.3999999999999999,-0.0003527199838401409,3.603174603174594,13.0,-0.0008766004300779836,0.006024915837487008,1
Qatar,Jordan,1,-29.0,0.18681318681318682,1.8,-0.8351648351648351,-1.5999999999999999,0.0030648536136317697,-2.615384615384613,14.799999999999997,0.017783521177909677,0.0065814935475242645,1
Togo,Algeria,1,88.0,-0.5142857142857142,-0.7999999999999998,0.11428571428571432,0.0,-0.004853744776599162,-4.657142857142858,15.400000000000006,-0.01717559970035076,-0.027073244980004116,1
Mozambique,Lesotho,0,-37.0,0.5833333333333334,1.4,0.25,1.2,0.0063030412481855,-5.416666666666671,7.200000000000003,0.0025511074482205314,0.003477229444971381,1
DR Congo,Angola,1,-50.0,0.44999999999999996,0.39999999999999997,-0.5,-0.4,0.004501289615941773,-1.4500000000000028,13.0,0.007738394120832355,0.000845514981932232,1
Iraq,South Korea,1,40.0,-0.22222222222222232,-1.2000000000000002,0.33333333333333337,1.0,-0.01590516550631221,26.959595959595966,28.80000000000001,-0.011004473556839658,-0.030112097406326338,1
Bahrain,Australia,1,61.0,-0.9090909090909092,-1.2,0.0,0.0,-0.02314476949060656,48.29545454545455,38.400000000000006,-0.01362016142874427,-0.01587370220656037,1
Ivory Coast,Sierra Leone,0,-78.0,1.375,1.9999999999999998,-0.5833333333333333,-0.6,0.011760188689594647,7.625,-7.3999999999999915,0.019448193465127928,0.024021132122217376,1
Tunisia,Mauritania,1,-77.0,0.25,0.6000000000000001,-0.375,0.0,0.003981937447245006,-7.375,-23.799999999999997,0.013281177059669483,0.018677109322868438,1
Mali,Guinea-Bissau,0,-52.0,1.1666666666666665,1.5999999999999999,-0.09523809523809523,-0.20000000000000007,0.006383556279425769,38.42857142857143,27.599999999999994,-0.0022530980646364544,0.014041429905276155,1
United Arab Emirates,Oman,1,-10.0,0.4444444444444444,1.6,-0.8888888888888888,-0.7999999999999999,0.001710422404992586,17.555555555555557,20.19999999999999,0.004878079861158138,0.01724607847606048,1
Uzbekistan,Palestine,0,-31.0,1.5,1.8,0.09090909090909083,0.8,0.023318850597412857,-19.742424242424235,-33.599999999999994,0.021313946042752968,0.03349622601082501,1
Egypt,Tanzania,0,-88.0,1.7285714285714284,1.6,-0.0714285714285714,0.20000000000000007,0.014500257365186058,22.42857142857143,6.0,0.006185481491031399,0.004163782903143523,1
Nigeria,Guinea,1,-38.0,0.12698412698412698,0.8,-0.1587301587301586,0.6000000000000001,-0.0012268898629302569,17.873015873015873,2.0,0.0018252177591091163,0.0006281135557405781,1
Botswana,Mozambique,1,34.0,-0.3076923076923077,-0.6000000000000001,-0.06153846153846154,-0.20000000000000018,-0.002879939923026379,-1.4230769230769198,-1.2000000000000028,0.000731058603932095,0.0036348711348711347,1
Syria,Malaysia,1,-39.0,-2.2857142857142856,-3.4000000000000004,0.3392857142857142,0.8,-0.016167435379202726,-26.01785714285714,-25.599999999999994,-0.009107879145461333,-0.011945216605659581,1
Senegal,Niger,0,-109.0,1.0138888888888888,0.0,-0.45833333333333337,-0.6,0.01218611957574469,-11.666666666666671,-23.0,0.12247126759616507,0.009258989402628136,1
Ghana,Namibia,1,-54.0,-0.36111111111111116,-0.19999999999999996,0.11111111111111116,1.0,-0.004766882047383757,7.444444444444443,-20.39999999999999,-0.011330044298554283,-0.0047447508277001366,1
Saudi Arabia,Palestine,1,-43.0,0.8441558441558441,1.8,0.5454545454545454,-0.19999999999999996,0.011978016437251045,-10.857142857142861,20.799999999999997,0.0021862013653436143,0.019110281173324244,1
Japan,Jordan,0,-70.0,2.4,3.8,-1.2,-1.7999999999999998,0.04623844384482682,-17.174999999999997,11.799999999999997,0.05012224562642504,0.03171976200443855,1
Kyrgyzstan,Vietnam,0,4.0,0.0,0.19999999999999996,0.6000000000000001,-0.19999999999999996,-3.882662069594825e-05,0.4000000000000057,23.0,-0.005476438966054884,-6.669055582098939e-05,1
Zambia,Cameroon,1,38.0,0.45833333333333326,-0.19999999999999996,-0.16666666666666663,0.20000000000000007,0.0010452988701463387,22.79166666666667,6.599999999999994,0.006053705526593425,0.002964556611731584,1
Burundi,Algeria,1,109.0,-0.24242424242424243,-0.9999999999999998,1.787878787878788,1.6,-0.004956334588800132,14.651515151515142,-6.199999999999989,-0.029127319569081652,-0.015507608907465973,1
Indonesia,Iran,1,125.0,-0.9666666666666666,-0.8,0.8833333333333333,1.7999999999999998,-0.014615503488938817,26.233333333333334,32.80000000000001,-0.021609485832676398,-0.025640026783318844,1
Equatorial Guinea,Djibouti,1,-104.0,-0.5,-1.1,-0.9642857142857142,-0.8500000000000001,-0.002517842981760509,-19.14285714285714,-34.400000000000006,0.016633852141046974,0.01843882992742618,1
South Africa,Lesotho,1,-82.0,0.5274725274725274,0.6000000000000001,-0.456043956043956,-0.19999999999999996,0.0045038802660753875,5.637362637362628,23.200000000000003,0.02686112808610523,0.013385616331619136,1
DR Congo,Burkina Faso,1,10.0,0.09090909090909083,-0.7999999999999999,-0.4454545454545455,-0.4,-1.734723475976807e-18,8.63636363636364,20.799999999999997,0.006172238529786425,-0.0029660307167840554,1
Bahrain,Angola,1,-31.0,0.3076923076923077,0.8,0.16025641025641013,0.6000000000000001,0.0029843784389443568,0.6602564102564088,-3.4000000000000057,0.0036014412634085644,0.0029289760547903786,1
Saudi Arabia,Hong Kong,0,-94.0,-0.5606060606060606,0.20000000000000018,-0.037878787878787845,-1.4,0.0026185336211721442,-60.81818181818181,-21.200000000000003,0.004958573841886846,0.013374250835073737,1
Tunisia,Cape Verde,0,-45.0,0.2222222222222221,0.19999999999999996,-0.44444444444444453,-1.0,0.003758277822817674,-10.1111111111111,-22.400000000000006,0.001546613530368151,0.022677775189709974,1
Morocco,Sierra Leone,0,-114.0,0.25,0.8,-1.3571428571428572,-1.0,0.008161963794222292,-28.285714285714292,-14.400000000000006,0.39278065754479297,0.01705391892201201,1
Qatar,Lebanon,0,-49.0,0.48809523809523814,1.8,0.3571428571428572,-0.5999999999999999,0.011024575977847008,-38.77380952380953,-4.599999999999994,0.018058101192039648,0.014763935948458167,0
Kuwait,Libya,1,16.0,0.43333333333333335,-0.40000000000000013,-0.30000000000000004,0.6,0.0025232838301299017,11.200000000000003,-18.599999999999994,0.004934015673414052,-0.008194713114655642,1
Sweden,Estonia,0,-96.0,1.7196969696969697,1.2,-0.9318181818181817,-0.7999999999999998,0.02012831973128703,25.31818181818182,29.0,0.029193589404029496,0.04707261638265795,1
Ivory Coast,Guinea-Bissau,0,-54.0,1.6666666666666665,2.4000000000000004,-0.6507936507936508,-1.2000000000000002,0.011369736007417166,31.444444444444443,4.0,0.004180030270999224,0.019645044369453822,0
Australia,India,0,-77.0,0.7272727272727273,1.5999999999999999,0.16161616161616155,-1.2,0.02150832266325224,-61.888888888888886,-7.0,0.016705746531842695,0.013587316200530176,0
Uzbekistan,Syria,1,-23.0,0.8055555555555556,1.2000000000000002,-0.6666666666666667,-0.8,0.015941083953348464,-30.97222222222223,-25.60000000000001,0.02124252967334556,0.034025521704362655,0
Guatemala,Iceland,1,37.0,-0.9696969696969698,-0.6000000000000001,-0.7030303030303031,0.0,-0.012784335688437017,-0.6969696969696884,-16.800000000000004,0.008038973877800313,0.0010353721726143583,1
United Arab Emirates,Hong Kong,0,-86.0,0.01666666666666683,1.2000000000000002,-1.0,-2.0,0.0033129085267444985,-27.099999999999994,11.600000000000009,0.01809829569908368,0.01966372254267448,0
Iran,Palestine,0,-78.0,2.625,3.4,-0.23863636363636365,-0.20000000000000007,0.025932865739920156,16.23863636363636,38.400000000000006,0.02036766489379735,0.021053539156564792,0
Japan,Vietnam,0,-77.0,3.090909090909091,4.4,-0.4545454545454545,-1.8000000000000003,0.056372942154303794,-39.27272727272727,17.799999999999997,0.051248179604214544,0.03181403127168454,0
Nigeria,Equatorial Guinea,1,-46.0,0.375,0.9999999999999999,0.125,0.0,0.004221348767835198,-10.875,-22.80000000000001,-0.008505225940988494,0.005660950307240627,0
Egypt,Mozambique,1,-78.0,0.9870129870129871,0.7999999999999998,-0.974025974025974,-1.4000000000000001,0.008399197829420786,5.0909090909090935,6.799999999999997,0.01310722772386197,0.016763321306411318,0
Ghana,Cape Verde,1,-12.0,-0.19999999999999996,-0.6000000000000001,-0.30000000000000004,-0.40000000000000013,-0.0027814708557833603,7.0,-15.799999999999997,-0.008421758643134257,0.0014609590182077907,0
Malaysia,Jordan,1,43.0,1.6805555555555556,3.4000000000000004,-1.0694444444444446,-0.7999999999999998,0.005152517142123184,51.09722222222223,42.599999999999994,0.0025276000376125533,0.0065825356570104465,0
South Korea,Bahrain,0,-63.0,1.176923076923077,2.8,-0.6307692307692309,-1.4,0.028517964071856285,-46.769230769230774,-20.599999999999994,0.022709687269304623,0.043119724631345724,0
Indonesia,Iraq,1,83.0,-0.14102564102564097,-1.0,0.8461538461538463,2.5999999999999996,-0.008653649224062525,34.980769230769226,6.200000000000003,-0.013899033079065249,-0.014120234424583114,0
Senegal,Gambia,0,-106.0,0.6000000000000001,0.0,-1.2000000000000002,-1.6,0.005504626003006375,5.699999999999989,8.399999999999991,0.10233462183464537,0.007544480843900775,0
Algeria,Angola,1,-87.0,1.2261904761904763,2.0,-0.3571428571428571,0.4,0.012692904757556387,-1.9404761904761898,26.60000000000001,0.025407260328431346,0.006567072224218019,0
Cameroon,Guinea,1,-34.0,-0.16666666666666674,-0.19999999999999996,-0.30000000000000004,0.20000000000000007,-0.0019551444988498753,0.7888888888888914,-5.599999999999994,-0.0047441083420589145,-0.021527401106870247,0
Thailand,Kyrgyzstan,0,15.0,0.24242424242424243,-0.19999999999999996,0.3560606060606062,2.0,0.0027582419258875036,-2.6666666666666714,-18.0,0.002674358462100552,-0.008446873220678837,0
Saudi Arabia,Oman,0,-18.0,-0.07692307692307687,1.0,0.07692307692307687,-1.2,-1.4701558365184594e-05,-5.07692307692308,53.400000000000006,-0.011629111422004951,0.00017856011660319013,0
Burkina Faso,Mauritania,0,-48.0,-0.020202020202020332,1.2000000000000002,-0.2020202020202021,0.0,-0.0009394434736861874,5.232323232323225,2.799999999999997,-0.0017347220204509649,0.007133798466357234,0
Tunisia,Namibia,1,-87.0,0.28888888888888875,0.3999999999999999,-0.18888888888888888,0.6,0.003177637848677785,0.8222222222222229,-29.39999999999999,0.00304236481242421,0.0182418050806839,0
Mali,South Africa,0,-15.0,1.4333333333333333,2.1999999999999997,-0.1166666666666667,0.19999999999999996,0.011032693255034701,9.483333333333334,-4.0,-0.008960841535463705,0.014828036855030969,0
Qatar,Tajikistan,0,-48.0,0.0,0.6000000000000001,-0.06666666666666665,-1.0,0.0072366147861432795,-41.42222222222222,-27.60000000000001,0.015750499969817547,0.004939183162602341,0
Morocco,Tanzania,0,-108.0,0.9444444444444444,1.6,-0.19444444444444442,-0.6,0.01334806222958667,-6.208333333333329,33.2,0.3410469444732551,0.016147142459289752,0
DR Congo,Zambia,1,-17.0,-0.6858974358974359,-0.6,-0.2628205128205128,-0.4,-0.00517856705921009,-10.557692307692307,18.60000000000001,-0.005614193838531244,-0.0032684631809165674,0
Honduras,Iceland,1,5.0,-0.4294871794871795,0.3999999999999999,-0.42307692307692313,-0.9999999999999999,-0.005895889760572847,2.147435897435898,17.60000000000001,0.020347511234736996,0.04725843156380928,1
Palestine,United Arab Emirates,1,35.0,-1.2828282828282829,-1.8,0.6767676767676769,0.7999999999999999,-0.010080109955814237,-32.757575757575765,-67.8,-0.014423957578777243,-0.013647062705075099,0
Syria,Australia,1,66.0,-1.0,-1.9999999999999998,0.7,1.6,-0.01975992891245086,32.099999999999994,-28.400000000000006,-0.020421995074273128,-0.016419170781115704,0
India,Uzbekistan,1,34.0,-0.6025641025641024,-1.0,-0.08974358974358976,1.0,-0.01421052631578947,43.58974358974359,-11.0,-0.016520853963148705,-0.021084418841812953,0
Ivory Coast,Nigeria,1,7.0,1.2666666666666668,2.5999999999999996,-0.6333333333333333,-0.9999999999999999,0.010934484721431647,3.8333333333333286,9.600000000000009,0.01179531375831405,0.01134205212083151,0
Egypt,Ghana,1,-28.0,1.4318181818181817,2.2,-0.5075757575757575,-0.7999999999999999,0.011972896379791606,13.348484848484858,28.400000000000006,0.010922209966430013,0.01344078240007894,0
Equatorial Guinea,Guinea-Bissau,0,-15.0,0.125,-0.4,-0.2777777777777777,-0.3999999999999999,-0.002452745274527454,35.22222222222223,26.200000000000003,0.00433828507999217,0.0025058155446086488,0
Hong Kong,Iran,1,129.0,-1.544871794871795,-2.5999999999999996,0.9487179487179488,1.8,-0.019104443004457287,27.429487179487168,-27.400000000000006,-0.0252244976854739,-0.02601779720226084,0
Iraq,Japan,0,46.0,-2.1602564102564097,-3.2,0.08333333333333337,0.0,-0.04009023074910569,18.12179487179486,-15.0,-0.03946063174654922,-0.010999285122108612,0
Vietnam,Indonesia,1,-52.0,-0.5595238095238095,0.4,-0.4285714285714286,-0.3999999999999999,-0.0035868724429408867,-14.714285714285708,-23.0,0.004191984358553579,0.002898550724637681,0
Cape Verde,Mozambique,0,-38.0,-0.24242424242424243,-0.6000000000000001,-0.19393939393939386,-0.3999999999999999,-0.0010991919179612966,-10.836363636363643,-5.400000000000006,0.01177921753420447,0.00012176803235910971,0
Senegal,Cameroon,0,-26.0,0.6090909090909091,0.6000000000000001,-0.4545454545454546,-0.8,0.0051656414209506375,7.209090909090904,19.0,0.09604001378537506,0.019462616057502352,0
Guinea,Gambia,0,-46.0,0.4545454545454546,0.0,-0.7272727272727273,-1.2,0.0038709475318793787,9.166666666666671,-1.6000000000000085,0.005619122455689908,0.010558619383639386,0
Kuwait,Uganda,1,44.0,1.0208333333333335,0.5999999999999999,-0.17361111111111116,0.0,0.007679984671964065,17.673611111111114,0.7999999999999972,0.009353673993348004,0.0025989923095337836,1
Bahrain,Malaysia,0,-44.0,-1.849206349206349,-3.0,-0.30952380952380953,-0.20000000000000018,-0.014153307837412537,-20.039682539682545,-27.599999999999994,-0.0029939488749839566,-0.010438459842086092,0
Algeria,Burkina Faso,1,-27.0,0.9166666666666667,1.0,-0.29487179487179493,-0.4,0.008537386246364576,5.884615384615387,47.39999999999999,0.020260523449251375,-0.0012018423710949862,0
Jordan,South Korea,1,64.0,-0.4818181818181817,-2.1999999999999997,1.563636363636364,1.8,-0.014724262153132325,17.07272727272727,-11.399999999999991,-0.02034435900735603,-0.030581891510976903,0
United States,Slovenia,1,-42.0,0.6111111111111112,0.3999999999999999,-0.1777777777777778,0.4,0.017544051558326723,-25.41111111111111,-21.39999999999999,0.011687138570414961,-0.003946499440628602,1
Mauritania,Angola,1,-12.0,0.1333333333333333,-0.6000000000000001,0.2333333333333334,0.8,0.0027728431039874372,-11.0,-11.799999999999997,0.0004473755825565792,-0.01212066975183011,0
Tunisia,Mali,1,-23.0,-1.171717171717172,-2.4,0.06060606060606066,0.0,-0.007026701855157962,-25.464646464646464,-18.0,-0.0013436061505744772,-0.015367237288256754,0
Oman,Thailand,1,-39.0,-0.09890109890109877,-0.3999999999999999,-0.6373626373626373,-1.4,0.0009656601818267465,-12.879120879120876,-28.0,0.006174835964257894,0.0038924528436900703,0
Kyrgyzstan,Saudi Arabia,1,42.0,-0.2857142857142858,0.0,0.4642857142857142,1.4000000000000001,-0.00587552094008335,20.0,-1.0,-0.0031612645127011337,-0.010138745680016069,0
South Africa,Namibia,0,-49.0,-0.10000000000000009,-0.20000000000000007,0.13749999999999996,1.2,-0.004375131357245399,27.537499999999994,18.400000000000006,-0.001937985838868974,-0.02403284968428128,0
Morocco,DR Congo,1,-54.0,0.5230769230769232,1.5999999999999999,-0.11538461538461542,-0.4,0.009479201516672241,-20.138461538461527,16.0,0.30743714382990356,0.012610816670959696,0
Zambia,Tanzania,1,-37.0,1.2698412698412698,0.7999999999999999,-0.1428571428571429,-0.6000000000000001,0.009854371114553489,34.769841269841265,9.600000000000001,0.007600017714413494,0.007884849418370846,0
Tajikistan,Lebanon,0,-1.0,0.5,1.8000000000000003,0.1461538461538463,-0.5999999999999999,0.004151654956173957,2.83846153846153,35.599999999999994,0.0019313263100034506,0.010169071526633001,0
Guinea-Bissau,Nigeria,1,61.0,-0.30000000000000004,0.3999999999999999,0.5777777777777777,1.6,1.3953384532951196e-05,-23.57777777777777,-12.400000000000006,-0.0021787533381558664,-0.010678783028362861,0
Ivory Coast,Equatorial Guinea,1,-39.0,1.0636363636363637,2.4000000000000004,-0.5727272727272728,-1.6,0.010791766356744096,-6.11818181818181,-3.6000000000000085,-0.00011609868162427983,0.007125966225375674,0
Cape Verde,Egypt,1,40.0,-0.9807692307692308,-1.4,0.47435897435897445,-0.20000000000000007,-0.007257756433897642,-15.217948717948715,-28.39999999999999,0.0019535078260068048,0.0029433939774754676,0
Mozambique,Ghana,1,50.0,0.33333333333333337,0.19999999999999996,0.39583333333333326,0.6000000000000001,0.0026721403937015158,7.0,-5.0,-0.0019645979203510317,-0.0018613215914565218,0
Syria,India,0,-11.0,-0.1678321678321678,0.39999999999999997,0.4545454545454546,0.0,0.00030573494389495547,-20.55944055944056,-10.200000000000003,-0.002588585332474424,0.0021086896296980337,0
Hong Kong,Palestine,1,51.0,0.9285714285714286,0.4,0.37142857142857144,0.6000000000000001,0.005331461560609487,44.15714285714286,30.39999999999999,-0.004859031289150519,-0.005277988855116515,0
Iran,United Arab Emirates,0,-43.0,1.2564102564102562,0.7999999999999998,0.03205128205128205,0.20000000000000007,0.013022012123700945,-4.948717948717942,-10.799999999999997,0.007312101766872931,0.010718911143234727,0
Australia,Uzbekistan,1,-43.0,0.051948051948051965,0.8,-0.1298701298701298,-0.6,0.002880440485053183,-5.961038961038952,20.799999999999997,0.0014664640648418062,0.0010613023728893167,0
Angola,Burkina Faso,0,60.0,-0.15384615384615374,-0.40000000000000013,0.014423076923076872,-0.4,-0.002583781800391389,7.197115384615387,19.799999999999997,-0.0019656667767281744,-0.0020592657606641647,0
Mauritania,Algeria,0,75.0,-0.9090909090909092,-2.0,0.6298701298701298,0.6,-0.008243081230371086,-9.175324675324674,-22.0,-0.021321255939767966,-0.011588738744526095,0
Guinea,Senegal,1,60.0,-0.5833333333333333,-1.0000000000000002,0.5833333333333334,0.39999999999999997,-0.00567418922241161,-3.3333333333333286,-27.0,-0.08674432153432501,0.002332079347605185,0
Gambia,Cameroon,1,80.0,-0.4155844155844156,-0.3999999999999999,0.6753246753246753,1.0000000000000002,-0.004133559732501889,-6.1298701298701275,-6.0,-0.0011410286356316642,-0.006177102881636518,0
Iraq,Vietnam,0,-31.0,0.9285714285714286,1.2000000000000002,-0.46153846153846145,-0.8,0.0145665605691818,-20.14285714285714,-8.400000000000006,0.022116685290259525,0.0455767903590852,0
Japan,Indonesia,0,-129.0,2.246153846153846,3.6,-0.8,-1.7999999999999998,0.04495712729167654,-43.42564102564103,6.200000000000003,0.04748779167983408,0.01872802536784705,0
Namibia,Mali,1,64.0,-1.2999999999999998,-1.8,0.3909090909090909,-0.19999999999999996,-0.008964151952915998,-27.25454545454545,-38.8,0.0024703780595125117,0.007489502312089655,0
South Africa,Tunisia,1,38.0,-0.07352941176470584,0.3999999999999999,0.13235294117647056,0.6,-0.003584582663277481,21.99019607843138,16.0,0.005944594744509497,-0.0059032018359674865,0
Tanzania,DR Congo,1,54.0,-0.5714285714285714,-0.19999999999999996,0.3571428571428571,0.6000000000000001,-0.004798484644849135,-18.828571428571436,-25.800000000000004,-0.006679537469797443,-0.01244285430331942,0
Zambia,Morocco,1,71.0,0.12121212121212133,-1.0,0.3212121212121213,0.6,-0.004563427953767312,30.76969696969698,-26.799999999999997,-0.2748341055866194,-0.005899473138071869,0
South Korea,Malaysia,1,-107.0,-0.3333333333333335,1.7999999999999998,-0.8500000000000001,-1.7999999999999998,0.013540843924271795,-52.916666666666664,6.200000000000003,0.020063781295885024,0.018475132717608804,0
Jordan,Bahrain,1,1.0,0.793939393939394,1.4,0.915151515151515,0.20000000000000018,0.01492550147947948,-28.266666666666666,-15.799999999999997,0.005042881003435662,0.019040479760119938,0
Saudi Arabia,Thailand,1,-57.0,0.04761904761904745,0.19999999999999996,-0.5857142857142859,-1.2,0.0027377548985154827,-13.504761904761907,13.799999999999997,-0.0004690882189344811,0.011422985884403353,0
Kyrgyzstan,Oman,1,24.0,-0.2769230769230768,0.4,0.5692307692307692,-0.19999999999999996,-0.004375954927425516,11.194871794871801,17.0,-0.011012718670097383,0.005769202750115008,0
Angola,Namibia,0,2.0,0.1421568627450981,1.0,-0.11764705882352944,-0.20000000000000007,-0.0005582949590447854,16.362745098039213,9.600000000000001,-0.011107267684590184,-0.002353148190680915,0
Nigeria,Cameroon,0,-4.0,-0.14393939393939403,-0.5999999999999999,-0.15909090909090917,-0.8,-0.0036555002359343735,14.159090909090907,1.7999999999999972,0.005048475224966759,0.010712709220198818,0
Australia,Indonesia,0,-121.0,0.27083333333333326,0.5999999999999999,-1.125,-2.4,0.011228750802396591,-32.97916666666667,25.599999999999994,0.020532120043374888,0.02226070146781356,0
Tajikistan,United Arab Emirates,1,42.0,-0.06993006993007,0.8000000000000003,0.5804195804195804,0.0,-0.002442780748663104,12.944055944055947,32.599999999999994,-0.0076915124837015555,0.0019061916330607373,0
Egypt,DR Congo,1,-34.0,1.2142857142857144,1.4,0.18571428571428572,0.3999999999999999,0.010690502077427872,9.666666666666671,19.19999999999999,0.0021250131838316047,-0.0034309352103280566,0
Equatorial Guinea,Guinea,1,8.0,0.2377622377622377,1.2,-0.04895104895104896,0.5999999999999999,-0.0007825629678407994,20.7902097902098,31.0,0.007952516298920187,0.0004782669716261352,0
Cape Verde,Mauritania,0,-32.0,0.22435897435897445,1.2000000000000002,0.0641025641025641,0.19999999999999996,0.0019397040919502291,4.275641025641022,-4.0,0.004037739162317363,-0.0029287958523984588,0
Ivory Coast,Senegal,1,29.0,0.16666666666666652,0.0,0.46153846153846156,1.0,-0.0007291009424230631,11.211538461538467,-4.599999999999994,-0.08050131641181599,-0.015959360786908936,0
Iraq,Jordan,1,-24.0,0.41666666666666674,0.0,-1.0166666666666668,-1.0,0.003423189625611771,6.683333333333337,12.0,0.016050737930927803,0.028513799759458672,0
Qatar,Palestine,0,-41.0,0.8977272727272727,2.2,0.09659090909090917,-0.6,0.011139665463222112,-0.2784090909090935,39.400000000000006,0.01760619264072932,0.01034988225985638,0
Uzbekistan,Thailand,0,-45.0,0.6000000000000001,0.3999999999999999,-0.8,-0.6,0.01228554697391745,-22.066666666666663,-12.400000000000006,0.014847463931088654,0.015397022727735656,0
Saudi Arabia,South Korea,1,33.0,-0.9807692307692308,-1.5999999999999999,0.20192307692307687,-1.0,-0.01888700453693969,18.552884615384613,2.5999999999999943,-0.018265249715245662,-0.0021881629526389543,0
Morocco,South Africa,1,-53.0,0.38888888888888884,1.2,-0.33333333333333337,-0.4,0.008601709635349926,-26.416666666666657,7.599999999999994,0.24341440963334043,0.01105809679188622,0
Mali,Burkina Faso,0,-6.0,1.0194805194805194,0.8,-0.36363636363636365,-0.5999999999999999,0.007621765395906147,16.902597402597408,19.799999999999997,0.00925564137317319,0.00403676627505235,0
Bahrain,Japan,1,69.0,-2.8482142857142856,-3.1999999999999997,0.1875,0.40000000000000013,-0.04445372026424887,28.35714285714286,-24.19999999999999,-0.03944348810303531,-0.011186917662389866,0
Iran,Syria,1,-70.0,1.9404761904761907,1.9999999999999998,-0.6904761904761904,-0.20000000000000007,0.0188348369143568,6.476190476190467,18.60000000000001,0.019561443890464582,0.021668703614418784,0
Australia,South Korea,1,2.0,-0.1428571428571428,0.0,-0.2362637362637363,-1.2,-0.005977511788175554,9.357142857142861,14.199999999999989,-0.002613301334068875,0.002593974837854913,0
Tajikistan,Jordan,1,19.0,-0.1923076923076923,0.20000000000000018,-0.8269230769230771,-1.2000000000000002,-0.009957283841508326,37.96153846153847,50.60000000000001,-0.00671291620453998,-0.00699356138743772,0
DR Congo,Guinea,0,-13.0,-0.2857142857142858,-0.19999999999999996,-0.5178571428571428,0.4,-0.004063626369038509,5.428571428571431,-2.8000000000000043,4.869536698959287e-05,-0.004734560564600088,0
Nigeria,Angola,0,-75.0,0.16666666666666652,-1.4,0.16666666666666663,0.0,0.0013936529236305336,2.5277777777777715,-5.3999999999999915,0.00563847861185866,-0.0017150574495932852,0
Qatar,Uzbekistan,1,-10.0,-0.1654411764705883,0.6000000000000001,0.30147058823529416,0.19999999999999996,-0.004254805370424032,7.507352941176464,14.200000000000003,-0.001800673779885114,-0.004239682717071952,0
Ivory Coast,Mali,0,-2.0,-0.0064102564102563875,-0.6000000000000001,0.33333333333333337,0.5999999999999999,0.0011825831952059149,-6.025641025641022,2.200000000000003,-0.003764545784507533,-0.013774803009203626,0
Iran,Japan,0,4.0,-1.0,-0.7999999999999998,-0.33333333333333337,-0.7999999999999999,-0.024843609014976228,27.86666666666666,14.799999999999997,-0.023929336068512812,0.0013771336248195633,0
Costa Rica,El Salvador,0,-26.0,-0.0636363636363636,-0.19999999999999996,0.018181818181818077,0.8,-0.0006852324060013931,-1.9727272727272762,-43.199999999999996,-0.0028064979102557725,0.0031079571588146383,1
Cape Verde,South Africa,1,7.0,0.1278195488721805,0.40000000000000013,0.35338345864661647,0.6,0.002976333555392256,-11.526315789473685,-3.4000000000000057,-0.015911394775643475,-0.03284908319833481,0
Jordan,South Korea,0,64.0,-0.4904761904761905,-0.20000000000000018,0.9952380952380953,-0.6000000000000001,-0.011697532883973561,11.06666666666667,4.799999999999997,-0.01715356284733846,-0.00989026119905152,0
Qatar,Iran,0,37.0,-1.0763888888888888,-0.3999999999999999,0.47916666666666674,0.0,-0.008746434072494282,-12.826388888888886,9.200000000000003,-0.01111977148586999,-0.036657889380268205,0
Ivory Coast,DR Congo,0,-18.0,0.9537815126050422,-0.19999999999999996,0.3529411764705882,0.5999999999999999,0.009601919190311751,4.117647058823536,-5.400000000000006,0.00502151270038079,-0.005389117787357758,0
Nigeria,South Africa,1,-24.0,0.20769230769230762,0.0,0.17307692307692313,-0.2,0.002038246061505858,0.5692307692307708,24.599999999999994,-0.015833454256124466,-0.022739269289016144,0
Qatar,Jordan,0,-29.0,0.01754385964912264,0.3999999999999999,-0.5894736842105264,-0.19999999999999996,-0.002000154299439106,7.347368421052636,20.0,0.005839024262407285,-0.0011257304813248117,0
South Africa,DR Congo,1,-1.0,0.039682539682539764,0.3999999999999999,0.09523809523809523,-0.6000000000000001,-0.0005825895806556222,7.912698412698404,-5.0,0.01872748186560815,0.03541761138314823,0
Ivory Coast,Nigeria,0,7.0,0.7142857142857142,-0.3999999999999999,0.004761904761904745,1.2,0.008358640636297902,-4.228571428571428,-22.6,0.004398015687504999,-0.008552197334058043,0
Trinidad and Tobago,Jamaica,1,39.0,-0.23921568627450984,0.0,0.3647058823529412,1.2000000000000002,-0.0037424074795302104,3.6431372549019585,-33.400000000000006,0.01065610956242561,0.04280344523543965,1
Trinidad and Tobago,Jamaica,1,39.0,-0.29166666666666674,0.0,0.39583333333333326,1.2,-0.00379184906591035,1.0833333333333286,-21.6,0.008087620128537736,0.0320216533279252,1
Kazakhstan,Turkmenistan,0,-41.0,0.9750000000000001,0.8,-0.55,-0.6000000000000001,0.014061822909143436,-27.0,-27.0,0.031185897513575665,0.01972574710706662,1
Solomon Islands,Fiji,0,-37.0,1.4545454545454546,2.4,-0.8727272727272728,-1.2000000000000002,0.008257200561236104,13.23636363636362,21.400000000000006,0.00916729019474675,0.010045672111793668,1
Tonga,Samoa,1,10.0,-1.1666666666666665,-1.1666666666666665,2.9166666666666665,2.9166666666666665,-0.007968519429414657,12.083333333333343,12.083333333333343,-0.0027671631823999706,-0.0027671631823999706,0
San Marino,Saint Kitts and Nevis,1,63.0,-0.12857142857142856,0.6,0.6714285714285717,-0.40000000000000036,0.0011088335071504775,-53.04285714285714,-40.6,-0.0046056025568133405,-0.0012048192771084338,1
Somalia,Eswatini,1,49.0,-0.11363636363636365,0.04999999999999999,1.1590909090909092,1.25,-0.0010927318295739347,-2.9772727272727337,-0.25,-0.006719669219669219,-0.006648351648351649,0
Djibouti,Liberia,1,40.0,0.1142857142857141,0.19999999999999996,0.0,0.0,-0.004940224189358225,43.457142857142856,39.0,0.001841211382789208,0.00208957708957709,0
South Africa,Andorra,1,-106.0,0.7454545454545454,0.6,-1.2727272727272727,-2.4,0.006740894925915268,25.327272727272728,-23.800000000000004,0.03533722074872578,0.063783408712871,0
Guinea,Vanuatu,0,-94.0,0.5166666666666666,0.0,-0.4833333333333334,-0.19999999999999996,0.010318649637535086,-72.88333333333334,-89.0,0.013005351492249422,0.011012087751218185,0
Panama,Mexico,1,29.0,-0.15294117647058836,0.7999999999999998,-0.10000000000000009,-0.7999999999999999,-0.0032969970594350535,1.5205882352941131,29.200000000000003,0.0017378629315963137,0.009422383759716043,0
Gibraltar,Lithuania,1,63.0,-0.8,-1.0,3.0999999999999996,5.0,-0.013582342954159594,-16.299999999999997,-36.4,-0.011656178337788899,-0.013942307692307693,0
Poland,Estonia,0,-93.0,0.8833333333333333,0.7999999999999999,-1.1666666666666665,-1.0,0.005253107535257021,45.51666666666666,44.199999999999996,0.03004998984174789,0.013475803347203915,0
Wales,Finland,0,-31.0,-0.10000000000000009,0.6000000000000001,-0.08333333333333326,-0.7999999999999999,0.0007138487895955274,-9.016666666666666,2.200000000000003,0.06094663061631605,0.10397778529859543,0
Cape Verde,Guyana,0,-92.0,-1.3555555555555554,-2.4,0.1777777777777778,-0.4,-0.001961830207307124,-74.91111111111113,-82.39999999999999,0.009875451053223955,0.01063897919713841,0
Georgia,Luxembourg,0,-8.0,1.4181818181818182,2.0,0.08181818181818179,-1.0,0.023333257855369126,-15.809090909090912,-13.800000000000004,-0.00417135233200918,0.0007306116476441318,0
Greece,Kazakhstan,0,-51.0,-0.036363636363636376,0.40000000000000013,-0.2909090909090908,-0.7999999999999999,0.0018330112930034087,-9.299999999999997,-21.799999999999997,0.0347926955854149,0.10149965567315558,0
Qatar,Kuwait,0,-100.0,0.16176470588235303,1.0,0.19999999999999996,-0.3999999999999999,0.00863668452682644,-37.65882352941176,-31.39999999999999,0.017577901803636324,0.046234036289147476,0
Afghanistan,India,1,41.0,-0.25,0.6000000000000001,1.625,0.9999999999999998,-0.0035255700040818707,26.14285714285714,63.39999999999999,-0.0048390650071255545,0.002145612343297975,0
Myanmar,Syria,1,73.0,0.18803418803418803,0.5999999999999999,0.24786324786324787,1.5999999999999999,-0.0024383915146818907,49.606837606837615,66.39999999999999,-0.005128996185491794,-0.01213290472114002,0
Japan,North Korea,0,-96.0,0.5625,-0.6000000000000001,0.0625,0.6000000000000001,0.02834159779614325,-56.9375,-43.0,0.039674061683323956,0.007975641064470707,0
South Korea,Thailand,1,-79.0,0.8125,1.0,-0.6875,0.40000000000000013,0.01816519862579809,-27.8125,14.399999999999999,0.020820549327639788,0.019012160430879645,0
Israel,Iceland,1,2.0,-0.5153846153846153,-0.8,-0.2846153846153845,-0.3999999999999999,-0.00766637043845683,6.276923076923083,-3.0,0.008005398993837417,0.007716380396421262,0
Bosnia and Herzegovina,Ukraine,1,47.0,-0.6555555555555556,-0.5999999999999999,0.7777777777777777,1.5999999999999999,-0.01636778886821181,25.688888888888883,30.6,-0.054356534689910044,-0.08180682786607146,0
Saudi Arabia,Tajikistan,0,-46.0,-0.1493212669683257,0.3999999999999999,-0.1131221719457014,-0.6,0.002347403291632709,-26.475113122171948,-1.6000000000000085,0.004014917235138724,0.015963644130523744,0
United States,Jamaica,0,-44.0,0.8947368421052633,0.8,-0.3684210526315791,0.3999999999999999,0.018473015960661247,-16.68421052631578,-12.399999999999991,0.014059041560592636,-0.007475219484565282,0
Belize,Puerto Rico,1,22.0,-2.8333333333333335,-2.8000000000000003,0.5,0.0,-0.01638145824821144,-9.222222222222229,10.599999999999994,-0.011433700362043397,-0.010727651397572573,1
Hong Kong,Uzbekistan,1,88.0,-0.43137254901960786,-0.9999999999999999,0.7843137254901962,1.6,-0.012648939898370425,43.654901960784315,-8.599999999999994,-0.025038356020109048,-0.024838165514321973,0
Oman,Malaysia,0,-52.0,-1.3579545454545454,-1.2000000000000002,-0.5397727272727273,-1.8,-0.010571757353754504,-17.789772727272734,8.799999999999997,0.0027246924285402457,-0.0038932935510691286,0
Iraq,Philippines,0,-80.0,1.375,1.2,-0.1875,0.6000000000000001,0.020095725150799895,-43.5625,-42.19999999999999,0.02116216079945206,0.034335719015775965,0
Pakistan,Jordan,1,125.0,-1.3522727272727273,-0.9999999999999999,0.5795454545454546,1.0000000000000002,-0.021364587951543244,72.82386363636363,71.60000000000001,-0.0231840859016452,-0.03675136939273978,0
Bahrain,Nepal,0,-93.0,0.248868778280543,0.4,0.06334841628959276,0.19999999999999996,0.005655838883119499,-64.0633484162896,-76.60000000000001,0.007215512129009256,0.007210861070705342,0
United Arab Emirates,Yemen,0,-82.0,0.23809523809523814,0.0,-1.119047619047619,-0.40000000000000013,0.005585063080585616,-32.76190476190477,-55.599999999999994,0.012603505693548823,0.00047839034094269896,0
Australia,Lebanon,0,-92.0,0.9285714285714286,1.4,-0.4285714285714285,-0.7999999999999999,0.018050892782349264,-39.78571428571428,-13.799999999999997,0.01842886386646957,0.01635029553807047,0
Iran,Turkmenistan,0,-121.0,2.091503267973856,0.8,-0.9542483660130718,-0.8,0.023619341234251547,-14.843137254901961,-35.8,0.03248991738674331,0.047208005116178856,0
Indonesia,Vietnam,0,37.0,0.39915966386554635,-0.4,0.4285714285714286,0.7999999999999998,0.003859260375342958,2.029411764705884,-34.400000000000006,-0.001954727790388267,0.006382978723404255,0
Cyprus,Latvia,1,-11.0,-0.09999999999999998,0.0,0.6000000000000001,1.4,-0.005565142720314423,13.100000000000001,13.0,-5.265747606674441e-06,-0.0021157946531080865,1
Ecuador,Guatemala,0,-77.0,0.575,0.4,-0.13749999999999996,-1.2000000000000002,0.023349726120506974,-36.6375,-22.599999999999994,0.045941991228979115,0.06944595645111996,1
Ethiopia,Lesotho,1,-3.0,0.0535714285714286,0.2,-0.1607142857142858,0.0,0.000535066426539295,-0.1071428571428612,29.0,-0.00024667470217211614,-0.0033952646813816805,1
Malta,Slovenia,1,117.0,-1.5090909090909093,-1.2000000000000002,1.1818181818181817,1.6,-0.014612517671250484,-34.345454545454544,9.200000000000003,-0.04345568726677362,-0.07231136516850802,1
Montenegro,Belarus,0,-23.0,0.4,0.8,0.30000000000000004,1.0,0.007784072339034753,-11.900000000000006,-6.200000000000003,-0.0004122345110262812,-0.009818490262684311,1
Portugal,Sweden,0,-19.0,1.523076923076923,2.6,-1.0307692307692309,-0.7999999999999999,0.012957380457380454,12.5,-11.399999999999991,0.006708983308063916,-0.013055757017143087,1
Solomon Islands,Fiji,1,-37.0,1.4166666666666665,2.6,-0.9166666666666667,-1.0,0.007853939349603559,17.0,29.0,0.010291313119651363,0.009936119088130217,1
Venezuela,Italy,1,43.0,-0.8999999999999999,-1.2,-0.8,-0.7999999999999999,-0.014337524997457888,-5.399999999999999,-27.4,-0.008441886031709242,0.0621355044287375,1
Palestine,Bangladesh,0,-86.0,-0.25,0.19999999999999996,-0.11904761904761907,-0.8000000000000003,0.0025839204309987557,-65.97619047619047,-49.8,-0.00010161019421174589,0.0023381759754525326,0
Comoros,Uganda,0,29.0,0.5333333333333332,0.8,0.5833333333333333,0.0,0.004770531400966182,3.1666666666666714,-4.199999999999989,0.005202600821518268,0.018083076859445123,1
Algeria,Bolivia,0,-43.0,1.2303030303030305,1.4,-1.0606060606060606,-1.0,0.0007387029395282511,62.56969696969697,80.80000000000001,0.012952791287692035,-0.008457456912395014,0
Azerbaijan,Mongolia,0,-77.0,0.6666666666666667,1.0666666666666667,-0.6666666666666665,-1.2666666666666666,0.01889050036258158,-84.66666666666669,-81.33333333333334,0.022485151582594728,0.03862142099681866,0
Bulgaria,Tanzania,0,-36.0,0.24545454545454543,0.8,0.7909090909090909,0.3999999999999999,0.0048318017544791555,-9.700000000000003,25.0,-0.001822495303102474,0.008197191382986546,0
Equatorial Guinea,Cambodia,0,-100.0,0.41666666666666674,1.0,0.5666666666666668,0.4,0.008235037939651281,-79.9,-90.2,0.01867039215671287,0.018219498503907836,0
Brunei,Bermuda,1,23.0,-1.5,-1.8,5.5,5.533333333333333,-0.009268795056642637,-14.166666666666686,-12.333333333333343,-0.006560846560846561,-0.007873015873015874,0
Albania,Chile,1,22.0,0.15555555555555567,1.2000000000000002,-0.4555555555555556,-0.6000000000000001,-0.004040356120625581,23.355555555555554,50.39999999999999,0.0023157686395044175,0.006929795756506353,1
Egypt,New Zealand,0,-67.0,1.5333333333333332,1.2000000000000002,-1.2,-0.6000000000000001,0.007497648666394564,57.13333333333333,42.199999999999996,0.014171630975087519,0.009190692804536344,0
Anguilla,Turks and Caicos Islands,1,3.0,0.25,0.25,-0.5,-0.5,0.0019628623458817205,-22.75,-22.75,-0.0012195121951219512,-0.0012195121951219512,0
Argentina,El Salvador,0,-80.0,1.4636363636363638,0.5999999999999999,-1.6181818181818182,-1.4,0.028579610538373428,-7.727272727272727,-52.8,0.1421154047392777,0.2415457224513675,1
Armenia,Kosovo,1,-8.0,0.19999999999999996,-0.6,0.6000000000000001,0.8,0.007080021105988392,-17.300000000000004,-28.0,-0.004433865868018486,-0.019515129995660237,1
Burkina Faso,Libya,1,-59.0,-0.38787878787878793,-1.0000000000000002,-0.024242424242424176,0.7999999999999999,-0.0012343805332119193,-20.909090909090907,-49.400000000000006,0.0011670113528524477,-5.551835831830304e-05,1
Sri Lanka,Papua New Guinea,1,39.0,-0.5,-0.5,-0.75,0.6000000000000001,-0.003059554645302492,-3.625,-13.599999999999994,-0.0003570856814527701,-0.0012285912285912286,0
Central African Republic,Bhutan,0,-55.0,0.7916666666666667,0.3999999999999999,-0.5,-0.40000000000000013,0.012505850547331802,-67.79166666666667,-62.80000000000001,0.008041511800898533,0.0027869147393552894,0
Senegal,Gabon,0,-67.0,0.9285714285714286,0.8,-0.5714285714285714,-0.9999999999999999,0.012354968891878256,-19.14285714285714,-14.799999999999997,0.0837185080223556,0.02188914509684257,1
Hungary,Turkey,0,-8.0,-0.09999999999999987,-0.20000000000000018,-0.5,0.0,-0.01115475905720436,22.6,31.200000000000003,-0.050533310417507686,-0.10986966266378032,1
Mauritania,Mali,1,59.0,-1.0,-0.6,0.38461538461538447,0.19999999999999996,-0.007929620327879389,-17.461538461538467,-2.0,-0.006342982516938805,-0.00135635531516538,1
Morocco,Angola,0,-81.0,0.27935222672064763,-0.19999999999999996,-0.22672064777327927,0.0,0.005961411227581802,-14.94736842105263,23.200000000000003,0.2357431701483218,-0.008313640570281763,1
Netherlands,Scotland,0,-28.0,0.20000000000000018,0.8000000000000003,-0.10000000000000009,-2.1999999999999997,-0.0052062204192021636,13.700000000000003,45.60000000000001,-0.02395037756962897,0.029067107506570815,1
Nigeria,Ghana,0,-39.0,0.2666666666666666,0.19999999999999996,-0.23076923076923084,-0.7999999999999999,0.002828441206084222,0.2666666666666657,-15.799999999999997,0.008611612726503855,0.01742569084063386,1
North Macedonia,Moldova,1,-87.0,0.4999999999999999,0.8,0.7000000000000002,0.19999999999999996,0.006166108325651457,6.900000000000006,3.3999999999999986,0.01949634965418051,0.04539451855739224,1
Niger,Togo,1,12.0,-0.3472222222222222,0.0,0.11111111111111116,-0.3999999999999999,-0.005768661137440758,13.777777777777771,30.400000000000006,-0.013782249698987958,-0.012708544796173662,1
Peru,Nicaragua,0,-101.0,-1.9727272727272729,-2.8,0.3090909090909091,1.4000000000000001,-0.007649467847348903,-98.04545454545455,-134.60000000000002,0.013215399196855278,-0.011027293534052813,1
Romania,Northern Ireland,1,-29.0,0.7000000000000001,0.8,-0.8,-1.0,0.007947125338429686,-1.2999999999999972,0.20000000000000284,0.02829610245608892,0.028161266677612415,1
Spain,Colombia,1,-6.0,1.366666666666667,1.4,-0.06666666666666665,-0.6,0.00204264201580439,27.583333333333332,53.400000000000006,-0.0756527360263497,-0.22007924198720685,1
Chad,Mauritius,0,4.0,-0.5757575757575757,-0.46666666666666673,1.4242424242424243,1.5333333333333334,-0.0033218291630716136,-38.09090909090909,-23.200000000000003,-0.011593905371028173,-0.01128415790342559,0
Liechtenstein,Faroe Islands,1,68.0,-0.1,0.0,1.1999999999999997,1.2,-0.0010134483818694346,-15.699999999999996,-12.400000000000006,-0.002269627897915449,-0.003389830508474576,1
Norway,Czech Republic,1,6.0,0.5000000000000002,1.0000000000000002,0.3999999999999999,0.0,0.012204875340401346,-17.799999999999997,-8.0,-0.013549009387121964,0.0026101278964361097,1
Denmark,Switzerland,1,2.0,-0.30000000000000027,0.0,-0.10000000000000009,-0.19999999999999996,-0.00364902378669436,2.6999999999999886,1.6000000000000085,0.011438906820416261,0.02039622363076129,1
Tunisia,Croatia,1,31.0,-0.5461538461538462,-0.4,0.09230769230769231,-0.19999999999999996,-0.014149390279753994,23.830769230769228,3.5999999999999943,-0.0584827929169075,-0.00045209904109773033,0
Canada,Trinidad and Tobago,0,-46.0,0.6058823529411763,1.2000000000000002,0.02941176470588225,0.3999999999999999,0.0128573936321945,-15.235294117647058,16.0,-0.0019941632397614574,-0.02534885955304471,0
Costa Rica,Honduras,0,-24.0,-0.3214285714285714,0.19999999999999996,0.523809523809524,1.4000000000000001,-0.0014006478598004423,-17.404761904761905,-28.199999999999996,-0.018158959185037835,-0.03593030900723207,0
Dominican Republic,Aruba,0,-43.0,-0.3333333333333335,0.46666666666666634,0.04166666666666674,-0.5333333333333332,0.00023078106569567568,-27.666666666666657,-8.466666666666669,-0.0008100176999566548,0.0014964725662885234,1
England,Brazil,1,-2.0,0.9333333333333333,1.4,-1.0555555555555556,-0.6,-0.006521739130434773,26.46666666666666,38.8,0.09107375532008807,0.08308295037192753,1
France,Germany,1,-14.0,1.8545454545454545,2.8,-1.4,-0.6000000000000001,-0.03238432574821783,47.74545454545455,42.8,-0.059567454904449285,-0.2591911251304041,1
Republic of Ireland,Belgium,1,58.0,-1.3,-1.8,0.7000000000000001,0.6,-0.025731238909888345,15.100000000000001,11.600000000000001,-0.06851532097332362,-0.05881866214861367,1
Slovakia,Austria,1,23.0,-0.30000000000000004,0.3999999999999999,0.0,0.3999999999999999,-0.00830732203892593,14.100000000000009,27.999999999999993,-0.05447886156825484,-0.0450925230365831,1
Samoa,Cook Islands,0,1.0,3.1,3.2,-3.7,-2.8,0.017998946600761692,0.19999999999998863,-1.8000000000000114,0.006952954597023201,0.006437490679497427,0
Ivory Coast,Benin,1,-59.0,1.0,0.19999999999999996,-0.4375,-0.20000000000000018,0.013132131026867867,-18.1875,-59.6,0.019248742056428125,0.042085551280374126,1
Ecuador,Italy,1,22.0,-0.7272727272727273,-1.4,-0.5454545454545454,-1.0,-0.008168205553826469,-9.909090909090914,-4.399999999999999,-0.016747713243171904,0.01235326843737932,1
Jamaica,Panama,0,13.0,-0.005555555555555536,-1.0000000000000002,0.0888888888888888,0.3999999999999999,-0.007212958673189645,21.00555555555556,-1.0,-0.01059062230652473,-0.016912199240185735,0
United States,Mexico,0,-2.0,0.6428571428571428,0.40000000000000013,-0.29761904761904767,-0.5999999999999999,0.0063960411660629185,7.061904761904756,27.799999999999997,0.0035277716558053257,-0.008075082811924914,0
Belize,Puerto Rico,0,22.0,-2.5285714285714285,-1.7999999999999998,0.41428571428571415,-0.3999999999999999,-0.014458305732666954,-10.585714285714289,2.1999999999999886,-0.009987974635552333,-0.006031097951019128,1
Guatemala,Venezuela,1,56.0,-0.5026737967914437,-0.7999999999999999,0.36363636363636365,1.0,-0.01591307948652219,26.60962566844919,38.0,-0.04763025478840449,-0.09294483294483294,1
San Marino,Saint Kitts and Nevis,1,63.0,-0.38636363636363635,0.20000000000000007,0.8409090909090908,-0.19999999999999973,-0.000697178477690288,-57.18181818181819,-44.60000000000001,-0.005815616522925959,-0.004061962134251291,1
Ethiopia,Lesotho,0,-3.0,0.0,0.0,-0.04444444444444429,0.3999999999999999,-0.00013081387588165933,2.177777777777777,14.599999999999994,-0.0019196827898306052,-0.009107998865470741,1
Bermuda,Guinea,1,95.0,0.008928571428571397,0.19999999999999996,0.3839285714285714,0.19999999999999996,-0.008064942715283538,77.17857142857142,87.2,-0.010499935673894453,-0.004143698966621949,0
Central African Republic,Papua New Guinea,0,-36.0,1.3968253968253967,1.4000000000000001,-1.1587301587301588,1.0,0.01619068707451379,-58.69841269841268,-70.4,0.010060992915937492,0.0021020771235713822,0
Bolivia,Andorra,0,-78.0,0.38636363636363635,0.8,-0.07575757575757591,-0.40000000000000013,0.016022919866321976,-32.82575757575757,-42.60000000000001,0.014060937898765422,0.019628647214854113,0
Azerbaijan,Bulgaria,1,30.0,0.2727272727272727,0.19999999999999996,0.25454545454545463,-0.40000000000000013,0.0057551447506103935,-7.36363636363636,-5.0,0.009099630060380894,0.015857007365401767,0
Cape Verde,Equatorial Guinea,0,-14.0,-0.27403846153846145,-0.8000000000000003,-0.07692307692307687,-0.4,-0.0003124463436281009,-18.370192307692307,3.8000000000000114,-0.00015573563639943375,-0.002151744485241986,0
Tanzania,Mongolia,0,-71.0,0.16666666666666669,-0.04999999999999999,-1.3333333333333335,-0.8500000000000001,0.003670954270016608,-52.91666666666667,-70.75,0.012181616338241249,0.005366027007818052,0
Montenegro,North Macedonia,0,4.0,0.0,0.40000000000000013,-0.4545454545454546,-0.3999999999999999,0.00017104877333594046,-0.6363636363636402,20.999999999999993,-0.024744073552353682,-0.0411497337006631,1
Cyprus,Serbia,1,93.0,-1.1818181818181817,-1.2000000000000002,1.6363636363636365,1.0,-0.01646141293003662,-5.181818181818187,13.400000000000006,-0.03459467555024902,-0.00942294828379113,1
Sweden,Albania,0,-38.0,0.6714285714285717,0.19999999999999996,0.8,1.2,0.01083071541179043,-8.214285714285708,-15.399999999999991,0.0005505550611574553,0.02333888780927325,1
Comoros,Angola,1,28.0,0.4884615384615385,0.7999999999999998,0.6115384615384615,0.0,0.0026386579971060965,17.58846153846153,20.599999999999994,-0.0006187687051654369,0.010619812377450952,1
Sri Lanka,Bhutan,0,20.0,-0.4444444444444445,-0.46666666666666673,-1.1111111111111114,-1.2666666666666668,-0.0028540589908047412,1.8888888888888857,-0.8000000000000114,-0.0005617205617205624,-0.0031938031938031942,0
Syria,Myanmar,0,-73.0,-0.17142857142857149,-0.7999999999999999,-0.2142857142857142,-2.0,0.0016841565052214073,-39.471428571428575,-42.80000000000001,0.004307264341937135,0.01301039150124852,0
Kuwait,Qatar,1,100.0,-0.30952380952380953,-1.4,-0.03174603174603163,0.8,-0.008854554208429993,30.47619047619048,18.599999999999994,-0.01790478912123878,-0.04495322097445252,0
India,Afghanistan,1,-41.0,0.2666666666666667,-0.6,-1.4000000000000001,-0.5999999999999999,0.003223600430515284,-20.75555555555556,-55.400000000000006,0.00422967229540801,-0.007000955973771912,0
Georgia,Greece,1,28.0,0.6363636363636362,1.1999999999999997,1.0,0.4,0.01140195638201396,-7.36363636363636,18.4,-0.048074930662494894,-0.09943601429980643,0
Ukraine,Iceland,0,-49.0,-0.18571428571428572,-0.19999999999999996,-0.15714285714285725,-0.5999999999999999,0.0043724861739567605,-19.214285714285708,2.0,0.04602229177599396,0.02182231507064717,0
Tonga,Cook Islands,1,11.0,1.5714285714285714,1.6,-0.25,0.5499999999999998,0.008632646228896647,6.25,1.4499999999999886,0.0017802306270172027,0.0008965781969730198,0
Brunei,Vanuatu,0,24.0,-0.6666666666666666,-0.8,3.7777777777777777,3.6,-0.004511278195488722,5.7222222222222285,6.5,-0.0047760036171760785,-0.004915824915824916,0
Cambodia,Guyana,1,22.0,-1.4666666666666663,-2.0,-0.06666666666666665,-0.19999999999999996,-0.010131434830230008,14.199999999999989,16.600000000000023,-0.007897234343337672,-0.009208018439483878,0
New Zealand,Tunisia,1,62.0,-0.5714285714285714,-0.19999999999999996,1.1904761904761902,0.9999999999999999,-0.0017889087656529513,-36.85714285714286,-15.799999999999997,-0.02293830755885775,-0.02859777387787683,0
Egypt,Croatia,1,26.0,0.5170454545454546,0.8,0.20454545454545459,0.7999999999999999,-0.005658995521252923,42.07954545454545,14.400000000000006,-0.05494162157511147,0.0008912408994749405,0
Wales,Poland,1,-1.0,0.0,0.19999999999999973,0.0,0.20000000000000007,0.004615945527382929,-20.90909090909092,-37.8,0.04016505399129633,0.10025915766952861,0
Turks and Caicos Islands,Anguilla,1,-3.0,0.09999999999999998,0.09999999999999998,1.0,1.0,0.00039093460146091743,8.599999999999994,8.599999999999994,-0.0004946369108787942,-0.0004946369108787942,0
Malaysia,Oman,1,52.0,1.0980392156862746,0.0,0.6323529411764706,1.7999999999999998,0.008880922248411771,13.053921568627445,-19.19999999999999,-0.00430251701928556,-0.006837728004694694,0
Uzbekistan,Hong Kong,0,-88.0,0.5277777777777777,1.6,-0.8541666666666666,-1.6,0.01184758796826237,-35.986111111111114,29.200000000000003,0.02475325298933263,0.02653646721262367,0
Turkmenistan,Iran,1,121.0,-2.2777777777777777,-1.5999999999999999,1.3222222222222224,1.4000000000000001,-0.02427516247392024,3.444444444444443,11.599999999999994,-0.0320026038909251,-0.04746332426511503,0
Philippines,Iraq,1,80.0,-1.3856209150326797,-1.8000000000000003,0.21568627450980382,-0.3999999999999999,-0.018610391464882397,32.947712418300654,-0.5999999999999943,-0.021673803730241192,-0.04247392182932131,0
Vietnam,Indonesia,1,-37.0,-0.4444444444444444,0.19999999999999996,-0.3555555555555554,0.20000000000000018,-0.004605601506743875,0.6555555555555515,32.400000000000006,0.00015120546416724952,-0.01209726443768997,0
Tajikistan,Saudi Arabia,1,46.0,0.06349206349206349,-0.6,0.1587301587301586,0.6,-0.0024751854531539826,21.57936507936509,-7.6000000000000085,-0.005653234264975694,-0.02202425019112981,0
Jordan,Pakistan,0,-125.0,1.4558823529411764,1.6,-0.7352941176470589,-1.6,0.020273274155865415,-59.40686274509805,-29.0,0.02277564750682994,0.03982829246966286,0
Bahrain,Nepal,0,-93.0,0.5238095238095238,1.4,-0.2777777777777777,-1.2,0.0076584187715982195,-54.13492063492063,-49.400000000000006,0.007865481795384727,0.01063943249927677,0
Yemen,United Arab Emirates,1,82.0,-0.3142857142857143,-0.20000000000000018,1.1238095238095238,-0.19999999999999996,-0.005004569580653097,20.171428571428564,40.400000000000006,-0.013559432697115884,-0.004451900274717534,0
Bangladesh,Palestine,1,86.0,-0.14358974358974352,-1.4000000000000001,0.45641025641025657,1.6,-0.005780718253413852,54.77948717948718,12.399999999999991,-0.0010763661961288758,-0.003319321278932595,0
Australia,Lebanon,0,-92.0,1.0,1.4,-0.5333333333333333,-1.2000000000000002,0.017183715440405305,-31.0,3.3999999999999915,0.018939403376820874,0.01776866723457516,0
Algeria,South Africa,1,-15.0,0.8940217391304348,1.2,0.010869565217391353,0.7999999999999999,0.009401215681948807,-1.0108695652173907,29.0,-0.0038112657090496674,-0.04134859917727309,0
Thailand,South Korea,1,79.0,-0.7647058823529411,-0.5999999999999999,0.6470588235294117,-1.0,-0.015800808616435576,21.529411764705884,-16.199999999999996,-0.01750442552274712,-0.009602598785059886,0
England,Belgium,1,-1.0,0.0,-0.6000000000000001,0.0,0.0,0.004195588921659166,-5.9090909090909065,3.8000000000000043,0.03719659534515103,0.03381685005107674,1
Argentina,Costa Rica,0,-53.0,1.2587412587412585,0.0,-1.4335664335664335,-1.8000000000000003,0.024084236199052575,-6.9300699300699335,-28.6,0.1288216199996418,0.23083398083398085,1
Malta,Belarus,1,77.0,-0.2727272727272728,-0.4,0.5454545454545454,1.6,0.0004980202159317292,-29.000000000000007,-47.400000000000006,-0.00985227669488118,-0.024392540418232914,1
Latvia,Liechtenstein,1,-67.0,0.6363636363636364,0.6,-0.6363636363636362,-0.8,0.012920060427428982,-11.36363636363636,-11.799999999999997,0.0037242757242757244,0.008193406593406593,1
Ivory Coast,Uruguay,0,28.0,-0.20000000000000018,-0.3999999999999999,0.19999999999999996,0.19999999999999996,-0.019421370734132304,36.88823529411765,26.6,-0.4114276228656575,-0.7725123631542169,1
Hungary,Kosovo,0,-75.0,0.7272727272727273,0.8,-0.18181818181818177,0.7999999999999999,0.010553735431548422,-4.4545454545454675,-14.400000000000006,0.02026321438705441,0.017881445060489283,1
Germany,Netherlands,0,10.0,-0.6893939393939397,-0.8,0.5606060606060606,1.2000000000000002,0.055032324419629734,-43.28030303030303,-50.99999999999999,0.2629416886545416,0.32842522588972894,1
El Salvador,Honduras,1,3.0,-0.4833333333333333,-0.5999999999999999,0.6500000000000001,0.6000000000000001,-0.0034045124899274772,-21.199999999999996,2.999999999999993,-0.017762838531176238,-0.04905591383551625,1
Denmark,Faroe Islands,0,-114.0,1.1818181818181819,0.5999999999999999,-0.5454545454545455,0.0,0.012189364631827425,9.454545454545453,16.799999999999997,0.027552863034575603,0.024190482092117358,1
Czech Republic,Armenia,0,-54.0,0.6363636363636365,0.9999999999999999,-0.7272727272727272,-0.6000000000000001,0.0035787654735376477,19.727272727272727,17.0,0.016811689949716994,0.020754042743949368,1
Colombia,Romania,0,-31.0,-0.2377622377622377,-0.20000000000000018,0.06993006993007,0.19999999999999996,0.029583688746501736,-60.50349650349649,-60.2,0.13615250185474506,0.27460417515145025,1
France,Chile,0,-40.0,1.5454545454545454,3.4000000000000004,-0.09090909090909094,0.3999999999999999,0.026068172512054285,-2.545454545454554,15.0,0.0795983084173,0.07159968390332949,1
Morocco,Mauritania,1,-94.0,0.4285714285714286,0.6,-0.6428571428571428,-0.7999999999999999,0.005645186549141725,-1.0714285714285694,21.400000000000006,0.2192479425337762,0.0015382223588990343,1
Lithuania,Gibraltar,0,-63.0,0.8181818181818182,1.0,-2.909090909090909,-4.8,0.011392405063291141,20.54545454545454,54.0,0.011953377864747032,0.016927382319173366,0
Peru,Dominican Republic,0,-117.0,-1.5454545454545454,-2.0,0.050505050505050386,0.5999999999999999,-0.0014168837698249476,-114.0,-109.0,0.013916682820837564,-0.003030067281338462,1
Republic of Ireland,Switzerland,1,43.0,-0.8181818181818181,0.0,0.18181818181818188,-0.3999999999999999,-0.005252239572563485,-20.36363636363636,2.5999999999999943,0.008289774470655396,0.03882181586133453,1
Scotland,Northern Ireland,1,-40.0,0.8181818181818182,0.0,0.4545454545454546,1.8,0.02760494811612754,-41.454545454545446,-51.2,0.026179909964483706,-0.03152845882823,1
Senegal,Benin,0,-81.0,0.8888888888888888,1.4,-0.9111111111111111,-0.9999999999999999,0.011306817802522046,-10.600000000000009,-20.599999999999994,0.07947640598338725,0.028481574922197456,1
Slovenia,Portugal,0,48.0,-1.8106060606060603,-2.0,0.553030303030303,0.19999999999999996,-0.0222413697683783,5.378787878787875,-5.799999999999997,-0.003459731930585727,0.008337391304044733,1
Spain,Brazil,1,3.0,0.8545454545454545,1.2000000000000002,-0.7636363636363636,-0.6,-0.006572403815724041,22.790909090909093,39.400000000000006,-0.04342818565164733,-0.1577318113043653,1
Finland,Estonia,0,-63.0,0.9999999999999999,1.0,-1.0769230769230769,-0.3999999999999999,0.008030827285221708,34.846153846153854,50.8,0.009899024313324638,0.009112836438923395,1
Liberia,Djibouti,1,-40.0,0.20833333333333326,0.5999999999999999,-0.25,-0.8000000000000003,0.005674453386510932,-34.29166666666667,-7.0,0.0007038560268504291,0.004368756243756244,0
Eswatini,Somalia,1,-49.0,0.38333333333333336,0.6000000000000001,-1.4,-1.4,0.003638354242024655,0.36666666666667425,17.60000000000001,0.007422323047323047,0.006107226107226108,0
Mauritius,Chad,1,-4.0,0.33333333333333337,0.09999999999999998,-0.8333333333333334,-0.95,0.0017500230266187713,21.583333333333343,17.30000000000001,0.006390458454515938,0.005195017915980518,0
Austria,Turkey,0,-10.0,0.2727272727272727,0.0,-0.5454545454545454,-0.20000000000000007,-0.0032957771570438915,15.272727272727266,19.0,-0.004604148584935991,-0.08901119840007722,1
Nicaragua,Cuba,1,-35.0,1.6833333333333336,1.8,-1.0333333333333334,-2.0,0.01239065017492477,39.96666666666667,58.20000000000002,0.0037926415870849313,0.002402410987869299,1
Norway,Slovakia,1,-2.0,0.5454545454545454,0.19999999999999996,0.36363636363636365,-0.40000000000000013,0.011772434098512804,-12.272727272727266,18.199999999999996,-0.006964761329766533,-0.010211059548197388,1
Trinidad and Tobago,Guyana,0,-56.0,-1.2323232323232323,-2.8000000000000003,0.5909090909090909,0.5999999999999999,-0.0005365657404216,-74.77272727272728,-103.39999999999999,0.016832912035938515,0.0428857244054266,1
Trinidad and Tobago,Guyana,0,-56.0,-1.0701754385964914,-1.9999999999999998,0.4736842105263157,0.0,-0.0004569299579097203,-66.1622807017544,-62.39999999999999,0.017370965524484364,0.050531828301530496,1
Grenada,Saint Vincent and the Grenadines,1,1.0,-1.0,-1.6,0.6000000000000001,1.1999999999999997,-0.0036500696669088135,-46.46666666666667,-62.599999999999994,-0.0050619398520522565,-0.008583105416072104,1
Guatemala,Nicaragua,1,-27.0,-1.3675213675213675,-1.4,-0.20940170940170932,0.6,-0.007727030423959662,-52.683760683760696,-90.00000000000001,0.005248946373465213,-0.0006599955660086835,1
Bolivia,Mexico,1,71.0,-1.0034965034965033,-0.3999999999999999,0.6013986013986015,0.0,-0.014459380964235331,-11.18181818181818,14.399999999999999,-0.015846577542733446,0.0054067883336176015,1
Costa Rica,Uruguay,1,37.0,-1.1623376623376622,-0.6000000000000001,0.8051948051948051,1.2,-0.024878466645251094,7.474025974025977,20.2,-0.38889065780671467,-0.8041742081447965,1
Indonesia,Tanzania,1,15.0,0.9109311740890689,0.3999999999999999,0.9433198380566802,0.3999999999999999,0.008089681029747739,15.546558704453432,-18.200000000000003,-0.00253396734902513,0.009287628407315526,1
Albania,Liechtenstein,0,-136.0,1.106060606060606,0.39999999999999997,-2.0227272727272725,-1.4,0.01390715977075922,9.734848484848484,1.3999999999999915,0.028230432698541197,0.008977086288813529,1
Croatia,North Macedonia,0,-59.0,0.5,0.20000000000000018,-1.25,-1.0,0.012928572752283218,-13.999999999999993,1.2000000000000028,0.03727753941535731,-0.02547776970775853,1
England,Bosnia and Herzegovina,0,-70.0,1.4242424242424243,0.6000000000000001,-1.3333333333333335,-1.6,0.034391411621845294,-26.871212121212118,-22.599999999999994,0.11150243782596182,0.12019066624990983,1
Germany,Ukraine,1,-6.0,-0.020979020979021046,-0.19999999999999996,0.5874125874125873,1.0,0.07217044325040695,-43.58741258741259,-61.4,0.2517655960095208,0.3651748811161669,1
Gibraltar,Scotland,1,164.0,-1.5833333333333333,-1.2,2.333333333333333,2.4000000000000004,-0.0331588132635253,10.75,28.0,-0.041400560981292474,-0.007393483709273183,1
Republic of Ireland,Hungary,0,34.0,-0.6666666666666667,-1.0,0.5000000000000001,-0.4,-0.0061842582517228906,-11.583333333333329,-20.599999999999994,-0.01862716541273701,0.019595858168102595,1
Austria,Serbia,0,-8.0,0.5833333333333335,1.2000000000000002,-0.33333333333333326,-1.0,0.01175977330557483,-7.833333333333329,4.799999999999997,0.04302791328291095,0.061181798798802325,1
Portugal,Finland,0,-55.0,1.9166666666666665,0.7999999999999998,-0.7857142857142858,-0.8,0.02318224543949691,-1.5238095238095326,-24.599999999999994,0.028199251372545985,0.028779356976204127,1
Slovenia,Armenia,0,-38.0,0.8397435897435899,1.0,-0.7371794871794871,-0.6000000000000001,0.004998971730498476,23.557692307692307,12.399999999999999,0.056980415964376765,0.13585666824869483,1
Romania,Bulgaria,1,-37.0,0.8333333333333333,0.8,-0.75,-0.3999999999999999,0.008884715824066197,10.0,-5.3999999999999915,0.027862915786676316,0.037556971710696586,1
Switzerland,Estonia,0,-104.0,1.4166666666666667,0.0,-1.4404761904761907,-2.0,0.011658247915005074,38.75,28.6,0.017421476979717253,0.02392289219186084,1
Italy,Turkey,1,-31.0,0.33333333333333326,0.19999999999999996,-0.5,-0.8,0.005443921304859586,1.5,-11.399999999999999,-0.00045713748558172396,2.049658121764525e-05,1
Spain,Andorra,0,-156.0,2.1666666666666665,1.8,-0.9999999999999999,-0.6000000000000001,0.046131865309791145,-20.333333333333336,-20.000000000000007,0.08707728872197164,0.06323865902954867,1
Togo,South Sudan,1,-54.0,0.7222222222222223,1.0,-1.3333333333333335,-0.8000000000000003,0.007378472222222224,13.333333333333329,12.399999999999999,0.014412117608280973,0.017622386895282935,0
Belgium,Montenegro,0,-67.0,1.0000000000000002,0.40000000000000013,-0.7500000000000001,-0.6,0.022860838511936567,-14.750000000000007,-23.6,0.07089232776591313,0.08466084963885899,1
Denmark,Sweden,0,-6.0,-0.25,-0.19999999999999996,-0.5666666666666665,-1.0,-0.008662088916315216,21.35000000000001,11.799999999999997,-0.0030196539528310924,0.009602643520069815,1
France,Luxembourg,0,-85.0,2.0,3.3999999999999995,-0.9999999999999999,0.3999999999999999,0.0386687323331159,-25.16666666666667,-23.400000000000006,0.0928924159785024,0.025083540502470518,1
Mexico,Uruguay,1,-1.0,-0.1775362318840581,0.0,0.21014492753623182,0.6,-0.0069367376386918825,5.934782608695649,11.0,-0.3349592140740727,-0.7825174825174824,1
Norway,Kosovo,0,-55.0,1.0833333333333335,0.7999999999999999,0.25,0.5999999999999999,0.018372507969057428,-9.25,-7.800000000000004,-0.005933259557712775,-0.014625933182183066,1
San Marino,Slovakia,1,162.0,-1.1666666666666667,-0.8,1.916666666666667,0.8,-0.015300546448087433,0.0,37.2,-0.023589767922051717,-0.028525138803087748,1
Sierra Leone,Djibouti,0,-66.0,0.0,0.6000000000000001,0.2857142857142858,0.0,0.0040892672858617125,-45.28571428571428,-20.60000000000001,-0.0030050780273012745,0.0009028681573445547,0
Central African Republic,Chad,0,-48.0,1.7,1.9999999999999998,-0.4750000000000001,-0.20000000000000018,0.01581527427996974,-14.549999999999997,-11.0,0.007543625378594684,0.004372891333568046,0
Antigua and Barbuda,Bermuda,1,-28.0,-0.0714285714285714,0.0,1.4285714285714284,2.0,-0.0014796130831586114,19.303571428571416,16.400000000000006,-0.003996481754213714,-0.006965799378170512,0
Trinidad and Tobago,Grenada,1,-76.0,0.390909090909091,0.4,-1.2363636363636363,-2.4000000000000004,0.008078269100423082,-45.32272727272728,-24.799999999999997,0.024934045218536663,0.009902378323430956,0
Curaçao,Barbados,0,-86.0,-0.19999999999999996,0.6000000000000001,-1.1,-2.9999999999999996,0.006645569620253164,-87.77777777777777,-71.39999999999999,0.006489581090774437,0.011317254174397032,0
Nicaragua,Montserrat,0,-40.0,0.7321428571428572,-0.19999999999999996,-1.1071428571428572,-1.5999999999999999,0.007518475736234801,-24.51785714285714,-23.599999999999994,0.0016958794446452156,-0.0008327119065374101,0
Guatemala,Dominica,0,-72.0,-1.2210526315789474,-1.6,-0.052631578947368474,-0.19999999999999996,-0.0013393861759767346,-122.6421052631579,-128.0,0.004362918926526668,-0.000908158919255473,0
Suriname,Saint Vincent and the Grenadines,0,-29.0,-1.1428571428571428,-1.4000000000000001,-0.8809523809523808,-0.7999999999999999,-0.004651070900496404,-43.404761904761926,-21.0,-0.0036654282105030847,-0.005499928358437966,0
Tunisia,Equatorial Guinea,0,-38.0,-0.3571428571428572,-1.8,-0.4714285714285714,-0.4,-0.0005009904067777571,-24.742857142857133,-26.200000000000003,0.005122095163993166,0.007471523245676702,0
Namibia,Liberia,1,-46.0,-0.3760683760683762,-0.8,-0.40170940170940184,0.5999999999999999,-0.0012687519373697914,-23.213675213675216,-57.60000000000001,0.01821981182961166,0.01786875532053931,0
Gibraltar,Wales,1,174.0,-1.5,-1.6,2.9294871794871797,4.0,-0.020713463751438434,-15.416666666666671,19.0,-0.07157023608319758,-0.12403508771929825,1
Netherlands,Canada,0,-42.0,0.25757575757575735,0.8,-0.030303030303030276,-1.6,0.010457516339869279,-12.06060606060607,24.200000000000003,-0.000936274922804875,0.007445986231483195,1
Guinea-Bissau,Ethiopia,1,-29.0,0.09999999999999998,0.4,0.5,1.2000000000000002,0.004831070107481008,-36.0,-17.799999999999997,0.0068348484038546296,-0.002518795141745962,0
Mauritania,Sudan,1,-22.0,0.2416666666666667,-0.20000000000000007,0.1333333333333333,0.3999999999999999,0.005491782476617445,-27.641666666666666,-55.400000000000006,0.0070200114887455645,0.020800963777622968,0
Senegal,DR Congo,1,-46.0,0.9375,1.2,-0.13157894736842102,-0.19999999999999996,0.010053640354116319,3.151315789473685,1.6000000000000085,0.06852782209488203,0.019646615383487203,0
Benin,Rwanda,0,-34.0,0.2857142857142857,0.0,0.5428571428571428,0.5999999999999999,0.0032009809567037683,-0.8857142857142861,-7.200000000000003,-0.007875952557823647,-0.017848518638224523,0
Libya,Mauritius,0,-69.0,0.6538461538461539,1.7999999999999998,0.08333333333333326,-0.3999999999999999,0.008272964774108346,-35.54487179487178,-23.799999999999983,0.0064347983747942705,0.020778648606123204,0
Afghanistan,Qatar,1,117.0,-1.018181818181818,-1.5999999999999999,1.0636363636363637,1.6,-0.01571852510226971,49.67272727272727,32.8,-0.024095247317854424,-0.03705198549154898,0
Mali,Ghana,1,-24.0,1.0,0.0,-0.5714285714285715,-0.8,0.00875398046493569,11.285714285714278,-1.0,0.013537627722742446,0.015467142428413527,0
India,Kuwait,1,-18.0,-0.5361842105263157,-1.0,-0.1578947368421053,-0.3999999999999999,-0.005678553981436246,9.450657894736835,12.0,-0.004287932145734988,-0.0026302811112937693,0
North Korea,Syria,0,29.0,0.6666666666666667,0.0,-0.19999999999999996,0.4,0.00871751971516308,-8.200000000000003,-5.066666666666677,-0.0066569771928000334,-0.014015320145873634,0
Algeria,Guinea,1,-33.0,0.23529411764705888,-0.8,-0.2941176470588236,0.6000000000000001,0.0025148696658816028,-0.05882352941176805,-18.60000000000001,0.012962916789876152,0.0017868281746294852,0
Egypt,Burkina Faso,0,-25.0,0.9963235294117645,0.6000000000000001,-0.18382352941176472,0.19999999999999996,0.009588087476229284,6.235294117647058,-21.799999999999997,0.006500837184173092,0.002447779516347318,0
Singapore,South Korea,1,132.0,-1.0,-0.5999999999999999,0.7222222222222223,1.2000000000000002,-0.02210488171041052,72.5,55.599999999999994,-0.025330288669595604,-0.02952207139690515,0
Jamaica,Dominican Republic,0,-95.0,-0.3761904761904762,-0.6000000000000001,-0.3571428571428572,-0.6000000000000001,0.006241396940260352,-63.71428571428571,-83.39999999999999,0.015449861714229893,0.027202090521355363,0
Kyrgyzstan,Malaysia,1,-38.0,-1.2252747252747251,0.20000000000000007,-0.05494505494505497,-1.0,-0.011562839480121606,-5.054945054945065,14.399999999999991,-0.0048313634549595735,0.002587831449996112,0
Myanmar,Japan,1,145.0,-2.411764705882353,-1.4,1.0,2.5999999999999996,-0.04042794641139543,57.689839572192525,13.200000000000003,-0.04029290663252027,-0.013021219029562207,0
Uzbekistan,Turkmenistan,0,-79.0,1.38755980861244,1.2000000000000002,-1.2105263157894737,-2.0,0.01749357326478149,-9.014354066985646,28.200000000000003,0.025005283392248816,0.023216884834217764,0
Hong Kong,Iran,1,137.0,-1.5077399380804952,-2.0,1.0278637770897832,1.4,-0.017079053128190035,14.058823529411768,-26.39999999999999,-0.03103346095828271,-0.046002558142733366,0
Indonesia,Iraq,1,76.0,-0.6611111111111112,-1.6,0.6444444444444444,0.19999999999999996,-0.009937089467594886,13.294444444444437,-21.0,-0.01963716222347678,-0.03720094619816394,0
Jordan,Tajikistan,0,-28.0,0.7333333333333334,1.9999999999999998,0.4666666666666668,-0.4,0.011280690112806899,-16.74444444444444,42.60000000000001,0.013174287559068814,0.02539511849290145,0
Pakistan,Saudi Arabia,1,142.0,-0.9797570850202428,-0.6,1.793522267206478,3.6,-0.012801549503373798,48.30364372469634,10.199999999999989,-0.014006490896966563,-0.021278990230263164,0
Nepal,United Arab Emirates,1,111.0,-1.0875,-1.4000000000000001,0.9125000000000001,1.7999999999999998,-0.011661896504349678,40.35416666666666,9.400000000000006,-0.013552804461350893,-0.008628207888968975,0
Bahrain,Yemen,1,-76.0,0.13815789473684204,1.4000000000000001,-0.8421052631578947,-1.0,0.0027877396337598163,-15.361842105263165,-2.4000000000000057,0.009167117409183701,0.013910772094278868,0
Vietnam,Philippines,0,-26.0,0.4375,0.6000000000000001,-0.07499999999999996,0.3999999999999999,0.004716342111420993,-8.887500000000003,13.400000000000006,0.0010258279780305957,-0.001379310344827586,0
Palestine,Lebanon,1,-27.0,0.1964285714285714,2.0,-0.5,-2.0,0.0026536416259594596,-6.0625,74.39999999999999,0.003130161815236083,0.013682377049180327,0
Honduras,Cuba,0,-87.0,0.6079545454545454,0.4,-0.75,-0.7999999999999998,0.00824031943062506,-6.57386363636364,-48.0,0.01749316875839214,0.04119831706896383,0
Haiti,Saint Lucia,0,-75.0,0.10000000000000009,-0.19999999999999996,0.4666666666666667,0.8,0.006678492289097299,-68.1,-69.4,-0.0002446945225117979,-0.0056261107699591105,0
Panama,Guyana,0,-109.0,-0.680161943319838,-0.40000000000000013,0.028340080971660075,-0.19999999999999996,0.010663208951640015,-87.72064777327935,-62.4,0.0203104862154556,0.024243697170333235,0
Bangladesh,Australia,1,160.0,-1.25,-2.0,0.8125,2.4,-0.02139798824083748,62.375,2.5999999999999943,-0.018352571732980293,-0.011691503455367371,0
El Salvador,Puerto Rico,1,-79.0,-2.202797202797203,-1.6,0.39160839160839167,-0.3999999999999999,-0.005718876169502557,-114.87412587412588,-111.60000000000001,-0.001893211199935482,-0.0013720386518009768,0
Costa Rica,Saint Kitts and Nevis,0,-95.0,0.20000000000000007,0.7999999999999999,-0.3999999999999999,-0.20000000000000018,0.010582226365260624,-80.22222222222223,-120.60000000000001,0.009212584578017127,0.02370360563131647,0
Peru,Paraguay,1,-24.0,0.125,1.2,0.5,0.6,0.002624144809950329,-0.125,44.8,0.007241312639204845,-7.507647469627912e-05,1
England,Iceland,1,-68.0,0.6512820512820512,0.0,-0.7846153846153845,-0.19999999999999996,0.022139997253298682,-21.748717948717953,6.200000000000003,0.0993882984101937,0.04319689067057489,1
Czech Republic,Malta,0,-135.0,1.25,1.2000000000000002,-0.9999999999999999,-1.6,0.011548534154562431,29.999999999999993,54.4,0.028943677316132514,0.028538251815952397,1
Armenia,Kazakhstan,0,-8.0,-0.42307692307692313,-1.0,0.19871794871794868,-0.40000000000000013,-0.0005465926121837258,-21.532051282051285,-53.6,-0.014675922372590966,-0.01112212384182782,1
Belarus,Russia,1,61.0,-1.75,-1.7999999999999998,0.6666666666666666,0.4,-0.023327107357479296,9.0,15.200000000000003,-0.01876421791258512,-0.0072962889016771615,1
Albania,Azerbaijan,0,-46.0,0.41666666666666674,-0.19999999999999996,-1.0606060606060606,-0.3999999999999999,0.0001950370570408394,25.16666666666667,47.2,0.006749564254819127,-0.025928825951295177,1
Romania,Liechtenstein,1,-156.0,1.3076923076923075,1.0,-2.0769230769230766,-1.2000000000000002,0.015525256509770486,14.23076923076924,-34.8,0.03752117612407563,0.054949600104120415,1
Poland,Ukraine,0,6.0,0.0,0.40000000000000013,-0.16666666666666663,0.0,-0.010312788831055117,35.333333333333336,28.799999999999997,-0.02390054511821374,-0.03244491099380246,1
Cambodia,Mongolia,0,-12.0,0.657142857142857,0.8,-1.114285714285714,-1.0,0.003606372042373139,39.51428571428572,37.2,0.004038724001638476,0.004311931723099236,1
Germany,Greece,0,-34.0,-0.25,-0.6000000000000001,0.9761904761904762,0.6,0.06788299265294247,-62.02380952380953,-39.199999999999996,0.23084976015021094,0.29466826377505984,1
Madagascar,Comoros,0,-8.0,-0.3376623376623378,-1.0000000000000002,-0.2662337662337664,0.20000000000000007,-0.004930946900547663,20.448051948051955,21.0,-0.004013690163435049,-0.020388318477313087,0
Kenya,Burundi,1,-33.0,0.0714285714285714,0.6000000000000001,-1.4464285714285716,-1.4000000000000001,-0.0019428757349694396,20.55357142857143,33.0,0.0047550101132761875,0.007586037243856239,0
Zimbabwe,Lesotho,1,-27.0,-0.1875,-0.09999999999999998,-0.8125,-0.5,-0.0008809570249008513,-16.8125,-22.0,0.00845654990016781,0.006752656872234182,0
Uganda,Botswana,0,-54.0,-0.2727272727272727,-0.3999999999999999,-0.09090909090909083,0.19999999999999996,-0.002936215599459264,3.6363636363636402,27.200000000000003,-0.003430261668257349,-0.005995479272790195,0
Ivory Coast,Gabon,0,-46.0,1.125,0.6000000000000001,-0.375,-0.6000000000000001,0.014459048357353439,-11.902777777777771,-36.400000000000006,0.03172274144109661,0.07944288155095876,0
Mozambique,Somalia,0,-89.0,0.7941176470588236,0.7999999999999999,-0.7450980392156865,-0.6000000000000001,0.008981565778736699,-15.872549019607845,-17.0,0.010085753691765984,0.013430377104883234,0
Morocco,Zambia,0,-73.0,-0.2958333333333334,-0.20000000000000007,-0.3416666666666667,-0.6,0.0005428134556574905,-22.1875,8.0,0.20261775472835775,0.009480543849973145,0
Angola,Eswatini,0,-54.0,0.3076923076923077,-0.19999999999999996,-0.26739926739926734,-0.9999999999999999,0.005005829204313612,-22.783882783882788,-79.6,0.008079614774437121,0.013356195615400942,0
Nigeria,South Africa,1,-29.0,0.1875,0.3999999999999999,0.16666666666666663,-0.19999999999999996,0.0024825877791340555,-3.375,-8.799999999999997,-0.012770480008550609,0.013799829897987417,0
Scotland,Finland,1,-22.0,0.08205128205128198,-0.8000000000000003,0.07179487179487198,0.0,0.007911147926556047,-20.37435897435897,-7.799999999999997,0.02444322494419971,-0.005427450771221766,1
Latvia,Lithuania,1,-1.0,-0.08333333333333337,-0.4,0.9166666666666665,1.0,0.001766890153675569,-19.33333333333333,-43.39999999999999,-0.008376615692094044,-0.009634927578854497,0
Estonia,Faroe Islands,0,-10.0,-0.033333333333333326,-0.20000000000000007,0.9666666666666668,2.0,0.003556161385743827,-30.71666666666667,-40.800000000000004,0.00158141740007655,-0.006345495533105118,0
Belgium,Luxembourg,0,-84.0,1.3076923076923075,1.0,-1.3076923076923077,-0.9999999999999999,0.027790517459514164,-21.769230769230774,-21.200000000000003,0.07163605544634397,0.09162974733831242,1
Spain,Northern Ireland,0,-65.0,1.775641025641026,1.9999999999999998,-0.39743589743589747,0.0,0.035358397888056815,-24.49358974358975,32.8,0.05986101040655292,0.0027215324684955605,1
Portugal,Croatia,1,-4.0,1.6153846153846154,0.6000000000000001,0.0,0.7999999999999999,0.010595373156414935,23.61538461538462,7.200000000000003,-0.02968161559252471,0.0037666008910843124,1
Mexico,Brazil,1,9.0,-0.06060606060606055,0.19999999999999996,-0.3787878787878787,0.19999999999999996,-0.031153127827945392,27.39393939393939,25.2,-0.09169882127504736,-0.2043048128342246,1
Denmark,Norway,0,-26.0,-0.30769230769230793,-0.8,-0.3076923076923076,-0.3999999999999999,-0.010918413046499782,22.15384615384616,-9.799999999999997,0.017855069360455,0.02792827657378741,1
Brunei,Sri Lanka,0,-10.0,-0.15000000000000002,-0.15000000000000002,4.2,4.2,-0.000712047300009263,-8.449999999999989,-8.449999999999989,-0.003664390809531474,-0.003664390809531474,1
Hungary,Israel,0,-52.0,0.6013986013986015,0.8,-0.5944055944055943,-0.6000000000000001,0.009357156013998896,-7.87412587412588,-9.599999999999994,0.022919892215912972,0.015918291845039907,1
Slovenia,Bulgaria,1,-26.0,1.2362637362637363,0.6000000000000001,-0.5274725274725275,-0.19999999999999996,0.012545995601926985,15.92307692307692,9.399999999999991,0.058095034580374946,0.12459234207632758,1
Moldova,Cyprus,0,29.0,0.3257575757575757,0.20000000000000007,-1.303030303030303,0.0,0.006258819442936844,-3.469696969696969,-33.599999999999994,0.02279053520371526,0.007049473470136855,1
Sweden,Serbia,1,-6.0,0.2451923076923077,0.20000000000000018,0.28365384615384626,0.40000000000000013,0.003075766745407337,1.1346153846153868,5.000000000000007,-0.0030430757092151893,0.003373296756880022,1
United States,Colombia,1,-1.0,1.0476190476190477,-0.19999999999999996,0.0,-0.19999999999999996,-0.009896965651488086,33.904761904761905,40.199999999999996,-0.1258402637191019,-0.2859243090573776,1
Cameroon,Cape Verde,0,-14.0,0.13122171945701355,0.19999999999999996,0.36651583710407243,1.4,0.002487304507272003,-6.004524886877832,-17.599999999999994,-0.01135293209609132,-0.01657893042215384,0
Gambia,Seychelles,0,-67.0,0.6666666666666667,0.4,-0.8888888888888888,-1.6,0.0109353588573103,-56.31944444444446,-38.8,0.008897835719154739,0.0,0
Cayman Islands,Antigua and Barbuda,0,54.0,-0.375,-0.8,0.875,1.4,-0.0025603862877089925,13.125,8.199999999999989,-0.003235294117647059,-0.0051764705882352945,0
Belize,Nicaragua,1,47.0,-1.125,0.0,0.3666666666666667,0.19999999999999996,-0.010471873852127826,35.63333333333334,41.8,-0.006033469638242566,-0.0004732798722615894,0
Aruba,Curaçao,1,102.0,0.44999999999999996,-0.6499999999999999,-0.3999999999999999,-0.10000000000000009,-0.005729487139693222,88.35,74.45,-0.002885079621832423,-0.006955094938734007,0
Anguilla,Suriname,1,65.0,-0.761904761904762,-1.3333333333333335,0.1428571428571429,0.19999999999999996,-0.006992009132420093,57.52380952380952,38.866666666666646,-0.005041976419699227,-0.007148446092347507,0
Switzerland,Austria,1,-6.0,-0.2307692307692304,-1.5999999999999999,0.07692307692307687,0.0,-0.013553113553113547,27.0,21.799999999999997,-0.05831699687672387,-0.06442538152348924,1
Bahamas,Trinidad and Tobago,1,102.0,-0.19047619047619047,0.19999999999999996,2.1428571428571432,3.2,-0.007024898001206625,59.04761904761904,36.000000000000014,-0.02584306247382952,-0.010990550994790136,0
British Virgin Islands,Guatemala,1,99.0,0.7500000000000001,0.20000000000000018,0.9,1.0,-0.002196958499888645,108.74999999999999,94.39999999999999,-0.009302236499144467,-0.003606548857487745,0
Argentina,Ecuador,0,-30.0,1.0833333333333333,1.2000000000000002,-0.5833333333333334,0.19999999999999996,0.011717171717171716,15.0,-8.799999999999997,0.08048744175216702,0.20743784136641275,1
France,Canada,1,-47.0,1.326923076923077,3.0000000000000004,-0.814102564102564,-1.2,0.02204335913963826,-1.5064102564102555,32.4,0.0771878315146938,0.010975046758515322,1
Italy,Bosnia and Herzegovina,0,-65.0,1.0128205128205128,1.2000000000000002,-1.0064102564102566,-2.6,0.02435379304538183,-20.102564102564095,7.600000000000001,0.0662631112407214,0.054075118429957145,1
Montenegro,Georgia,1,-5.0,-1.1025641025641026,-0.6000000000000001,-0.1217948717948718,0.0,-0.0147315240259786,-4.121794871794862,6.799999999999997,0.0019776111893328972,-0.002405878297902033,1
Slovakia,Wales,0,19.0,0.3076923076923077,1.0000000000000002,0.0,0.6,0.0027645107794361523,4.076923076923066,-3.0,-0.04304640699492192,0.0006636929543308197,1
Djibouti,Ethiopia,1,47.0,0.2727272727272727,-0.19999999999999996,0.6590909090909092,0.0,0.001160484249895146,18.659090909090907,7.599999999999994,-0.0014522804189980726,-0.003829019500972135,0
Mauritania,Senegal,1,88.0,-1.0698529411764706,-1.4000000000000001,0.6580882352941176,0.6,-0.01095941883767535,-10.058823529411768,-17.0,-0.06335603497932424,0.00864512471655329,0
DR Congo,Togo,0,-50.0,-0.19999999999999996,0.19999999999999996,-0.35,-0.3999999999999999,-0.0007860318278461436,-10.5,-46.0,0.0020250136741610143,0.010932048644381333,0
Namibia,Tunisia,1,65.0,-0.1428571428571429,0.0,0.5803571428571428,1.4000000000000001,-0.0022658513035082074,4.107142857142861,21.0,-0.003365174196438666,-0.009822626409723687,0
Bermuda,Honduras,1,88.0,0.26797385620915026,0.6000000000000001,0.65359477124183,-0.19999999999999996,-0.004704516968589981,70.25490196078431,76.0,-0.017985278357949077,0.0030214850886052308,0
Grenada,Costa Rica,1,122.0,-0.0625,-1.4,1.0833333333333335,2.5999999999999996,-0.009496930802297217,67.72916666666666,46.400000000000006,-0.010873895860856308,-0.030758765044479327,0
Barbados,Haiti,1,87.0,-0.4545454545454546,-0.3999999999999999,1.909090909090909,3.0000000000000004,-0.007170393521694094,42.45454545454545,21.999999999999986,-0.009725383092251516,-0.009626740540934606,0
Montserrat,Panama,1,130.0,-0.38888888888888884,-0.20000000000000018,1.3944444444444446,1.6,-0.016289857189817014,82.85555555555554,83.20000000000002,-0.02389741776398946,-0.022507938918190164,0
Dominica,Jamaica,1,125.0,0.0,0.8,0.7424242424242424,1.0,-0.010370762908833974,101.4090909090909,104.2,-0.016188013398266927,-0.01609753908644253,0
Saint Vincent and the Grenadines,El Salvador,1,92.0,1.4285714285714286,2.0,0.2857142857142858,0.6000000000000001,0.0029984337968146438,105.17857142857143,92.80000000000001,0.0005624016171428131,0.004170107506287817,0
Burkina Faso,Sierra Leone,1,-64.0,-0.05228758169934644,0.19999999999999996,-0.7124183006535947,-0.20000000000000018,0.0007189753591771084,-10.006535947712422,-15.400000000000006,0.007308335189407908,0.0021430652680652675,0
Czech Republic,North Macedonia,0,-33.0,1.0,2.2,-1.1538461538461537,-1.4000000000000001,0.006407419260389076,24.15384615384616,49.8,-0.0025093962881196225,-0.01808182471236556,1
Netherlands,Iceland,0,-65.0,0.6201923076923075,1.4000000000000001,-0.08173076923076916,-0.19999999999999996,0.016958714987388816,-13.67307692307692,13.600000000000001,-0.02793744325464266,-0.12818320499843783,1
Poland,Turkey,0,-12.0,0.07692307692307687,1.2000000000000002,-0.6153846153846154,-1.4,-0.013664910858995145,38.6923076923077,48.400000000000006,-0.037126605092394224,-0.018394248261784006,1
Somalia,Botswana,1,53.0,-0.34523809523809523,-0.3999999999999999,0.9523809523809523,1.0000000000000002,-0.003997403432205899,11.19047619047619,-1.7999999999999972,-0.009175581179658799,-0.012126186589273835,0
Guinea-Bissau,Egypt,1,79.0,-1.237373737373737,-0.8,0.601010101010101,1.0,-0.011689331477317341,-13.333333333333329,12.0,-0.007835445005692068,-0.019848152382720658,0
Uganda,Algeria,1,49.0,-1.1944444444444444,-0.8,0.22222222222222232,-0.8,-0.013995562382659154,15.5,59.400000000000006,-0.020810825885163538,-0.0023512137411658765,0
Guinea,Mozambique,1,-34.0,0.4444444444444444,1.6,-0.38888888888888884,-0.8,0.0064165333205957985,-10.777777777777771,5.599999999999994,0.009726935786500216,0.014076173577897054,0
Equatorial Guinea,Malawi,0,-46.0,0.42051282051282046,0.3999999999999999,0.14358974358974352,-0.20000000000000007,0.004690760116355218,-7.353846153846163,-12.799999999999997,0.009063734754737141,0.004612611604905158,0
Ghana,Central African Republic,0,-60.0,-1.2666666666666668,-1.1999999999999997,0.2666666666666666,0.8,-0.0069182607742045345,-34.82222222222222,-82.2,0.0007959854636406822,0.006937128239163393,0
Benin,Nigeria,0,67.0,-0.2941176470588236,-0.3999999999999999,0.2727272727272727,0.0,-0.003899913718723039,5.294117647058826,9.200000000000003,-0.010184666495798526,-0.009488015205135238,0
Chad,Comoros,1,59.0,-0.7333333333333333,-1.2,0.10000000000000009,0.8,-0.008126680461011646,22.89999999999999,31.200000000000003,-0.008113471589129935,-0.01661702519671313,0
Latvia,Faroe Islands,0,3.0,0.15384615384615385,-0.6,0.46153846153846145,0.0,0.0033779761904761917,-11.846153846153854,11.600000000000009,0.0006475797876238465,-0.0037602738582282703,0
Seychelles,Burundi,1,57.0,-0.975,-0.8,0.7250000000000001,1.8000000000000003,-0.010856565970334705,31.650000000000006,39.599999999999994,-0.007176402922786653,-0.006997364006709801,0
Lithuania,Estonia,1,14.0,0.23557692307692313,-0.5999999999999999,-1.2211538461538463,-2.1999999999999997,-0.0025893264227681324,34.75480769230769,92.80000000000001,0.0071392781655342935,0.005870635764124976,0
Brunei,Sri Lanka,0,-10.0,0.06666666666666665,0.20000000000000007,3.333333333333333,2.2,0.0005398110661268556,-6.333333333333343,-3.1999999999999886,-0.0003628851966447884,0.0007155461759042313,1
Andorra,Northern Ireland,1,91.0,-0.6153846153846154,-0.8,0.6153846153846156,0.0,-0.007279865756603938,-12.0,30.999999999999993,-0.020020904688331894,-0.05022217477432594,1
Azerbaijan,Kazakhstan,0,9.0,-0.46153846153846145,-0.19999999999999996,0.3717948717948718,-0.19999999999999996,-0.0016209159807085635,-20.59615384615384,-35.8,-0.009083382916878713,0.024500619939224248,1
Chile,Paraguay,0,-14.0,1.0277777777777777,0.8,0.33333333333333337,0.9999999999999999,0.01490298396774672,12.444444444444443,7.600000000000001,0.013190506364941276,-0.005735736162395632,1
Greece,Malta,0,-121.0,1.1538461538461537,1.2,-1.4615384615384617,-1.9999999999999998,0.012742248062015505,20.92307692307692,16.800000000000004,0.04985788064821066,0.10868101852159083,1
Israel,Belarus,0,-18.0,0.3076923076923077,0.6,-0.03846153846153855,0.8,0.004442141765847023,-4.891025641025635,-44.599999999999994,0.0028918658642151686,0.00740863787375415,1
Moldova,Ukraine,1,131.0,-0.3782051282051282,0.19999999999999996,0.1858974358974359,0.6000000000000001,-0.00984698401916945,8.916666666666664,25.000000000000007,-0.0282460488214737,-0.03355572120661728,1
San Marino,Cyprus,1,86.0,-0.3846153846153846,-0.4,0.2307692307692304,0.7999999999999998,-0.0060388390846366526,6.15384615384616,7.800000000000011,-0.0025741996599231865,-0.0045876559579055495,1
Angola,Cameroon,1,43.0,-0.5,-1.0,-0.5129870129870131,-1.4,-0.00725532204312045,9.324675324675326,21.0,0.0001017694543159163,-0.005568336072288639,0
South Sudan,Sudan,1,40.0,-0.2063492063492064,-0.7999999999999999,1.253968253968254,1.4,-0.0002363080344731719,-24.80952380952381,-40.400000000000006,-0.009448009526882455,-0.012115593364816938,0
Lesotho,Rwanda,1,18.0,0.13970588235294112,0.4,0.3602941176470589,0.19999999999999996,0.00037047028409337244,14.830882352941174,33.2,-0.00793764732848552,-0.009999844259440078,0
South Africa,Zimbabwe,0,-63.0,0.7866666666666668,0.8666666666666667,-0.16000000000000003,0.19999999999999996,0.009081698443400572,-17.266666666666666,-40.46666666666667,0.024610325965305754,0.009570035326971009,0
Cape Verde,Libya,0,-49.0,-0.3717948717948718,-1.8,0.03418803418803429,0.0,-0.0006204141636440806,-22.867521367521363,-42.80000000000001,0.006819448810138535,-0.005584515382029871,0
Mauritius,Eswatini,0,35.0,0.2142857142857142,-0.6,0.0,0.40000000000000013,0.0003940612188034851,27.571428571428584,-11.0,0.0023867555330663055,-0.0023162661093695577,0
Portugal,Republic of Ireland,0,-54.0,2.131868131868132,1.7999999999999998,-0.43956043956043944,0.8,0.024100813075563724,14.92857142857143,11.999999999999996,0.008473990804456571,-0.03315045811844804,1
Zambia,Tanzania,1,-33.0,0.9579831932773109,0.0,0.15546218487394958,0.7999999999999999,0.00916512878119233,10.512605042016801,-59.599999999999994,0.005563576380338683,-0.0010306657822873287,0
Gabon,Gambia,0,-46.0,-0.6666666666666666,-0.3999999999999999,-0.5555555555555556,-0.6000000000000001,-0.007866739147316922,2.7777777777777857,-1.4000000000000057,-0.0017908149099569622,0.009103348090502828,0
Mongolia,Cambodia,0,12.0,-0.8333333333333334,-0.6,1.2083333333333335,0.20000000000000018,-0.004710144927536231,-33.83333333333334,-18.799999999999983,-0.005497234286773981,-0.004156589682940441,1
Madagascar,Mali,1,65.0,-0.7666666666666666,0.40000000000000013,0.2833333333333332,0.0,-0.01044518987903907,26.88333333333334,30.799999999999997,-0.011536445626519894,-0.003062684423874907,0
Guyana,Belize,0,-28.0,1.2222222222222223,0.0,-0.6349206349206349,-0.19999999999999996,0.009542488481395585,-20.126984126984127,-63.80000000000001,0.0067872645220976476,-0.002797469980093752,0
Kuwait,Afghanistan,0,-12.0,0.6727272727272726,-0.19999999999999996,-0.8999999999999999,-0.6000000000000001,0.007067175934917242,-15.963636363636354,-11.599999999999994,0.0036668951445832116,-0.011067067216799837,0
Kenya,Ivory Coast,1,69.0,-0.5029239766081872,0.19999999999999996,0.16374269005847963,0.3999999999999999,-0.010886171127807558,35.39766081871345,65.0,-0.02919064816457888,-0.07733636654745396,0
Qatar,India,0,-87.0,0.8567774936061381,2.0,0.1457800511508951,-0.3999999999999999,0.012622380915129468,-31.818414322250632,-16.200000000000003,0.021509003134042366,0.042846935988742584,0
Japan,Syria,0,-71.0,2.25,0.6000000000000001,-0.24305555555555558,0.20000000000000007,0.033469837186279605,-22.923611111111114,-7.0,0.034014673942371544,-0.0003139613529529947,0
Puerto Rico,Anguilla,0,-49.0,2.0833333333333335,1.5,-0.41666666666666674,-0.3500000000000001,0.012862012106725098,-16.5,-25.400000000000006,0.008353163652348429,0.00847247457482517,0
North Korea,Myanmar,0,-45.0,0.8333333333333334,1.35,-1.5,-4.05,0.0119209109220208,-30.0,23.450000000000003,0.006270757244272711,0.010926610723936851,0
Thailand,Singapore,0,-54.0,0.21111111111111114,-0.4,-0.47777777777777786,-2.0,0.006191950464396285,-44.755555555555546,-63.800000000000004,0.007891894798987567,0.009394891111309023,0
Oman,Kyrgyzstan,1,-23.0,0.34444444444444433,0.3999999999999999,-0.6111111111111112,-0.7999999999999999,0.004380835029994401,-6.63333333333334,11.200000000000003,0.010596296538163347,0.002366680133438683,0
Turkmenistan,Hong Kong,1,-14.0,-0.7222222222222223,0.19999999999999996,0.19444444444444464,0.0,-0.005891300578490253,-17.33333333333333,16.4,-0.000550806106591745,0.0013333333333333335,0
Iran,Uzbekistan,1,-44.0,0.8500000000000001,0.5999999999999996,0.0,0.6,0.005133902295467924,15.049999999999997,-21.60000000000001,0.006117503886836309,0.026880389632531292,0
Cuba,Cayman Islands,0,-27.0,-0.5,-0.6,-0.9166666666666665,0.0,0.00023310056042429896,-91.33333333333333,-93.95,0.001878362833964615,0.0017933243968560348,0
Saudi Arabia,Jordan,1,-18.0,-0.7526315789473685,-2.0,-0.5789473684210527,-0.19999999999999996,-0.009636047918895694,4.223684210526315,-8.200000000000003,-0.008740974317124107,-0.016678113900122363,0
Tajikistan,Pakistan,0,-96.0,0.9732142857142857,0.2,-1.5446428571428572,-3.1999999999999997,0.010337946998240564,-27.23214285714286,-6.200000000000003,0.008669571706946605,0.006898584905660377,0
United Arab Emirates,Bahrain,1,-13.0,0.6235294117647059,0.20000000000000018,-0.4529411764705883,0.20000000000000007,0.004924822851942312,6.520588235294113,-0.5999999999999943,0.005366177810241134,-0.0018311470260982798,0
Yemen,Nepal,1,-22.0,0.4375,0.6,0.02777777777777768,-2.2,0.0048709785134437985,-29.180555555555557,3.5999999999999943,0.00047645627002960815,0.005968208092485549,0
Lebanon,Bangladesh,0,-64.0,0.0,0.0,-0.11764705882352922,-0.8000000000000003,0.002042240587695133,-32.705882352941174,-9.199999999999996,-0.00034024536907791437,0.00022746071133167896,0
Australia,Palestine,0,-69.0,1.1176470588235294,0.7999999999999998,-0.28627450980392155,0.0,0.015050068256961814,-12.674509803921566,-22.200000000000017,0.015780503472556183,0.005581197499161937,0
Indonesia,Philippines,0,-7.0,0.7445887445887446,0.20000000000000007,-0.10389610389610393,-1.2,0.008429080286808919,-13.25541125541126,-12.0,0.002607698794308607,0.011729933352651406,0
Saint Kitts and Nevis,Bahamas,0,-53.0,-0.525,-0.7999999999999999,-1.7999999999999998,-3.0000000000000004,-0.003138062491572585,-15.825000000000003,20.799999999999983,0.0035140277443959193,0.003554489072033703,0
Saint Lucia,Aruba,1,-28.0,0.028571428571428692,0.20000000000000018,-0.6000000000000001,-0.8,-0.00020192736185383267,6.685714285714283,1.5999999999999943,0.00457319089541537,0.005414895879220002,0
Dominican Republic,British Virgin Islands,0,-57.0,0.39393939393939403,-0.5999999999999999,-0.5454545454545454,-0.40000000000000013,0.005342972504286547,-41.651515151515156,-57.000000000000014,0.004129055356668178,-0.0004418521148292359,0
Iraq,Vietnam,0,-57.0,1.046439628482972,1.6,-0.6470588235294117,-1.0,0.01355141857245082,-15.068111455108351,-8.200000000000003,0.019884201356618322,0.015238365039946453,0
Ecuador,Bolivia,0,-54.0,0.36263736263736257,-0.4,-0.7967032967032966,-0.7999999999999999,0.011531315633582853,-4.631868131868131,-11.600000000000001,0.03297355522462983,-0.0008820552374559296,1
United States,Brazil,1,6.0,0.5757575757575759,-0.20000000000000018,-0.6742424242424242,0.19999999999999996,-0.027932367707311445,33.507575757575765,38.8,-0.08722913667110446,-0.2173308270676692,1
Germany,Scotland,0,-23.0,-0.10952380952380936,-0.19999999999999996,0.028571428571428692,-1.2,0.05379299281043269,-40.91904761904762,-56.2,0.23813429188121232,0.4100946507797836,0
Argentina,Guatemala,0,-107.0,1.2014652014652014,-0.3999999999999999,-0.6263736263736264,0.0,0.028524199196199296,-31.216117216117212,-84.2,0.1165763906694513,0.22631383784258957,1
El Salvador,Peru,1,49.0,0.04102564102564099,-0.5999999999999999,0.512820512820513,0.5999999999999999,-0.004090735220883825,23.887179487179488,-2.0,-0.014162387056712593,-0.008848362508200187,1
Italy,Albania,0,-57.0,0.24725274725274726,-0.19999999999999996,0.3076923076923077,-0.8,0.01668976668976669,-37.142857142857146,-59.60000000000001,0.04282922600208912,0.04328339607882885,0
Hungary,Switzerland,1,7.0,-0.2142857142857142,0.8,-0.1428571428571428,0.19999999999999996,0.00022088250080159327,-9.857142857142861,13.200000000000003,0.017171264422497102,0.00720966868863384,0
Colombia,Bolivia,0,-73.0,0.9333333333333335,1.8,-1.0,-1.0,0.0424917209089871,-14.2,-27.2,0.1635419588723774,0.193398148867546,1
Vanuatu,Solomon Islands,0,40.0,-1.4307692307692308,-2.4,1.4538461538461536,2.0,-0.00818902502803461,-13.599999999999994,-17.0,-0.008892364575342208,-0.010364525575626143,0
Spain,Croatia,0,-2.0,1.0,1.2000000000000002,0.1428571428571428,0.6,0.014483591374329079,4.285714285714285,17.000000000000007,-0.02314416155678513,-0.07678370558508882,0
Ecuador,Honduras,0,-51.0,-0.23015873015873023,-1.0000000000000002,-0.3650793650793652,-0.8,0.012887100760002948,-46.72222222222223,-61.0,0.02374688413819577,0.019281751876020353,1
Slovenia,Denmark,1,36.0,0.00952380952380949,0.20000000000000018,0.009523809523809601,0.0,0.0004270635935935338,-1.2714285714285722,13.199999999999996,0.028855183429280194,0.09564356453691233,0
Serbia,England,1,29.0,-0.4285714285714286,0.19999999999999996,0.4285714285714285,0.0,-0.014344624363775232,12.785714285714285,9.0,-0.06481482068747003,-0.03173523653523654,0
Poland,Netherlands,1,21.0,-0.7857142857142856,-1.4,-0.2142857142857142,0.19999999999999996,-0.02261935511644926,25.642857142857146,-4.599999999999994,0.012936492434689424,0.017337189176458108,0
Panama,Paraguay,1,-11.0,1.0714285714285714,1.4000000000000001,0.14761904761904765,0.3999999999999999,0.012247085093560867,21.94761904761905,47.2,0.013715182901046691,0.0014838325174888825,1
Tahiti,Samoa,0,-19.0,-0.5952380952380949,-0.5999999999999996,0.04761904761904767,-0.19999999999999996,-0.003446529159872362,0.3809523809523796,-2.8000000000000114,0.0022699848286916145,0.0015801902569499808,0
Fiji,Papua New Guinea,0,2.0,0.34285714285714275,0.5999999999999999,-1.1714285714285715,-0.19999999999999996,0.002843555900621118,-14.714285714285722,-25.19999999999999,0.0033590150324573987,0.003964463517632793,0
Austria,France,1,23.0,-0.6428571428571428,1.0,0.0714285714285714,-0.6,-0.009736131867151422,-1.2857142857142918,-18.8,-0.01953296794022341,0.06666552382378459,0
Romania,Ukraine,0,24.0,-0.2857142857142856,-1.0,-0.4999999999999999,-0.19999999999999996,-0.011939954874061793,29.64285714285714,9.200000000000003,-0.016036594507023494,0.015868132188968542,0
Belgium,Slovakia,1,-45.0,0.5,0.19999999999999973,-0.2142857142857143,-0.4,0.017324743174340036,-23.285714285714285,-6.199999999999989,0.05476311197349942,0.05294201977352336,0
Turkey,Georgia,0,-35.0,-0.8846153846153846,-1.0,0.03296703296703285,0.8,-0.0016960041115251165,-23.543956043956044,-25.800000000000004,0.05512832725932411,0.003770841670001329,0
Portugal,Czech Republic,0,-30.0,1.1238095238095238,-0.6000000000000001,-0.19047619047619047,0.8,0.019134204973010646,-13.628571428571433,-65.0,0.007295760847505647,0.007460451511726744,0
New Zealand,Solomon Islands,0,-28.0,-1.642857142857143,-1.0,0.7142857142857143,0.0,-0.002412907115276964,-123.7142857142857,-125.0,-0.0040690525267743655,-2.4515693577682393e-05,0
Scotland,Switzerland,1,20.0,-0.4666666666666668,-0.8,0.9333333333333333,2.0,0.00274696523231107,-24.53333333333334,20.6,0.005244136367347312,-0.0489218471868384,0
Germany,Hungary,0,-10.0,0.016666666666666607,0.6000000000000001,0.6958333333333333,-0.4,0.06279295296589624,-51.608333333333334,-35.0,0.22512565800317758,0.4057580066991831,0
Croatia,Albania,1,-56.0,0.2333333333333334,0.40000000000000013,0.014285714285714346,-0.19999999999999996,0.015780026431544275,-32.61428571428571,-46.2,0.07203845449475357,0.1219129277342217,0
Fiji,Samoa,0,-13.0,-1.0892857142857144,0.5999999999999999,0.5178571428571429,0.3999999999999999,-0.0048041070732928945,-23.821428571428584,-32.79999999999998,-0.001003295432712551,0.0022183280982271906,0
Papua New Guinea,Tahiti,1,4.0,-1.6818181818181817,-1.0,2.1931818181818183,2.0,-0.009183146978422568,-13.863636363636374,-8.800000000000011,-0.010335749247035543,-0.010253500050108999,0
Spain,Italy,0,-2.0,1.0666666666666667,1.8000000000000003,-0.2666666666666667,0.6,0.017936647393353676,2.0,0.6000000000000014,0.027301520088916398,0.058785397220401464,0
Slovenia,Serbia,1,25.0,0.14583333333333326,0.20000000000000018,-0.19166666666666665,0.0,-0.004538147886771742,19.35,22.599999999999994,0.02897458437061834,0.07572313936049614,0
Denmark,England,1,16.0,-0.33333333333333326,0.40000000000000013,0.2666666666666667,-0.20000000000000007,-0.019552593585233754,32.666666666666664,19.4,-0.06659822411105473,-0.02282221445715287,0
Argentina,Canada,0,-47.0,0.6703296703296702,1.2,-1.1758241758241756,-1.2000000000000002,0.011861058919882449,-0.7032967032967008,12.399999999999999,0.059952183661957634,0.1262698218746606,0
Poland,Austria,1,1.0,-0.4666666666666668,0.0,0.19999999999999996,0.19999999999999996,-0.016339209205533112,21.799999999999997,16.800000000000004,-0.031676271748430844,-0.004303663336795993,0
Netherlands,France,1,5.0,-0.3333333333333335,1.6,0.4666666666666667,-0.20000000000000007,-0.003112210737606265,-3.4666666666666686,-4.0,-0.0628382442888257,0.010389962881704413,0
Slovakia,Ukraine,1,21.0,0.2666666666666666,0.6000000000000001,-0.5333333333333333,-0.7999999999999999,-0.002190977661428721,17.06666666666667,-0.6000000000000014,0.04553485849090343,0.20325387740687043,0
Vanuatu,New Zealand,1,63.0,0.06818181818181823,0.19999999999999996,0.7159090909090908,1.9999999999999998,-0.008486331080399475,96.67045454545453,83.20000000000002,-0.00402423196688367,-0.008326324642556773,0
Peru,Chile,1,-9.0,-0.978021978021978,0.0,0.14835164835164827,-0.4,-0.014829331071397236,-7.626373626373621,51.8,-0.008768607721501419,-0.0003247900477503854,0
Turkey,Portugal,1,36.0,-1.5875,-1.0,0.8458333333333334,0.6000000000000001,-0.010144927536231883,-25.3125,-11.600000000000001,0.027275043269594013,-0.006280510018214936,0
Belgium,Romania,0,-44.0,0.7333333333333336,0.19999999999999996,0.0,-0.20000000000000007,0.02064336909962255,-27.73333333333334,-25.0,0.03585700878181574,0.05198528587429822,0
Fiji,Tahiti,0,5.0,0.11111111111111116,2.8000000000000003,0.6666666666666666,0.7999999999999999,0.0026708850762147684,-22.111111111111114,-19.0,-0.0034956678316375653,0.0025904908359601266,0
Georgia,Czech Republic,1,40.0,0.2190476190476187,-1.4,0.7095238095238094,0.19999999999999996,0.009220144514262153,-16.36666666666666,-26.800000000000004,-0.014742491572195694,-0.011918996334109859,0
Ecuador,Venezuela,1,-24.0,0.2666666666666666,0.3999999999999999,0.2833333333333333,0.4,0.008855636694891204,-6.299999999999997,14.0,-0.010148951956762318,-0.01183492951068274,0
Mexico,Jamaica,0,-38.0,0.11478260869565204,0.0,0.10956521739130443,0.8,0.012886730791039084,-31.273043478260874,-64.19999999999999,0.00665579181646269,-0.0023578431372549037,0
Samoa,Papua New Guinea,1,16.0,1.6666666666666665,1.4,-0.7916666666666665,0.0,0.0093802445456725,10.333333333333343,13.799999999999983,0.004685739110506704,0.007332750918185094,0
Germany,Switzerland,1,-3.0,-0.23529411764705888,0.20000000000000018,0.5955882352941178,0.0,0.06081007115489875,-58.279411764705884,-26.4,0.2250218234048597,0.10879185121199282,0
Scotland,Hungary,1,12.0,-0.0625,-0.19999999999999996,0.8125,0.40000000000000013,0.004860200961118395,-13.75,19.599999999999994,0.0003925336204521415,0.003186008705210226,0
United States,Bolivia,0,-73.0,1.660326086956522,0.5999999999999999,-0.8994565217391305,-0.3999999999999999,0.023224788008326006,18.048913043478258,-24.199999999999996,0.03661543992284395,0.08686777920410783,0
Uruguay,Panama,0,-29.0,0.5769230769230771,1.0,-0.27622377622377614,-0.7999999999999999,0.020499296765119555,-18.884615384615387,-53.2,0.32781750713024865,0.6464374449080331,0
Albania,Spain,1,58.0,-1.2166666666666666,-1.5999999999999999,0.1791666666666667,0.3999999999999999,-0.0326654697214617,26.391666666666666,19.4,-0.07822506215378632,-0.1435502747807118,0
Croatia,Italy,1,-1.0,0.0625,1.2000000000000002,-0.125,1.2000000000000002,0.00016380016380016654,1.625,-6.799999999999997,0.028043286142515833,0.08683876596218812,0
Colombia,Paraguay,0,-46.0,1.2045454545454546,2.8,-0.13068181818181823,0.19999999999999996,0.04391918492039746,-14.625,-2.0,0.14880251494343905,0.16780601552660374,0
Brazil,Costa Rica,1,-48.0,0.592760180995475,-0.6000000000000001,0.12669683257918551,0.5999999999999999,0.05122585209794511,-42.44796380090498,-75.6,0.11278530515277893,0.2574834114981898,0
Denmark,Serbia,1,-11.0,0.125,0.6000000000000001,-0.1875,0.0,-0.004325359483598305,18.0,6.600000000000001,0.011362459951170488,0.05241040189125294,0
England,Slovenia,1,-52.0,0.2977941176470589,0.0,-0.25735294117647056,0.0,0.01850413360705765,-28.38602941176471,-6.800000000000004,0.03612628954336705,-0.0243997874522605,0
Netherlands,Austria,1,-18.0,0.125,-0.19999999999999973,0.25,-0.4,0.004060329662083854,-2.1875,10.399999999999999,-0.010281045534617061,0.0730788885300163,0
France,Poland,1,-24.0,1.0,0.0,-0.5,-0.9999999999999999,0.025198016808755063,-19.0,17.4,0.06321642314042082,0.02866604823747681,0
Chile,Argentina,1,39.0,-0.6952380952380952,-1.0,0.5904761904761904,0.4,-0.011770199477593425,-0.6809523809523839,-26.60000000000001,-0.08649411865789342,-0.02938801416623997,0
Peru,Canada,1,-17.0,-0.8333333333333334,0.5999999999999999,-0.5,-1.6,-0.01418763037561993,-4.314285714285717,60.0,-0.03473320737342339,-0.08179355208086551,0
Slovakia,Romania,1,-2.0,0.375,1.2000000000000002,0.125,-0.4,0.006720304434106296,-7.125,-2.3999999999999986,0.04819822275614027,0.19722215927966805,0
Ukraine,Belgium,1,21.0,-0.625,-0.40000000000000013,0.6875,0.7999999999999999,-0.011492765341438775,1.4375,6.600000000000001,-0.027929347847494984,-0.06514570244825736,0
Georgia,Portugal,0,68.0,-0.9764705882352938,-1.2000000000000002,0.9529411764705883,0.0,-0.010736579275905114,-6.20392156862745,13.800000000000004,-0.027729539959482224,-0.025194208831073418,0
Czech Republic,Turkey,1,-8.0,0.5,1.6,-0.6875,-1.2,-0.009033827215645399,37.875,54.199999999999996,-0.036156232689412336,-0.008932116692377663,0
Ecuador,Jamaica,0,-23.0,-0.25,0.0,-0.1875,0.19999999999999996,0.009601319862571012,-37.1875,-34.2,0.02139217720028448,-0.006593800269553498,0
Venezuela,Mexico,0,39.0,-0.5769230769230769,0.0,-0.5769230769230769,-1.0,-0.008833906319085386,-4.692307692307693,7.599999999999994,0.029114601702650025,0.016720136853322205,0
Vanuatu,Fiji,0,4.0,-1.5499999999999998,-2.6,1.05,2.5999999999999996,-0.009908120060009271,-6.283333333333331,-18.19999999999999,-0.004541386963751676,-0.010690781159232464,0
New Zealand,Tahiti,0,-54.0,-0.9888888888888889,0.20000000000000018,0.5222222222222224,-0.19999999999999996,0.004542160914604692,-106.82222222222222,-86.19999999999999,-0.00045219221915919136,0.005087196175331201,0
United States,Panama,1,-32.0,0.8550724637681162,0.6000000000000001,-0.25543478260869557,0.19999999999999996,0.016699365446631562,-5.923913043478265,-56.6,0.02273581128025286,0.09034449760765549,0
Uruguay,Bolivia,0,-70.0,1.495798319327731,1.8000000000000003,-1.03781512605042,-1.2000000000000002,0.027599115194827287,9.80252100840336,0.20000000000000284,0.32266897234477254,0.06405707201943563,0
Colombia,Costa Rica,0,-40.0,0.65359477124183,1.1999999999999997,-0.6274509803921567,0.20000000000000007,0.03640404659717965,-31.781045751633997,-26.800000000000004,0.13437632844838612,0.08941919714594301,0
Paraguay,Brazil,1,54.0,-1.0595238095238093,-1.2000000000000002,-0.511904761904762,0.0,-0.0457648370019504,15.452380952380949,12.0,-0.10119843076939875,-0.27030178155178153,0
Switzerland,Italy,0,9.0,0.2941176470588236,1.2,-0.11764705882352944,0.20000000000000007,-0.008159802237398917,26.647058823529413,6.399999999999999,-0.03560224255658266,0.009161937564376589,0
Germany,Denmark,0,-5.0,0.07516339869281063,0.6000000000000001,0.6209150326797386,-0.20000000000000007,0.0631434554061149,-56.84640522875817,-2.400000000000002,0.19721479700570993,-0.014668188256934056,0
Argentina,Peru,0,-30.0,1.5625,1.2000000000000002,-0.75,0.0,0.026364849808606636,6.125,-18.799999999999997,0.09389830443690883,0.04354266939750811,0
Canada,Chile,1,8.0,0.0,-1.0,0.5333333333333332,0.3999999999999999,-3.467778036985239e-05,0.06666666666666288,-3.400000000000002,0.030782805226376702,0.0990639400921659,0
England,Slovakia,0,-40.0,0.23529411764705888,-1.2000000000000002,-0.23529411764705876,-0.19999999999999996,0.014578809265291353,-21.411764705882355,-11.200000000000003,0.011206401446329908,-0.18847960943493242,0
Spain,Georgia,0,-66.0,0.4595588235294117,1.6,-0.8529411764705882,-0.8,0.013809110339300025,-7.915441176470587,24.799999999999997,0.05660156342818577,0.022433209592800457,0
Tahiti,Fiji,0,-5.0,-0.2727272727272725,-2.6,-0.18181818181818188,0.5999999999999999,-0.0027065920340118826,12.818181818181813,-4.800000000000011,0.001166133646551569,-0.007080135664143117,0
Vanuatu,New Zealand,1,63.0,-0.6538461538461539,-1.4,1.0538461538461537,2.5999999999999996,-0.013982602874485169,72.18461538461538,27.0,-0.0051815576337423015,-0.008519710788402548,0
Mexico,Ecuador,1,-15.0,0.23965141612200425,-1.0,0.24400871459694984,0.40000000000000013,-0.0001739972734447863,8.3355119825708,-12.600000000000001,-0.014627210176356462,-0.00731707317073171,0
Jamaica,Venezuela,1,-1.0,0.4085714285714286,0.19999999999999996,0.6285714285714286,0.3999999999999999,-0.0045229561358593635,33.42,46.199999999999996,-0.04863139221725344,-0.04857446257446259,0
France,Belgium,0,-1.0,0.41176470588235325,-0.3999999999999999,0.11764705882352944,0.0,0.0089930426383905,-1.941176470588232,-16.400000000000006,0.02351003891899031,0.034674649565227075,0
Portugal,Slovenia,1,-51.0,1.3333333333333333,0.8,-0.11111111111111116,0.19999999999999996,0.019588107550015717,-3.1111111111111143,-2.8000000000000043,-0.027988781971790104,-0.023546856599329646,0
United States,Uruguay,1,-3.0,-0.05333333333333368,-1.2000000000000002,0.18666666666666676,1.0,-0.007205457153520667,8.0,-14.599999999999998,-0.2678337135398069,0.019343214924610275,0
Bolivia,Panama,1,41.0,-0.8888888888888888,-1.4000000000000001,0.875,1.5999999999999999,-0.007349305479710477,-25.861111111111107,-65.6,-0.025047986723577158,-0.06187012987012987,0
Romania,Netherlands,1,40.0,-0.8823529411764706,-1.5999999999999999,-0.47058823529411764,-0.20000000000000007,-0.027228344260008374,28.470588235294123,35.8,-0.023347510551617184,-0.10688989343979882,0
Austria,Turkey,1,-17.0,0.6470588235294117,0.6000000000000001,-0.7058823529411764,-0.19999999999999996,0.00817206245855187,6.647058823529413,-13.0,0.028424644697866736,0.08963006171674903,0
Brazil,Colombia,1,-8.0,-0.033333333333333215,-1.0,0.7333333333333333,0.5999999999999999,0.006616547964477276,-4.266666666666666,-21.6,-0.04114483050333455,0.003409041938453705,0
Costa Rica,Paraguay,0,-6.0,0.43724696356275294,0.7999999999999999,0.2672064777327936,-1.2000000000000002,0.00166668294286728,21.793522267206477,43.400000000000006,0.009208627192881867,0.05127990851513018,0
Argentina,Ecuador,1,-29.0,0.8986928104575163,0.19999999999999996,-0.65359477124183,-0.8,0.010357657307091022,11.271241830065357,-6.199999999999996,0.06917058839609785,0.032735248224452465,0
Germany,Spain,1,8.0,-0.9853801169590644,-0.3999999999999999,0.7017543859649124,0.19999999999999996,0.03535580602664102,-34.356725146198826,-15.600000000000001,0.13667863024974247,-0.055858912458768256,0
Portugal,France,1,4.0,0.45321637426900585,1.0,0.07309941520467833,0.39999999999999997,-0.006773168530368259,19.897660818713447,31.799999999999997,-0.10667123355699162,-0.219884216034592,0
Venezuela,Canada,1,6.0,-0.17500000000000004,1.2,-0.7791666666666667,-0.6,-0.0007161670468122071,-5.37916666666667,26.8,0.010536766795902923,-0.05118223214084444,0
England,Switzerland,1,-14.0,0.0,-0.8,-0.2222222222222222,-0.20000000000000007,0.011287676201523725,-20.944444444444443,22.400000000000002,0.0471449185359648,-0.0641573952363426,0
Netherlands,Turkey,0,-35.0,0.7222222222222221,0.6000000000000001,-0.4444444444444444,-0.8,0.009735418385988674,6.55555555555555,1.1999999999999957,-0.009223300557084702,0.09288080338518383,0
Uruguay,Brazil,1,10.0,0.5,0.8,-0.6875,-0.8,-0.014382124425792543,19.5,11.399999999999999,0.19953453850893824,0.030448487625712978,0
Colombia,Panama,0,-31.0,0.22947368421052627,0.9999999999999998,-0.4357894736842106,-0.7999999999999999,0.03072805488112891,-31.338947368421053,-26.0,0.12425226386000932,0.06837068408265165,0
Spain,France,0,6.0,0.42105263157894735,1.6,0.10526315789473684,0.2,0.004310987991514262,4.157894736842103,21.800000000000004,-0.04376467877831512,-0.11889805239805246,0
Argentina,Canada,0,-47.0,0.7581699346405228,1.6,-1.0163398692810457,-0.19999999999999996,0.013646328288072836,1.088235294117645,25.799999999999997,0.05407566484362991,-0.06898148148148149,0
Netherlands,England,1,2.0,0.368421052631579,0.8,0.47368421052631593,0.4,0.006709542054369647,0.8947368421052602,-6.199999999999999,-0.028835103672749524,0.09340619440283493,0
Uruguay,Colombia,1,2.0,0.16764705882352948,-0.19999999999999973,-0.002941176470588225,-0.2,-0.012668948724282737,12.579411764705881,-17.2,0.1523428139036435,0.07560334189137435,0
Canada,Uruguay,1,34.0,-0.7222222222222223,-1.4,0.6666666666666666,0.6,-0.020016773354328554,5.888888888888893,-5.400000000000002,-0.23864138104691118,-0.09758325764702358,0
Spain,England,0,3.0,0.75,0.8,0.04999999999999993,-0.20000000000000007,0.012147133391567415,3.450000000000003,3.8000000000000007,0.06736666792567314,0.29209250090829036,0
Argentina,Colombia,0,-11.0,0.20050125313283207,-0.7999999999999998,-0.355889724310777,-0.2,-0.019870576702336697,21.16290726817042,5.199999999999996,-0.05152863072931134,-0.06267241497756024,0
Guatemala,El Salvador,1,26.0,0.2670454545454546,1.4000000000000001,-0.625,-0.19999999999999996,0.0018909521211517566,11.494318181818187,26.200000000000003,0.0051306495147997,0.0042772087290182306,1
Jordan,North Korea,1,-42.0,-0.15000000000000036,1.0,0.75,0.0,0.0035598367876848863,-21.049999999999997,16.0,0.011854601656871293,0.009315183948203076,1
Jordan,North Korea,0,-42.0,0.11904761904761907,0.7999999999999998,0.8095238095238096,-0.39999999999999997,0.004469453128905603,-13.76190476190476,31.200000000000003,0.010964876735767447,0.008192189295796664,1
Guatemala,Uruguay,1,96.0,-1.0869565217391304,0.6000000000000001,0.26315789473684215,0.6,-0.03438144053447338,37.757437070938224,89.0,-0.2649760062873579,-0.10814161281552584,1
Fiji,Solomon Islands,0,12.0,0.15000000000000013,2.5999999999999996,0.33333333333333326,-0.6000000000000001,0.0015046723572082928,-7.01666666666668,13.400000000000006,-0.0030842245612163147,0.0058346544615027135,0
Fiji,Hong Kong,1,-6.0,0.9254385964912282,3.0,-0.45614035087719307,-1.2,0.002692741427469626,47.30263157894737,89.00000000000001,0.005289308685125874,0.009257481634329885,0
India,Mauritius,1,-55.0,-0.04444444444444451,-0.4,-0.06666666666666665,-0.19999999999999996,0.0011075191570881215,-25.422222222222217,-32.0,-0.0011221132719402716,-0.003073520279415101,0
Comoros,Gambia,1,-13.0,-0.0625,-0.19999999999999996,-0.6875,-1.8000000000000003,-0.0040196142530238635,21.974999999999994,20.599999999999994,0.003938330589585162,0.019035682394746477,0
Lebanon,Tajikistan,0,13.0,-0.2941176470588236,0.19999999999999996,0.09803921568627438,0.6000000000000001,-0.002823682896986932,0.03921568627450256,-6.0,-0.00310810662589861,-0.0014391007829574597,0
Malaysia,Philippines,0,-13.0,1.4880952380952381,0.20000000000000007,-0.11904761904761907,-0.5999999999999999,0.015198132821631308,-10.94047619047619,-28.60000000000001,0.007367664995415904,0.009316341829085457,0
Libya,Rwanda,1,-14.0,0.761904761904762,1.0,0.2936507936507936,0.6,0.006544942733610864,8.531746031746025,27.60000000000001,-0.0018539324514252643,-0.004476848903356104,0
Gibraltar,Andorra,0,34.0,-0.2857142857142857,-0.2,1.5,-0.20000000000000018,-0.004376367614879649,-10.285714285714292,11.0,-0.00016489262248797114,0.0034482758620689655,1
Tanzania,Ethiopia,1,-30.0,-0.15000000000000002,0.0,-0.35,-1.2,0.0005795222379380788,-31.433333333333323,-20.0,0.006127269866499825,0.007792392211431919,0
Cayman Islands,British Virgin Islands,0,-12.0,-0.34285714285714275,0.0,0.7142857142857144,0.6000000000000001,-0.0020850708924103414,3.114285714285728,9.0,0.0006150522530468296,0.00214122933889811,0
Turks and Caicos Islands,Anguilla,1,-3.0,0.2666666666666666,0.19999999999999996,-1.1666666666666667,-1.4,0.0010894352999616156,21.900000000000006,20.599999999999994,0.0004661568890042037,0.0009477377813681513,0
Sudan,Niger,0,-4.0,0.19999999999999996,0.8,-0.3999999999999999,-1.0,0.0008325695080965475,13.099999999999994,34.60000000000001,0.010340123591792014,0.014538749717582821,0
Central African Republic,Lesotho,0,-21.0,1.6777777777777776,2.0,0.07777777777777772,0.19999999999999996,0.014243673270398438,6.0,6.200000000000003,0.00502827331128061,0.0024753764079370726,0
Hong Kong,Solomon Islands,0,18.0,-0.6625000000000001,0.19999999999999996,0.75,0.3999999999999999,-0.0007743239441658951,-51.4875,-63.400000000000006,-0.007485159213570489,-0.0008656376303435125,0
Bhutan,Bangladesh,1,-2.0,-0.07777777777777783,0.39999999999999997,0.7333333333333332,-0.20000000000000018,-0.0015808441947917163,30.133333333333354,73.79999999999998,-0.0026444579191437067,0.005427680427680427,1
Vietnam,Russia,1,82.0,-1.6587301587301588,-2.0,1.150793650793651,1.7999999999999998,-0.02312934415407914,20.253968253968253,14.400000000000006,-0.02472423281951726,-0.025403815944311087,1
Sri Lanka,Cambodia,1,25.0,-0.5,-0.20000000000000007,-0.22222222222222232,-1.2000000000000002,-0.003003325642848937,4.2777777777778,15.599999999999994,-9.056209430752336e-05,0.0026136808028453832,0
Tunisia,Madagascar,0,-64.0,-0.1357466063348416,-1.2,-0.47058823529411764,-0.6,0.0022711476329255326,-35.52488687782805,-26.0,0.013959233237584584,0.015045186060483013,0
Algeria,Equatorial Guinea,0,-42.0,0.6973684210526316,1.2000000000000002,-0.052631578947368474,1.2000000000000002,0.008844764847989602,-10.30263157894737,-14.599999999999994,0.008885087698610048,0.008794803871287686,0
Guinea-Bissau,Eswatini,0,-41.0,0.16666666666666674,-0.6,0.3666666666666667,0.20000000000000018,0.005018809679788776,-38.46666666666667,-77.2,0.008589443158408674,0.002744311709828952,0
Malawi,Burundi,1,-13.0,-0.7698412698412699,-1.0,-1.2936507936507937,-1.2,-0.006841272997566495,-2.6666666666666714,-26.400000000000006,0.0012309308954505816,-0.00037459709804074474,0
Guyana,Suriname,1,14.0,0.3166666666666669,-1.0,0.3833333333333333,1.0,0.002646593605242345,-4.791666666666657,-42.400000000000006,0.0015845692584673353,-0.00545742155284706,0
Montserrat,El Salvador,1,95.0,0.3941176470588236,0.6000000000000001,0.9705882352941178,2.0,-0.0016380163801638006,63.147058823529406,18.19999999999999,-0.0035946071933766633,-0.005414665792449273,0
Portugal,Croatia,0,-4.0,0.9941176470588238,-0.6000000000000001,-0.23235294117647054,-0.7999999999999999,0.005941700122185374,17.400000000000006,10.400000000000002,-0.02787895888054906,0.002735197677989465,0
South Korea,Palestine,1,-73.0,1.325657894736842,1.2000000000000002,-0.29276315789473684,-0.5999999999999999,0.02070585448659745,-18.19736842105263,-19.799999999999997,0.022922686478431167,0.027567716105296406,0
Ghana,Angola,1,-26.0,0.25,1.8000000000000003,0.592391304347826,1.4,0.003131453095966935,-2.328804347826093,-6.0,0.00020152858887930586,0.01655775625528299,0
Qatar,United Arab Emirates,1,-35.0,-0.02777777777777768,-0.20000000000000018,0.41666666666666663,0.0,0.0036650180233045553,-21.6388888888889,-6.599999999999994,0.012049849120612757,0.006234257971704075,0
Bolivia,Venezuela,0,52.0,-0.555921052631579,-0.9999999999999999,1.4901315789473686,2.8000000000000003,-0.008364548996104285,-9.631578947368418,-28.599999999999998,-0.054819243947214616,-0.07733927323549963,0
Serbia,Spain,1,29.0,-1.0896358543417368,-1.2000000000000002,0.2857142857142857,0.0,-0.028868389621610632,11.599439775910362,-5.800000000000001,-0.15939916627606815,-0.4394442135231609,0
Azerbaijan,Sweden,1,82.0,-0.6696832579185521,0.0,0.316742081447964,0.0,-0.009208049948716927,-2.2217194570135774,40.00000000000001,-0.009390796665434787,-0.0029002567773796714,0
Estonia,Slovakia,1,79.0,-0.9607843137254902,-0.20000000000000018,1.4052287581699345,1.6,-0.011934206028432969,-11.558823529411768,54.199999999999996,-0.07347573753445559,-0.21897384211126267,0
Northern Ireland,Luxembourg,0,-10.0,0.0714285714285714,0.3999999999999999,-0.6428571428571428,-0.6000000000000001,-0.0005996576499961836,9.57142857142857,-15.0,0.007629263193142506,0.04480517769795124,0
Belarus,Bulgaria,1,17.0,-0.0714285714285714,-0.8,0.357142857142857,1.2,-0.0025786405279005697,13.785714285714292,19.60000000000001,-0.0005370482306948175,-0.014688001640106349,0
San Marino,Liechtenstein,0,11.0,0.2142857142857143,0.39999999999999997,0.4285714285714284,0.8,0.002446963477757984,11.285714285714278,11.599999999999994,-0.001592096465915559,-0.0044578701045635645,0
Argentina,Chile,0,-42.0,0.6749999999999998,0.3999999999999999,-0.5625,-0.6000000000000001,0.014011850657623476,-1.6000000000000014,4.600000000000001,0.0853232165102675,0.0821889400921659,0
Scotland,Poland,1,20.0,-0.0588235294117645,-0.40000000000000013,0.588235294117647,0.19999999999999996,0.0060331319183980735,-17.352941176470587,46.0,-0.032290013075066036,-0.1255120579340329,0
Uzbekistan,North Korea,0,-49.0,0.09523809523809534,0.6000000000000001,-0.09523809523809523,-0.4,0.0038131925821876037,-11.857142857142847,24.599999999999994,0.01600512716753026,0.012072556750692832,0
Iran,Kyrgyzstan,0,-82.0,1.681547619047619,1.7999999999999998,-0.8630952380952381,-0.3999999999999999,0.017087057376198735,0.2232142857142918,20.60000000000001,0.023295879132191562,0.008707913686403614,0
Iraq,Oman,0,-21.0,0.8868421052631579,1.4000000000000001,-0.05263157894736836,0.4,0.010363795898447926,-3.310526315789474,7.799999999999997,0.009963772188396666,0.0034264598479617075,0
Denmark,Switzerland,0,6.0,-0.3391812865497075,-0.6000000000000001,0.04678362573099415,0.19999999999999996,-0.006816887650161238,5.8859649122806985,12.2,-0.010907854261579267,-0.07818039882849513,0
Jordan,Kuwait,1,-68.0,0.5735930735930737,2.4,0.4069264069264069,-0.9999999999999999,0.010379122784430445,-25.019480519480524,25.80000000000001,0.011657383046047671,0.022104608631479238,0
Australia,Bahrain,1,-56.0,1.0873015873015872,1.0,-0.4841269841269842,-0.4,0.01570051198988904,-19.531746031746025,-12.0,0.012391834325978547,0.009022996311079041,0
Saudi Arabia,Indonesia,1,-77.0,-0.12337662337662336,0.19999999999999996,-0.5887445887445888,0.4,0.0004450660610860607,-11.458874458874462,-8.199999999999989,0.005057122967743868,0.0024888204852290437,0
Syria,Mauritius,0,-86.0,0.30147058823529416,1.0,0.41176470588235303,0.40000000000000013,0.0061787034618155335,-44.19117647058823,-53.39999999999999,0.001716581598800549,0.008795123848887289,0
Brunei,Macau,0,5.0,0.5476190476190477,0.8,1.547619047619048,-0.3999999999999999,0.003197621899402464,3.1190476190476204,10.599999999999994,0.005687492388259652,0.008169528681037631,0
Morocco,Gabon,0,-69.0,0.3125,-0.5999999999999999,-0.8374999999999999,-1.0,0.005747693928098284,-14.125,-0.4000000000000057,0.1990052418759283,0.008162724502353525,0
Togo,Liberia,1,-22.0,-0.10909090909090913,-0.6,-0.5,0.7999999999999999,0.0004522062446976876,-12.972727272727269,-59.20000000000002,0.009766367142141102,0.0032382390775157165,0
Sierra Leone,Chad,1,-56.0,0.6285714285714286,0.6,0.3285714285714285,1.2000000000000002,0.008323078860929974,-32.885714285714286,-71.2,0.0016423104528119755,-0.0004288545653362494,0
Ivory Coast,Zambia,0,-54.0,0.40555555555555567,0.7999999999999999,-0.0444444444444444,-0.3999999999999999,0.006735070495312618,-11.916666666666671,1.8000000000000114,0.023589625942638748,0.07524603399021211,0
South Africa,Uganda,1,-38.0,0.423076923076923,0.6000000000000001,-0.3846153846153847,0.0,0.005311766288397574,-9.923076923076934,-43.2,0.026878877977024054,0.00885787082946305,0
Mali,Mozambique,1,-51.0,0.4967105263157894,-0.19999999999999996,-0.7236842105263157,-0.6000000000000001,0.005372523342595843,-2.381578947368425,-10.600000000000009,0.009719408834599475,-0.00222755127090056,0
Kenya,Zimbabwe,1,-21.0,0.8,1.3,-0.5,-0.5,0.006421496176478689,15.299999999999997,2.5999999999999943,0.006035921779677354,0.006861143242722188,0
Saint Lucia,Curaçao,0,84.0,0.13636363636363646,-1.0,-0.6022727272727273,-0.19999999999999996,-0.005844584595068416,73.2840909090909,27.400000000000006,-0.0010075544891489773,-0.008020278725588009,0
Senegal,Burkina Faso,1,-48.0,0.7222222222222221,0.3999999999999999,-0.7222222222222223,-1.6,0.00812264457326034,-0.055555555555557135,-10.400000000000006,0.06816611823174158,0.024648526077097502,0
Jamaica,Cuba,1,-108.0,0.7307692307692308,0.0,-0.653846153846154,-1.2,0.01058702034932935,-14.07692307692308,-19.799999999999997,0.013513038704928667,-0.0002055030967610923,0
DR Congo,Guinea,0,-17.0,-0.6842105263157894,-1.7999999999999998,-0.5388471177944862,-0.6,-0.006420508541362445,-7.781954887218049,-47.2,0.0015790461214991725,0.006613071359306839,0
Honduras,Trinidad and Tobago,0,-21.0,-0.16985645933014348,-0.20000000000000018,-0.14593301435406714,0.40000000000000013,0.00011283425320532739,-10.834928229665067,-45.400000000000006,-0.003939812096991357,-0.0023927896544009303,0
Egypt,Cape Verde,0,-29.0,0.8421052631578947,0.5999999999999999,-0.10526315789473684,0.5999999999999999,0.007999387407989523,6.05263157894737,-21.80000000000001,-0.00233548596618122,0.0005018209463294211,0
Wales,Turkey,1,4.0,-0.24060150375939848,-0.6000000000000001,-0.5075187969924813,-0.40000000000000013,-0.02054473304473305,38.31578947368421,46.4,-0.005955979581999692,-0.02673201258724906,0
Puerto Rico,Haiti,1,72.0,1.25,1.0,-0.019230769230769162,-0.6000000000000001,0.0025612815644798694,53.76282051282051,50.39999999999999,-0.0021439023934311293,-0.0023998546763509213,0
Belgium,Israel,0,-72.0,0.7136752136752136,-0.6000000000000001,-0.829059829059829,-1.4,0.021451804823226603,-27.047008547008552,-38.800000000000004,0.053210590182524636,0.017972257598619402,0
France,Italy,1,-8.0,0.6444444444444446,-0.20000000000000007,-0.40555555555555556,-0.4,0.014006852897428514,-0.2277777777777814,-25.200000000000003,0.07882347474409464,0.2301758301758302,0
Slovenia,Austria,1,30.0,-0.5321637426900585,-1.0,-0.1549707602339181,-0.7999999999999999,-0.019324281143698458,20.271929824561404,10.2,-0.015038966109139781,-0.027800743169322753,0
Iceland,Montenegro,0,-2.0,0.3739495798319328,0.6000000000000001,-0.10084033613445365,-0.20000000000000018,0.005684211336111807,-0.08403361344537075,-17.0,0.03815368901719887,0.15075541795665634,0
Samoa,American Samoa,0,5.0,1.666666666666667,0.7333333333333333,-7.111111111111111,-6.2,0.009759042647330166,-1.1111111111111143,2.866666666666646,0.007096398571052949,0.006304467733039163,0
Kazakhstan,Norway,1,59.0,-0.5,-0.6000000000000001,0.2857142857142856,0.5999999999999999,-0.013468344655776288,21.214285714285722,41.2,0.008978439193778637,-0.011676053400083437,0
Lithuania,Cyprus,1,8.0,0.0,-0.6000000000000001,-1.4285714285714288,-0.7999999999999999,-0.0014938700823421795,11.214285714285722,24.0,0.008717743108829954,0.003202587187040815,0
Cook Islands,Tonga,1,-14.0,-1.1,-1.4000000000000001,0.2999999999999998,-0.20000000000000018,-0.00600116776105236,-4.449999999999989,-2.0,0.000654765635141971,-0.00013026487190620929,0
Peru,Colombia,1,33.0,-1.2299465240641712,-1.8,0.42245989304812837,0.19999999999999996,-0.046924820760454865,16.71657754010695,22.400000000000002,-0.13120665063613574,-0.10237025678886144,0
Uruguay,Paraguay,1,-51.0,1.307142857142857,0.0,-0.4642857142857142,-1.4000000000000001,0.025765828479599507,6.049999999999997,5.399999999999999,0.24821467800762165,0.09724794675729255,0
Brazil,Ecuador,0,-22.0,0.38390092879256965,-0.19999999999999996,0.39938080495356043,-0.4,0.028787682753266916,-13.60371517027864,-11.600000000000001,0.01471448310135376,-0.1686459806544863,0
Kosovo,Romania,1,61.0,-0.43162393162393153,-0.4,0.3205128205128204,0.19999999999999996,-0.005372853780663097,-2.525641025641022,0.6000000000000014,-0.014780101595818464,-0.012038577717954167,0
Bahamas,Barbados,1,26.0,-0.16666666666666674,-0.19999999999999996,0.5,0.0,-0.0010055839485141032,-2.75,7.599999999999994,-0.0014365383499128058,0.00145985401459854,0
Mexico,New Zealand,0,-77.0,-0.10064935064935066,-2.4,0.1428571428571428,1.6,0.009780064697102572,-31.94155844155845,-103.4,0.01847909009885112,-0.0022216135462404737,1
United States,Canada,1,-24.0,0.8765182186234819,0.19999999999999996,-0.44534412955465585,0.8,0.010945734767988033,9.2004048582996,3.6000000000000014,-0.0083482472581577,0.004798600443761736,1
Mauritania,Botswana,0,-33.0,-0.31221719457013575,-1.4,-0.13122171945701355,0.0,0.00032643108567832757,-33.81900452488688,-63.8,0.008617547865883915,0.004349789487980442,0
Nigeria,Benin,0,-52.0,0.19444444444444442,0.19999999999999996,-0.19444444444444442,0.5999999999999999,0.0020870014050984997,0.5277777777777857,-6.400000000000006,0.0016221252979076867,-0.015640189923069894,0
Bermuda,Dominican Republic,1,21.0,-0.5166666666666668,0.20000000000000018,0.9666666666666666,1.6,-0.004199666868069957,7.166666666666657,9.600000000000009,-0.0026665869653392975,0.0004186872246620581,0
Antigua and Barbuda,Dominica,1,-33.0,-0.3492063492063491,-0.3999999999999999,0.8888888888888888,0.3999999999999999,-0.002658918446466467,12.476190476190482,23.400000000000006,-0.004175724351717688,-0.004725390265316172,0
Cayman Islands,Saint Kitts and Nevis,1,49.0,0.19696969696969702,0.0,0.5,1.0,-0.00010220960870650254,45.46969696969697,14.200000000000017,-8.949038817604536e-05,-0.0008904402493185052,0
Turks and Caicos Islands,Belize,1,23.0,-0.22857142857142865,-0.4,-0.042857142857142705,-0.8000000000000003,-0.0022151383381783865,42.75714285714287,46.39999999999998,-0.0010107945335469572,-0.002110514645816315,0
Republic of Ireland,England,1,54.0,-0.7857142857142858,-0.6,0.5714285714285715,0.19999999999999996,-0.0228844636914992,13.095238095238095,4.400000000000002,-0.07265138438336297,-0.03806403611717868,0
Germany,Hungary,0,-18.0,0.11176470588235299,1.0000000000000002,0.5176470588235293,-0.5999999999999999,0.061985906813493016,-46.72941176470589,-19.799999999999997,0.18796612459296075,0.05448235974551764,0
Moldova,Malta,0,-20.0,0.5,0.4,-0.598901098901099,-0.3999999999999999,0.007245921880068222,7.054945054945051,14.799999999999997,0.018497083125580717,0.005428089862223793,0
Georgia,Czech Republic,0,23.0,0.17647058823529416,-0.7999999999999998,0.6470588235294117,0.40000000000000013,0.01223630918613702,-22.411764705882355,-40.800000000000004,0.016303441597342438,0.09954665470616472,0
Ukraine,Albania,1,-41.0,0.03308823529411775,-0.40000000000000013,0.30147058823529416,0.19999999999999996,0.00712881606897469,-18.988970588235297,-13.200000000000003,0.03747040494358151,0.05559412874060514,0
Greece,Finland,0,-9.0,0.1517857142857142,0.19999999999999996,-0.7857142857142857,-1.5999999999999999,0.0010588688286129883,3.285714285714292,-7.599999999999994,0.037457162581299906,0.09920136989389654,0
Faroe Islands,North Macedonia,1,66.0,-0.6428571428571428,0.4,-0.3571428571428572,-0.20000000000000018,-0.011777365768216672,20.07142857142857,53.00000000000001,-0.031203015512557206,-0.04494482704754005,0
Armenia,Latvia,0,-40.0,0.4285714285714285,0.20000000000000007,-0.4285714285714286,0.19999999999999996,0.008039873631393255,-9.142857142857139,-63.4,0.011998857720921012,-0.0012712571519189666,0
Netherlands,Bosnia and Herzegovina,0,-68.0,1.430769230769231,1.0,-0.8500000000000001,-1.2,0.034755095832065715,-19.038461538461533,-10.599999999999998,0.05356503693067156,0.1270516717325228,0
Cameroon,Namibia,0,-47.0,0.6666666666666665,1.6,0.19999999999999996,0.19999999999999996,0.007835121785045137,1.1999999999999886,-16.0,-0.009350691449058512,0.0060049266855190814,0
Bhutan,Bangladesh,0,-2.0,-0.15311004784688997,0.2,0.6937799043062203,0.20000000000000018,-0.0019931702497051336,29.502392344497594,58.599999999999994,-0.0035353866377205415,0.0007573507573507576,1
Saint Vincent and the Grenadines,Montserrat,0,-2.0,0.797979797979798,0.0,-0.5252525252525251,-0.7999999999999998,0.00339189909773944,30.23232323232324,33.60000000000001,0.0025423462700241532,-0.0007119285105120689,0
Croatia,Poland,0,-16.0,0.05555555555555558,-0.40000000000000013,-0.22222222222222232,0.0,0.011615598572120314,-21.333333333333336,-4.799999999999997,0.02156870941879846,-0.004469696969696985,0
Malaysia,Lebanon,0,18.0,1.0666666666666669,0.19999999999999996,0.4035087719298247,0.40000000000000013,0.010154107331753572,0.40350877192983603,0.7999999999999972,0.005415962201520529,0.0035406349089016718,0
Tajikistan,Philippines,1,-44.0,0.6068376068376069,0.20000000000000007,-0.6239316239316239,-1.4000000000000001,0.006259168355515631,-9.286324786324784,-2.6000000000000085,0.004265357917425658,0.0068505079825834534,0
Portugal,Scotland,0,-40.0,1.1666666666666665,-0.19999999999999996,-1.1111111111111112,-1.7999999999999998,0.012050256996002283,13.26190476190476,7.199999999999999,0.041628185331413756,0.15398948190147502,0
Luxembourg,Belarus,1,-15.0,0.2666666666666667,0.2,0.3999999999999999,0.0,0.004566900711194313,-9.466666666666654,-16.599999999999994,0.0010574352748679433,-0.000601815087918321,0
Denmark,Serbia,0,-11.0,0.13450292397660824,0.0,-0.10233918128654973,0.4,-0.0032439598258182344,14.236842105263165,2.6000000000000014,-0.001101375703621496,-0.012162698412698403,0
Switzerland,Spain,1,12.0,-0.7,-1.0,0.21818181818181825,0.19999999999999996,-0.02539478925048616,18.281818181818174,-7.600000000000001,-0.1365749614415629,-0.354229902979903,0
Gibraltar,Liechtenstein,1,-1.0,-0.06666666666666667,0.0,0.8666666666666667,-1.0,-0.0006852624395342845,-13.666666666666671,-17.0,0.001578891329084382,0.004736673987253145,0
Bulgaria,Northern Ireland,0,8.0,-0.4,-0.7999999999999999,0.0,-0.7999999999999999,-0.00347933439474863,-11.86666666666666,19.799999999999997,-0.010197395744118792,-0.016204168648066286,0
Gambia,Tunisia,1,91.0,0.5101010101010102,1.6,1.4090909090909092,1.8,0.004861962259976021,6.328282828282823,24.60000000000001,-0.016979728172523474,-0.03241140490069682,0
Sweden,Estonia,0,-94.0,1.2222222222222223,0.19999999999999996,-0.7222222222222223,0.40000000000000013,0.014788060515196948,14.666666666666664,-31.39999999999999,0.023631919931727845,0.008809273195318143,0
Slovakia,Azerbaijan,0,-67.0,0.4887218045112782,-0.3999999999999999,-1.086466165413534,-0.8,0.00490400564146877,7.725563909774429,-53.800000000000004,0.05796487248776203,0.19774059191991838,0
India,Syria,1,31.0,-0.38011695906432763,-1.6,-0.38596491228070173,-0.5999999999999999,-0.005188900107737995,18.432748538011708,5.799999999999997,-0.0031869240040614706,-0.004468236770773215,0
Madagascar,Comoros,1,-14.0,-0.41176470588235303,-0.6000000000000001,-0.2941176470588236,0.0,-0.003880401212743233,2.0084033613445342,-32.2,-0.0017046740518952101,-0.0005709042081635668,0
Equatorial Guinea,Togo,1,-32.0,0.0931372549019609,-0.20000000000000007,0.05882352941176472,-0.5999999999999999,0.00037505424338230876,4.882352941176464,-14.799999999999997,0.0028639468653175078,0.0008583998126180572,0
Niger,Ghana,1,61.0,-0.44919786096256686,-1.2000000000000002,-0.17112299465240643,-0.6000000000000001,-0.00594167311047328,10.096256684491976,11.599999999999994,-0.00949177492170446,-0.012718258030758031,0
Angola,Sudan,0,-31.0,0.0,-1.0,0.022727272727272707,0.2,0.0021532007515288453,-21.253787878787875,-37.0,-5.6978253910665994e-05,-0.00601502634173149,0
Ethiopia,DR Congo,1,83.0,-0.3076923076923077,0.20000000000000007,0.40909090909090906,0.4,-0.005997982265172835,33.37062937062937,79.0,-0.014802931385363396,-0.01930718106195812,0
Burundi,Senegal,1,120.0,-0.08947368421052637,0.20000000000000018,1.673684210526316,1.6,-0.005097445786141989,23.457894736842107,25.799999999999997,-0.06626933496758769,-0.015462520718606291,0
Guatemala,Costa Rica,1,58.0,-0.18333333333333346,0.40000000000000013,-0.3999999999999999,0.3999999999999999,-0.006167391439465221,16.95833333333333,17.0,-0.011796401763257029,-0.043461033861547885,0
Turkey,Iceland,0,-45.0,-0.1611111111111112,-0.6000000000000001,0.11111111111111116,0.0,0.011032313714002064,-25.34444444444444,-16.200000000000003,0.0110085148814301,-0.1179054525919957,0
Morocco,Lesotho,0,-135.0,0.7337461300309599,0.19999999999999996,-0.7275541795665635,-0.5999999999999999,0.011562940154689802,-29.470588235294116,-47.39999999999999,0.19181347450927952,0.013488101383385104,0
Samoa,Tonga,0,-8.0,0.46666666666666656,-1.2000000000000002,-1.1333333333333335,0.6000000000000001,0.0032369251119251114,-9.199999999999989,-12.599999999999994,0.002643290277718106,3.4503579660834054e-05,0
Puerto Rico,Aruba,0,-37.0,1.3571428571428572,0.19999999999999996,-0.23809523809523814,0.0,0.007897557398318947,7.357142857142861,-10.799999999999983,0.0040874947132877384,-0.0009748627089318706,0
France,Belgium,0,-4.0,0.1428571428571428,-0.19999999999999996,0.1829573934837092,0.6,0.010820492815138964,-9.24310776942356,-29.199999999999996,0.06614819306803796,0.21223404255319153,0
Israel,Italy,1,68.0,-0.4172932330827068,0.40000000000000013,0.44736842105263164,0.8,-0.02043072071539898,30.078947368421055,51.2,-0.12247795965375383,-0.321289546407471,0
Norway,Austria,0,28.0,-0.1859649122807019,-0.40000000000000013,0.25263157894736843,-0.19999999999999996,-0.012717508143488578,16.705263157894734,38.2,-0.07105283814841791,-0.1007534806441984,0
Slovenia,Kazakhstan,0,-57.0,0.15000000000000013,-0.4,-0.6666666666666665,-1.4,0.0058051327635433685,-14.816666666666663,-72.2,0.04916584205069339,0.08994273279911578,0
Montenegro,Wales,1,43.0,-0.06666666666666665,0.0,0.6000000000000001,0.3999999999999999,0.00134434717765863,-9.933333333333337,-11.000000000000007,-0.043732054704883505,-0.01020487714840229,0
Grenada,Saint Lucia,1,3.0,-0.6324786324786325,-0.7999999999999999,1.5042735042735043,2.2,-0.002516226727237554,-32.20512820512819,-27.39999999999999,-0.008788253475855325,-0.011470672541737545,0
Cyprus,Kosovo,1,21.0,0.14761904761904765,1.4000000000000001,1.114285714285714,-0.6000000000000001,0.00023313877544271777,11.509523809523799,70.6,-0.015135998296646164,0.0023891968134771647,0
Romania,Lithuania,0,-90.0,0.5017543859649123,0.3999999999999999,-0.343859649122807,0.7999999999999999,0.008453199025780433,-15.326315789473682,-121.0,0.02438270109894882,0.02536961885588598,0
Benin,Libya,0,-26.0,-0.3999999999999999,-0.6000000000000001,0.31794871794871793,0.3999999999999999,-0.001150853933618745,-23.50769230769231,-64.0,0.0033480501404029583,0.010655121438465937,0
Rwanda,Nigeria,1,92.0,-0.668421052631579,-0.8,-0.19999999999999996,-0.7999999999999999,-0.008240488261802563,10.742105263157896,37.80000000000001,-0.005581008633337079,-0.002227213635492581,0
Cape Verde,Mauritania,0,-47.0,0.3222222222222223,0.6000000000000001,0.03888888888888875,0.3999999999999999,0.002751037259590819,8.416666666666671,17.80000000000001,0.0028655738115999363,-0.004124847046596408,0
Botswana,Egypt,1,109.0,-1.0499999999999998,-0.8,0.3857142857142858,-0.3999999999999999,-0.012603527221803927,14.549999999999997,47.599999999999994,-0.012409670701599089,-0.014140692056402804,0
Mexico,Canada,1,-23.0,0.2362068965517241,0.19999999999999996,-0.24655172413793114,-0.3999999999999999,-2.2078345007257166e-05,8.106896551724134,22.200000000000003,-0.030616799317465852,-0.03611901788236593,1
Macau,Brunei,1,-5.0,-0.8571428571428572,-1.4000000000000001,-0.9642857142857144,1.8,-0.004971508332618074,-1.6964285714285836,-12.200000000000017,-0.00702206852188584,-0.011412771924280876,0
Cambodia,Sri Lanka,1,-25.0,0.4714285714285715,0.4,0.242857142857143,1.2000000000000002,0.0027314048427372973,-1.5714285714285836,-18.80000000000001,-1.8802814318461675e-05,-0.0014671308758076517,0
Vietnam,Thailand,1,14.0,-0.21052631578947367,-0.19999999999999996,0.10526315789473695,1.0,-0.003477700542081819,9.368421052631575,38.60000000000001,-0.006579431276344404,-0.012277986255336978,1
United States,New Zealand,1,-78.0,0.6481481481481484,-2.0,-0.20370370370370383,0.6,0.0192156811057133,-22.82407407407407,-92.8,0.03344854428431287,0.03181187099345667,1
Liberia,Algeria,1,96.0,-0.7681818181818181,-0.8000000000000003,0.5545454545454546,-1.2000000000000002,-0.009799643649321843,12.481818181818184,60.19999999999999,-0.02203376891861734,-0.009451408617161965,0
Gabon,Central African Republic,0,-45.0,-1.4545454545454546,-2.2,0.36363636363636376,1.2000000000000002,-0.00931493785626386,-30.909090909090907,-80.2,-0.004046034906577126,-0.005492433020195156,0
Moldova,San Marino,0,-58.0,0.6714285714285714,0.6,-1.2999999999999998,-0.20000000000000018,0.011140481836491549,-17.947619047619042,-47.599999999999994,0.0220588174950165,0.006892638646459349,1
Burkina Faso,Malawi,0,-59.0,0.23859649122807025,0.19999999999999996,0.14385964912280702,0.40000000000000013,0.005005622898945248,-23.764912280701765,-25.80000000000001,0.004592195826133228,0.0056709716405313,0
Dominican Republic,Dominica,0,-31.0,0.375,0.3999999999999999,-0.4903846153846154,-0.8000000000000003,0.0040688234936742795,-20.105769230769226,-11.399999999999977,0.0008183024413029299,-0.0004641742068902787,0
Zambia,Sierra Leone,0,-30.0,0.27751196172248815,-0.7999999999999999,-0.7272727272727273,-0.8000000000000003,0.00361306522648917,-6.0909090909090935,-38.0,0.00940015729138481,-0.00582150939524741,0
Cuba,Nicaragua,1,37.0,-1.4821428571428572,-0.8,0.7232142857142858,1.2000000000000002,-0.009327328974839604,-38.80357142857143,-31.400000000000006,-0.0018486399675919085,0.002351540361442424,0
Honduras,Jamaica,1,20.0,0.17962962962962958,2.2,-0.022222222222222365,-0.8,0.0013595629893712394,3.7648148148148124,21.0,0.0027806225816152004,0.01101790530141069,0
Namibia,Kenya,1,-10.0,-0.4318181818181819,-1.2,0.15340909090909094,0.4,-0.0010593772574603259,-33.38068181818181,-35.19999999999999,0.00944646054024955,-0.0012036331155075766,0
Eswatini,Mali,1,102.0,-1.1397058823529411,0.19999999999999996,0.3602941176470589,0.19999999999999996,-0.012497276193349654,17.099264705882348,70.2,-0.01596823004784243,-0.00537791262648455,0
South Sudan,South Africa,1,112.0,-0.7222222222222223,-1.6,1.3611111111111112,0.0,-0.007106582245086401,-9.592592592592595,2.4000000000000057,-0.028093337113473654,-0.010096242358753803,0
Guinea,Tanzania,1,-36.0,1.0375,1.8,0.4624999999999999,0.6000000000000001,0.011405700856156244,0.6624999999999943,-16.400000000000006,0.005824916923240921,0.007965894431700614,0
Mozambique,Guinea-Bissau,0,-10.0,0.4538461538461539,0.3999999999999999,0.06538461538461537,0.19999999999999996,0.003074580787041932,14.942307692307693,-1.0,-0.002014927998864831,0.0073064021570717515,0
Chad,Ivory Coast,1,140.0,-1.3571428571428572,-0.7999999999999999,0.5178571428571429,0.20000000000000007,-0.01748780842736646,39.22619047619048,65.79999999999998,-0.03464712751512672,-0.06370102074453753,0
Antigua and Barbuda,Bermuda,1,-23.0,-0.25454545454545463,-0.5999999999999999,0.43636363636363606,-0.3999999999999999,-0.0031197904262919756,29.9818181818182,45.39999999999998,-0.0030364238342441095,-0.0033247636211446974,0
Czech Republic,Ukraine,0,22.0,0.4444444444444444,-0.19999999999999996,-0.05555555555555558,0.8,-0.0020700571756068972,23.833333333333343,-10.399999999999999,-0.034772478056758656,-0.07252321375083522,0
Belize,Anguilla,0,-26.0,0.4242424242424242,1.2000000000000002,-0.7727272727272727,-1.0,0.0030588579513426747,-19.878787878787875,-21.400000000000006,7.38046687159509e-05,0.0030582524271844658,0
Mongolia,Timor-Leste,0,-7.0,-3.5,-3.4,1.375,1.2000000000000002,-0.017774190655546588,-41.5,-31.80000000000001,-0.013778043805976766,-0.012521060565753302,0
Colombia,Argentina,0,8.0,-0.3126293995859215,-0.19999999999999996,0.4140786749482402,0.39999999999999997,0.015986772459043876,-19.631469979296064,-11.999999999999996,0.033753996017429594,0.00909754224270351,0
North Macedonia,Armenia,0,-25.0,-0.19999999999999996,-1.0,0.3999999999999999,0.20000000000000018,-0.002968685631524595,0.3333333333333286,-5.599999999999994,0.014882123163931279,-0.00746520681927822,0
Latvia,Faroe Islands,0,-1.0,0.19999999999999996,-0.3999999999999999,0.5333333333333332,0.0,0.0034097936615959798,-8.799999999999997,28.0,0.001139069288510981,0.0013630570679572492,0
Hungary,Bosnia and Herzegovina,1,-44.0,0.6428571428571429,0.19999999999999996,-1.1031746031746033,-0.6000000000000001,0.009839930711490344,1.2698412698412724,14.2,0.030631099220020178,0.023076923076923078,0
England,Finland,0,-59.0,0.3930481283422458,0.20000000000000018,-0.9064171122994652,-1.7999999999999998,0.021639102782843124,-30.617647058823536,-22.800000000000004,0.08619961353031519,0.10991250851460668,0
Albania,Georgia,1,-4.0,-0.7516339869281046,-0.19999999999999996,-0.7287581699346406,-0.40000000000000013,-0.018003273322422256,14.104575163398685,5.799999999999997,-0.012594940384435885,-0.06929116753084213,0
Netherlands,Germany,1,-6.0,0.4761904761904763,0.3999999999999999,-0.1428571428571428,1.0,-0.043530016564802654,28.476190476190478,17.799999999999997,-0.16149741013815697,-0.04647783441497997,0
Ecuador,Peru,0,-15.0,0.5888888888888888,0.6,-0.15555555555555556,0.19999999999999996,0.01682782656233984,-5.672222222222224,-10.199999999999996,0.06527979901254644,0.19002445842068483,0
Republic of Ireland,Greece,1,4.0,-0.8,-1.8000000000000003,0.6666666666666666,0.9999999999999999,-0.004230712385456695,-25.199999999999996,-73.60000000000001,-0.02416102701818458,0.0514469390258864,0
Chile,Bolivia,1,-46.0,0.49411764705882355,-0.4,-1.0088235294117647,-1.8,0.004616493587763285,12.355882352941173,4.0,0.012994298529519483,0.005116349067961969,0
Oman,South Korea,1,53.0,-0.95,-1.0000000000000002,0.20000000000000007,0.0,-0.015832258216891087,17.099999999999994,-4.599999999999994,-0.012931670643926228,-0.0007433677370370321,0
Andorra,Malta,1,-8.0,-0.2,-0.39999999999999997,-0.20000000000000018,-0.6000000000000001,-0.00426804623716757,14.800000000000004,7.0,-0.0026690284502879154,-0.002293350932189407,0
North Korea,Qatar,1,76.0,-0.21999999999999997,-0.40000000000000013,-0.2849999999999999,-0.19999999999999996,-0.0029612620918202104,2.305000000000007,-33.2,-0.01855971402192035,-0.0016785739854118069,0
Venezuela,Uruguay,1,26.0,-0.7394957983193278,0.7999999999999999,0.05042016806722682,0.3999999999999999,-0.016291197750387364,1.7086834733893568,0.3999999999999986,-0.18997140040569493,0.016225789386863546,0
Paraguay,Brazil,0,57.0,-1.011111111111111,-0.3999999999999999,-0.08888888888888902,1.2000000000000002,-0.04273161708031448,11.277777777777779,-7.800000000000001,-0.08986739328423547,-0.0358504330918124,0
Zimbabwe,Cameroon,1,78.0,-1.0375,-1.4,0.012499999999999956,0.0,-0.012979576255010498,14.700000000000003,14.200000000000003,-0.007810147390493859,-0.013962359266310634,0
Indonesia,Australia,1,109.0,-0.7665903890160184,-1.5999999999999999,0.9771167048054921,0.39999999999999997,-0.011594537324437118,14.057208237986274,-21.60000000000001,-0.014273391425631207,-0.004925559373580836,0
Saint Kitts and Nevis,British Virgin Islands,0,-61.0,-0.08333333333333337,1.0,-0.20833333333333326,-1.2,0.0008361340249948331,-34.83333333333334,5.400000000000006,0.003646941983651745,0.008901225211570038,0
Palestine,Jordan,1,28.0,-1.030690537084399,-0.40000000000000013,-0.31713554987212267,0.4,-0.011721595786155423,-0.3734015345268489,5.0,-0.01341539364357053,-0.009204980395848546,0
Kuwait,Iraq,1,81.0,-0.7316017316017318,-1.7999999999999998,0.09307359307359309,1.0,-0.01091111181654095,19.26190476190476,-37.8,-0.015716511491880223,-0.01765525464558491,0
Bahrain,Japan,1,62.0,-2.3971291866028706,-1.0,0.15071770334928225,-0.39999999999999997,-0.034863249070281974,22.966507177033492,24.80000000000001,-0.026953792078116476,0.01346181205647657,0
Kyrgyzstan,Uzbekistan,1,41.0,-0.8903743315508021,-1.2000000000000002,0.8609625668449197,1.0,-0.011883228084276777,10.334224598930476,-43.2,-0.019600191383985624,-0.0206931767801333,0
United Arab Emirates,Iran,1,49.0,-0.7033492822966507,0.3999999999999999,-0.0430622009569378,0.19999999999999996,-0.008432506169145586,7.282296650717711,-2.200000000000003,-0.010185759817074414,0.010125217917928787,0
Brunei,Timor-Leste,1,-13.0,-1.0,-0.19999999999999996,1.3888888888888888,-1.1,-0.004820166791997777,-15.444444444444457,0.5999999999999943,0.0008958538370303082,0.007961743255860902,0
Belize,Anguilla,0,-27.0,0.5119047619047619,1.2000000000000002,-0.7023809523809523,-1.4,0.0033806846268888595,-16.095238095238074,-7.0,0.001504618638184265,0.00564993961072142,0
Saint Kitts and Nevis,British Virgin Islands,0,-67.0,0.11111111111111116,1.2,-0.341880341880342,-1.4,0.0017200884222160822,-26.4957264957265,16.200000000000017,0.004589235609844328,0.009927854753941711,0
DR Congo,Tanzania,0,-52.0,0.3964194373401534,-0.19999999999999996,-0.14066496163682873,0.0,0.004786210840845331,-2.524296675191806,-42.8,0.007617424099864637,0.011274769986811657,0
Algeria,Togo,0,-78.0,0.8461538461538463,1.0000000000000002,-0.21978021978021978,0.0,0.008827100454981626,0.586080586080584,-26.39999999999999,0.01318595248183084,0.011447266155989837,0
Norway,Slovenia,0,-4.0,0.25595238095238093,0.3999999999999999,0.42559523809523814,0.6,0.006015558647137594,-5.821428571428569,25.6,-0.048529636498578714,-0.05502222031431421,0
Myanmar,Sri Lanka,0,-33.0,0.29807692307692313,-0.20000000000000007,1.3846153846153846,3.8,0.004198317465742912,-56.97115384615384,-100.60000000000001,0.001386250892515599,-0.0032359007762036585,1
Namibia,Zimbabwe,1,-19.0,0.4313725490196078,0.0,0.11764705882352944,0.19999999999999996,0.005662689285971706,-9.107843137254903,12.399999999999991,0.011425629737904359,-0.004579582225130817,0
Liechtenstein,Hong Kong,0,46.0,-0.9880952380952381,-0.6,0.7708333333333333,-0.20000000000000018,-0.008095647417363445,-28.10416666666667,26.599999999999994,-0.0019576788978678283,-0.00013259475766957962,1
Cape Verde,Botswana,1,-82.0,0.20952380952380945,0.19999999999999996,-0.3714285714285712,-0.20000000000000018,0.003990828962234754,-15.714285714285722,-31.599999999999994,0.013195470295967108,0.013398360282054234,0
Burkina Faso,Burundi,0,-73.0,-0.34545454545454546,0.20000000000000018,-0.8909090909090909,-0.19999999999999996,-0.0012876907278181627,-15.5090909090909,-10.200000000000003,0.005127849456446251,0.00719877321908278,0
England,Greece,1,-44.0,0.057065217391304435,0.0,0.02717391304347827,0.4,0.01725059453746187,-31.98913043478261,-46.0,0.045931720816401574,0.09013442697653225,0
Nicaragua,Jamaica,1,70.0,0.6659663865546217,1.4,-0.15546218487394947,-0.8,-0.0013253249701495502,49.51680672268908,91.19999999999999,-0.01131166889456904,0.0009821898682658183,0
Israel,France,1,77.0,-0.9363636363636363,0.3999999999999999,0.8060606060606061,1.4,-0.03253639473280444,27.154545454545456,35.6,-0.13659301241288108,-0.32708333333333334,0
Italy,Belgium,1,4.0,-0.25,0.19999999999999996,0.4,0.3999999999999999,-0.0011373002873290641,-5.350000000000001,-7.400000000000002,0.0681450827641897,0.3011229314420804,0
Finland,Republic of Ireland,1,2.0,0.45138888888888884,0.7999999999999999,0.23611111111111116,0.5999999999999999,0.002019021305987991,17.736111111111114,23.400000000000002,-0.012883853323903361,-0.013070669168230145,0
Austria,Kazakhstan,0,-87.0,0.6875,1.2000000000000002,-0.5625,-1.0,0.023227072286467473,-30.65,-36.199999999999996,0.059176579642734116,0.10863736263736264,0
Cuba,Trinidad and Tobago,1,64.0,-0.8550724637681161,-1.4000000000000001,0.2115942028985507,-0.8,-0.008814077462067815,-2.1043478260869506,-31.999999999999986,-0.017541657387053215,0.0005254953974664252,0
Ghana,Sudan,1,-50.0,0.16666666666666674,0.0,0.4999999999999999,1.2000000000000002,0.003742673073876537,-18.6111111111111,-27.400000000000006,-0.0010552512678650983,-0.003414005679948793,0
Saint Vincent and the Grenadines,El Salvador,1,94.0,1.011111111111111,0.3999999999999999,0.3999999999999999,0.7999999999999999,0.00032691510461721474,84.1888888888889,21.599999999999994,-0.0011231568915216865,-0.003562491738858779,0
Oman,Kuwait,0,-56.0,-0.11387163561076608,0.6,0.1428571428571428,0.4,0.0012358097809693266,-18.126293995859214,2.0,0.0032499720633265596,-0.0011130335118010853,0
Qatar,Kyrgyzstan,0,-62.0,0.7863247863247864,0.3999999999999999,-0.47435897435897445,0.0,0.009321915183232237,-3.474358974358978,43.599999999999994,0.020369605988054738,0.00573154419676199,0
Latvia,North Macedonia,1,65.0,-0.4375,0.0,0.1875,0.0,-0.007172995780590717,7.75,71.0,-0.026393898149225326,0.002209483584693972,0
Chile,Brazil,1,44.0,-0.2485380116959066,-1.0,-0.21052631578947367,0.6,-0.02706813696862822,22.3625730994152,-0.6000000000000014,-0.07858584073141411,-0.052901151190917595,0
Venezuela,Argentina,1,39.0,-0.9898989898989898,-0.6000000000000001,0.40404040404040403,0.4,-0.019559995632710995,-1.5303030303030312,14.800000000000004,-0.04376967148488177,-0.009450915473293714,0
Gibraltar,San Marino,0,-12.0,-0.1875,0.19999999999999996,0.5625,-0.8,-0.0015246241531400259,-19.0625,-20.200000000000003,0.0022451543251751334,0.007184493840560427,0
Bolivia,Colombia,0,74.0,-0.9345238095238096,-0.40000000000000013,1.2380952380952381,1.6,-0.03718729587062833,7.74404761904762,9.400000000000002,-0.24795220445253863,-0.6314028314028314,0
Moldova,Andorra,0,-20.0,0.8166666666666667,1.4,-0.5375000000000001,-0.6000000000000001,0.01068973951655606,-2.9833333333333343,11.799999999999997,0.020602461029792962,0.014125401098173705,0
Ecuador,Paraguay,1,-30.0,0.5654761904761905,0.19999999999999996,-0.2053571428571429,-1.0,0.01306285225954789,2.7916666666666643,6.399999999999999,0.03320463443516289,0.10075798415421056,0
Fiji,Solomon Islands,0,6.0,0.2226890756302522,1.0,0.09663865546218475,-1.0,0.0019218472361260813,-7.029411764705884,7.200000000000017,-0.0009628295653571709,0.009239888858690457,0
Papua New Guinea,New Caledonia,1,8.0,-2.1880341880341883,-2.8,1.8717948717948718,1.6,-0.013441882095050275,0.2649572649572747,6.400000000000006,-0.00812623854471338,-0.005892729649808833,0
Uzbekistan,Iran,1,41.0,-0.6521739130434783,0.6000000000000001,0.08695652173913049,0.19999999999999996,-0.0037529673049051353,-13.217391304347828,-0.7999999999999972,-0.004529591797111477,0.0036488261726489238,0
United Arab Emirates,North Korea,1,-42.0,0.19444444444444442,0.8000000000000003,-0.30000000000000004,-0.6,-0.0013919341321805868,18.00555555555556,13.799999999999997,0.008220049145077991,0.014986844267301451,0
Jordan,South Korea,1,45.0,-0.23214285714285743,-1.1999999999999997,0.5595238095238096,0.4,-0.007222849785616246,13.672619047619037,-4.799999999999997,-0.006531421153242022,0.0045442402284205236,0
Iraq,Palestine,0,-43.0,1.1111111111111112,1.8000000000000003,-0.31313131313131326,-1.4000000000000001,0.011574622054139365,5.196969696969688,36.400000000000006,0.017918030645681655,0.00973586771946577,0
Faroe Islands,Armenia,1,44.0,-0.75,-1.2000000000000002,0.0,0.19999999999999996,-0.012283250992928412,17.8125,16.0,-0.012935491102471063,-0.007427026984464445,0
Saudi Arabia,Japan,1,40.0,-2.377272727272727,-2.0,0.19545454545454544,0.4,-0.03340844337860236,13.204545454545453,26.0,-0.0304917115866613,-0.010524221967309332,0
Bahrain,Indonesia,1,-53.0,-0.2028985507246377,0.4,-0.3242753623188406,0.6,-0.0023464382107269404,1.5833333333333286,8.400000000000006,0.006196420421365983,0.014854944014882743,0
Equatorial Guinea,Liberia,0,-49.0,0.13888888888888906,-0.20000000000000007,-0.4722222222222221,0.19999999999999996,0.0012948925815274813,0.75,-51.79999999999998,0.0117360459127477,-0.0012534591194968553,0
Madagascar,Gambia,1,-27.0,-0.41666666666666674,-1.0000000000000002,-0.9166666666666667,-1.4,-0.007601877929991372,26.96666666666667,2.5999999999999943,0.00259672529120044,0.009979929701734424,0
Tunisia,Comoros,1,-82.0,-0.38888888888888884,-0.19999999999999996,-0.7514619883040935,-0.6000000000000001,-0.0010175697726028683,-23.91520467836257,-18.0,0.013277972689081794,0.012703675030833807,0
Gabon,Lesotho,1,-69.0,0.3833333333333333,0.3999999999999999,0.19999999999999996,0.6000000000000001,0.005305529223697973,-14.616666666666674,-42.599999999999994,0.0035700130267181055,0.00438485182849937,0
Benin,Rwanda,0,-41.0,0.43506493506493504,0.19999999999999996,0.6298701298701299,0.7999999999999999,0.005505825959159374,-7.344155844155836,-26.400000000000006,0.001519995826549346,0.009468905324770124,0
Nigeria,Libya,0,-82.0,-0.07499999999999996,0.19999999999999996,-0.17500000000000004,-0.3999999999999999,0.0013756650929844204,-15.862499999999997,-17.200000000000003,0.0073017110485904604,0.005823706884117531,0
Egypt,Mauritania,0,-81.0,1.4060150375939848,2.1999999999999997,-0.3007518796992482,0.19999999999999996,0.012741676157298855,18.749373433583955,6.3999999999999915,0.0038954164806664984,0.00396565984997576,0
Senegal,Malawi,0,-112.0,0.875,0.19999999999999996,-0.6875,-1.2000000000000002,0.011142444638331462,-16.099999999999994,0.8000000000000114,0.06503064591651188,0.01833944932416149,0
Ivory Coast,Sierra Leone,0,-92.0,0.6969696969696968,0.0,-1.0151515151515151,-1.6,0.008923471469371098,-9.651515151515142,-13.0,0.03298877859243971,0.06597559425687419,0
Mozambique,Eswatini,1,-60.0,0.7450980392156862,1.0,0.31092436974789917,-0.3999999999999999,0.008215912627677333,-13.0,-27.80000000000001,0.00828296974459836,0.022215142533876058,0
Mali,Guinea-Bissau,0,-61.0,0.8650793650793652,0.4,-0.7063492063492064,-0.20000000000000007,0.006821119197275049,16.936507936507937,11.800000000000011,0.007588912323810508,0.0026336009166556,0
Cameroon,Kenya,0,-49.0,0.10294117647058831,-0.40000000000000013,0.2009803921568628,0.4,0.00441893615425013,-25.382352941176464,-34.400000000000006,0.00067668423780258,0.0015897764050059708,0
Uganda,South Sudan,0,-82.0,0.19047619047619047,0.6,-1.0476190476190477,-0.6000000000000001,0.0003287484663297008,19.14285714285714,17.0,0.00345422935312204,0.008280016152576047,0
Angola,Niger,0,-42.0,0.29000000000000004,0.19999999999999996,-0.40666666666666673,-0.7999999999999999,0.003623836931195704,-4.856666666666669,20.599999999999994,0.010991693370057697,0.013429785522031511,0
Zambia,Chad,1,-84.0,1.0055555555555555,0.4,-0.3944444444444444,0.40000000000000013,0.011217881804643432,-19.650000000000006,-55.400000000000006,0.011568238883711307,-0.00011114198388441267,0
Suriname,Costa Rica,1,88.0,0.8412698412698412,2.2,-0.5555555555555555,-0.20000000000000007,-0.0035438583447951148,83.0952380952381,88.19999999999999,-0.017058474822644505,-0.049660078273863706,0
Iceland,Wales,1,42.0,0.32894736842105265,0.6,0.4736842105263157,0.8,0.008143027272763892,-11.871710526315795,-49.2,-0.006919685135499523,0.1346558039661488,0
Czech Republic,Albania,0,-21.0,0.5584795321637428,0.3999999999999999,0.32163742690058483,0.8000000000000003,0.005837356977114232,5.538011695906434,19.0,0.0004006580168003232,-0.017297297297297294,0
Grenada,Curaçao,1,85.0,-0.40476190476190466,-1.2000000000000002,0.8214285714285716,1.7999999999999998,-0.0063279334711339695,29.11904761904762,-11.200000000000017,-0.0064045973447038,-0.0096526276669046,0
Bosnia and Herzegovina,Germany,1,62.0,-1.0636363636363635,-1.6,0.7030303030303033,1.2000000000000002,-0.0811810095380988,40.472727272727276,-2.1999999999999993,-0.20926680580278562,-0.08057239873878244,0
Hungary,Netherlands,1,25.0,-0.897129186602871,-2.2,-0.17464114832535893,0.6000000000000001,-0.026983645269741622,16.97607655502393,-4.0,-0.02446514203543667,-0.03238500506585612,0
Ukraine,Georgia,0,-42.0,-0.6842105263157896,-0.8,-0.21052631578947367,0.6000000000000001,-0.01070517601304986,-2.3157894736842124,9.199999999999996,0.012603250798855083,-0.04773921947889406,0
Aruba,Haiti,1,108.0,-0.6373626373626373,-1.0,0.34065934065934056,0.20000000000000018,-0.007997995728993929,37.406593406593416,11.400000000000006,-0.008358191002232554,-0.00792225582334536,0
Turkey,Montenegro,0,-48.0,0.3988095238095237,1.0,-0.14880952380952372,-0.8,0.01830748949690931,-21.663690476190474,-16.0,0.04941931608304065,0.04794090030378349,0
Estonia,Azerbaijan,0,9.0,-0.43508771929824563,-0.19999999999999996,0.3298245614035087,-0.20000000000000018,-0.00558492194362681,-7.543859649122808,7.400000000000006,-0.012003410469595435,-0.002263749062576208,0
Slovakia,Sweden,1,14.0,-0.2973684210526317,-0.40000000000000013,-0.6210526315789473,-0.19999999999999996,-0.003952574947632764,-0.2815789473684305,-8.400000000000006,0.04505828544595937,-0.0051196808510638285,0
Peru,Uruguay,0,32.0,-1.19377990430622,-0.39999999999999997,0.3708133971291866,0.19999999999999996,-0.024420332936979785,-3.009569377990431,-28.200000000000003,-0.21749050488034455,0.012555184820032574,0
New Zealand,Tahiti,0,-63.0,-0.4551282051282053,1.6,0.07051282051282048,-0.8,0.008240637339227364,-93.18589743589743,-50.39999999999999,0.004185826909294289,0.015151337368440368,0
Syria,Tajikistan,0,-11.0,0.1578947368421053,1.5999999999999999,0.10526315789473673,0.19999999999999996,0.0023385579030655353,-7.05263157894737,3.799999999999997,0.0025798383067055265,0.0036833164881150994,0
Thailand,Philippines,0,-48.0,0.6785714285714286,0.7999999999999999,-0.06428571428571428,-0.7999999999999998,0.008928697071612512,-23.92857142857143,-32.599999999999994,0.009384357386175053,0.016237520564376866,0
Guyana,Guatemala,1,49.0,1.12,0.0,0.29000000000000004,0.8,0.0028073828506717073,63.730000000000004,42.8,-0.006559345157816955,-0.021865298262813793,0
Cayman Islands,British Virgin Islands,0,-13.0,-0.04285714285714293,0.6000000000000001,0.5142857142857142,-0.20000000000000018,-0.0004559967949107069,6.900000000000006,23.19999999999999,0.0025612921249122114,0.007123902837313738,0
United States,Panama,0,-19.0,0.6071428571428572,-0.19999999999999996,-0.30494505494505486,-1.0000000000000002,0.012293870088840753,-4.162087912087912,19.6,0.007250574399352228,-0.052417794970986455,1
Vietnam,India,1,-10.0,0.19999999999999996,0.6,0.75,1.2000000000000002,0.003338862810150706,-18.299999999999997,-25.599999999999994,-0.0002934323524878095,0.0016991517923186706,1
Morocco,Central African Republic,0,-114.0,-0.8055555555555556,-0.6000000000000001,-0.7777777777777777,-0.9999999999999999,-0.0024091033025784164,-30.833333333333343,-24.799999999999983,0.17690716997500222,0.015498610659298565,0
Antigua and Barbuda,Dominican Republic,1,5.0,-0.9090909090909092,-1.6,1.3506493506493504,0.8000000000000003,-0.007645235003577492,31.701298701298697,46.19999999999999,-0.007672986635167174,-0.008545769193298771,0
Bermuda,Dominica,0,-11.0,-0.02777777777777768,0.0,0.2777777777777777,0.6000000000000001,0.0006461147736930017,-13.638888888888886,-12.800000000000011,-0.0008916576860950286,-0.0015766239226403201,0
Turks and Caicos Islands,Anguilla,0,-3.0,0.0,-0.2,0.0,-0.9999999999999998,-0.00022429735618118224,16.25,23.80000000000001,-0.0012280522361594686,-0.0009987457611371768,0
Guinea,Ethiopia,0,-63.0,0.9285714285714285,1.0,0.11904761904761907,0.3999999999999999,0.011471779638131242,-21.69047619047619,-26.39999999999999,0.011070089637233965,0.008872490145737603,0
Croatia,Scotland,0,-40.0,0.1578947368421053,0.0,-0.8947368421052632,-0.7999999999999998,0.005042189254113302,-2.578947368421055,4.399999999999999,0.058253149945123796,0.03393255866940077,0
Serbia,Switzerland,0,20.0,-0.3934837092731829,-0.8,-0.04761904761904767,-0.8,-0.0030887125724374867,-7.987468671679203,10.2,0.0008296891596302133,-0.03280075187969926,0
Spain,Denmark,0,-17.0,0.9652173913043476,1.0,-0.10434782608695659,0.20000000000000007,0.03261539816772374,-22.88695652173913,-6.0,0.1349369495642629,0.39874999999999994,0
Cyprus,Romania,1,78.0,-0.575,0.0,1.7,0.40000000000000013,-0.007767212111828216,3.9749999999999943,68.0,-0.030660981348513788,-0.007247678945792153,0
Bulgaria,Luxembourg,1,-6.0,-0.125,0.6,-0.75,-1.8000000000000003,-0.0011926672509494606,-3.6875,26.799999999999997,0.0018814734248149643,0.019754819649515993,0
Belarus,Northern Ireland,1,24.0,-0.375,-1.0,0.25,0.40000000000000013,-0.00452147701582517,0.0,15.799999999999997,-0.007666950864188395,-0.017703780320976952,0
Vanuatu,Samoa,0,-23.0,-1.4870129870129873,-0.19999999999999996,0.577922077922078,-0.5999999999999996,-0.007564054488093977,-29.844155844155864,-35.20000000000002,-0.002643672802666441,0.0019513562270472243,0
Poland,Portugal,1,22.0,-1.110047846889952,0.3999999999999999,0.47607655502392354,1.0,-0.018067185007974478,2.0,-19.8,-0.010627869386533234,-0.053508771929824575,0
Lithuania,Kosovo,1,35.0,-0.125,0.0,0.050000000000000044,-0.6000000000000001,-0.0036439203067925394,14.74166666666666,58.400000000000006,-0.009441272102590012,-0.002084532579312525,0
Finland,England,1,60.0,-0.4649122807017543,-0.6000000000000001,0.9232456140350876,1.6,-0.020450698264917473,25.24561403508772,-3.799999999999997,-0.08132201201558684,-0.100454717696097,0
Andorra,San Marino,0,-41.0,-0.11764705882352944,-0.4,-0.6470588235294119,0.20000000000000018,-0.0008761348377487009,-11.941176470588232,-24.19999999999999,0.0008772445507449276,-0.003015075376884422,1
Myanmar,Sri Lanka,1,-33.0,0.4444444444444444,0.4,1.1031746031746033,2.2,0.004831985209822581,-50.182539682539684,-80.2,0.0025565103595584357,0.0030249687890137327,1
Burundi,Burkina Faso,1,73.0,0.16666666666666674,-0.6000000000000001,1.0595238095238095,0.40000000000000013,0.000200765752560653,9.86904761904762,13.600000000000009,-0.006287817400140788,-0.011610537924965135,0
Saint Vincent and the Grenadines,El Salvador,0,94.0,0.9090909090909092,-0.40000000000000013,0.4736842105263157,1.0,0.0003058638144153667,71.6602870813397,-1.4000000000000057,-0.0023162794910591474,-0.009075684727999566,0
Austria,Norway,0,-25.0,0.15406162464986006,0.19999999999999996,-0.1652661064425771,0.5999999999999999,0.008717590905600012,-10.322128851540612,-9.0,0.05448981792010084,0.04831037823482506,0
Kazakhstan,Slovenia,1,58.0,-0.31016042780748654,-0.20000000000000007,0.8422459893048128,1.5999999999999999,-0.0063996519773075015,8.5,28.400000000000006,-0.04663794293419234,-0.08392882958020573,0
Faroe Islands,Latvia,1,3.0,-0.11764705882352944,0.20000000000000007,-0.47058823529411753,0.0,-0.0022751278127848924,9.117647058823522,-2.6000000000000085,-0.0016710884173988631,-0.0039979931713341335,0
Armenia,North Macedonia,1,24.0,0.0,0.40000000000000013,-0.11764705882352944,0.40000000000000013,0.0003721221613155849,-1.588235294117652,18.200000000000003,-0.015818507975684508,-0.00038102822561008644,0
Liechtenstein,Gibraltar,1,5.0,0.05882352941176472,-0.20000000000000007,-0.7647058823529411,0.3999999999999999,0.0003683136616956786,8.882352941176464,7.200000000000017,-0.0011079661496963878,-0.005237673144261837,0
Malta,Moldova,0,22.0,-0.625,-1.2000000000000002,0.75,1.0000000000000002,-0.0059640840401454015,-17.125,-40.0,-0.016635051974826072,-0.008970720742313042,0
Greece,Republic of Ireland,0,-14.0,0.8235294117647058,1.2,-0.7058823529411765,-1.2000000000000002,0.006480243865846506,18.941176470588232,31.599999999999998,0.06572144371787078,0.14092548596291793,0
Curaçao,Grenada,0,-85.0,0.36410256410256414,1.0,-0.7846153846153845,-1.2,0.004917918295430283,-20.738461538461536,41.8,0.0055604898656540745,0.005938567160936578,0
Trinidad and Tobago,Cuba,0,-64.0,0.7916666666666667,1.2000000000000002,-0.20833333333333326,0.6000000000000001,0.007692584194865591,4.520833333333329,40.80000000000001,0.016619285337237263,-0.0007120641609525847,0
Jamaica,Honduras,1,-16.0,-0.11001642036124792,-2.0,-0.06568144499178996,0.19999999999999996,-0.00111837605313745,-0.908045977011497,-13.599999999999994,-0.0009916267311015983,0.00029298654834159985,0
Zimbabwe,Namibia,0,19.0,-0.29365079365079366,0.0,-0.25396825396825407,0.0,-0.003957035020618181,8.753968253968253,-0.7999999999999972,-0.0075969509286805716,0.00529386793941653,0
Togo,Algeria,1,78.0,-0.9935064935064934,-1.6,0.49350649350649356,1.2,-0.009613869188337272,-5.493506493506501,-3.200000000000003,-0.014155703916636229,-0.01772850710064356,0
Eswatini,Mozambique,1,60.0,-0.707070707070707,-0.9999999999999999,-0.297979797979798,0.3999999999999999,-0.007466235856224598,9.550505050505038,-11.600000000000009,-0.007687104520108673,-0.01918421463440501,0
Liberia,Equatorial Guinea,1,49.0,-0.21052631578947367,-0.4,0.4858299595141702,0.19999999999999996,-0.0017055795412234797,-3.441295546558706,16.599999999999994,-0.012397605400106579,-0.006067345076307341,0
Gambia,Madagascar,0,27.0,0.3846153846153846,1.2,0.8461538461538463,0.8,0.007028196911876047,-26.65384615384616,18.599999999999994,-0.0023157952909994457,-0.006257604024101487,0
Kenya,Cameroon,1,49.0,-0.26923076923076916,-1.2,0.04273504273504258,0.6,-0.005652088364028168,19.978632478632477,-6.0,-0.0025919532088504085,-0.010549052423105516,0
New Zealand,Malaysia,0,-37.0,-0.4285714285714286,1.5999999999999999,-0.4910714285714286,-0.3999999999999999,0.0006105489764854123,-25.160714285714292,-0.19999999999998863,0.0006150236175002481,0.012299541747505754,1
Italy,Israel,0,-69.0,0.47916666666666674,0.20000000000000018,-0.5922619047619047,-1.0,0.01970603856839353,-21.74702380952381,-5.199999999999999,0.12107578524686505,0.35699786324786326,0
Iceland,Turkey,1,45.0,0.10000000000000009,-0.19999999999999996,0.09090909090909083,1.0,-0.00854662702103054,18.595454545454544,-13.599999999999998,-0.012546325899128657,0.11789025080620283,0
Belgium,France,1,4.0,-0.3126293995859215,-0.6000000000000001,-0.024844720496894346,0.0,-0.011209046035042691,4.8674948240165605,1.3999999999999986,-0.07959906618681875,-0.10490262901655305,0
Thailand,Syria,0,8.0,0.033333333333333215,0.6000000000000001,0.4190476190476191,0.19999999999999996,0.0014803033695431154,-7.964285714285708,-16.0,0.0023874167603198278,0.008217414488117929,0
Tajikistan,Philippines,1,-45.0,0.5000000000000001,-0.20000000000000007,-0.6500000000000001,-1.0,0.005006592310159284,-6.133333333333326,7.0,0.0037227249155490656,0.002495719721794618,0
Estonia,Sweden,1,94.0,-1.2,-0.19999999999999996,0.7500000000000002,-0.20000000000000018,-0.01406627161717323,-14.349999999999994,25.200000000000003,-0.022351282695834623,-0.0037644922244363735,0
Wales,Montenegro,0,-45.0,0.23529411764705888,0.4,-0.5294117647058822,-0.6000000000000001,-3.9753528125619636e-05,13.941176470588232,43.2,0.04183301282508617,0.019713608857827025,0
Azerbaijan,Slovakia,1,71.0,-0.6041666666666667,-0.19999999999999996,1.1428571428571428,1.6,-0.0073281167436076745,-5.12797619047619,10.0,-0.05598338728845195,-0.015856387759239924,0
Ukraine,Czech Republic,1,-22.0,-0.5,-0.40000000000000013,0.10000000000000009,-0.6000000000000001,0.0003185948581560273,-20.4,-10.200000000000003,0.025329151553660813,0.05343298250760937,0
Georgia,Albania,1,-1.0,0.7342105263157892,0.8,0.5526315789473685,-0.19999999999999996,0.017598581954310355,-13.921052631578945,-1.6000000000000014,0.013787403388130282,0.07785686653771759,0
Germany,Netherlands,0,6.0,-0.3913043478260867,0.19999999999999973,0.13043478260869557,-0.6000000000000001,0.035881240475185,-24.391304347826086,-5.0,0.15070129038414617,0.04057736618220488,0
Bosnia and Herzegovina,Hungary,1,43.0,-0.5874999999999999,0.19999999999999996,1.0125,0.6000000000000001,-0.008646359446348046,-4.049999999999997,-17.2,-0.0335001241190401,-0.040171097719484815,0
Aruba,Haiti,1,108.0,-0.75,-2.1999999999999997,0.5357142857142858,0.6000000000000001,-0.0076628803946520874,23.285714285714292,-20.0,-0.009149430894504512,-0.01272851248882705,0
Niger,Angola,1,42.0,-0.3846153846153846,-0.9999999999999999,0.5000000000000001,0.9999999999999999,-0.004393508175985147,2.653846153846146,-21.0,-0.011721266155274879,-0.023908709816274343,0
Sudan,Ghana,0,50.0,-0.18218623481781382,0.0,-0.49392712550607276,-0.7999999999999999,-0.003320354171111586,14.05668016194332,10.0,0.001279776054927335,-0.004626287360344247,0
Rwanda,Benin,0,41.0,-0.6166666666666666,-1.2000000000000002,-0.35,0.0,-0.007069017103544718,4.016666666666666,8.799999999999997,-0.0032400498249220335,-0.02345928994015474,0
Botswana,Cape Verde,0,82.0,-0.15340909090909083,0.0,0.28409090909090917,-0.20000000000000018,-0.002776849065715665,10.61363636363636,8.799999999999997,-0.009866387652774316,0.0016255438557739518,0
Hong Kong,Cambodia,0,-23.0,0.18181818181818188,0.0,0.4545454545454546,-0.40000000000000013,0.004548554640365144,-61.0,-57.80000000000001,-0.000979297953934219,0.0018685293212816045,1
Morocco,Central African Republic,0,-114.0,-0.4453441295546561,1.0,-1.0890688259109313,-2.0,-0.0005074383675629374,-20.753036437246962,12.400000000000006,0.1691370374943295,0.017370861392436397,0
Comoros,Tunisia,1,82.0,0.418421052631579,0.3999999999999999,0.6605263157894736,0.4,0.0020628754558241775,18.423684210526318,3.5999999999999943,-0.00826328353681979,0.0037542015742397863,0
Mexico,United States,0,-1.0,-0.5701149425287355,-0.19999999999999996,0.135632183908046,-1.0,-0.008433716820813595,-3.1632183908045945,8.600000000000001,-0.014187668526738095,0.01102652431636775,1
Chad,Zambia,1,84.0,-0.9809523809523809,-0.8,0.30000000000000004,-0.3999999999999999,-0.010265240058723007,13.509523809523813,5.799999999999997,-0.01045613322370045,-0.002258094393006421,0
Mauritania,Egypt,1,81.0,-1.4363636363636363,-2.1999999999999997,0.3818181818181817,0.9999999999999999,-0.012707596579972244,-21.790909090909096,-23.0,-0.005018643731071536,-0.02598946937378528,0
Canada,Panama,0,1.0,-0.1587301587301586,-0.19999999999999996,-0.01058201058201047,-1.2,0.00473921528510049,-15.43386243386243,-7.400000000000002,0.026389231235979478,0.005565812183459237,1
Malawi,Senegal,1,112.0,-1.0336134453781514,-1.0,0.8767507002801121,2.0,-0.011976793674260243,9.042016806722685,-33.80000000000001,-0.06311287501447424,-0.02070178847383321,0
Ethiopia,Guinea,1,63.0,-1.0151515151515151,-0.9999999999999999,0.08484848484848473,0.19999999999999996,-0.011882784391706685,17.175757575757572,18.39999999999999,-0.011657001011433847,-0.013555703304449853,0
Guinea-Bissau,Mali,1,61.0,-0.8842105263157893,-0.20000000000000007,0.7157894736842104,0.20000000000000007,-0.006774366393842449,-19.68771929824561,-11.200000000000003,-0.008760712005310797,-0.00219061486251286,0
South Sudan,Uganda,1,82.0,-0.2666666666666667,-0.4,1.0000000000000002,0.0,-0.0009332048722137673,-23.03333333333333,-10.200000000000003,-0.004562004672412628,-0.00735662353971695,0
Dominican Republic,Antigua and Barbuda,0,-5.0,1.2000000000000002,2.4,-1.6333333333333335,-1.4,0.009417018109650212,-28.75,-19.80000000000001,0.008525173190355487,0.012519279127073605,0
Costa Rica,Guatemala,0,-57.0,0.08391608391608385,-0.4,0.35664335664335656,-0.3999999999999999,0.003601667570148945,-13.265734265734267,4.199999999999996,0.009724866893517696,0.03755365714599716,0
Suriname,Guyana,0,-18.0,-0.14117647058823524,2.2,-0.5529411764705883,-1.6,-0.0008317202023083239,-1.9352941176470608,37.400000000000006,0.0018056211828679503,0.014406630181500882,0
Sierra Leone,Ivory Coast,0,92.0,-0.8026755852842811,-0.40000000000000013,1.1739130434782608,1.8,-0.00910030353411327,2.979933110367895,-5.799999999999997,-0.032794359100062946,-0.01623013971141965,0
Barbados,Bahamas,0,-30.0,0.20769230769230762,0.19999999999999996,-0.523076923076923,-0.3999999999999999,0.0011880515953835713,3.7769230769230546,-5.199999999999989,0.0024959507878571123,0.0014958110100320016,0
Tanzania,DR Congo,1,52.0,-0.4305555555555556,-0.6,0.18055555555555558,0.2,-0.004899215195089486,-0.18055555555555713,7.599999999999994,-0.008640863466703314,-0.016856907147896186,0
Bermuda,Dominica,0,-11.0,0.36923076923076925,1.2000000000000002,-0.22307692307692273,-1.4,0.0031625450700098097,-11.961538461538453,14.399999999999991,0.0006304406711618079,0.004723367831297174,0
Lesotho,Gabon,1,69.0,-0.33333333333333337,-0.6,-0.14652014652014644,-0.3999999999999999,-0.004085333490593855,8.805860805860803,3.200000000000003,-0.0030167215782490927,-0.0033110889900306497,0
Belize,Turks and Caicos Islands,0,-24.0,0.41025641025641024,0.7999999999999999,-0.5384615384615385,-0.20000000000000018,0.003012165192365415,-30.16239316239316,-21.200000000000017,0.0024935545812168644,0.0038695591582663643,0
Switzerland,Denmark,1,-5.0,0.15800865800865815,0.0,0.2813852813852813,1.2000000000000002,0.004202186232643089,-4.3030303030303045,-4.800000000000001,-0.004283940772034658,0.035,0
Colombia,Chile,0,-40.0,0.45684210526315794,0.4,-0.3726315789473683,-0.8,0.028190894568690096,-17.421052631578945,-0.6000000000000014,0.22989829554421456,0.643452380952381,0
Belarus,Luxembourg,1,10.0,-0.17647058823529405,0.2,-0.4117647058823528,-0.19999999999999996,-0.0030054644808743163,7.0,18.60000000000001,0.0012473945715239503,0.009852471758029169,0
Northern Ireland,Bulgaria,0,-8.0,0.2941176470588235,0.6,0.05882352941176472,1.0,0.0022783003330527386,11.529411764705884,14.400000000000006,0.006543260064599623,-0.007420509321477767,0
Scotland,Portugal,1,44.0,-1.202173913043478,-0.3999999999999999,1.1043478260869566,1.2000000000000002,-0.011797007753053711,-15.17173913043478,-11.0,-0.045494292460906034,-0.17548245614035085,0
Kosovo,Cyprus,0,-19.0,0.23897058823529416,-0.19999999999999996,-1.3419117647058822,-0.40000000000000013,0.0034368444330829754,-2.930147058823536,-52.80000000000001,0.01603166239760351,0.0017393689098215252,0
Spain,Serbia,0,-32.0,1.1,1.2000000000000002,-0.2833333333333333,0.0,0.029171388527026693,-7.816666666666663,-8.599999999999998,0.12960637750052942,0.3765507518796993,0
Poland,Croatia,1,18.0,-0.1499999999999999,-0.19999999999999996,0.35,0.8,-0.011409445865533097,16.200000000000003,-13.799999999999997,-0.02765359671867687,0.05650266400266401,0
Uruguay,Ecuador,1,-16.0,0.559288537549407,0.19999999999999996,-0.12252964426877477,0.4,0.007921192691960528,6.632411067193679,35.4,0.14456786822286657,-0.21646078214668255,0
Lithuania,Romania,1,94.0,-0.6414565826330532,-1.0,0.5322128851540617,0.3999999999999999,-0.008872893228841517,8.28851540616246,23.799999999999997,-0.024544010674511632,-0.013389534061822302,0
Argentina,Bolivia,0,-82.0,1.1363636363636362,0.0,-1.4703557312252964,-1.2000000000000002,0.017475880725346147,12.160079051383399,1.1999999999999993,0.07222570369304379,-0.015382882882882878,0
Palestine,Kuwait,1,-36.0,-0.4078947368421053,-0.2,0.08552631578947367,0.8,-0.0019421218051355032,-20.473684210526315,-36.599999999999994,-0.003373279111766589,-0.0018416237621304687,0
Paraguay,Venezuela,0,17.0,-0.4643962848297213,-0.4,0.26315789473684215,0.0,-0.007239203421616148,-8.600619195046434,-20.599999999999998,-0.057290102678373936,-0.08808001397624035,0
Iran,Qatar,0,-25.0,0.5972222222222223,-0.40000000000000013,-0.5185185185185185,-0.9999999999999999,0.0048282645001866235,6.773148148148152,-21.0,0.0036263045720370604,0.011096254325497186,0
Kyrgyzstan,North Korea,0,-5.0,-0.5526315789473685,0.19999999999999996,0.736842105263158,0.6000000000000001,-0.007666945028364097,7.15789473684211,8.0,-0.005260283508242731,-0.007675402176680951,0
Jordan,Oman,0,-10.0,0.5618181818181818,-0.40000000000000013,0.3490909090909091,0.0,0.007400060779039834,-4.776363636363641,6.200000000000003,0.006433704023690288,0.0039702490222683386,0
South Korea,Iraq,0,-32.0,0.22529644268774685,1.6,-0.05138339920948609,0.0,0.008136780907179387,-17.652173913043484,-12.599999999999994,0.0034119790532013902,0.003430384086907181,0
Japan,Australia,1,-9.0,1.5214285714285718,1.2000000000000002,0.20952380952380956,-0.2,0.02327520416428558,-10.138095238095246,-20.599999999999994,0.021844301226073174,0.017466365066535178,0
Brazil,Peru,0,-38.0,0.9500000000000001,0.4,0.19999999999999996,-0.4,0.03673516508889402,-12.100000000000001,13.599999999999998,0.06575671976418372,-0.011348175633889915,0
Saudi Arabia,Bahrain,1,-20.0,0.050724637681159424,0.3999999999999999,-0.16304347826086962,-0.40000000000000013,0.002053915275994864,-10.63586956521739,24.0,-0.003350799441838555,-0.02421662901019484,0
Timor-Leste,Brunei,1,13.0,0.7666666666666667,0.4666666666666668,-1.7000000000000002,0.8,0.0037932020465648256,11.199999999999989,-7.800000000000011,0.0028063605691378123,-0.001613353262340727,0
Saint Kitts and Nevis,Cayman Islands,1,-54.0,0.2678571428571428,1.2,-0.6607142857142858,-0.19999999999999996,0.0027779783055669185,-29.98214285714286,-2.0,0.0016437677453080956,0.001851570964247021,0
Uzbekistan,United Arab Emirates,0,-9.0,0.03571428571428581,-0.40000000000000013,0.0357142857142857,-0.20000000000000007,0.004716031631919481,-20.654761904761898,-5.799999999999997,0.00883509779185232,0.01073937123881466,0
Liberia,Togo,0,26.0,-0.06666666666666665,-0.20000000000000007,0.23809523809523814,-0.3999999999999999,-0.0021490388045285677,12.023809523809533,17.0,-0.00794269942359977,-0.00012771885745576977,0
Tajikistan,Nepal,0,-71.0,0.4005602240896359,0.19999999999999996,-0.526610644257703,-2.2,0.005154185847686961,-35.03081232492997,31.0,0.0037717268054720463,0.00315541601255887,1
Namibia,Cameroon,1,64.0,-0.7368421052631579,-0.9999999999999999,0.1578947368421053,0.9999999999999999,-0.00809621250842076,-2.2105263157894797,-15.400000000000006,0.002266982075876719,-0.016687153252824282,0
Chad,Sierra Leone,1,56.0,-0.7792207792207791,-1.2,-0.5844155844155845,-0.8,-0.00934639267652519,21.103896103896105,13.0,-0.006722542532430693,-0.018741338242345376,0
Bangladesh,Maldives,1,22.0,-0.25,-0.8,0.3833333333333333,0.20000000000000018,-0.00023326636368771383,-38.133333333333354,-49.80000000000001,0.0008776749915588664,-0.0010047410047410049,1
Armenia,Faroe Islands,1,-39.0,0.6111111111111112,0.8,0.05555555555555558,0.40000000000000013,0.009884695588175167,-17.0,-10.799999999999997,0.010910821002374154,0.005312411065104001,0
Republic of Ireland,Finland,0,-3.0,-0.40555555555555567,-0.4,-0.3111111111111111,-0.3999999999999999,-0.00248311244632117,-13.644444444444446,2.6000000000000014,0.013902602274490812,0.0042467948717948715,0
Belgium,Italy,1,-3.0,0.09090909090909083,-1.0000000000000002,-0.3181818181818181,0.20000000000000018,0.0006563088161925107,1.5454545454545467,-17.999999999999996,-0.066706500249762,-0.3209282700421941,0
Venezuela,Brazil,1,39.0,-0.6166666666666667,-0.7999999999999999,-0.34285714285714275,1.2000000000000002,-0.03052185180822241,14.404761904761905,2.200000000000003,0.006353142261179792,0.15964216200927162,0
Kazakhstan,Austria,1,84.0,-1.0606060606060603,-2.0,0.7121212121212122,1.0000000000000002,-0.02652268636923368,23.18181818181818,-2.6000000000000014,-0.05843851900140208,-0.018116698448925658,0
Slovenia,Norway,1,4.0,-0.36714975845410613,-0.3999999999999999,-0.5072463768115941,-1.0,-0.009290729308763571,9.606280193236714,13.600000000000001,0.04282305298892884,0.012561121195767709,0
North Macedonia,Latvia,0,-68.0,0.611111111111111,1.0,-0.38888888888888884,-1.0,0.008672382790834463,-5.7222222222222285,-15.200000000000003,0.026017073525762567,0.007976728705407068,0
Montserrat,Saint Vincent and the Grenadines,1,6.0,-0.9166666666666667,-0.20000000000000018,0.6666666666666667,0.7999999999999998,-0.00544619125418462,-14.416666666666686,9.599999999999994,-0.005523489249923192,-0.007460815047021943,0
Malta,Liechtenstein,0,-31.0,0.25163398692810457,0.0,-0.22549019607843124,1.6,0.004526214015787953,-23.235294117647058,-51.60000000000001,0.003540658575957224,-0.0025043019351642104,1
Saint Kitts and Nevis,Cuba,0,-23.0,0.3686274509803922,0.8000000000000003,-0.1568627450980391,-0.6,-0.0006786574682435377,58.08235294117645,83.6,-0.00027205816129813147,0.002916015655283155,0
Costa Rica,Panama,1,11.0,-0.29813664596273304,0.0,-0.060559006211180044,-1.2000000000000002,-0.007684275896896946,9.642857142857146,51.800000000000004,-0.0071419113346905296,-0.04241757322576725,0
Jamaica,United States,1,43.0,-0.6666666666666665,0.0,0.16666666666666663,-0.3999999999999999,-0.020231947225878046,27.96666666666666,61.199999999999996,-0.022082935485855326,-0.0023737790222460586,0
Hong Kong,Philippines,0,13.0,0.5108695652173914,0.3999999999999999,-0.1222826086956521,-0.9999999999999999,0.003930331029536736,6.671195652173907,49.2,-0.0026227604807090793,0.0025274531320924262,1
Malaysia,Laos,0,-54.0,1.0823529411764705,0.0,0.3058823529411765,0.20000000000000018,0.013447660014528753,-72.23529411764706,-69.4,0.009515651888651524,0.006867946060064287,1
Singapore,Myanmar,0,-3.0,-0.024242424242424288,0.0,0.20606060606060606,0.3999999999999999,-4.4199595058049684e-06,-3.296969696969697,-32.8,-0.0007707168747869428,-0.0010149253731343284,1
Thailand,Lebanon,1,-19.0,0.4136363636363636,1.0,0.34090909090909083,0.19999999999999996,0.0057948735865096836,-13.477272727272734,-1.0,0.008218219032113146,0.008427502312699552,1
France,Israel,1,-79.0,1.0318627450980393,0.3999999999999999,-1.0735294117647058,-1.2000000000000002,0.03257724642428213,-19.647058823529413,-3.0,0.14815786851841226,0.20134493670886075,0
Qatar,Uzbekistan,0,-12.0,0.030000000000000027,0.8,0.5657142857142858,1.8000000000000003,-0.0010329905599042316,5.597142857142856,21.0,-0.002369607339935232,-0.02812162949648586,0
Greece,England,1,38.0,-0.046666666666666634,0.40000000000000013,-0.10888888888888881,-0.8,-0.014928050127486502,26.18222222222223,23.39999999999999,-0.0014143064497482705,0.15381119128466328,0
Australia,Saudi Arabia,1,-35.0,0.8333333333333333,0.6000000000000001,-0.42261904761904767,-0.6,0.010701414658515436,-3.720238095238102,3.0,0.011569195100462532,0.016503980444151703,0
Ecuador,Bolivia,0,-52.0,0.26086956521739124,-1.2000000000000002,-1.2173913043478262,-1.6,0.00399694783573807,4.391304347826086,-3.400000000000002,0.056664352331546174,0.1391399331423811,0
Oman,Palestine,0,-20.0,0.36086956521739133,0.6,-0.032608695652173836,-0.40000000000000013,0.00379461658736697,2.173913043478265,15.200000000000003,0.0068088539029844755,-0.0037105775470473723,0
Papua New Guinea,Fiji,1,25.0,-0.9380952380952381,0.0,1.4380952380952383,1.7999999999999998,-0.006437719712815787,9.128571428571405,5.0,-0.0058943282674306825,-0.0051303624225165715,0
Solomon Islands,New Caledonia,1,-8.0,-1.488888888888889,-4.2,0.4111111111111112,1.2000000000000002,-0.008958036070518064,-2.51111111111112,-21.80000000000001,-0.003459770037042991,-0.014994035406406541,0
United Arab Emirates,Kyrgyzstan,0,-35.0,0.6863636363636365,0.0,-0.9227272727272726,-0.6000000000000001,0.005837320574162681,9.75,-1.6000000000000014,0.010843849134475027,0.01394605262252321,0
Kuwait,South Korea,1,113.0,-0.9373913043478261,-2.2,0.2904347826086956,0.7999999999999999,-0.018079959256429846,31.546086956521734,0.0,-0.019713118410120696,-0.020989791870972368,0
Iraq,Jordan,1,-8.0,-0.0032051282051281937,-0.6000000000000001,-0.4262820512820512,-0.19999999999999996,-0.0010006848018953816,3.714743589743591,1.0,0.0029410744804672963,-0.0001622760208082226,0
North Korea,Iran,1,92.0,-1.0763636363636364,-0.3999999999999999,0.31999999999999995,1.2,-0.009880817059218418,-9.378181818181815,-0.20000000000000284,-0.02177770496506439,-0.02589179841897233,0
Lesotho,Central African Republic,0,23.0,-1.2922077922077921,-1.0,-0.5129870129870131,-1.8000000000000003,-0.01298696433922685,2.558441558441558,22.60000000000001,-0.003643472862463957,-0.0016458932566315114,0
Rwanda,Libya,1,4.0,-0.6018099547511313,0.0,-0.1945701357466063,-0.19999999999999996,-0.00510249274763237,-9.692307692307693,-5.200000000000003,0.004076391563637276,0.012800619427056521,0
Benin,Nigeria,1,59.0,-0.09821428571428581,0.40000000000000013,0.40773809523809523,0.7999999999999999,-0.000997332596085419,-0.3839285714285694,-10.599999999999994,-0.0035425248668975937,0.01327495739850625,0
Equatorial Guinea,Algeria,1,51.0,-0.8369565217391304,-1.4000000000000001,0.2239130434782609,0.6,-0.009603994267643844,8.0695652173913,3.4000000000000057,-0.009960608113986535,-0.012791031616462976,0
Niger,Sudan,0,21.0,-0.3571428571428571,-0.9999999999999999,0.4999999999999999,0.9999999999999999,-0.0028377745872973283,-9.357142857142861,-10.200000000000003,-0.012065649504341235,-0.016696385799828916,0
Burundi,Malawi,1,5.0,0.6068376068376068,0.7999999999999999,0.8974358974358976,-0.3999999999999999,0.006290098467175483,-0.2307692307692264,28.19999999999999,6.556745243597485e-05,0.0078075900410925795,0
Paraguay,Argentina,0,54.0,-1.5,-1.5999999999999999,0.6666666666666667,0.0,-0.02514083594422973,-13.416666666666664,-10.399999999999999,-0.044315353924647596,0.08440682155448197,0
Burkina Faso,Senegal,1,42.0,-0.4545454545454546,0.7999999999999998,0.6818181818181819,0.8,-0.004434917937309643,-2.4545454545454533,-6.800000000000011,-0.054002375784445375,0.003660588055725982,0
Madagascar,Tunisia,1,62.0,-0.011204481792717047,-0.4,0.4285714285714286,0.20000000000000007,-0.002509745013045208,26.229691876750692,-21.0,-0.013790394588083814,-0.006133839670964144,0
Scotland,Croatia,0,39.0,-0.33333333333333326,-0.8,0.7142857142857142,0.20000000000000018,-0.006823590498031242,-0.6190476190476204,-9.0,-0.05108740428490443,-0.034633699633699645,0
Denmark,Spain,1,18.0,-0.9745454545454546,-0.8,0.22363636363636363,0.6,-0.03231542666461769,18.92363636363637,-5.199999999999999,-0.13112949640340799,-0.14130952380952377,0
Suriname,Canada,1,101.0,0.7727272727272727,2.2,-0.4545454545454545,-0.3999999999999999,-0.014670603308709214,94.63636363636363,131.4,-0.0501882949780735,-0.061685357152410976,0
Cyprus,Lithuania,0,-14.0,-0.11111111111111105,0.19999999999999996,1.222222222222222,0.40000000000000013,-0.0007442721306141799,-4.888888888888886,31.200000000000003,-0.00554589896118873,0.0056755710414247,0
Romania,Kosovo,1,-58.0,0.36898395721925126,0.40000000000000013,-0.34491978609625673,-0.3999999999999999,0.003822337621464259,3.2673796791443834,5.799999999999997,0.013551653796674678,0.0053804123541161125,0
Northern Ireland,Belarus,0,-26.0,0.5555555555555556,1.4,-0.2777777777777777,-0.8,0.006556043852926917,1.0,20.799999999999997,0.008045813678000958,0.005650198670522551,0
Puerto Rico,Aruba,0,-42.0,1.288888888888889,0.8,-0.7777777777777779,-1.2000000000000002,0.006271243115404966,24.71111111111111,33.19999999999999,0.006493414680215945,0.007220611492631749,0
San Marino,Gibraltar,1,13.0,0.1111111111111111,-0.4,-0.3333333333333335,1.2000000000000002,0.0007367776013875501,14.388888888888886,7.400000000000006,-0.003063016214605592,-0.012387402590267207,0
Barbados,Guyana,1,12.0,-0.24603174603174605,1.4000000000000001,1.4444444444444444,0.20000000000000018,-0.0029688893306057326,15.76190476190476,31.400000000000006,-0.0042894700459349105,0.0025857909962199283,0
Luxembourg,Bulgaria,1,5.0,0.16666666666666663,-0.2,0.4444444444444444,0.19999999999999996,0.001704617080307766,4.277777777777786,-7.200000000000003,-0.0010523816837634172,-0.011404941160275106,0
Portugal,Poland,0,-24.0,0.9702380952380951,-0.20000000000000018,-0.6666666666666666,-1.4,0.015036928555624624,1.4166666666666714,12.400000000000002,0.011488800773030113,0.057179487179487204,0
Switzerland,Serbia,1,-16.0,0.3623188405797102,0.4,0.0828157349896479,1.2000000000000002,0.0019520017695200155,9.279503105590067,4.200000000000001,-0.0076914352261970576,-0.06619047619047617,0
Honduras,Mexico,0,61.0,-0.09384164222873892,1.4,0.14956011730205288,0.8,-0.012047091477430053,31.010263929618773,37.0,-0.01277794452875522,-0.0385748784341082,0
Eswatini,Guinea-Bissau,1,44.0,-0.17105263157894735,-0.19999999999999996,-0.10197368421052633,0.8,-0.0040332979438593135,29.694078947368425,28.799999999999997,-0.008029855133361954,-0.010959874830842573,0
Peru,Chile,1,-15.0,-0.6285714285714286,0.0,-0.05714285714285716,-0.6000000000000001,-0.011314121973915485,-6.590476190476188,-19.799999999999997,0.011519232852457914,0.0726010101010101,0
Samoa,Tahiti,1,27.0,0.39743589743589736,0.7999999999999999,0.6025641025641024,1.0,0.0015086324521985921,12.320512820512818,36.400000000000006,-0.002173344981713364,0.0013892790412988855,0
New Zealand,Vanuatu,0,-66.0,0.7333333333333334,0.8000000000000003,-1.1333333333333333,-1.0,0.013963416931104936,-64.39999999999999,-40.80000000000001,0.009208423853634046,0.012969179044567715,0
Indonesia,Japan,1,115.0,-2.0945454545454547,-2.6,0.7418181818181818,0.8,-0.032512196565514795,20.225454545454554,-11.599999999999994,-0.033643477255001754,-0.01784518034201911,0
Saint Lucia,Grenada,1,-11.0,0.7875000000000001,0.7999999999999999,-1.2125,-0.40000000000000013,0.0035019346283826696,35.462500000000006,38.60000000000001,0.00928713803988266,0.008528222327013064,0
Gambia,Comoros,1,20.0,0.0071428571428571175,0.0,0.5142857142857142,0.7999999999999999,0.002086838271005342,-13.664285714285711,-5.0,-0.0071751699352729775,-0.019963146874911582,0
Gabon,Morocco,1,72.0,-0.6785714285714286,-1.6,0.7857142857142858,0.7999999999999999,-0.0089612986821691,10.799999999999997,0.7999999999999972,-0.1617397309644707,-0.013075862700961753,0
Zambia,Ivory Coast,0,54.0,-0.5113636363636365,-0.8,0.12121212121212122,0.6,-0.006892417169431998,10.140151515151516,1.1999999999999886,-0.020826802240950307,-0.007123877727608707,0
Russia,Brunei,0,-150.0,1.9318181818181817,2.6,-1.9545454545454546,0.2,0.02769949664606057,-92.51136363636363,-87.19999999999999,0.02483056850707677,0.021038624768780483,1
Angola,Ghana,1,9.0,0.024074074074074137,0.3999999999999999,-0.5962962962962963,-0.9999999999999999,0.0002509826246731694,0.059259259259249575,-18.599999999999994,0.004241449399781183,0.01974989854437252,0
Mozambique,Mali,1,44.0,-0.20869565217391317,1.0,0.6978260869565217,0.39999999999999997,-0.002176422614634136,1.1673913043478308,-7.3999999999999915,-0.007568451259773597,0.007377497393919042,0
Zimbabwe,Kenya,1,11.0,-0.3928571428571428,0.4,-0.2678571428571428,-0.3999999999999999,-0.0030629872109396543,-9.375,11.399999999999991,0.0019776346898234317,0.00426599743664636,0
Uganda,South Africa,1,27.0,-0.3482142857142858,-1.0,0.2589285714285714,-0.8,-0.004762050434906746,12.839285714285708,26.200000000000003,-0.02362454232262022,-0.007296316103165525,0
Uruguay,Colombia,0,4.0,-0.1826923076923077,-1.2,0.012820512820512775,-0.4,-0.020224111036831888,13.596153846153847,20.0,-0.023963989833855337,-0.599099024578158,0
Botswana,Mauritania,1,26.0,0.27450980392156865,0.8,0.10364145658263313,0.0,0.0003868957408648,25.927170868347346,37.60000000000001,-0.0030027026748283524,0.017338682803940127,0
Cape Verde,Egypt,1,42.0,-1.0434782608695652,-1.6,0.30434782608695643,0.8,-0.010142598080851566,-4.652173913043484,1.2000000000000028,-0.002141520967588309,-0.015186823158692481,0
Turkey,Wales,1,-3.0,0.3309178743961354,0.8,0.4347826086956521,-0.3999999999999999,0.018783301973680493,-30.647342995169076,-7.799999999999997,0.007332270964729,0.004839687934420713,0
Albania,Czech Republic,1,20.0,-0.6047619047619046,-1.0,-0.24285714285714277,-0.8,-0.007122507122507119,-4.085714285714289,-2.6000000000000014,-0.0023592473476936326,-0.008197648123021248,0
Georgia,Ukraine,1,42.0,0.5238095238095237,0.19999999999999996,0.23809523809523814,0.19999999999999996,0.008698634718539676,1.095238095238095,-3.200000000000003,-0.014602640050836897,-0.05824853530681467,0
Dominican Republic,Dominica,0,-41.0,0.9204545454545454,2.4,-1.2386363636363638,-2.6,0.007373473895147052,-16.89772727272728,33.599999999999994,0.004926034208652091,0.013615205595029677,0
Netherlands,Hungary,0,-24.0,0.7380952380952379,1.0,0.20833333333333326,0.40000000000000013,0.024955588534425182,-16.82738095238095,-14.199999999999996,0.01543738777662855,-0.024988095238095236,0
Azerbaijan,Estonia,1,-6.0,0.3445378151260504,0.3999999999999999,-0.17927170868347364,0.8,0.003688170602716822,8.361344537815121,-2.200000000000003,0.009208584550221862,-0.0009443458094262735,0
Guinea,DR Congo,0,21.0,0.6591304347826086,0.20000000000000018,0.6104347826086955,1.0,0.005858058119525599,7.784347826086957,4.0,-0.004385443773311518,-0.019930975341411715,0
Montenegro,Iceland,1,5.0,-0.6190476190476191,-0.9999999999999999,-0.06349206349206349,-0.8,-0.009989042594921959,-0.6984126984126959,14.0,-0.03504369221783595,-0.015115729806329711,0
Bermuda,Antigua and Barbuda,0,11.0,0.9340659340659341,2.4,-0.9285714285714284,-0.3999999999999999,0.006856540195638991,-19.829670329670336,-19.599999999999994,0.006244099198967642,0.0106838883081977,0
Sweden,Slovakia,0,-13.0,0.2727272727272727,0.40000000000000013,0.5173160173160173,0.19999999999999996,0.0032395603556115773,1.337662337662337,10.200000000000003,-0.0416128205394706,-0.002772654107341472,0
Andorra,Moldova,1,20.0,-0.7254901960784315,-0.6,0.5392156862745097,0.19999999999999996,-0.008356148976574768,3.1013071895424815,11.599999999999994,-0.018414166848003115,-0.007038667951011423,0
Ethiopia,Tanzania,1,36.0,0.046052631578947345,-0.19999999999999996,0.5855263157894737,1.2,-0.0010291738054445084,23.54276315789474,21.39999999999999,-0.00699866083453534,-0.013355975205764259,0
Germany,Bosnia and Herzegovina,0,-63.0,1.0686274509803921,1.6,-0.7671568627450978,-1.0,0.07155823766068099,-34.26470588235294,7.200000000000003,0.21160324014470852,0.13518894009216592,0
Nepal,Afghanistan,0,25.0,-0.05555555555555547,0.0,-0.0277777777777779,2.4000000000000004,-0.0009829603676746682,15.694444444444443,-10.199999999999989,-0.004078434835614096,-0.011437908496732025,1
Sri Lanka,Yemen,0,49.0,-0.6000000000000001,-0.6,-0.8,-0.3999999999999999,-0.006305694600156854,54.400000000000006,63.8,-0.0009386652828381088,-0.0036719765854621436,1
Bangladesh,Maldives,0,22.0,-0.2857142857142857,-0.6000000000000001,0.5238095238095237,0.20000000000000018,-0.0004948392933169007,-38.333333333333314,-36.60000000000002,-0.0008951366596916992,-0.0010047410047410049,1
North Macedonia,Faroe Islands,0,-69.0,0.6842105263157896,0.8,0.052631578947368585,-0.8,0.009607825843536817,-11.421052631578945,12.799999999999997,0.02569232597606942,0.01026239527390365,0
Israel,Belgium,0,75.0,-0.6714975845410627,-0.3999999999999999,0.9396135265700484,1.0,-0.020303476592136382,13.625603864734302,-14.2,-0.020965617756260005,0.07230769230769231,0
England,Republic of Ireland,0,-59.0,0.9757085020242916,1.6,-0.6234817813765183,-0.7999999999999999,0.023875330600784665,-8.311740890688256,7.799999999999997,0.06435615212756682,0.025063442304821614,0
Finland,Greece,1,24.0,-0.45112781954887216,-1.4,0.9298245614035089,1.4000000000000001,-0.006041365623214279,-1.6265664160401059,-0.8000000000000043,-0.07445849571208243,-0.17954605646485514,0
Norway,Kazakhstan,0,-59.0,0.894736842105263,2.0,-0.36842105263157876,-0.6000000000000001,0.01773040482342808,-12.578947368421055,11.600000000000001,0.006123980877969119,0.04841075707886286,0
Austria,Slovenia,1,-29.0,0.7173913043478262,1.4000000000000001,-0.04528985507246386,-0.8,0.018491436832740217,-14.597826086956523,6.0,0.012915695536269658,0.007624091681603981,0
Papua New Guinea,Solomon Islands,1,24.0,-0.5649122807017544,1.2000000000000002,1.3894736842105264,0.3999999999999999,-0.0035681020508787796,1.2210526315789707,19.200000000000017,-0.004825501394222409,0.005919348042005021,0
Italy,France,1,7.0,-0.38086956521739146,0.5999999999999999,0.3234782608695652,0.0,-0.008132374371268743,-0.4765217391304404,-2.1999999999999957,-0.008649435469378852,0.23855650522317184,0
El Salvador,Montserrat,0,-97.0,0.0,1.0,-0.9884615384615383,-1.8,0.004115513036186347,-49.530769230769224,10.799999999999997,0.005264839671504964,0.012464843406673892,0
Thailand,Laos,1,-91.0,0.47101449275362317,1.0,-0.14492753623188404,-0.8,0.009074422630414771,-76.40579710144927,-43.599999999999994,0.012412505489465308,0.017017182279454368,1
Fiji,New Caledonia,1,-9.0,-1.1534090909090908,-2.0,0.43181818181818177,0.19999999999999996,-0.006580309871167226,-7.0340909090909065,-4.800000000000011,-0.0040098581257152,-0.00513344646021531,0
Algeria,Liberia,0,-112.0,1.0,1.6,-0.6749999999999999,-1.2,0.010764304902733831,-4.183333333333337,15.799999999999997,0.02097636503191968,0.016855579369876056,0
Togo,Equatorial Guinea,0,35.0,-0.19047619047619047,-0.19999999999999996,0.3125,1.0,-0.000710371195360401,-10.764880952380949,-5.599999999999994,-0.006284320121270184,-0.011782502486727837,0
Latvia,Armenia,1,38.0,-0.4736842105263158,-0.6,0.368421052631579,0.19999999999999996,-0.006654253668484286,4.473684210526315,-8.599999999999994,-0.00884961515142577,-3.173595683909902e-05,0
Cuba,Saint Kitts and Nevis,0,23.0,-0.4097222222222222,-1.4,0.20833333333333326,0.8,0.00027385983296190127,-56.22916666666667,-87.39999999999999,-0.0008190022680981436,-0.006591697976404373,0
Serbia,Denmark,1,12.0,-0.20355731225296458,-0.7999999999999999,0.1324110671936759,0.19999999999999996,0.0019733405560177185,-11.966403162055336,-1.799999999999999,0.0052807452319705225,0.04634803921568628,0
Spain,Switzerland,0,-14.0,0.8333333333333333,1.2,-0.47115384615384615,-1.8000000000000003,0.028910159703210432,-14.919871794871796,2.200000000000003,0.13513525341481036,0.10590367965367964,0
Kosovo,Lithuania,0,-40.0,0.216374269005848,1.0,-0.3128654970760234,-1.2,0.004102547477916232,-10.646198830409347,5.800000000000011,0.011616949771878434,0.018570167782594304,0
Romania,Cyprus,0,-84.0,0.6361556064073226,1.6,-1.7345537757437073,-1.8000000000000003,0.007574743784291496,-0.6475972540045802,14.599999999999994,0.028102970340189205,0.01257985177243411,0
Poland,Scotland,1,-20.0,0.18181818181818188,0.6000000000000001,-0.13636363636363646,1.4,-0.0044820206550757365,14.272727272727273,3.799999999999999,0.014534707073157078,-0.04583333333333334,0
Liechtenstein,San Marino,1,-10.0,-0.10526315789473684,0.19999999999999996,-0.3157894736842106,0.0,-0.0008097759306786713,-7.421052631578945,3.4000000000000057,0.0016498485190633262,0.0018115542678770738,0
Saint Lucia,Curaçao,1,74.0,0.2402597402597404,-0.20000000000000018,-0.13636363636363646,1.4,-0.0020508613617719433,50.57142857142857,-33.79999999999998,0.0017156940062409524,0.0003583054533064581,0
Luxembourg,Northern Ireland,1,18.0,-0.4736842105263158,-1.6,0.6842105263157896,0.8,-0.004781130290283521,-7.368421052631575,-1.2000000000000028,-0.010428587552343079,-0.018266695758104697,0
Puerto Rico,Haiti,1,67.0,0.6749999999999998,-0.3999999999999999,-0.02083333333333326,-0.3999999999999999,0.00010096305919236534,38.412499999999994,-24.599999999999994,-0.0029846390086459684,-0.005523761424426862,0
Bulgaria,Belarus,1,-13.0,0.05263157894736836,0.0,-0.1578947368421053,0.4,0.0015727597639475068,-8.84210526315789,5.0,0.0015926343809118913,0.004548275601519687,0
Croatia,Portugal,1,5.0,-1.0036363636363637,-1.0,0.31999999999999995,0.5999999999999999,-0.008063751250887957,-14.521818181818183,-0.8000000000000043,0.007635423744862271,-0.06606729292213162,0
Central African Republic,Gabon,1,44.0,0.7333333333333334,-0.6,0.19999999999999996,0.8,0.005905730516553348,10.400000000000006,-9.799999999999997,-0.0003383271251549882,-0.0058894125323507495,0
Panama,Costa Rica,1,-11.0,0.33045977011494254,-0.19999999999999996,0.02586206896551735,1.4,0.007958438229242106,-8.71551724137931,-49.4,0.00915440604164466,-0.0001278813196872869,0
India,Malaysia,1,-8.0,-1.1349206349206349,-0.9999999999999999,-0.6190476190476191,-0.19999999999999996,-0.010805899315150786,6.666666666666671,-16.799999999999997,-0.005860073626751039,-0.01018229730824531,1
New Zealand,Samoa,0,-95.0,0.125,2.0,-0.9230769230769231,-1.0,0.01251862647169595,-84.75,-78.6,0.00877635551476735,0.018456022801107717,0
Tunisia,Gambia,1,-81.0,-0.28787878787878785,0.3999999999999999,-1.0969696969696972,-0.19999999999999996,-0.0031581240017424135,-0.16969696969697168,19.60000000000001,0.014931160700980758,0.00837116299362588,0
Comoros,Madagascar,0,-1.0,0.38095238095238093,0.3999999999999999,0.0793650793650793,-0.5999999999999999,0.004322735819542126,-7.746031746031747,-8.0,0.007739574504396805,0.027167481891746594,0
Morocco,Lesotho,0,-139.0,1.2525879917184264,3.4,-0.6935817805383023,-0.7999999999999999,0.015269547675916817,-15.867494824016575,26.799999999999997,0.15849279380085912,0.020657469657996204,0
Tahiti,Vanuatu,0,2.0,0.8571428571428572,-0.3999999999999999,-1.3571428571428572,-1.4,0.004433296565479517,19.071428571428584,12.800000000000011,0.004264446279259067,-1.7436791630340287e-05,0
Nigeria,Rwanda,1,-90.0,0.6298701298701298,0.6,-0.019480519480519543,-0.6,0.006915675146207254,-2.6493506493506516,15.799999999999997,0.0049390647154842655,0.001604885123188949,0
Ghana,Niger,1,-58.0,0.18095238095238098,-0.6,0.1523809523809525,0.0,0.002182434503524998,-2.3333333333333286,14.400000000000006,0.006601081638474997,-0.0028738543976348846,0
Sudan,Angola,1,28.0,-0.13809523809523805,-0.5999999999999999,0.21904761904761905,0.7999999999999999,-0.0027009253777587738,12.597619047619048,-5.200000000000003,-0.0013178435251673497,-0.01029365118241404,0
Malawi,Burkina Faso,0,72.0,-0.5675057208237987,-1.4,0.13272311212814647,1.4000000000000001,-0.007278826650023405,10.514874141876433,-10.0,-0.006733597179473909,-0.022672901042279845,0
Libya,Benin,1,27.0,0.10130718954248352,-0.7999999999999999,-0.23856209150326801,-0.3999999999999999,-0.0009539655438295137,15.398692810457518,0.0,-0.004735459561119237,-0.009010522979988632,0
United States,Jamaica,0,-43.0,0.6774193548387097,0.19999999999999996,-0.19354838709677435,0.6,0.01963557257733169,-25.67741935483871,-44.60000000000001,0.022957044917564912,0.01220984459601655,0
Dominican Republic,Bermuda,0,-25.0,0.7215686274509805,1.4000000000000004,-0.8823529411764706,-0.7999999999999999,0.005261549434748625,-4.478431372549011,4.200000000000017,0.002590227959728972,0.003519355294684669,0
Malta,Andorra,1,-1.0,0.29532163742690065,0.4,0.04385964912280693,-0.19999999999999996,0.004493995219390845,-16.423976608187132,-32.80000000000001,0.004548049174575864,0.007828239365806889,0
Sweden,Azerbaijan,0,-90.0,1.0,2.0,-0.5808080808080809,-1.4000000000000001,0.01271351465979369,4.964646464646464,15.599999999999994,0.015679071864239613,0.032984634850340186,0
Slovakia,Estonia,0,-83.0,1.0138339920948618,1.2000000000000002,-1.2233201581027666,-0.6000000000000001,0.012300169268384427,12.039525691699609,14.199999999999989,0.06091177416844376,0.015731396074513064,0
Wales,Iceland,0,-41.0,-0.4258373205741628,-0.8,-0.5980861244019139,-1.2000000000000002,-0.010080456344983186,11.703349282296656,8.200000000000003,0.006220377344101878,0.011413073177036267,0
Argentina,Peru,0,-37.0,1.5745454545454547,2.0,-0.6909090909090908,-0.19999999999999996,0.029111670452452578,8.75636363636363,25.0,0.06273930760619081,-0.054358857638593515,0
Albania,Ukraine,1,40.0,-0.17099567099567103,-0.6,-0.3701298701298702,-0.5999999999999999,-0.0070364457079238295,12.590909090909093,-8.0,-0.024060510289968463,0.021111543730622247,0
Hungary,Germany,1,21.0,-0.6763636363636365,-2.8,-0.10363636363636353,1.4,-0.06352241975372583,35.9,-3.1999999999999957,-0.17244967327271776,-0.11051056586540459,0
Montenegro,Turkey,0,49.0,-0.5942982456140352,-1.4000000000000001,0.20394736842105265,1.0,-0.019051663542642927,16.173245614035082,-9.799999999999997,-0.048634705610004964,-0.038572734949616924,0
Czech Republic,Georgia,0,-22.0,-0.09090909090909105,0.19999999999999996,-0.36363636363636376,0.5999999999999999,-0.009754500818330604,18.318181818181813,4.400000000000006,-0.009300701744961004,0.014508613753135828,0
Myanmar,Lebanon,1,50.0,0.09523809523809523,0.0,0.9345238095238095,2.1999999999999997,-0.001014050371714914,26.651785714285708,17.599999999999994,-0.0018634704317191768,-0.009319983251405928,1
Canada,Suriname,0,-101.0,-0.6123188405797102,-1.2000000000000002,0.3840579710144928,0.0,0.012272534913245873,-81.98550724637681,-76.8,0.04943995894522471,0.06956532995077887,0
Mexico,Honduras,0,-61.0,0.021739130434782705,-0.6000000000000001,-0.06793478260869557,-0.4,0.009790666938261194,-27.308423913043484,-1.6000000000000014,0.0044969590684808824,0.004604290198814087,0
Gibraltar,Moldova,1,47.0,-0.7923976608187135,-0.19999999999999996,1.5672514619883038,0.39999999999999997,-0.008536681902739353,-0.3011695906432834,18.799999999999983,-0.01674760394898529,-0.0039669153774655064,1
Hong Kong,Mauritius,0,-20.0,0.5098039215686274,1.2,0.482843137254902,-0.7999999999999999,0.0050644303723876944,-15.879901960784323,32.400000000000006,-0.004032036303838321,0.007366815779375418,1
Russia,Syria,0,-59.0,1.3809523809523807,2.4,-0.6825396825396826,-0.7999999999999999,0.014919061414468712,-4.1269841269841265,29.799999999999997,0.018106132364629525,0.006097511409745961,1
Sri Lanka,Yemen,1,49.0,-0.4545454545454546,0.0,-0.8181818181818182,-0.8,-0.004683045607713057,45.000000000000014,49.8,0.000917624241103491,0.003692335403127303,1
Tajikistan,Afghanistan,0,-46.0,0.5664335664335665,0.4,-0.7412587412587412,0.19999999999999996,0.005850172388892282,-18.006993006993,19.200000000000017,0.001034057885470686,-0.007950324652005325,1
Bolivia,Paraguay,1,24.0,0.054824561403508776,0.3999999999999999,1.0833333333333335,1.8000000000000003,0.0016980112686202364,-0.17324561403508199,6.599999999999998,-0.18262823681348161,-0.6637528543342498,0
Bosnia and Herzegovina,Netherlands,1,66.0,-1.517777777777778,-1.7999999999999998,1.1733333333333336,2.0,-0.03666842796822176,8.677777777777777,-14.2,-0.05120167636332007,-0.04193300248138958,0
Guyana,Barbados,0,-12.0,0.3999999999999999,-0.3999999999999999,-1.5403508771929826,-0.3999999999999999,0.003889264616794931,-14.385964912280713,-2.0,0.005040428818196452,0.0008824170962656213,0
Colombia,Ecuador,1,-17.0,0.6064814814814816,0.8,-0.0092592592592593,1.0,0.027186842291957346,-8.870370370370374,-1.0,0.15314503372794103,0.5734355616148706,0
Oman,Iraq,1,24.0,-0.6299999999999999,0.3999999999999999,0.2466666666666667,1.0,-0.00746529928867116,1.8250000000000028,-3.4000000000000057,-0.009669050089324616,-0.008135162116692709,0
Chile,Venezuela,0,9.0,0.09523809523809512,-0.19999999999999996,0.33333333333333326,0.6000000000000001,0.00029705494408051314,3.3809523809523796,-4.200000000000003,-0.08809932587678745,-0.2529186602870813,0
Indonesia,Saudi Arabia,0,71.0,0.1876923076923076,0.6,0.6538461538461537,0.3999999999999999,0.0010599615424728842,6.853846153846163,-1.6000000000000014,-0.0038852161893042237,0.006322988321868502,0
Bahrain,Australia,1,52.0,-0.7890909090909091,-0.3999999999999999,0.609090909090909,1.2000000000000002,-0.011723634349954982,14.219999999999999,-17.400000000000006,-0.007772719145004915,0.009261687984996846,0
Antigua and Barbuda,Dominica,1,-27.0,-0.48809523809523814,-0.7999999999999999,0.26190476190476186,-0.6000000000000001,-0.0034008187933812677,10.702380952380935,6.199999999999989,-0.003953848811413552,-0.004054054054054054,0
Palestine,South Korea,1,78.0,-1.3928571428571428,-1.6,0.36309523809523814,0.5999999999999999,-0.019812860406919812,10.916666666666671,-14.0,-0.023109013201818372,-0.023966945453392778,0
United Arab Emirates,Qatar,0,22.0,-0.09745127436281864,-0.6000000000000001,-0.6146926536731634,-1.5999999999999999,-0.004067182161078094,14.751124437781115,-6.800000000000011,-0.008381014203689047,0.007450716580898534,0
Kyrgyzstan,Iran,1,84.0,-1.556776556776557,-1.0,0.9835164835164835,1.4,-0.015978295215576886,-5.040293040293037,-16.400000000000006,-0.02505452327398354,-0.03154770208478648,0
North Korea,Uzbekistan,1,53.0,-0.3141025641025641,-0.3999999999999999,0.35897435897435903,0.6000000000000001,-0.0038023495650614317,-0.6730769230769198,-11.400000000000006,-0.017895405525318056,-0.021777962693294503,0
Egypt,Botswana,1,-110.0,1.097222222222222,1.6,-0.48611111111111105,-1.0,0.011670995380575413,-3.2777777777777715,22.799999999999997,0.008941184422295648,0.006644839330864738,0
Mauritania,Cape Verde,0,42.0,-0.359848484848485,-0.19999999999999996,0.09848484848484862,0.0,-0.002570886848842569,-14.231060606060595,-12.0,-0.004859452835560992,-0.006457307060755336,0
Cameroon,Zimbabwe,0,-68.0,0.6222222222222221,0.19999999999999996,0.11111111111111116,-0.2,0.007461618870974183,-5.98888888888888,13.799999999999997,0.002467399010833017,0.0021186696025643284,0
Kuwait,Jordan,1,71.0,-0.6196581196581197,-0.8,-0.10256410256410242,1.2,-0.009986772486772485,17.538461538461533,-13.599999999999994,-0.011454424127299336,-0.010365968065547897,0
DR Congo,Ethiopia,1,-91.0,0.45022624434389147,1.0,-0.8733031674208146,-2.0,0.006417560090090915,-21.47285067873304,13.799999999999997,0.016049189864173495,0.02112719139267812,0
Sierra Leone,Zambia,1,27.0,-0.21449275362318843,0.0,0.8869565217391305,0.8,-0.0016078668757687608,-4.446376811594206,-8.200000000000003,-0.00723485022808777,-0.004002449607923661,0
Tanzania,Guinea,0,34.0,-1.0583333333333331,-1.0,-0.33333333333333326,0.0,-0.010742403861370466,-5.666666666666671,-7.200000000000003,-0.006249877953796617,-0.005557314613575956,0
Mali,Eswatini,0,-106.0,0.9714285714285714,0.4,-0.5809523809523809,-1.2,0.009874574568010856,-8.090476190476195,21.200000000000003,0.016082299911564204,0.015128675432498174,0
Guinea-Bissau,Mozambique,1,18.0,-0.5686274509803921,-0.7999999999999999,-0.039215686274509665,0.0,-0.004121187649055509,-16.536764705882348,-2.3999999999999915,-5.241676130182324e-05,-0.005243517895638535,0
Kenya,Namibia,1,-7.0,0.43333333333333335,0.4,-0.016666666666666607,0.0,0.0025331427652510834,20.266666666666666,-1.2000000000000028,-0.006866767569669597,0.005300605632831548,0
South Africa,South Sudan,0,-112.0,0.6739811912225705,1.4000000000000001,-1.2852664576802506,-0.8,0.005953559782855754,13.329153605015676,5.199999999999989,0.02916234732377173,0.022366898689147964,0
Senegal,Burundi,0,-119.0,0.496894409937888,0.8,-1.6366459627329195,-1.6,0.006263722071548496,-6.559006211180133,25.799999999999997,0.060432841338005874,0.019747155059934157,0
Brazil,Uruguay,1,-9.0,-0.04363636363636347,1.0,0.4163636363636365,0.0,0.014149928263988525,-13.118181818181814,9.200000000000003,-0.12890344033876294,-0.02307255616547224,0
Ivory Coast,Chad,0,-137.0,1.3833333333333333,1.4000000000000001,-0.41000000000000003,-0.20000000000000007,0.015538028771619142,-19.023333333333326,29.39999999999999,0.030065040739498654,0.00924975118860156,0
Hong Kong,Mongolia,0,-31.0,0.6533333333333334,1.0,-0.6311111111111112,-1.6,0.006455660744094579,-30.84888888888888,-4.400000000000006,0.0020424680608527954,0.008684190236547706,0
Cambodia,Malaysia,1,48.0,-0.9780701754385964,-0.3999999999999999,-0.29824561403508776,0.0,-0.011967079790684636,65.00877192982455,55.80000000000001,-0.009225988455198095,-0.008970021827157667,0
Timor-Leste,Thailand,1,99.0,-0.04166666666666674,-0.3500000000000001,-0.75,-0.050000000000000044,-0.006572880355594901,88.83333333333333,54.599999999999994,-0.006188187820242169,-0.009169098797625903,0
Myanmar,Indonesia,1,42.0,-0.27450980392156854,0.3999999999999999,0.5838779956427014,0.6000000000000001,-0.006814408882383391,41.45969498910675,113.0,-0.006609587385069531,-0.020705832377554054,0
Laos,Vietnam,1,70.0,-0.1428571428571429,-0.3999999999999999,-0.19047619047619047,-0.6000000000000001,-0.004710157436818118,60.09523809523809,59.000000000000014,-0.0032275611238565816,-0.002616430260047281,0
Solomon Islands,Vanuatu,0,-15.0,0.7088235294117646,-0.5999999999999999,-1.2705882352941178,-1.2,0.0037669743701047604,15.747058823529414,16.0,0.0035688502692589243,-0.0033489291447439838,0
Singapore,Cambodia,0,-19.0,0.08333333333333326,0.0,0.8653846153846154,2.2,0.0025248723485679922,-42.0128205128205,-93.0,0.002376982862331032,0.00016999260901699904,0
Malaysia,Timor-Leste,0,-64.0,0.8999999999999999,0.3999999999999999,-0.9500000000000002,-1.0,0.010772690630275377,-54.54999999999998,-27.599999999999994,0.00575021837469333,0.0035458931798904546,0
Philippines,Myanmar,1,-18.0,-0.23529411764705888,0.0,-0.34640522875817004,0.20000000000000018,-0.0009862292368628444,-15.964052287581708,-40.80000000000001,0.0009533982133223835,0.0037669902912621355,0
Indonesia,Laos,1,-61.0,0.4464285714285714,0.19999999999999996,-0.3392857142857142,-0.8,0.008633372048006193,-61.5,-70.8,0.00880487335047038,0.021501027701192495,0
Fiji,Vanuatu,1,-16.0,0.9379084967320261,0.19999999999999996,-1.3202614379084965,-2.6,0.00566241003435846,9.382352941176464,16.0,0.00390751932124225,0.008896517431499735,0
Macau,Guam,1,-10.0,-0.375,-0.3,0.625,1.1,-0.0024616475768084707,15.875,18.599999999999994,0.0007763975155279503,0.0012422360248447203,0
Timor-Leste,Singapore,1,35.0,0.012820512820512997,-0.7999999999999999,0.5128205128205128,-0.20000000000000018,-0.0014363652921161327,28.474358974358978,40.60000000000001,-0.0015410529828308829,-0.0025981122702434184,0
Thailand,Malaysia,0,-35.0,-0.3123809523809524,1.4000000000000001,-0.2266666666666668,-1.4,-0.0003875588948531426,-16.451428571428565,-9.0,0.00221622363407018,0.007464775075005255,0
Laos,Philippines,1,37.0,0.33333333333333337,0.0,0.2777777777777777,1.0,0.0007638167118911273,32.999999999999986,2.799999999999997,-0.002145824972407173,-0.005281261748347965,0
Vietnam,Indonesia,0,-9.0,-0.24294670846394983,-0.20000000000000018,0.1410658307210031,0.19999999999999996,-0.0034129915847405257,7.517241379310349,0.20000000000000284,-0.004365647661282151,-0.012656045622339445,0
Papua New Guinea,Fiji,1,25.0,-0.7708333333333333,0.20000000000000018,1.3402777777777777,1.0,-0.0051980685027895315,5.541666666666657,4.399999999999977,-0.005340894433707753,-0.006189544862548508,0
Cambodia,Timor-Leste,0,-16.0,0.0,0.4,-1.2857142857142858,-1.4000000000000001,-0.00032732802391814263,9.071428571428584,20.80000000000001,-0.0010108678078315876,-0.0009052136721069146,0
Singapore,Thailand,1,64.0,-0.3296703296703296,-0.9999999999999998,0.6153846153846154,2.2,-0.006482338213683122,35.83516483516483,-11.400000000000006,-0.007518551842792419,-0.006906145857552509,0
Hong Kong,Guam,0,-47.0,0.3846153846153846,1.0,0.08974358974358987,-0.9333333333333332,0.005200814294746922,-44.46153846153847,9.599999999999994,0.0008254383841945984,0.008869259884143579,0
Myanmar,Laos,0,-19.0,-0.10000000000000009,-0.3999999999999999,0.15263157894736867,-0.7999999999999998,0.00028617021276595815,-18.821052631578965,26.39999999999999,0.0010598234263055253,-0.0026833333333333336,0
Philippines,Vietnam,1,33.0,-0.34096109839816924,0.0,0.03203661327231111,0.20000000000000018,-0.0043580382705054165,17.201372997711672,28.60000000000001,-0.00234791739893774,-0.0015149917128444244,0
Solomon Islands,Papua New Guinea,1,-24.0,0.7030812324929971,0.0,-1.2801120448179273,-0.19999999999999996,0.0043153610764137115,1.131652661064436,3.4000000000000057,0.005771728133168061,0.001144429166459059,0
Thailand,Cambodia,0,-83.0,0.6370370370370371,1.8000000000000003,0.007407407407407529,-1.4,0.010131052448752679,-68.25185185185184,-12.0,0.010876316521207727,0.00859005050009978,0
Malaysia,Singapore,1,-28.0,0.5303030303030303,-0.40000000000000013,-0.49696969696969684,-0.6000000000000001,0.006130810320008688,-18.763636363636365,9.199999999999989,0.004977362892148505,-0.0010500297088532392,0
Kuwait,Oman,1,54.0,0.059259259259259345,-0.3999999999999999,0.0622222222222224,0.3999999999999999,-0.0010191483257950083,11.868148148148151,-12.800000000000004,-0.003703671194980206,-0.0016754319774042598,0
Indonesia,Philippines,1,-23.0,0.5333333333333332,-0.19999999999999996,-0.08333333333333326,0.40000000000000013,0.0072477791491600396,-24.733333333333334,-37.400000000000006,0.00550511857769973,0.005015320456780967,0
Vietnam,Myanmar,0,-55.0,0.02499999999999991,0.0,-0.4249999999999998,-1.0,0.002439303240482877,-28.466666666666683,-10.0,0.0025353483496968797,0.006387301587301587,0
Qatar,United Arab Emirates,1,-15.0,-0.09999999999999987,0.0,0.7666666666666667,2.1999999999999997,0.001708876519112914,-13.075000000000003,4.200000000000003,0.005550406366666916,-0.0028471360182386884,0
Solomon Islands,Fiji,1,-1.0,-0.01674641148325362,0.6000000000000001,0.062200956937799035,0.6000000000000001,-0.0004912298516194114,5.471291866028707,1.1999999999999886,0.0003327365249508798,-0.0018266109283751877,0
Vanuatu,Papua New Guinea,1,-8.0,-0.21929824561403521,-0.40000000000000013,0.029239766081871288,1.0,-0.0008120313713274301,-13.809941520467845,-3.5999999999999943,0.0006173301342347554,-0.002180673824509441,0
Iraq,Yemen,0,-102.0,0.762820512820513,0.0,-0.6987179487179487,-0.6,0.01299921262538085,-46.25,-66.39999999999999,0.021463057012635036,0.011638776684637437,0
Saudi Arabia,Bahrain,1,-22.0,-0.07692307692307687,-0.8,-0.1923076923076923,-0.8,0.00017218857065821186,-7.384615384615387,25.599999999999994,-0.0038123408960805023,-0.025986477822463137,0
Oman,Qatar,0,32.0,-0.5173697270471465,-0.40000000000000013,-0.26550868486352375,-1.4000000000000001,-0.007087676903129567,5.941687344913149,35.60000000000001,-0.01081926737701721,-0.007209658865569291,0
Kuwait,United Arab Emirates,0,71.0,-0.55,-1.0,0.5342857142857141,1.6,-0.006201627753082159,3.548571428571435,-5.199999999999989,-0.008966814241202836,-0.017171373121254024,0
Yemen,Saudi Arabia,1,99.0,-0.11111111111111116,0.4,0.4273504273504274,-0.5999999999999999,-0.005182929853957926,42.36182336182337,78.6,-0.008570893767397218,-0.004385651750453234,0
Bahrain,Iraq,0,25.0,-0.5925925925925926,0.3999999999999999,0.40740740740740744,1.6,-0.006811796866855641,1.5925925925925952,-27.39999999999999,-0.007478887101960336,0.0030797236930626415,0
Singapore,Vietnam,1,46.0,-0.030000000000000027,-0.3999999999999999,0.43999999999999995,0.7999999999999999,-0.0025660599153486934,26.8275,3.0,-0.001384867323636827,-0.0029596128014528853,0
Philippines,Thailand,0,53.0,-0.9404761904761905,-2.8,0.1428571428571428,0.19999999999999996,-0.009648126459484034,14.01190476190476,-20.399999999999977,-0.008535168662351092,-0.007014818172218655,0
Kuwait,Qatar,1,86.0,-0.41163793103448265,0.19999999999999996,-0.2306034482758621,-1.1999999999999997,-0.007100625904506587,14.203663793103445,7.800000000000004,-0.012141934834895382,0.003670195089530065,0
United Arab Emirates,Oman,1,-17.0,0.5470085470085468,1.2,-0.4173789173789174,-0.5999999999999999,0.004361323523015322,8.864672364672359,-3.0,0.003046977426877484,0.003042850332550001,0
Iraq,Saudi Arabia,1,-3.0,0.5714285714285714,-0.19999999999999996,-0.2499999999999999,-0.3999999999999999,0.006097994090237525,1.7857142857142918,-12.599999999999994,0.011889676103785324,-0.00033991228070175475,0
Bahrain,Yemen,1,-77.0,0.1785714285714286,0.6000000000000001,-0.4285714285714286,-0.19999999999999996,0.00510213453837393,-32.42857142857143,-75.00000000000001,0.015726482909682524,0.030259666211122048,0
Vietnam,Singapore,0,-46.0,0.13122171945701355,1.2000000000000002,-0.5,-0.9999999999999999,0.003067332056375353,-23.595022624434392,14.0,0.002211409960077037,0.008758674850514932,0
Thailand,Philippines,0,-53.0,0.860501567398119,2.5999999999999996,-0.09717868338557989,0.3999999999999999,0.008676456844984625,-11.435736677115983,25.200000000000017,0.006917036732614025,-0.00024026755466816443,0
Oman,Saudi Arabia,0,21.0,-0.027093596059113434,-0.6000000000000001,0.004926108374384119,-0.8,-0.00041948263807970246,0.6748768472906335,-9.599999999999994,0.0023298896409139364,0.00032205308598658514,0
Kuwait,Bahrain,1,53.0,0.025287356321838983,-0.40000000000000013,-0.04137931034482767,0.19999999999999996,-0.00025682018092981936,3.7413793103448256,-15.199999999999996,-0.00576905017037571,-0.013473062953995155,0
Vietnam,Thailand,0,17.0,-0.39629629629629615,0.0,0.04814814814814805,-0.9999999999999999,-0.003840488126040818,2.151851851851859,-2.0,-0.005722220784234103,0.0015870817838607547,0
Oman,Bahrain,1,-1.0,0.008045977011494232,-0.6000000000000001,-0.06206896551724128,-0.19999999999999996,0.0012349345598911526,-7.54712643678161,-14.200000000000003,-0.0011272057501927682,-0.006358090499881543,0
Burkina Faso,Kenya,1,-42.0,0.1875,1.0,0.14583333333333326,-0.19999999999999996,0.003716411248650884,-14.791666666666671,23.60000000000001,0.002085349095945214,0.0039836719802511435,0
Thailand,Vietnam,1,-17.0,0.34907834101382496,-0.20000000000000018,-0.012672811059907696,1.2000000000000002,0.003336583830509523,-1.4815668202764982,4.0,0.004467234429053359,-0.007518103339624585,0
Tanzania,Kenya,1,-2.0,-0.3921568627450981,0.4,-0.3445378151260504,-0.5999999999999999,-0.002738988749133698,-14.582633053221286,3.3999999999999915,0.0022655969827749638,0.01302895329444002,0
Tanzania,Burkina Faso,1,40.0,-0.6036363636363636,-0.7999999999999999,-0.42727272727272725,-0.19999999999999996,-0.006463516948510301,-1.9163636363636414,-16.799999999999997,-0.00011542608215544398,0.0010709804827451867,0
United States,Venezuela,0,-31.0,0.9715909090909092,0.6000000000000001,0.014204545454545414,-0.6000000000000001,0.012098730072204338,11.90625,28.6,-0.06366347451716764,-0.2201658112435929,1
United States,Costa Rica,0,-38.0,0.9709090909090907,0.8,-0.3103030303030303,0.19999999999999996,0.020764882529588406,-10.963636363636361,-41.4,0.018859117399633415,0.03460018880602305,1
Uzbekistan,Jordan,1,-6.0,-0.1534391534391535,-0.20000000000000018,-0.5436507936507936,0.19999999999999996,-0.00049991126288218,-5.228835978835974,-8.199999999999989,0.0050644408694463135,0.011514508564750857,1
Jamaica,Trinidad and Tobago,0,-40.0,-0.2562500000000001,-1.5999999999999999,-0.30125,-0.8,0.0010553860878712608,-21.442499999999995,-92.0,-0.005026595207852175,0.00577458184217791,1
Chile,Panama,0,14.0,-0.16060606060606064,0.3999999999999999,-0.11818181818181817,-0.20000000000000018,0.0027803797538102117,-11.915151515151514,3.3999999999999986,-0.007745822217472987,0.0028995215311004782,1
Jamaica,Trinidad and Tobago,1,-40.0,-0.2051282051282053,-1.4,-0.3181818181818181,-0.8,0.0011615761839412087,-19.263403263403262,-64.99999999999999,-0.0037804495996050756,0.005211423361849942,1
Oman,Sudan,1,-33.0,0.3583333333333334,0.7999999999999999,0.29166666666666674,0.0,0.005835872792623847,-17.287499999999994,-11.599999999999994,0.0022606461037826125,0.013469036194644408,1
Saint Vincent and the Grenadines,Grenada,1,-1.0,0.9230769230769231,0.8,-0.3303167420814477,0.40000000000000013,0.004697783702997175,26.588235294117652,7.0,0.006258909524496082,0.008311160384331117,1
Oman,Sudan,1,-33.0,0.3700189753320684,0.7999999999999999,0.3055028462998104,0.19999999999999996,0.005627769587340124,-15.036053130929787,-13.799999999999997,0.0021648986406596522,0.011246410385636348,1
Jordan,North Korea,1,-51.0,0.4854111405835544,0.0,0.1220159151193636,-1.0,0.004180469562462551,7.708222811671078,12.799999999999997,0.013381803837068166,0.007412589941472559,1
Honduras,Guatemala,1,-30.0,0.4907407407407408,0.5999999999999999,0.21296296296296302,0.0,0.006511652719832161,-1.4490740740740762,-19.000000000000007,0.012083482102505934,0.020669083843556913,1
Eswatini,Cameroon,1,110.0,-0.8571428571428572,-0.9999999999999999,0.4285714285714286,2.0,-0.010384106203802451,17.0,-28.39999999999999,-0.011698814281881926,-0.01646887016064557,0
Hong Kong,Macau,0,-38.0,1.2962962962962963,2.6,-0.7407407407407407,-2.0,0.01065410689947972,-48.777777777777786,-2.4000000000000057,0.005641526246158416,0.015764036034188467,1
India,Maldives,0,-36.0,-0.18181818181818177,-0.20000000000000007,-0.07954545454545459,0.19999999999999996,0.0013688442812072503,-60.602272727272734,-58.400000000000006,0.0014929440502840837,4.3771463840611494e-05,1
Vietnam,Cambodia,0,-66.0,0.3232758620689655,1.6,-0.01724137931034475,-1.4000000000000001,0.006334908691990603,-56.86206896551724,-12.0,0.006548332720939248,0.01884505387365929,1
Central African Republic,Madagascar,1,19.0,0.7401315789473685,-0.8,0.582236842105263,1.2000000000000002,0.007910879003723677,-8.746710526315795,-39.2,-0.00010607346053266055,-0.0031621537503890448,0
Kazakhstan,Curaçao,0,19.0,-0.34999999999999987,-1.6,0.3833333333333335,2.4,0.002017625688965387,-39.733333333333334,-135.39999999999998,0.00848499687077832,-0.01139162233216869,1
Russia,Grenada,0,-140.0,1.7999999999999998,3.0,-1.6111111111111112,-0.6000000000000001,0.021360424544140617,-31.311111111111117,-5.199999999999989,0.02598370464366194,0.017642836408524216,1
Liberia,Tunisia,1,93.0,0.0,-0.6,1.0353260869565217,1.0000000000000002,-0.0005536400078490732,4.9375,-42.2,-0.016645365555153755,-0.006866908175167331,0
Italy,Germany,1,-1.0,-0.29166666666666674,-0.6000000000000001,-0.10576923076923084,0.5999999999999999,-0.043207197503682696,18.36858974358974,-4.799999999999997,-0.06298257620126613,0.01197675534067938,0
Croatia,France,0,11.0,-0.5451505016722407,-0.8000000000000003,0.2692307692307693,0.6,-0.013848495272643882,1.4548494983277607,-2.6000000000000014,-0.07914913689330019,-0.20852561097286837,0
Denmark,Portugal,0,15.0,-1.1185897435897438,-1.2000000000000002,0.1826923076923077,0.19999999999999996,-0.019229628818669922,0.6217948717948758,-17.400000000000002,-0.02454127334851615,-0.03422371982855853,0
Netherlands,Spain,1,4.0,-0.3262108262108261,-1.0,0.45014245014245,0.19999999999999996,-0.011242452390311242,3.1752136752136764,11.199999999999996,-0.1258889452297256,-0.10792108527402644,0
Brazil,Colombia,0,-7.0,-0.14130434782608692,0.0,0.38043478260869557,-0.3999999999999999,-0.0030167986219756943,-0.8726708074534137,7.600000000000001,-0.13327575302615083,-0.5672153427967381,0
Greece,Scotland,1,-6.0,0.3586956521739131,0.6000000000000001,-0.9086956521739131,-0.19999999999999996,-0.006847989927982766,26.00869565217392,24.599999999999998,0.038529552983427466,0.08475831732227729,0
Turkey,Hungary,0,-2.0,0.1721739130434783,1.0,0.3095652173913044,0.0,0.009790107732314389,-11.711304347826086,28.799999999999997,0.01833348436446141,-0.02551384513696315,0
Austria,Serbia,1,-10.0,0.9057971014492752,2.0,-0.08333333333333337,-0.3999999999999999,0.012530812347996988,7.934782608695649,57.6,0.02045056027758483,-0.033564340321722785,0
Bulgaria,Republic of Ireland,1,22.0,-0.25,0.0,-0.25,-0.8,-0.008367831727954056,21.749999999999993,36.8,-0.011294759613509904,0.0007444782957226198,0
United States,Panama,1,-20.0,0.698292220113852,1.2000000000000002,-0.5104364326375712,-1.4,0.013812677388836334,-2.863377609108163,6.799999999999997,0.01163077130636727,0.027549199705460603,0
Kosovo,Iceland,0,29.0,-0.5034324942791761,0.3999999999999999,-0.6521739130434783,-2.4,-0.01331336058129818,21.956521739130437,77.6,-0.025295505930722058,0.007928935207392547,0
Slovakia,Slovenia,1,-14.0,0.18666666666666676,0.6000000000000001,-0.08499999999999996,-0.6000000000000001,0.0010771849566466353,4.973333333333329,13.599999999999994,0.001343050729100459,0.0029918802531165925,0
Laos,Sri Lanka,1,-14.0,0.6818181818181819,1.0,1.0,1.2,0.004854370348454332,-19.00757575757575,-33.80000000000001,-0.001168186191891918,-0.0011792045851062045,1
Tajikistan,Belarus,1,6.0,0.6608695652173914,0.7999999999999999,-0.22608695652173894,0.19999999999999996,0.0038328303845043396,31.07391304347827,63.000000000000014,-0.0035513091457452985,-0.005819241065366609,1
Paraguay,Chile,0,3.0,-0.6782608695652173,-0.8000000000000003,-0.12391304347826093,-1.0,-0.010185300684026562,-9.497826086956522,4.0,0.17355923801028522,0.7093728647792606,0
Ukraine,Belgium,0,17.0,-0.27355072463768115,0.7999999999999999,0.42572463768115953,-0.40000000000000013,-0.010983111342196726,9.657608695652172,37.400000000000006,-0.004621633199208074,0.005654579035500512,0
Armenia,Georgia,1,32.0,-0.6695652173913045,0.20000000000000007,0.07173913043478275,0.6000000000000001,-0.018910259419916683,24.76304347826086,66.4,-0.0258544114377212,-0.011282775618542042,0
Peru,Bolivia,0,-39.0,-0.3182608695652174,-0.8,-0.9930434782608697,-1.4000000000000001,-0.010637185719512832,4.328695652173913,-7.600000000000001,0.004202757895625998,-0.0259374792240084,0
Canada,Mexico,1,12.0,-0.2007575757575757,-0.19999999999999996,0.13636363636363646,0.0,-0.0027056743704725744,-2.0606060606060623,7.200000000000003,0.02479758487690424,0.02179593166138849,0
Iran,United Arab Emirates,0,-45.0,0.7407407407407407,0.0,0.03703703703703709,0.19999999999999996,0.008242868949244985,-2.1481481481481524,-4.799999999999997,0.012528373700346263,0.011360609621479192,0
Jordan,Palestine,0,-37.0,0.903030303030303,0.3999999999999999,0.039393939393939315,-1.2000000000000002,0.010259659025768643,2.1393939393939263,16.60000000000001,0.011842613958443318,0.00734917763772739,0
South Korea,Oman,1,-57.0,1.0437500000000002,1.5999999999999999,-0.21375,0.19999999999999996,0.015545824511130964,-11.342500000000001,1.0,0.013856475168400599,0.017187883898528863,0
Iraq,Kuwait,1,-78.0,0.4983314794215794,-0.4,-0.22803114571746386,0.0,0.006663751781318823,-7.275862068965523,21.200000000000003,0.011344391585036567,-0.00489300783604581,0
Japan,Bahrain,0,-66.0,2.220196353436185,1.5999999999999999,-0.4109396914446003,-0.8,0.03238926282506413,-17.76437587657783,-21.400000000000006,0.023660575676524298,0.004709854183370249,0
Australia,Indonesia,0,-101.0,0.6227208976157084,-0.6,-0.8962131837307152,-0.19999999999999996,0.010362429406170036,-16.642356241234225,-62.8,0.012846558307765278,0.005187594140453722,0
Uzbekistan,Kyrgyzstan,0,-49.0,0.6883116883116882,-0.3999999999999999,-1.0227272727272727,-1.7999999999999998,0.009436348535185744,-6.0,1.1999999999999957,0.020289771274450856,0.022346967963386727,0
Zimbabwe,Benin,1,27.0,-0.3111111111111111,-0.19999999999999996,-0.22222222222222232,0.0,-0.0033566329407509077,-0.4111111111111114,-23.799999999999997,-0.004907366347028597,0.0002984429474122176,0
Libya,Angola,1,33.0,0.17604355716878395,-0.6,0.31034482758620685,0.4,0.0004566023905266444,11.546279491833033,-15.199999999999989,-0.004023061563794563,-0.010571518952115881,0
Sierra Leone,Guinea-Bissau,0,9.0,0.2847222222222222,0.4,0.47916666666666674,0.8,0.0020169874889947367,10.034722222222229,-8.200000000000003,-0.0019215047082363247,0.014358057980939337,0
Gambia,Kenya,1,17.0,0.20138888888888884,0.19999999999999996,0.625,0.4,0.00418235656907324,-15.409722222222229,-8.599999999999994,-0.00023133619800435982,0.00800337125159583,0
Gabon,Seychelles,0,-117.0,0.6079545454545454,0.7999999999999999,-1.6534090909090908,-3.5999999999999996,0.007612314688658901,-35.33522727272728,-7.200000000000003,0.009835588875079073,0.014567420960632316,0
Mozambique,Uganda,0,8.0,0.47764705882352954,0.40000000000000013,0.08470588235294119,-0.5999999999999999,0.004939385272051219,-3.555294117647051,19.60000000000001,0.00442226345927655,0.004981502112849718,0
Malawi,Namibia,1,20.0,0.18333333333333335,0.4,0.10476190476190461,0.40000000000000013,0.0009449522467753647,11.730952380952374,-40.2,-0.008639183929541812,0.005147843169810606,0
Comoros,Mali,1,52.0,-0.40909090909090917,-0.6000000000000001,0.5454545454545455,0.6,-0.003751391699834572,-1.0454545454545467,-45.8,-0.0032861808409717155,0.013619132822289676,0
Lebanon,Timor-Leste,0,-85.0,0.0,1.0,-1.3977272727272727,-3.0,0.0031709791983764585,-56.25,-14.199999999999989,0.004023980214150794,0.013712913078497577,1
Cape Verde,Mauritius,0,-107.0,0.2222222222222222,0.0,0.02444444444444449,-0.3999999999999999,0.005256793986448008,-45.43333333333334,-17.400000000000006,0.011412716148850123,0.006356852243949018,0
Qatar,North Korea,0,-67.0,0.38095238095238093,0.3999999999999999,0.2813852813852815,0.8000000000000003,0.002626904189923812,9.270562770562776,17.39999999999999,0.01521250472082165,0.008988417349605225,0
Cuba,Trinidad and Tobago,1,61.0,-0.5711500974658871,0.6000000000000001,0.25536062378167657,-0.19999999999999996,-0.005951078440095256,1.2631578947368354,17.0,-0.015336297306871301,-0.0003598275460300372,0
Burkina Faso,Djibouti,0,-125.0,0.26923076923076916,0.4,-0.512820512820513,-0.19999999999999996,0.006211318638840867,-39.59829059829062,-31.799999999999997,0.00838365745157893,0.006956166824985701,0
Belize,Costa Rica,1,124.0,0.13736263736263732,0.8,0.01098901098901095,-0.7999999999999999,-0.009605735757512352,107.56043956043956,129.0,-0.018030870733089288,-0.0006180876133330109,0
Guyana,Guatemala,0,49.0,1.1857142857142855,1.2,0.5642857142857143,1.8,0.0029147841360502354,63.30000000000001,77.99999999999999,-0.00716254547826718,-0.02717318849606216,0
Saint Vincent and the Grenadines,Jamaica,1,111.0,0.5336134453781514,1.0,0.6092436974789917,0.0,-0.004220884011831903,71.8781512605042,74.6,-0.009076281981568103,0.004951309677476003,0
Bermuda,Honduras,1,91.0,0.4125000000000001,1.8,0.97,0.3999999999999999,-0.005743916682400943,72.3975,110.19999999999999,-0.018558734715075013,-0.026248646370238618,0
New Zealand,Fiji,0,-59.0,0.6205882352941177,3.0,-0.2588235294117647,-0.9999999999999999,0.014404843936140081,-61.75,-31.799999999999983,0.006418745755148019,0.01895905496276691,0
Singapore,Nepal,1,-15.0,0.48245614035087725,0.3999999999999999,0.26608187134502903,-0.8,0.003957397776927024,-8.956140350877178,18.39999999999999,0.0012991083231455123,-0.000679185210878684,1
Northern Ireland,Switzerland,1,51.0,-0.42999999999999994,0.6000000000000001,-0.09999999999999987,-1.7999999999999998,-0.01508782585068806,28.309999999999995,70.4,-0.022681415877206887,0.001841415038449673,1
Thailand,Afghanistan,0,-59.0,1.1071428571428572,1.4,-0.5,0.6000000000000001,0.010834960946786074,-17.433035714285708,27.39999999999999,0.00699174601478779,-0.0036772247360482646,1
New Caledonia,Tahiti,0,-1.0,1.0499999999999998,0.6000000000000001,-0.23333333333333328,-0.6000000000000001,0.006720364832529541,-2.549999999999983,10.0,0.0020061287725165466,0.003447583990874895,0
Ecuador,Venezuela,0,-23.0,0.11304347826086958,0.0,-0.3234782608695652,-2.2,0.0048965262379896506,-3.1826086956521706,13.399999999999999,-0.008474814137137424,-0.1364287588937822,0
Uruguay,Argentina,1,10.0,-0.42307692307692335,-1.2,0.3461538461538461,-0.19999999999999996,-0.003605818056631384,-6.384615384615387,-20.6,0.12897283309655466,0.08479442346595166,0
Puerto Rico,Dominican Republic,1,16.0,-0.07189542483660105,-1.7999999999999998,0.30065359477124187,1.2000000000000002,-0.0019876891858531427,13.39215686274511,-12.799999999999983,-0.0016455662168708626,-0.009092919911262237,1
Burundi,Ivory Coast,1,93.0,-0.6846153846153846,-1.8,1.2589743589743592,1.2000000000000002,-0.006727482356544181,-2.6358974358974336,-80.00000000000001,-0.02669660190894317,-0.010068079711895673,0
Ghana,Chad,0,-99.0,0.6608391608391608,0.39999999999999997,-0.14335664335664333,-0.40000000000000013,0.007479127633555974,-12.590909090909093,38.599999999999994,0.008175971464457718,0.001902260860518496,0
Ethiopia,Egypt,1,113.0,-1.3333333333333335,-1.2000000000000002,0.5888888888888888,2.0,-0.014075203252032521,8.266666666666666,-37.60000000000001,-0.013138720036785442,-0.008532250165643995,0
Guinea,Somalia,1,-124.0,1.015,1.0,-1.295,-1.4000000000000001,0.011815855253176901,-20.765,-14.400000000000006,0.018146857147459398,0.01745989597924457,0
Rwanda,Nigeria,1,80.0,-0.5275362318840581,-0.3999999999999999,-0.023188405797101463,0.6,-0.005318262828615097,-2.776811594202897,-37.8,0.0004661169165986537,0.013352379834076009,0
Morocco,Niger,0,-108.0,1.1988636363636362,3.0000000000000004,-0.625,-0.8,0.01335810585172738,-2.2159090909090935,45.0,0.15069505658624174,0.007609314051311055,0
Botswana,Algeria,1,99.0,-1.1726315789473687,-1.9999999999999998,0.463157894736842,0.7999999999999999,-0.011607362739655345,-2.576842105263168,-61.400000000000006,-0.01377075784386183,0.006273632456684806,0
South Africa,Lesotho,1,-92.0,0.7416666666666667,2.4,-0.5916666666666666,-1.0,0.0076610353872012815,-2.0833333333333286,64.2,0.025364062397445753,0.013926400448279279,0
Malta,Finland,1,99.0,-0.6483253588516746,0.4,0.055023923444976086,-1.6,-0.011386843245250326,16.016746411483254,132.0,-0.0041660002822052474,0.011861852811185038,0
Andorra,Latvia,1,31.0,-0.39999999999999997,-0.19999999999999996,-0.25,-0.5999999999999999,-0.005457711109622983,15.899999999999991,66.4,-0.0020168695255975712,-0.0017358227057223709,0
Poland,Lithuania,0,-107.0,0.6717391304347827,0.3999999999999999,0.17173913043478262,0.7999999999999998,0.01682658200167928,-32.036956521739135,-66.4,0.04662095584478919,0.016666666666666666,0
England,Albania,0,-61.0,0.8097643097643099,2.4,-0.24242424242424243,-0.4,0.024617703477502847,-19.555555555555557,5.600000000000001,0.060703476837671994,0.0291729797979798,0
Cyprus,San Marino,0,-80.0,0.35,-0.20000000000000007,0.1499999999999999,1.8,0.005656634340706791,-26.75,-95.39999999999999,0.0028048804407608493,0.00024009072254023087,0
Romania,Bosnia and Herzegovina,1,-36.0,0.8464912280701754,2.0,-1.513157894736842,-1.7999999999999998,0.003809047956978758,35.68859649122807,106.0,0.020495942379366996,-0.01110796544708275,0
DR Congo,South Sudan,0,-109.0,0.4537037037037036,0.6,-1.6574074074074074,-1.7999999999999998,0.004256172592685679,9.583333333333329,33.0,0.01710634944320021,0.015104895104895105,0
Moldova,Norway,1,108.0,-1.0973684210526315,-2.0,-0.03947368421052633,-0.9999999999999999,-0.023193558312285933,34.81052631578948,132.60000000000002,-0.0063825297498657264,-0.045231292422822936,0
Azerbaijan,Haiti,1,31.0,-1.3026315789473686,-3.2,0.9078947368421053,1.5999999999999999,-0.0029275281073842217,-64.09539473684211,-103.0,-0.00017870293191639235,-0.015705718971383797,1
Luxembourg,Sweden,0,65.0,-1.3739130434782607,-2.6,0.44565217391304346,0.4,-0.0185989531128188,1.7804347826087081,-2.799999999999997,-0.018047862059534035,-0.026928985552430156,1
Togo,Mauritania,1,10.0,0.421994884910486,0.7999999999999999,0.10485933503836331,0.6000000000000001,0.003133751191464843,14.956521739130437,13.600000000000009,-0.002697879007304676,-0.0006709956709956711,0
Sudan,Senegal,1,96.0,-1.0138888888888888,-1.4,0.3611111111111111,0.8,-0.01120456234255025,6.263888888888886,-32.60000000000001,-0.05110627377253317,-0.011322616309323533,0
Liechtenstein,North Macedonia,1,137.0,-1.0,-1.0,0.7500000000000002,1.4,-0.012879547894408686,21.14999999999999,65.4,-0.027548721102347355,-0.019700659113699608,0
Wales,Kazakhstan,0,-81.0,0.25476190476190474,1.4,-0.8119047619047619,-1.5999999999999999,0.0035483813541972633,-0.2857142857142918,15.799999999999997,0.03394261396638444,0.02881451726908026,0
Montenegro,Gibraltar,0,-123.0,0.75,-0.19999999999999996,-1.1500000000000001,0.5999999999999999,0.014678871297323974,-36.4,-158.2,0.013659665669066345,0.015943819133560945,0
Czech Republic,Faroe Islands,0,-95.0,1.2260869565217392,0.8,-0.3630434782608696,-0.19999999999999996,0.018141180558846295,-16.234782608695653,-57.99999999999999,0.028304353727561536,0.04371691076291251,0
Israel,Estonia,0,-47.0,0.4530892448512587,0.20000000000000007,-0.45537757437070936,0.3999999999999999,0.008385613106742478,-1.8306636155606384,-59.8,0.05898262679140106,0.1929953502324884,0
Belgium,Ukraine,0,-17.0,0.17999999999999994,-0.8,-0.32833333333333325,1.0,0.008934919656823241,-8.509999999999998,-25.0,-0.011097444886433092,-0.0806545790355005,0
Hungary,Turkey,1,2.0,-0.2435897435897436,-0.8,-0.21474358974358987,0.6000000000000001,-0.011244062750022779,11.089743589743584,-29.999999999999996,-0.021605266764123193,0.011297882695648603,0
United States,Canada,1,-15.0,0.7371428571428569,1.0000000000000002,-0.2571428571428571,0.20000000000000007,0.011337400143100557,4.348571428571432,-17.200000000000003,-0.013157807889423487,0.006744748195126736,0
Panama,Mexico,1,17.0,-0.18198529411764697,-0.40000000000000013,0.40625,1.6,-0.005134998282004446,3.742647058823529,-7.800000000000004,0.001914751234191027,-0.01198037983521856,0
Germany,Italy,1,1.0,0.32000000000000006,0.8,0.0622222222222224,-1.0,0.04460283715356963,-17.62962962962963,18.799999999999997,0.07341356701995827,0.03381079044686641,0
Portugal,Denmark,0,-15.0,1.0414814814814815,1.0,-0.13629629629629625,-0.19999999999999996,0.018044905231534753,0.11555555555555941,17.2,0.0037776746781598564,-0.05952628017144146,0
Spain,Netherlands,1,-4.0,0.3148148148148149,0.6000000000000001,-0.4351851851851851,0.0,0.011056988922691066,-2.8624338624338606,-10.8,0.11422285219353724,0.04521046256340372,0
France,Croatia,0,-11.0,0.44907407407407396,0.19999999999999996,-0.18055555555555558,-0.19999999999999996,0.011401463857796668,-0.7962962962962976,9.200000000000003,0.01410442302915807,-0.17004581759856022,0
Eswatini,Mauritius,1,-20.0,-0.19138755980861244,0.0,0.3110047846889952,1.2000000000000002,-0.00035249718078737315,-27.92105263157896,-35.599999999999994,-0.0021468271588898045,0.0021590153244372213,0
Georgia,Armenia,0,-32.0,0.773809523809524,0.19999999999999996,-0.20238095238095233,-0.8,0.019235914773588512,-22.327380952380956,-58.8,0.026112671680790123,0.008191866527632954,0
Iceland,Kosovo,1,-29.0,0.43333333333333335,0.0,0.6666666666666667,2.0,0.011547911547911552,-19.73333333333334,-51.6,0.02227309407310868,-0.01177595433000222,0
Republic of Ireland,Bulgaria,0,-22.0,0.2857142857142857,0.4,0.19047619047619047,0.19999999999999996,0.008586910547694861,-19.66666666666667,-28.400000000000006,0.012499074196374124,0.014680702983117194,0
Slovenia,Slovakia,0,14.0,-0.17692307692307696,-0.7999999999999999,0.08307692307692316,0.6000000000000001,-0.000895710350255808,-5.292307692307688,-15.999999999999993,-0.0009801477462086441,-0.0018493768595503196,0
Kenya,Gabon,1,24.0,0.034055727554179516,0.0,-0.24767801857585137,0.0,7.78506707939143e-05,2.250773993808039,-24.400000000000006,0.0015770879472029962,0.0009049980151220952,0
Serbia,Austria,0,10.0,-0.8700000000000001,-1.8,0.07999999999999996,0.4,-0.011974584555229716,-8.060000000000002,-53.800000000000004,-0.019079965043300277,0.03640524941263187,0
Scotland,Greece,1,6.0,-0.29166666666666674,-0.19999999999999996,0.8273809523809524,-0.4,0.007398280374234276,-25.029761904761905,-15.800000000000004,-0.0332173279819825,-0.059028874351455,0
Central African Republic,Mali,1,84.0,-0.17902813299232734,-2.0,1.258312020460358,3.0,-0.0014590211771186128,-1.5984654731457795,-42.0,-0.01298939834369484,-0.022654213437168877,0
New Zealand,New Caledonia,0,-63.0,-0.20085470085470059,3.6,0.11965811965811957,-1.0,0.009794915851616886,-63.0,7.0,0.0027183955341854426,0.004984795075716378,0
Guinea-Bissau,Burkina Faso,1,54.0,-0.5808966861598441,-0.7999999999999999,0.2729044834307992,0.19999999999999996,-0.005428691171120997,-6.992202729044834,-12.799999999999997,-0.003031853088536844,-0.005699886763183216,0
Ethiopia,Djibouti,0,-45.0,-0.368421052631579,0.0,-0.47894736842105257,0.5999999999999999,-0.0018620118829318442,-22.110526315789485,-54.999999999999986,0.0022797013999836403,0.007831215970961886,0
Ivory Coast,Gambia,0,-79.0,0.4400871459694988,0.40000000000000013,-0.9281045751633986,-0.6,0.0029698669285526703,9.333333333333329,36.2,0.021108233024303334,-0.00951883943500326,0
Namibia,Equatorial Guinea,1,18.0,-0.4545454545454547,-0.6,-0.045454545454545414,-0.3999999999999999,-0.0032663530601366184,-15.22727272727272,-6.400000000000006,0.0004484862953651157,-0.004915102686033323,0
Tunisia,Malawi,0,-79.0,0.19047619047619047,0.4,-0.5654761904761905,-0.19999999999999996,0.0023543251887221065,-3.7916666666666714,52.8,0.013681332153946606,0.00022116516898133126,0
Poland,Malta,0,-133.0,0.95,0.5999999999999999,-0.2416666666666667,2.4,0.01772419047493129,-20.68333333333333,-106.4,0.04721405246945414,0.009030165968157682,0
Madagascar,Ghana,1,39.0,-0.11739130434782608,0.0,-0.16086956521739126,0.3999999999999999,-0.002680421575446788,14.893478260869557,-13.799999999999997,-0.002835163733131243,-0.0015888560400755519,0
Bosnia and Herzegovina,Cyprus,0,-56.0,-0.15476190476190477,-0.4,-0.27857142857142847,0.19999999999999973,0.0048028371726874415,-39.13095238095238,-88.19999999999999,0.010345585100329308,0.0336770116781315,0
San Marino,Romania,1,172.0,-1.0438095238095237,-1.0,1.620952380952381,0.7999999999999999,-0.013369827899532609,24.967619047619053,66.00000000000001,-0.029549567382546216,-0.01188397458530267,0
England,Latvia,0,-136.0,1.3214285714285712,2.1999999999999997,-1.2142857142857144,-0.7999999999999999,0.034083234069726034,-38.35714285714286,-53.800000000000004,0.08305433924438005,0.03747794968189705,0
Albania,Andorra,0,-106.0,0.8881987577639753,0.0,-0.7101449275362319,0.3999999999999999,0.01541350527688689,-35.83436853002071,-126.39999999999999,0.025398555702891054,0.009494778725547957,0
Lithuania,Finland,1,73.0,-0.40786749482401663,0.0,-0.2753623188405798,0.0,-0.007835102779308106,16.159420289855063,14.600000000000009,-0.0032052011256611616,-0.0035714285714285713,0
Vietnam,Laos,0,-72.0,0.2999999999999998,0.7999999999999998,-0.5333333333333334,-1.6,0.0054471382420610715,-42.48333333333332,-12.599999999999994,0.007592936737445921,0.02026218547475726,0
Syria,Pakistan,0,-103.0,1.0272727272727273,1.2,-1.5030303030303032,-3.2,0.011010684358120812,-26.83939393939393,27.799999999999997,0.010532995266009398,0.014015907703128527,0
Myanmar,Afghanistan,0,13.0,0.4476190476190477,1.0,0.1904761904761907,0.7999999999999998,0.0030826070481242904,7.666666666666671,27.60000000000001,-0.0011466284317010206,-0.0013142646103689367,0
Thailand,Sri Lanka,0,-103.0,1.1421911421911422,1.2000000000000002,0.4545454545454546,0.6000000000000001,0.012163266246893706,-60.410256410256395,-28.799999999999983,0.008503720501962506,-0.0004733612919821141,0
Lebanon,Brunei,0,-72.0,0.2971014492753622,0.6000000000000001,-1.2427536231884055,0.0,0.005074754786003231,-53.79710144927536,-20.19999999999999,0.0019729966181467815,0.007083730317579596,0
India,Bangladesh,1,-59.0,0.1403162055335968,0.4,-0.5,-0.3999999999999999,0.002133935473371577,-20.351778656126484,-25.400000000000006,0.001358916995102686,0.0010712345771932957,0
Malaysia,Nepal,0,-43.0,1.0826086956521739,0.19999999999999996,-0.13478260869565206,-0.8,0.010134956228814277,-24.178260869565207,23.799999999999997,0.0062163768698622855,-0.001983225614919086,0
Bhutan,Yemen,1,24.0,-0.4666666666666667,-0.6,0.4833333333333334,0.6000000000000001,-0.005411003062525966,45.43333333333334,49.400000000000006,-0.002240722332068527,-0.003048148812766502,0
Philippines,Maldives,0,-12.0,-0.019323671497584516,0.3999999999999999,0.2753623188405798,-0.40000000000000013,0.002123941485270296,-52.57971014492753,-50.20000000000002,0.0022671966334555016,0.009407938905922657,0
Tajikistan,Timor-Leste,0,-93.0,0.3194444444444444,0.7999999999999999,-1.4444444444444444,-2.4000000000000004,0.005126665984703603,-45.902777777777786,-3.4000000000000057,0.005126038739264043,0.007382600842865744,0
Singapore,Hong Kong,1,5.0,-0.43045112781954886,-2.1999999999999997,0.6785714285714286,1.8,-0.0036487473677843853,5.266917293233092,-54.79999999999998,-9.93059599332536e-05,-0.015266595500703781,0
Costa Rica,Belize,0,-124.0,0.16296296296296298,0.5999999999999999,-0.4370370370370371,-0.19999999999999996,0.011930774795496282,-95.4814814814815,-101.00000000000001,0.018174754450329414,0.0025395987678681047,0
Bolivia,Uruguay,1,68.0,-0.7464387464387464,0.0,1.3746438746438747,2.0,-0.014327105720439388,-6.2421652421652425,9.2,-0.18946926262401326,-0.0371043771043771,0
Cambodia,Aruba,1,-15.0,-0.2823529411764705,0.20000000000000018,-0.8705882352941177,-1.2000000000000002,-0.0031131221262954527,23.323529411764696,10.599999999999994,0.0007999583127493329,0.003364254792826221,1
Colombia,Paraguay,1,-41.0,0.9146141215106731,0.0,-0.2068965517241379,0.5999999999999999,0.03426490526928509,-6.6141215106732325,-3.799999999999997,0.026698455147355693,-0.6246941550178441,0
Switzerland,Luxembourg,0,-72.0,0.8443223443223442,0.3999999999999999,-0.47435897435897445,1.0,0.01821563113032307,-17.478021978021985,-39.6,0.026561234462191708,-0.010692607634188389,1
Jamaica,Saint Vincent and the Grenadines,0,-111.0,-0.48571428571428577,-0.6000000000000001,-0.5619047619047619,0.0,0.0034805131922526662,-63.19999999999999,-32.60000000000001,0.008314983762420467,-0.00620935845323875,0
Dominican Republic,Puerto Rico,0,-16.0,0.07017543859649145,3.0,-0.2865497076023391,-1.2,0.0017805149647114812,-11.783625730994146,21.600000000000023,0.001530204668727976,0.008504261815326021,1
Guatemala,Guyana,0,-49.0,-1.1904761904761907,-1.4,-0.5155993431855501,-1.1999999999999997,-0.0033407521582165638,-58.934318555008204,-42.39999999999999,0.005682449553818079,0.0032770845999582597,0
Russia,Zambia,0,-53.0,1.625,2.2,-0.42045454545454547,-0.2,0.015638429949384015,1.1590909090909065,5.0,0.010996139260945281,-0.004768334849275104,1
Azerbaijan,Belarus,1,19.0,0.09047619047619049,-0.9999999999999999,0.8666666666666669,2.2,0.0037264361493864404,-16.292857142857144,-3.3999999999999915,-0.0006465748294520787,-0.011575856526486603,1
Trinidad and Tobago,Cuba,0,-61.0,0.5857142857142859,-0.19999999999999996,-0.2857142857142858,-0.6000000000000001,0.0057505947038586115,0.9214285714285637,5.400000000000006,0.015563746356658796,0.005579270679583601,0
Argentina,Brazil,0,-4.0,0.4120370370370372,0.0,-0.7546296296296297,-0.20000000000000007,-0.011699205180666833,18.09722222222222,13.0,0.00018219036649373688,-0.01246571127012984,0
Rwanda,Lesotho,1,-25.0,-0.03249999999999997,0.0,-0.3999999999999999,-0.19999999999999996,0.0004185810301457699,-9.590000000000003,2.5999999999999943,0.009616937301504053,0.0058498087392507905,0
Venezuela,Peru,0,7.0,0.45833333333333326,0.3999999999999999,0.0,1.2,0.01064213564213564,0.75,1.1999999999999993,0.0647295725616443,-0.02591397615997567,0
Sweden,Northern Ireland,0,-44.0,0.8452380952380953,0.6000000000000001,0.1964285714285714,0.20000000000000007,0.012367603875822636,-5.892857142857153,6.200000000000003,0.005688173651565535,0.0014968085539095524,1
Chile,Ecuador,1,26.0,0.1858974358974359,0.6000000000000001,0.435897435897436,1.4000000000000001,-0.0004739732661842473,6.740384615384613,-4.799999999999997,-0.06540868869972166,-0.06648529606954487,0
Burundi,Seychelles,0,-62.0,0.7083333333333333,-0.2,-1.0833333333333335,-3.2,0.009073427703445155,-36.20833333333333,-38.0,0.005973657926349185,0.0014925373134328358,0
Senegal,Togo,0,-102.0,0.5533333333333332,0.40000000000000013,-0.8777777777777777,-1.8,0.005325540747214332,3.519999999999996,30.400000000000006,0.05029449340453358,0.016133389809327943,0
Mauritania,DR Congo,1,48.0,-0.2857142857142858,-0.19999999999999996,0.5952380952380953,0.6,-0.0014793955694462346,-15.345238095238102,-44.60000000000001,-0.004130560590018515,-0.0029959256429844677,0
Egypt,Sierra Leone,0,-96.0,0.8235294117647058,0.19999999999999996,-0.9954751131221719,-1.2000000000000002,0.007913013224241008,2.5248868778280524,25.0,0.010215974541906963,-0.005281537722912229,0
Indonesia,Bahrain,0,46.0,0.0625,-0.19999999999999996,0.4375,1.0,3.357560369774901e-05,4.4375,40.400000000000006,-0.00859938561895941,-0.01802381446612243,0
Japan,Saudi Arabia,1,-44.0,2.183333333333333,0.9999999999999998,-0.41666666666666674,-1.8,0.030651551513620475,-10.541666666666671,-26.599999999999994,0.02903109671918025,0.023725323668361647,0
Kuwait,Oman,1,54.0,0.0984848484848484,0.3999999999999999,0.12784090909090917,0.3999999999999999,-0.00018295984449341954,8.659090909090907,-12.200000000000003,-0.00460816972017598,-0.002643061946281569,0
Palestine,Iraq,0,45.0,-0.8637681159420291,-0.19999999999999996,0.30434782608695654,0.20000000000000018,-0.008716277530059838,-7.363768115942037,-31.400000000000006,-0.013992737262044206,-0.0022065592635212884,0
Sudan,South Sudan,1,-57.0,0.19838056680161942,-0.6,-1.4170040485829958,-1.2,0.0008291558263003145,17.4008097165992,6.400000000000006,0.014307227296928545,0.019203730272596843,0
South Korea,Jordan,1,-41.0,0.347394540942928,1.0,-0.37344913151364767,0.4,0.00710908891708294,-9.508684863523584,-5.400000000000006,0.007772206340353832,0.012496154356132494,0
North Korea,United Arab Emirates,1,52.0,-0.411904761904762,-0.8,0.6142857142857142,1.0000000000000002,-0.0008371612251755582,-19.55952380952381,-6.200000000000003,-0.010208337098074213,-0.016585144927536235,0
Kyrgyzstan,Qatar,0,59.0,-0.8516624040920716,-0.8,0.3273657289002556,0.0,-0.009666736533221544,-1.570332480818422,-32.0,-0.01806327003828647,-0.00447912638697843,0
Benin,South Africa,1,37.0,-0.16468590831918495,-0.6000000000000001,0.32767402376910015,-0.3999999999999999,-0.0007793843555244911,-6.971137521222403,-26.60000000000001,-0.014696771643025252,-0.0025773058378253666,0
Honduras,Bermuda,0,-91.0,-0.343891402714932,-1.4,-1.0656108597285066,-1.2,0.005863888122636296,-64.55656108597285,-74.2,0.018711220568971454,0.033917158255617974,0
Montenegro,Faroe Islands,0,-64.0,0.5238095238095237,0.19999999999999996,0.04761904761904745,0.0,0.010394343576414462,-22.095238095238088,-19.19999999999999,0.013217044621940493,0.01653435415818106,0
Nigeria,Zimbabwe,1,-77.0,0.3825757575757577,-0.6000000000000001,-0.1742424242424242,-0.6,0.0034795555670307163,4.795454545454547,27.60000000000001,0.0074031110729103865,-0.002013655377353287,0
Iran,Uzbekistan,1,-40.0,0.8435960591133007,1.4,0.025862068965517238,0.4,0.006350582238500841,12.497536945812811,-3.200000000000003,0.005506245445679184,0.014890620402526027,0
North Macedonia,Wales,1,38.0,-0.04761904761904767,0.0,0.4285714285714286,-0.8,-0.0034495329545610916,13.42857142857143,72.2,-0.022979102859644124,-0.010345164589704536,0
Liechtenstein,Kazakhstan,1,94.0,-0.8051948051948051,-0.19999999999999996,0.41991341991342,-0.6000000000000001,-0.012499761363853305,30.536796536796544,111.79999999999998,-0.0163345951595994,-0.0017616495323501688,0
Israel,Norway,1,33.0,-1.1357142857142857,-2.6,0.4095238095238096,0.6000000000000001,-0.014595869247032038,-7.771428571428572,-47.99999999999999,0.03657444586540208,0.1719938947903845,0
Moldova,Estonia,1,28.0,0.33333333333333337,0.0,-0.6833333333333336,0.0,-0.0008147714665849431,36.40833333333334,74.8,0.013556693794427001,0.0010902862815783641,0
Cameroon,Libya,0,-69.0,0.16363636363636358,0.7999999999999999,-0.045454545454545414,-0.4,0.002892960462873675,-9.427272727272737,31.39999999999999,0.003328627856256646,0.010700575053932886,0
Algeria,Mozambique,0,-59.0,0.7307692307692306,0.9999999999999998,-0.5,-0.20000000000000007,0.0075446592073925255,-1.8461538461538396,7.0,0.013373946161759616,0.003773329077473131,0
Botswana,Somalia,0,-66.0,0.3944444444444444,0.19999999999999996,-0.7611111111111111,-1.0,0.005216964634482523,-18.58888888888889,-64.2,0.01138481540819817,0.02297620664982021,0
Uganda,Guinea,0,10.0,-0.688034188034188,-0.40000000000000013,0.2948717948717947,1.2000000000000002,-0.007442404014823812,6.205128205128204,-20.799999999999983,-0.009731803717793646,-0.009306760752469116,0
Gibraltar,Czech Republic,1,154.0,-1.5,-0.5999999999999999,1.6309523809523812,0.4,-0.020519721703363726,18.029761904761912,97.19999999999999,-0.02858801627874046,-0.027572187397512066,0
Morocco,Tanzania,0,-92.0,1.5217391304347827,3.9999999999999996,-0.30434782608695654,-0.7999999999999999,0.016082575648508072,4.391304347826093,31.400000000000006,0.14041187009378342,0.013552862990987895,0
Angola,Cape Verde,1,13.0,0.03333333333333344,0.6,-0.3384615384615386,-0.4,0.0004448593265549642,-0.802564102564105,-12.400000000000006,-0.0028858405134609515,0.0056830200235249255,0
Comoros,Chad,0,-73.0,0.9472049689440993,0.8,-0.496894409937888,-1.2000000000000002,0.00937628069458489,-2.8136645962732985,-12.799999999999997,0.013141992520150633,0.028610879181793454,0
Dominica,Barbados,1,8.0,-0.3798076923076923,-1.9999999999999998,-0.7259615384615383,0.19999999999999973,-0.002677714664775909,4.543269230769226,-6.400000000000006,0.001857211478382739,-0.004600443010871943,1
Dominica,Barbados,1,8.0,-0.3739495798319328,-1.8,-0.7142857142857144,0.3999999999999999,-0.0025680042033320513,4.004201680672281,-20.0,0.0017603837298511152,-0.0045510358962474375,1
Saint Kitts and Nevis,Saint Vincent and the Grenadines,1,-27.0,-0.5698529411764706,0.40000000000000013,-0.047794117647058876,0.0,-0.0046758443741791765,12.511029411764696,76.80000000000001,-0.0025126648947248423,-0.004785300106083166,1
Anguilla,Saint Kitts and Nevis,1,64.0,-0.5555555555555556,-0.7999999999999999,0.2777777777777779,0.3999999999999999,-0.004173172095669405,30.166666666666657,6.0,-0.0047357826578131364,-0.004612092882358411,1
Saint Vincent and the Grenadines,Saint Kitts and Nevis,0,27.0,0.65359477124183,0.0,-0.06862745098039214,-0.6000000000000001,0.005292652831502155,-13.303921568627459,-56.80000000000001,0.0035561810899981602,0.004321781865203606,1
Jamaica,Trinidad and Tobago,0,-37.0,-0.25957854406130254,-0.3999999999999999,-0.27490421455938696,0.3999999999999999,3.30815076113565e-05,-16.593869731800766,-9.400000000000006,-0.003896093351302664,-0.0017567185666112293,0
Nigeria,Ghana,0,-33.0,-0.011666666666666714,-0.8,-0.2883333333333332,-0.19999999999999996,7.761711632791463e-05,-1.4683333333333337,-7.599999999999994,0.005909198590517152,0.002535013990809718,0
Oman,Lebanon,0,-35.0,-0.14460784313725505,-1.7999999999999998,-0.06617647058823528,0.0,0.0018651377852555596,-27.375,-62.39999999999999,0.009309181106182335,0.00468683530895893,1
Malaysia,Cape Verde,1,59.0,0.7546296296296298,0.5999999999999999,0.462962962962963,0.19999999999999996,0.003837775126310932,26.467592592592595,50.599999999999994,-0.007820343892633924,-0.008226538473862538,1
Saint Vincent and the Grenadines,British Virgin Islands,1,-35.0,1.0151515151515151,1.4000000000000001,-0.4242424242424241,-1.0000000000000002,0.008138662124222366,-28.823232323232304,-47.80000000000001,0.009230306262778983,0.012651093807934744,1
Saudi Arabia,Jordan,0,-4.0,-0.5877016129032258,0.6000000000000001,-0.12096774193548376,0.8,-0.006961971531761207,-0.02016129032257652,-8.400000000000006,-0.007079655941363252,0.006539953390397382,1
Trinidad and Tobago,Ghana,1,24.0,0.3533333333333333,-0.40000000000000013,0.22666666666666657,0.19999999999999996,0.0028779769466779227,4.686666666666667,-7.0,0.009406597429510142,-0.0004327594506413051,0
Jamaica,Nigeria,1,20.0,0.09771309771309777,0.40000000000000013,0.23908523908523893,-0.19999999999999996,0.002728700490756207,-10.152806652806646,21.599999999999994,-0.0006479474698913822,0.0019758124721465306,0
Grenada,Anguilla,0,-35.0,0.24736842105263157,0.0,-0.03684210526315779,-0.20000000000000018,0.0038845346695789962,-58.78947368421052,-75.0,0.002204718739997005,0.004174711863031676,1
El Salvador,Guatemala,1,-25.0,-0.03333333333333344,0.19999999999999996,0.4095238095238096,-0.6000000000000001,-0.0014091861668540286,7.861904761904768,44.39999999999999,-0.006090158485807018,5.591899774948228e-05,1
Puerto Rico,Nicaragua,1,24.0,0.5818713450292397,-0.3999999999999999,0.36257309941520455,0.6000000000000001,0.0005744354584722843,32.17543859649122,12.800000000000011,8.186278268436029e-05,-0.002186585069155966,1
Tunisia,Burkina Faso,0,-15.0,-0.35285714285714276,-0.40000000000000013,-0.5428571428571428,-0.3999999999999999,-0.003580231003431222,-0.712857142857132,-5.6000000000000085,0.008324856053394825,0.0002639956495521546,1
Malaysia,Cape Verde,1,59.0,0.7242857142857142,0.19999999999999996,0.4442857142857142,0.0,0.003978969933380521,23.205714285714294,32.2,-0.007312516173380504,-0.008086589364447784,1
Bermuda,Cayman Islands,0,-23.0,0.8888888888888888,1.0,0.16666666666666652,1.6,0.007354252028814522,-31.94444444444443,-48.39999999999999,0.0011251045445180704,-4.053485233945341e-05,0
Germany,Portugal,1,3.0,-0.535714285714286,0.5999999999999996,0.5357142857142858,0.0,0.043348214285714275,-33.39285714285714,-1.1999999999999993,0.13191692985607056,0.1205221949173562,0
Thailand,India,0,-28.0,0.8602941176470589,0.8,0.45343137254901966,0.19999999999999996,0.007984969096080208,-7.235294117647058,9.0,0.006327766960617738,0.002833471731838339,1
Barbados,Aruba,1,-19.0,0.045454545454545414,0.6000000000000001,0.5606060606060606,-0.7999999999999998,-0.0005874864723509673,13.833333333333343,46.599999999999994,-0.000732604748294779,0.0017674089784376103,0
Bangladesh,Bhutan,0,1.0,0.12374581939799323,0.39999999999999997,-0.488294314381271,-1.2000000000000002,0.0016045010353130762,-26.401337792642153,-8.600000000000023,0.0022473073008528128,0.00403829412906939,1
Montserrat,Belize,0,1.0,-0.1964285714285714,-0.6,0.4285714285714284,-0.20000000000000018,-0.00018265042133986352,-24.08035714285714,-35.0,-0.001158067134214508,-0.008654248153481673,0
Dominica,British Virgin Islands,0,-23.0,0.29999999999999993,0.19999999999999996,0.1333333333333333,0.19999999999999996,0.002098707007186857,-8.333333333333314,-5.800000000000011,0.0032364924552142926,0.0023919878571041367,0
Saint Vincent and the Grenadines,Anguilla,0,-37.0,1.1531100478468899,1.0,-0.6411483253588519,-0.8,0.008799547942641933,-35.205741626794264,-53.8,0.008968772585732964,0.012467852095457647,0
Grenada,Bahamas,0,-30.0,-0.18181818181818188,0.19999999999999996,-1.6681818181818184,-3.1999999999999997,1.3665499265420183e-05,-23.268181818181816,-18.599999999999994,0.003943716158535845,0.00768541934665689,0
Singapore,Maldives,0,-3.0,0.15000000000000002,-0.6000000000000001,0.2999999999999998,-1.0000000000000002,0.002408016313627538,-33.44999999999999,-29.0,0.0012450722062136372,-0.0004377691474465673,1
DR Congo,Mali,0,8.0,-0.6810344827586208,-0.8,0.010057471264367845,0.6,-0.005020053450928829,-12.817528735632195,0.7999999999999972,-0.0001565303289012103,-0.00442975923908789,1
Hong Kong,Nepal,1,-22.0,0.8160919540229886,1.2000000000000002,-0.43842364532019684,-1.6,0.006645138214849761,-11.362889983579663,43.39999999999998,0.0006627593156943922,0.004888254765546421,1
Georgia,Faroe Islands,0,-73.0,1.4890909090909092,1.6,-0.054545454545454675,0.0,0.028643768345784124,-28.18363636363636,-16.599999999999994,0.034887786803366835,0.0124795399247954,1
Algeria,Rwanda,0,-94.0,1.5533769063180825,1.7999999999999998,-0.18518518518518523,-0.6,0.014958132665013694,7.346405228758172,29.599999999999994,0.009672899582658583,-0.0027471671566529493,1
Cambodia,Tajikistan,1,77.0,-0.0888888888888888,-0.20000000000000018,0.27555555555555555,0.19999999999999996,-0.0036786268670326635,50.58,-1.4000000000000057,-0.005298331562811041,-0.0073670616322576415,1
Belarus,Kazakhstan,0,-15.0,-0.2667984189723319,0.8,-0.46640316205533594,-1.2,-0.004474081828745353,7.638339920948624,13.599999999999994,-0.004374621251135717,0.006042655789106094,1
Spain,France,0,-1.0,0.44581280788177313,1.2000000000000002,0.07758620689655171,0.8,0.012246053550082237,-0.8965517241379288,-7.0,0.019543067994196278,-0.07713838811878027,0
Chile,Argentina,1,51.0,-0.7471428571428571,-0.6000000000000001,0.7271428571428573,0.20000000000000007,-0.015395263809315343,-0.9585714285714317,0.6000000000000014,-0.09307113192420799,-0.1536643223612152,0
Ecuador,Brazil,1,19.0,-0.41481481481481497,-0.40000000000000013,-0.5362962962962963,-1.2,-0.025809796337428276,11.299259259259259,16.599999999999998,-0.00888258283871711,0.019758055134225586,0
United Arab Emirates,Uzbekistan,1,8.0,0.056321839080459846,-0.19999999999999996,0.02643678160919538,0.3999999999999999,-0.00286167321051042,15.787356321839084,9.799999999999997,-0.008974693224161508,-0.013364935181016044,0
North Korea,Kyrgyzstan,1,15.0,0.25,-0.19999999999999996,-0.27083333333333326,0.7999999999999998,0.004965916680687479,-9.625,-10.399999999999999,-0.0007511811087366864,-0.014780405405405407,0
Paraguay,Uruguay,0,35.0,-0.6720779220779222,1.0,0.3311688311688311,0.3999999999999999,-0.011904922647084797,-6.717532467532465,12.0,-0.019798651786177512,0.5362592592592592,0
Sri Lanka,Brunei,0,15.0,-0.19780219780219788,0.19999999999999996,-1.6153846153846154,-0.8,-0.0013343126453666306,5.175824175824175,7.0,-0.0006868983110481629,0.004055863731627411,1
Bahrain,Saudi Arabia,1,26.0,-0.03693181818181812,-1.0,0.11837121212121215,0.19999999999999996,-0.0017648699274552728,8.646780303030297,28.599999999999994,0.0017628748682347178,-0.025544894816589624,0
Australia,Japan,0,11.0,-1.2383333333333333,-0.19999999999999996,-0.053333333333333344,0.6000000000000001,-0.018929162673172434,7.726666666666674,12.0,-0.018346780307700067,-0.009377329942394177,0
Iraq,South Korea,1,36.0,-0.4014336917562724,-0.8,0.14336917562724016,0.6000000000000001,-0.008768421110807147,14.210274790919954,19.799999999999997,-0.006549235711645604,-0.017688529685672135,0
Kuwait,Palestine,1,33.0,0.2954545454545455,-0.19999999999999996,-0.07954545454545459,-0.40000000000000013,0.0016404225267223783,12.553030303030297,-5.6000000000000085,0.0011502659660238036,-0.004035827356722876,0
Qatar,Iran,0,37.0,-0.7054187192118224,-0.9999999999999998,0.664039408866995,0.20000000000000018,-0.006505974819656715,-5.264039408867006,24.0,-0.008235707164826047,-0.027954565353710305,0
Oman,Jordan,1,15.0,-0.5844155844155845,-0.4,-0.24415584415584424,-0.8,-0.007709586130802333,4.624242424242425,28.0,-0.004141285930456054,0.0022465774500334025,0
Niger,Gabon,0,43.0,-0.28104575163398704,-0.40000000000000013,-0.1568627450980391,0.0,-0.0013485751012866,-13.503267973856211,-47.39999999999999,-0.0038818233091401,-0.0034396380638326493,1
Poland,Moldova,0,-120.0,0.47238095238095235,0.8,-0.07619047619047636,0.0,0.012315737481657662,-31.081904761904752,-64.80000000000001,0.034288425425225304,0.019918807159669472,1
Zimbabwe,Burkina Faso,1,52.0,-0.42816091954022995,-0.19999999999999996,-0.08908045977011492,0.3999999999999999,-0.0037159492618007908,-7.258620689655174,-35.2,-0.0011746143784791083,-0.0013793981798483866,1
Scotland,Iceland,1,-30.0,-0.24,-0.5999999999999999,-0.11999999999999988,-1.8,0.005969968287302441,-20.119999999999997,-39.8,0.002643941729120379,0.1017394540942928,1
Luxembourg,Slovenia,1,40.0,-0.5892255892255892,0.19999999999999996,0.8383838383838385,0.3999999999999999,-0.009824792033302943,5.484848484848484,7.399999999999999,-0.04661611251167902,-0.0066114551510515485,1
South Africa,Tanzania,1,-51.0,0.7604166666666666,1.4,0.03125,-0.19999999999999996,0.006603283943960576,14.6875,51.39999999999999,0.018994414202228506,0.008571836652191859,1
Bulgaria,Cyprus,1,-44.0,-0.2272727272727273,-0.3999999999999999,-1.090909090909091,0.0,-0.0009169902180267836,-15.63636363636364,-38.60000000000001,0.008264701022298138,0.0016909666977319299,1
Kosovo,Armenia,0,-5.0,0.10173160173160167,1.2000000000000002,-0.8181818181818181,-2.2,0.00088628079468938,2.084415584415595,-7.199999999999989,0.009956806950014547,0.02654782581918317,1
Hungary,Sweden,1,9.0,-0.9200000000000002,-2.4000000000000004,0.0,1.6,-0.005921904879402876,-20.360000000000007,-58.8,0.007956781412791825,-0.006905810934594452,1
Equatorial Guinea,Gambia,1,-34.0,-0.2028985507246377,-0.3999999999999999,-0.5797101449275364,-0.19999999999999996,-0.004447115222308496,16.649758454106276,28.0,0.006059437124383605,-0.004574549255400316,1
Central African Republic,Mauritania,0,25.0,0.8355555555555556,-0.6000000000000001,0.5222222222222224,0.8,0.0061042419337415405,23.617777777777775,-1.0,-0.006605080742466105,-0.0075210084033613435,1
Uganda,Cameroon,1,39.0,-0.5400457665903889,-0.19999999999999996,0.3066361556064072,0.7999999999999999,-0.006468885939688859,8.906178489702526,-6.200000000000003,-0.006686631994170092,-0.00445402509338416,1
Republic of Ireland,Senegal,1,41.0,-0.7307692307692308,-0.19999999999999996,1.06993006993007,1.8,0.0001423645371906035,-41.150349650349646,-56.800000000000004,-0.03599074747366385,-0.0015921171916923223,1
Morocco,Tunisia,0,-37.0,1.0480769230769231,2.4,-0.07692307692307687,-0.19999999999999996,0.01137737443862357,-1.1698717948717956,3.1999999999999886,0.12428091642361175,0.0026744312336384225,1
Burundi,Guinea-Bissau,0,12.0,0.5529411764705883,0.19999999999999996,0.4323529411764706,-0.6000000000000001,0.00471045527964104,10.188235294117646,-8.600000000000009,-0.003398849415940347,-0.00047609176340519636,1
Suriname,Puerto Rico,0,-20.0,-0.680769230769231,0.19999999999999996,-0.44999999999999996,-0.40000000000000013,-0.0010734232554652674,-35.5,-53.19999999999999,0.0006190276876045023,0.005743135550526369,0
Gibraltar,Croatia,1,185.0,-1.241818181818182,-0.6,1.772727272727273,0.40000000000000013,-0.034400445804489754,50.66363636363636,117.19999999999999,-0.13283206475853154,-0.3319671592775041,0
Nicaragua,Guyana,0,-19.0,-0.19617224880382778,-0.6000000000000001,-0.5311004784688995,-1.6,-0.0003638175828752921,-9.925837320574146,9.599999999999994,-0.0008021508033836926,-0.003453937033244453,0
Curaçao,Saint Lucia,0,-75.0,-0.10416666666666674,-0.19999999999999996,-0.08333333333333326,-1.4,0.0024745955682436097,-41.25,14.599999999999994,-0.0008610819489658118,-0.0031984076665706237,0
Trinidad and Tobago,Saint Kitts and Nevis,0,-45.0,0.38064516129032255,0.40000000000000013,-0.3516129032258064,-0.8,0.008174804944332426,-58.04516129032258,-71.6,0.01432314415412055,0.004102498413342465,0
Antigua and Barbuda,Cuba,1,-8.0,-0.03809523809523807,-1.2,0.8761904761904762,0.3999999999999999,-0.004054101651931951,72.54285714285714,44.39999999999999,-0.0053744124817960235,-0.003102908020940808,0
Russia,Nigeria,1,-8.0,1.8333333333333333,2.1999999999999997,-0.5462962962962963,-1.0,0.01716531059776624,6.398148148148138,28.599999999999994,0.009931575982981646,0.007713759102886658,1
Guatemala,Dominican Republic,0,-33.0,-1.6677419354838712,-2.8000000000000003,-0.03548387096774208,0.8,-0.0057902620185895735,-65.37096774193549,-60.2,0.004261402283386652,-0.0015753145323233395,0
North Macedonia,Belgium,1,59.0,-0.3671328671328673,0.6000000000000001,0.5174825174825174,-1.2,-0.02215433896881377,40.07692307692308,92.4,-0.029233471413894502,0.0008151163254783086,0
Czech Republic,Montenegro,0,-34.0,0.7836363636363635,0.40000000000000013,-0.41454545454545455,-0.4,0.007158369487952544,12.318181818181813,6.200000000000003,0.013970746474287567,-0.0027114427860696587,0
Colombia,Peru,1,-28.0,1.1333333333333333,1.2000000000000002,-0.2466666666666667,0.20000000000000018,0.04038751836073711,-9.879999999999995,-7.399999999999999,0.18319983937301684,0.004649961250322913,0
Venezuela,Bolivia,0,-33.0,0.2651851851851853,0.6,-0.9970370370370372,-1.0,0.0021835088322165255,7.364444444444445,0.8000000000000007,0.06698598680261529,0.03318181818181819,0
Estonia,Israel,1,43.0,-0.43047619047619046,-0.3999999999999999,0.3657142857142859,-0.19999999999999996,-0.008060215611668396,3.719999999999999,46.0,-0.05364223718772312,-0.1992096235924757,0
Wales,Liechtenstein,0,-176.0,1.1363636363636365,1.6,-1.2727272727272725,-1.4,0.01626804087852747,-27.77272727272728,-81.4,0.048325765344851966,0.03180136344315449,0
Norway,Italy,0,29.0,0.6328671328671329,1.7999999999999998,-0.0034965034965035446,-0.19999999999999996,-0.008695652173913049,28.146853146853147,60.199999999999996,-0.10719617587097141,-0.09858075175900508,0
Andorra,England,1,169.0,-1.7962382445141067,-2.8000000000000003,1.1065830721003134,0.8,-0.03760804580639111,47.258620689655174,72.00000000000001,-0.08362029716899642,-0.042660432516201746,0
Austria,Romania,0,-23.0,0.3846153846153846,-0.40000000000000013,0.1923076923076923,0.19999999999999996,0.0197607049535506,-37.153846153846146,-76.19999999999999,0.03979890933834148,0.014591290840122713,0
Denmark,Northern Ireland,0,-50.0,0.23426573426573416,-1.0000000000000002,-0.2727272727272727,0.19999999999999996,0.01081719067463199,-23.53846153846154,-50.199999999999996,0.04220985785277691,0.09355377396498674,1
Latvia,Azerbaijan,1,19.0,-0.17532467532467533,0.39999999999999997,-0.2813852813852815,-1.4,-0.0042972648370950845,14.348484848484858,21.0,-0.007511475668354951,0.003324440132589538,1
Mexico,Switzerland,1,-3.0,-0.10370370370370363,0.19999999999999996,-0.18518518518518512,-1.0,0.0009358798355082742,-5.225396825396828,4.0,-0.005958474637326329,0.05174779990239368,1
United States,Turkey,1,-11.0,0.39814814814814814,0.0,-0.39814814814814825,0.0,0.0006963356082563821,9.842592592592595,-1.2000000000000028,-0.020106567912479355,-0.02163412181779993,1
Malta,Lithuania,1,26.0,-0.3398268398268398,-0.20000000000000007,0.35064935064935066,-1.0,-0.003424903277033939,-6.642857142857139,49.19999999999999,-0.002203435356909746,0.0053047655011815055,0
Finland,Netherlands,1,63.0,-0.9642857142857144,-1.2,0.375,0.20000000000000018,-0.03501943878019008,31.44642857142857,58.8,-0.06403765351512605,-0.1498061567603821,0
Bosnia and Herzegovina,San Marino,0,-140.0,0.30952380952380953,-0.19999999999999996,-0.40476190476190466,0.0,0.010336623357311473,-53.67965367965368,-103.00000000000001,0.014139502444123498,0.0413896298731992,0
Greece,Slovakia,0,-6.0,0.18881118881118875,0.3999999999999999,-0.16433566433566438,0.0,0.004320045154240806,-4.741258741258733,-30.6,0.018693919593969613,0.018316853952023808,1
Belize,Panama,1,146.0,-0.3351158645276293,-0.19999999999999996,0.516934046345811,0.7999999999999998,-0.018236115042307474,102.79500891265596,103.6,-0.031372530227839646,-0.04771656524364751,0
Ivory Coast,New Zealand,1,-45.0,-0.9154135338345866,-4.8,-0.09210526315789469,0.2,-0.009051936532965411,-0.6090225563909684,-23.0,0.01713091591384763,-0.007087962252065046,0
Kenya,Chad,1,-66.0,0.8666666666666667,1.2,-0.5166666666666668,-1.2,0.00842834429181306,-1.38333333333334,12.0,0.00832238041892817,0.010407699331234904,1
Cayman Islands,Honduras,1,116.0,-0.7555555555555555,-1.2,1.2037037037037037,0.19999999999999996,-0.013605151153975488,88.71851851851851,80.2,-0.020594029523091167,-0.03752730983708548,0
Bahamas,Costa Rica,1,150.0,-0.38095238095238093,-2.0,2.7142857142857144,3.1999999999999997,-0.012992622218917102,79.08333333333334,64.19999999999999,-0.0227456682693282,-0.011869778161912993,0
Aruba,Haiti,1,112.0,-0.8774509803921566,-2.0,0.9901960784313724,2.0,-0.00816046628591176,18.40686274509804,-26.80000000000001,-0.009970626684557771,-0.014587299847223833,0
British Virgin Islands,Jamaica,1,144.0,-0.6518218623481781,-1.6,0.8927125506072877,0.8,-0.012212139845883676,86.56072874493925,49.39999999999999,-0.01732549924383605,-0.016073433863396144,0
Anguilla,El Salvador,1,128.0,-0.41666666666666663,-1.4,1.128787878787879,1.8,-0.007537560478736949,86.93939393939392,13.800000000000011,-0.008236379453552189,-0.012077492557323396,0
Albania,Serbia,1,35.0,-0.030000000000000027,0.19999999999999996,-0.043333333333333335,-0.19999999999999996,-0.00992666376064313,23.188333333333325,45.2,-0.030034875059500397,-0.04060802630462074,0
Canada,Ukraine,0,5.0,-0.09384615384615369,0.20000000000000018,-0.08769230769230774,-0.5999999999999999,4.8345464900605845e-05,-3.533846153846156,30.0,-0.003661251564137956,-0.029023924316610494,0
Portugal,Spain,1,5.0,-0.04827586206896539,-0.3999999999999999,-0.17471264367816097,-1.2,-0.02020767162127795,15.788505747126436,8.0,-0.12496974609131593,-0.19641546941357185,0
Germany,France,1,7.0,-0.13793103448275845,0.9999999999999998,0.4137931034482758,-0.20000000000000018,0.0357314696592971,-17.344827586206897,2.599999999999998,0.044461572034500685,-0.012042651625984974,0
Georgia,Cape Verde,1,-4.0,0.9350132625994694,1.0,0.34615384615384626,0.20000000000000007,0.021576349840976543,-35.08488063660477,-45.8,0.018556569170594055,0.007737670083254208,1
DR Congo,Madagascar,0,-54.0,0.01904761904761898,-0.19999999999999996,-0.6571428571428571,-1.2000000000000002,0.0021222992327500183,-18.77619047619048,11.199999999999989,0.012601144892174048,0.015910309193205872,1
Kosovo,Comoros,0,-8.0,0.11742424242424243,1.2000000000000002,-0.12121212121212133,-0.19999999999999996,0.004935262253930508,-23.306818181818187,-14.799999999999997,0.005821833009099213,0.012774958403057687,1
Morocco,Benin,0,-83.0,1.02,2.8,-0.8200000000000001,-0.9999999999999999,0.011122737415840866,0.1700000000000017,9.599999999999994,0.12880735786887412,0.024981707675189778,1
Algeria,Rwanda,0,-94.0,1.5833333333333335,2.4,-0.2698412698412699,-0.7999999999999999,0.01479835671561083,11.567460317460316,42.39999999999999,0.010513990346818092,0.0035677736857168373,1
Equatorial Guinea,Cameroon,1,42.0,-0.375,-0.8,0.20833333333333337,0.9999999999999999,-0.004986869785185441,9.166666666666657,-11.200000000000003,-0.00020640110335328615,-0.00857928566125836,1
Gabon,Guinea-Bissau,0,-49.0,0.5538847117794488,1.2,0.045112781954887105,0.19999999999999996,0.00424159870338121,13.568922305764417,-4.0,0.0011314800260682281,0.011941792973118903,1
Liechtenstein,Scotland,1,161.0,-1.0468227424749164,-0.8,0.6070234113712374,1.2000000000000002,-0.026930171277997364,54.76923076923077,78.0,-0.04090005621151706,-0.0847394540942928,1
Montenegro,Armenia,1,-29.0,-0.0869565217391306,0.3999999999999999,-0.4782608695652175,-2.0,0.0013749338974087724,-12.173913043478251,-8.0,0.004846356057436774,0.026138147566719002,1
Italy,Moldova,0,-145.0,0.6666666666666667,0.3999999999999999,-0.20370370370370372,0.0,0.03128989389295829,-54.168350168350166,-100.2,0.11164894795443916,0.11545535980889818,0
Kazakhstan,North Macedonia,1,46.0,-0.22282608695652173,-0.19999999999999996,0.48550724637681153,2.0,-0.00197229669094646,-4.213768115942031,-9.200000000000003,-0.01593264593651341,-0.03403053326148348,0
Belgium,Wales,0,-21.0,0.22544283413848643,-1.2000000000000002,-0.06119162640901765,0.6,0.018400776747682285,-33.864734299516904,-54.199999999999996,0.008129462846434288,-0.0006451109865744029,0
Faroe Islands,Gibraltar,0,-55.0,0.26086956521739124,-0.19999999999999996,-1.5217391304347825,-2.2,0.0031240923396450124,-2.3043478260869534,-27.0,0.0004757173378067904,0.0037748917748917747,0
Croatia,Czech Republic,0,-28.0,-0.15384615384615397,0.0,-0.038461538461538436,0.4,0.013688170354116482,-33.53846153846154,-55.99999999999999,0.09973150176562678,0.30394054148792105,0
Estonia,Norway,1,83.0,-1.6220735785953178,-3.2,0.9414715719063544,1.0,-0.024418480649414435,-2.0836120401337865,13.799999999999997,-0.03422386027927397,-0.09001242642851019,0
Uganda,Gambia,1,-37.0,-0.518421052631579,-0.5999999999999999,-0.28157894736842093,0.40000000000000013,-0.007373647259609791,14.60526315789474,11.0,-0.0034677647330796386,-0.009958868643764197,1
Azerbaijan,Hungary,1,82.0,-0.4125874125874126,-0.4,0.7832167832167831,-0.3999999999999999,-0.01134892043982953,17.5,74.19999999999999,-0.02360678058111439,-0.015119639593692889,1
Malaysia,Vietnam,0,22.0,0.11166253101736978,-2.4,0.11910669975186106,0.0,0.000797089812375985,1.34119106699751,-28.799999999999997,0.0005872738630965501,-0.015223924599215587,0
Laos,Nepal,0,15.0,0.4405594405594405,0.7999999999999999,0.5944055944055944,1.5999999999999999,0.002592877611073174,10.010489510489492,10.800000000000011,-0.002388959949823938,-0.006088417597063863,0
Afghanistan,Syria,1,67.0,-0.6358695652173914,-0.9999999999999999,0.6956521739130435,0.8,-0.007540522286789004,26.766304347826093,25.39999999999999,-0.005489344424229953,-0.013694255426168988,0
Myanmar,Pakistan,0,-36.0,0.9034090909090908,1.2,-0.6761363636363638,-1.6,0.006585337506330058,12.113636363636374,68.6,0.005174286293087475,0.00841424217696138,0
Turkmenistan,Thailand,0,43.0,-1.2813186813186812,-1.4000000000000001,0.5516483516483517,1.2000000000000002,-0.010290381925476641,-20.705494505494514,-69.99999999999999,-0.012428154686851142,-0.010296677944654272,0
Yemen,Lebanon,1,46.0,-0.1775,-1.2,0.3799999999999999,0.4,-0.002365733291908534,10.5775,-27.60000000000001,-0.001917137772862898,-0.0005642782831631298,0
Hong Kong,India,0,26.0,0.5933333333333334,1.0,0.2333333333333334,-0.8,0.0038687890855623602,11.700000000000017,44.599999999999994,-0.0014971976902924278,0.003653204493060237,0
Argentina,Colombia,1,-13.0,0.3915461624026697,0.6000000000000001,-0.42714126807563957,-1.0,-0.008375142149976589,14.926585094549498,4.0000000000000036,-0.09027190868629027,0.19333790010056143,0
Brunei,Bhutan,0,3.0,0.1428571428571429,0.0,0.5714285714285714,0.8,0.0009099232077128608,-1.9285714285714448,-35.0,0.0013922687542829056,-0.0035062841867622117,0
Philippines,Tajikistan,1,42.0,-0.23076923076923084,-0.19999999999999996,0.3141025641025641,-0.19999999999999996,-0.0021199754281682,2.45192307692308,-40.8,-0.0012254015539853967,0.002594614844740977,0
Timor-Leste,Maldives,0,33.0,-0.10909090909090902,-0.20000000000000007,0.8727272727272728,0.20000000000000018,-0.00015917286454811795,-15.72727272727272,-23.599999999999994,-0.0010549108909764654,-0.0032432432432432435,0
Burundi,Mauritania,1,30.0,0.6025641025641025,0.19999999999999996,0.5470085470085468,-0.7999999999999999,0.00422490380569401,19.893162393162385,0.3999999999999915,-0.006907027124922589,-0.0022774650905138163,1
Bolivia,Chile,0,28.0,-0.521978021978022,-1.4,0.9203296703296702,1.2000000000000002,-0.007271300128442987,-9.0,4.399999999999999,0.0022855696856416453,-0.016818181818181815,0
Denmark,Lithuania,0,-122.0,0.6553945249597423,0.6,-0.30434782608695654,0.40000000000000013,0.017267657138774123,-34.04991948470209,-76.4,0.05511896684539506,0.11042932760865774,1
England,Senegal,1,-15.0,0.3296296296296295,1.5999999999999999,0.1925925925925926,-0.2,0.018849387353231172,-39.77407407407408,-2.0,0.022674074308768083,0.016654987656583433,1
Greece,Bulgaria,0,-45.0,1.0869565217391304,0.6000000000000001,-0.6521739130434783,-0.3999999999999999,0.017766428389999638,-9.217391304347828,-45.8,0.06589908487977013,0.02511390438440181,1
Israel,Slovakia,0,32.0,-0.2457912457912459,1.0,0.718855218855219,-0.19999999999999996,-0.0008777332922697868,-8.922558922558927,-1.3999999999999986,-0.0004407267517537797,0.20136165315265525,1
Luxembourg,Republic of Ireland,1,31.0,-0.21739130434782605,-0.3999999999999999,0.26086956521739135,-0.20000000000000018,-0.007587307655073636,17.217391304347828,0.0,-0.01258529993905718,-0.00921224759117327,1
Mexico,Turkey,0,-10.0,-0.03174603174603163,0.19999999999999996,-0.27380952380952395,0.3999999999999999,-0.0067673653438227,8.472222222222221,12.200000000000003,-0.030498227238241887,-0.040582838555586045,1
Niger,Zimbabwe,1,6.0,0.264957264957265,1.2000000000000002,0.12393162393162394,-0.20000000000000018,0.0026963834946800175,2.6965811965811923,0.7999999999999972,-0.00224729642467034,0.012708753672845175,1
Northern Ireland,Iceland,0,-3.0,-0.39799331103678925,-0.20000000000000018,-0.38795986622073575,0.0,-0.009959868392707585,14.055183946488299,-18.400000000000006,-0.022185454847227233,-0.0032036056148184028,1
Slovenia,Bosnia and Herzegovina,0,-19.0,0.5746753246753246,-0.19999999999999996,-1.1428571428571428,-0.8,0.007339735865902364,6.077922077922075,-30.60000000000001,0.0457834474567178,-0.01346074726746714,1
South Africa,Mozambique,0,-40.0,-0.10437710437710446,-0.40000000000000013,-0.5656565656565656,-1.0,-0.0011053089447525376,0.44781144781144633,31.0,0.01728631642621999,0.0028728809021244736,1
Sweden,Algeria,0,-8.0,-0.04907161803713489,-0.3999999999999999,0.47214854111405846,0.0,0.007719381915634486,-28.249336870026525,-56.39999999999999,0.003956740916705604,0.02046643297150813,1
United States,Switzerland,1,-4.0,0.2142857142857142,-0.6000000000000001,-0.2142857142857142,-0.40000000000000013,0.005772535898791849,-3.021235521235525,-4.200000000000003,-0.006974557128266744,-0.026816295688630754,1
Peru,Ecuador,1,18.0,-0.5659340659340659,-0.7999999999999999,0.35989010989010994,0.39999999999999997,-0.015031907515256706,1.4230769230769198,0.5999999999999943,-0.06041853033550816,-0.09870665825543384,0
Chad,Kenya,1,66.0,-0.8303571428571428,-1.2,0.46726190476190466,1.0000000000000002,-0.0077225355605435335,-1.7321428571428612,-21.19999999999999,-0.007692674853828993,-0.007965929527833183,1
Bangladesh,Singapore,1,22.0,-0.35119047619047616,0.0,-0.4821428571428572,-0.7999999999999999,-0.0026775606482872753,2.952380952380963,18.799999999999983,0.0005248612316973893,0.0036161273130858934,0
Uruguay,Venezuela,0,-34.0,0.36737400530503983,-0.5999999999999999,-0.24137931034482762,-0.6000000000000001,0.008608417811436956,-0.17771883289125157,-14.0,0.10789283285504227,0.08003164556962028,0
El Salvador,Suriname,1,-56.0,-0.6273291925465838,0.40000000000000013,0.4627329192546583,-0.19999999999999996,-0.0025513743896300144,-27.64596273291926,82.0,-0.0002858642030900971,-0.0001285948517475849,0
New Zealand,Ukraine,1,61.0,1.1884615384615385,3.8000000000000003,-0.5846153846153845,-1.8,-0.0007728317225679064,44.95,101.20000000000002,-0.04328308544397755,-0.05753281253849648,0
Serbia,Andorra,0,-142.0,0.9698996655518395,0.8,-0.7725752508361203,-0.7999999999999999,0.02381436972719524,-48.08361204013379,-76.0,0.05359231642971174,0.05949902284743913,0
Romania,Cyprus,0,-84.0,0.6731078904991947,0.3999999999999999,-1.576489533011272,-0.8,0.007650874856607905,-0.22544283413849087,-3.799999999999997,0.02434389445836685,9.634714321411948e-05,0
San Marino,Austria,1,188.0,-1.55877616747182,-0.19999999999999996,1.4718196457326895,1.0,-0.033659742209986236,52.71658615136875,73.4,-0.06870955935403547,-0.02502173538860526,0
Finland,Poland,0,35.0,-0.3384615384615386,-0.7999999999999999,0.29384615384615365,0.0,-0.005464992232973368,2.3230769230769255,-20.200000000000003,-0.04033416380502054,-0.0067130053045546005,0
Brazil,Paraguay,0,-43.0,0.625418060200669,-0.8,0.1923076923076923,0.3999999999999999,0.027613866863359763,-6.535117056856183,-12.0,-0.09525625181580331,-0.6001876562256309,0
Saudi Arabia,Australia,1,32.0,-0.7575757575757576,-0.19999999999999996,0.42060606060606054,-0.20000000000000007,-0.010013559972847636,3.2266666666666737,0.7999999999999972,-0.01341167085877364,-0.022377923359346998,0
Jordan,Iraq,1,3.0,0.10845588235294112,0.8,0.17279411764705888,-1.2000000000000002,0.0024427212699907885,-5.086397058823536,-4.799999999999997,0.0004708234329931088,0.02267504714687655,0
Palestine,Oman,1,24.0,-0.1511111111111112,0.6,0.15666666666666673,0.3999999999999999,-0.001252063541315674,-3.632222222222225,-17.599999999999994,-0.005600669922646318,0.003982488269714129,0
South Korea,Kuwait,0,-111.0,0.930672268907563,1.0,-0.3781512605042018,-0.5999999999999999,0.015367643206897721,-18.75,14.399999999999991,0.01793811803828446,0.014500840731772935,0
Kyrgyzstan,United Arab Emirates,1,38.0,-0.5933333333333333,0.5999999999999999,0.9533333333333333,0.8,-0.005206417637773167,-8.72666666666666,-18.599999999999994,-0.010244992727770354,0.0029687520200649027,0
Iran,North Korea,0,-100.0,1.072549019607843,1.0,-0.6705882352941177,-0.8000000000000003,0.008842773243352333,15.613725490196074,10.799999999999997,0.022888180397496235,0.019135985936914963,0
Japan,Indonesia,0,-108.0,1.881118881118881,0.3999999999999999,-0.8752913752913752,-1.6,0.029519747302706748,-21.673659673659685,-47.599999999999994,0.029091908126874757,0.014929946306654888,0
Latvia,Albania,1,72.0,-0.5478260869565217,-0.4,0.946086956521739,0.3999999999999999,-0.010117204776647501,17.060869565217388,37.2,-0.022495688625451368,-0.009215385078762689,0
Netherlands,Malta,0,-163.0,1.706896551724138,2.0,-0.42946708463949856,0.6,0.04458895534844902,-39.14106583072101,-87.2,0.06785317781913168,0.1579066162231124,0
Canada,Ivory Coast,1,-11.0,-0.31417624521072796,0.8,0.46360153256704995,0.6,0.012021677753093853,-50.38314176245211,-57.8,0.03115704912754027,0.0578171521407002,0
Belarus,Russia,1,63.0,-2.0,-1.0,0.7993311036789298,0.4,-0.01926365193735283,-11.163879598662206,-18.400000000000006,-0.014449480413900718,-0.006120350053685154,1
Cuba,Bermuda,1,-1.0,-1.0382775119617227,-0.8000000000000003,-0.49043062200956933,-1.1999999999999997,-0.004493555263989334,-43.246411483253596,2.000000000000014,7.580153469943438e-05,0.0009818739987662237,0
Honduras,Antigua and Barbuda,0,-84.0,0.7232142857142858,1.6,-1.375,-0.8,0.012476169507104153,-82.5,-33.0,0.023969734871261656,0.009277380744331716,0
Saint Kitts and Nevis,Grenada,1,-29.0,0.0,-1.2000000000000002,0.047619047619047894,2.4000000000000004,-0.0015504621849679687,25.38095238095238,7.0,0.00147979685208436,-0.007755782420115938,0
Costa Rica,Trinidad and Tobago,0,-46.0,-0.02909482758620685,1.7999999999999998,-0.3211206896551724,-0.8,0.004973346840816718,-24.474137931034477,1.0,0.0018100348454157256,0.0033110604078344184,0
Saint Lucia,Barbados,0,-11.0,-0.165991902834008,0.0,-0.9676113360323888,0.7999999999999998,-0.0003554474615042238,-12.352226720647764,-54.2,0.006013886945927236,0.0072453982094127746,0
Haiti,Curaçao,1,-7.0,0.9738562091503269,1.9999999999999998,-0.30065359477124187,0.20000000000000007,0.005627687031956619,17.715686274509807,13.599999999999994,0.004270650223569735,0.006393086164511579,0
Guyana,Montserrat,0,-28.0,1.0666666666666667,1.7999999999999998,-0.6579710144927535,0.0,0.007559384011198906,2.469565217391306,-0.39999999999997726,0.004474012991753024,0.009298746591994242,0
Panama,Nicaragua,0,-100.0,-0.43823529411764706,0.0,0.3323529411764705,1.2,0.009499445452311362,-70.76176470588234,-81.00000000000001,0.02616362735367111,0.03513639344876901,0
Dominican Republic,Dominica,0,-45.0,1.4166666666666665,2.8,-0.7619047619047619,0.40000000000000013,0.010517832587089495,-17.696428571428584,-17.400000000000006,0.005056789092929937,0.0055137150177053,0
Jamaica,Guatemala,0,-43.0,0.28525641025641035,-0.20000000000000018,0.060096153846153744,-0.3999999999999999,0.00287387625018852,2.4126602564102626,18.599999999999994,0.0031583222300163825,-0.0005077954891802086,0
Uzbekistan,Qatar,0,2.0,-0.1415770609318998,-1.0,-0.674731182795699,-0.9999999999999999,-9.020963320575254e-05,-6.64068100358422,-17.799999999999997,-0.00017154452114513316,-0.011717345722160377,0
Puerto Rico,Saint Vincent and the Grenadines,0,-15.0,0.3333333333333335,-2.0,-0.12142857142857144,0.8,0.0013354234550012837,9.126190476190487,-26.0,-0.0023257766960986647,-0.009190659926165634,0
Mexico,Dominican Republic,0,-122.0,-1.1781326781326784,-1.1999999999999997,-0.12776412776412793,-0.3999999999999999,0.012487792027551462,-97.7936117936118,-115.99999999999999,0.026516118421878197,0.05408671005302534,0
Haiti,Saudi Arabia,1,25.0,1.1331269349845199,2.2,0.22755417956656365,0.8,0.0030678799348677517,48.608359133126925,96.4,-0.003492131797097923,-0.014934129493295355,0
Costa Rica,Suriname,0,-83.0,0.033333333333333215,3.1999999999999997,0.30000000000000004,-0.19999999999999996,0.00817641638008593,-44.43333333333334,42.39999999999999,0.01289303650423524,0.005545803804717706,0
United States,Trinidad and Tobago,0,-84.0,0.2503987240829346,-1.6,-0.49681020733652304,-0.40000000000000013,0.020007718701569675,-47.56618819776714,-66.6,0.018798658664558335,0.003292198481536326,0
Jamaica,Guatemala,1,-43.0,0.3590909090909091,0.5999999999999999,-0.026515151515151603,-1.0,0.0035358499801401815,3.548484848484847,7.599999999999994,0.003874010772290052,0.01199651250514851,0
Curaçao,El Salvador,1,9.0,0.5833333333333335,1.4,0.01388888888888884,0.0,0.003808983777920223,13.916666666666657,-22.19999999999999,0.0017856195350143215,0.00844123077897439,0
Canada,Honduras,0,-45.0,-0.15886699507389168,-0.40000000000000013,-0.028325123152709297,0.0,0.011980281355472744,-43.47660098522168,-110.0,0.036535149095433504,0.056645951661514676,0
Costa Rica,Dominican Republic,0,-85.0,-0.9649368863955121,2.8000000000000003,0.029453015427769902,-0.8,0.003087038550711227,-63.41234221598879,35.2,0.01252447898664247,0.011705900581600445,0
Suriname,Mexico,1,120.0,0.11842105263157898,-1.0,0.046052631578947345,0.40000000000000013,-0.015629936601222177,64.58223684210526,21.800000000000004,-0.027572774934743666,-0.05626948250773168,0
Trinidad and Tobago,Haiti,1,17.0,-0.6029411764705883,-0.5999999999999999,0.3764705882352941,2.0,-0.0008864717028901174,-29.126470588235293,-51.8,0.006968410683294273,-0.007988765798096428,0
United States,Saudi Arabia,0,-42.0,0.7970695970695969,0.19999999999999996,-0.00586080586080584,1.4,0.022564950119897717,-28.05128205128205,-11.200000000000003,0.02140511105849877,-0.031382525493679786,0
Guatemala,Panama,1,73.0,-0.3689075630252101,0.0,-0.2252100840336133,-0.40000000000000013,-0.010743523053353103,22.814285714285717,20.599999999999994,-0.018757176462120734,-0.025157637517778803,0
Curaçao,Canada,1,60.0,0.02722323049001818,0.20000000000000018,0.17785843920145195,-0.19999999999999996,-0.017456852025491475,62.528130671506354,85.39999999999999,-0.04934904238322974,-0.05738509709363857,0
Honduras,El Salvador,0,-6.0,0.45999999999999996,0.8,0.046666666666666634,1.4,0.006240263674128778,-9.440000000000012,-2.0,0.014490721549027901,0.0023708464047420136,0
Mexico,Costa Rica,1,-37.0,-0.14022435897435903,-2.4000000000000004,-0.22996794871794868,0.19999999999999996,0.00765815756364778,-26.037660256410255,-79.8,0.013720910718978834,0.026576925901446714,0
Dominican Republic,Suriname,1,2.0,1.0196078431372548,1.4,0.11519607843137258,-0.19999999999999996,0.004423724073729984,27.389705882352942,34.8,0.0011196942847429454,0.0007917337627482562,0
Saudi Arabia,Trinidad and Tobago,1,-42.0,-0.43412698412698414,-0.40000000000000013,-0.6015873015873017,-2.1999999999999997,-0.0018209309790418599,-17.233333333333334,-20.599999999999994,-0.002505708516670351,0.01750162257164683,0
United States,Haiti,0,-67.0,-0.1904761904761907,-0.3999999999999999,-0.2607142857142859,0.20000000000000018,0.019571930191088695,-71.61666666666667,-64.8,0.026601486233788087,0.00613969938107869,0
Honduras,Curaçao,0,-15.0,-0.03387096774193554,-0.6000000000000001,0.022580645161290214,0.3999999999999999,0.0025617352507564042,-18.227419354838702,31.60000000000001,0.012056337586702362,-0.0020642703672124514,0
Canada,El Salvador,0,-51.0,0.5333333333333334,1.6,-0.21282051282051295,0.0,0.020191009612621155,-47.648717948717945,-74.0,0.04983535241168122,0.06816058891592988,0
Panama,Jamaica,0,-30.0,0.02981029810298108,-0.19999999999999996,0.18360433604336035,-0.6,0.007085041522127616,-26.205284552845534,-21.80000000000001,0.01609506611259893,0.03181351998741593,0
Panama,Honduras,1,-42.0,-0.017736486486486402,0.8000000000000003,-0.01520270270270263,-0.7999999999999999,0.006916123076701176,-26.42483108108108,-10.200000000000003,0.010266285635707043,0.002058400148772427,0
Mexico,Saudi Arabia,0,-41.0,0.41081081081081083,0.6000000000000001,-0.029054054054054035,0.3999999999999999,0.013989882167048863,-25.002702702702706,13.600000000000009,0.01938204689571491,0.018250261926803728,0
Canada,Guatemala,1,-76.0,0.49124423963133634,1.4000000000000001,-0.017511520737327313,-0.7999999999999999,0.017361765841724067,-31.576958525345617,-13.399999999999999,0.04266552441567363,0.030198186321248842,0
United States,Costa Rica,1,-38.0,0.2727272727272727,-1.4000000000000001,-0.21803399852180338,0.3999999999999999,0.014885521355987235,-25.0620842572062,-61.800000000000004,0.015131134922696209,-0.005828247910469226,0
United States,Guatemala,0,-90.0,0.9444444444444444,0.8,-0.06349206349206349,0.0,0.02359484576281833,-26.817460317460316,-2.5999999999999943,0.02244380679207768,0.0067704239994950816,0
Mexico,Honduras,0,-58.0,0.09460458240946057,0.20000000000000018,-0.303030303030303,-1.2000000000000002,0.011582317770444672,-31.88026607538803,4.400000000000006,0.01159102064815146,0.021058597278177858,0
United States,Mexico,1,-1.0,0.40476190476190466,0.7999999999999998,0.07032115171650066,0.4,0.00738102974443508,-0.28405315614617876,-12.399999999999991,0.0017563103302359953,0.002193184214755617,0
Qatar,Lebanon,1,-59.0,0.48336798336798337,-0.7999999999999998,0.38253638253638256,1.0,0.00952357880582987,-30.806652806652806,-69.99999999999999,0.019184388047016207,0.02883452068553502,1
Qatar,Bahrain,1,-36.0,0.5371517027863777,1.2000000000000002,0.23839009287925683,0.6000000000000001,0.007249808496377389,-6.294117647058826,-1.0,0.00870086356181024,0.02835882698309693,1
Seychelles,Gabon,1,123.0,-0.9653846153846155,-1.8000000000000003,1.830769230769231,3.2,-0.009894582688046917,23.530769230769224,-17.0,-0.011109944205109124,-0.017879292973118903,0
Malaysia,Singapore,0,-34.0,0.5959595959595958,0.19999999999999996,-0.3367003367003367,-0.3999999999999999,0.006744193544920091,-22.639730639730658,-40.599999999999994,0.005279725916073498,0.004733388671711332,1
Norway,Finland,0,-36.0,1.1025641025641026,2.6,-0.4903846153846154,-0.9999999999999999,0.016869454899141545,-2.2532051282051384,14.399999999999991,0.02561638136723702,0.06647412966482785,1
Russia,Jordan,1,-29.0,1.3571428571428574,2.4,-0.7285714285714286,-0.6,0.010885096955160784,14.457142857142856,35.4,0.006786840754722589,0.0051415982341954415,1
Saudi Arabia,North Macedonia,0,-3.0,-0.17543859649122795,-0.7999999999999999,-0.21271929824561409,0.7999999999999999,-0.0013320013320013285,-4.3903508771929864,-50.00000000000001,-0.016741287404841775,-0.03526637313230642,1
United Arab Emirates,Syria,0,-26.0,0.3629032258064515,-0.19999999999999996,-0.47580645161290325,-0.19999999999999996,0.005203213553233579,-10.364247311827967,-44.400000000000006,0.007243599317909527,0.0005623650582382879,1
Colombia,Bolivia,0,-64.0,0.8286637931034483,-0.19999999999999996,-1.1530172413793103,-0.19999999999999996,0.030225518034402647,-4.617456896551722,-15.399999999999999,0.20368121818231702,0.1751788463109218,0
Gibraltar,Albania,1,131.0,-0.858974358974359,-0.4,2.032051282051282,2.4,-0.013370158921092294,20.61858974358975,9.600000000000009,-0.02337793009540527,-0.010076326862035873,1
Brazil,Chile,0,-52.0,0.2592592592592593,-0.19999999999999996,0.0,0.19999999999999996,0.023729759910664436,-15.851851851851855,-18.999999999999996,0.06962133420908517,0.06011904761904761,0
Uruguay,Peru,0,-26.0,0.9444444444444444,0.0,-0.2666666666666667,0.20000000000000007,0.020661896243291587,3.518518518518519,3.0,0.16429152626047266,0.025083618688520385,0
Mauritius,Cape Verde,1,104.0,-0.2500000000000001,-1.0,0.1499999999999999,0.7999999999999999,-0.005151994075316407,38.73333333333332,2.4000000000000057,-0.011861981025057276,-0.016588060675243623,0
Guinea-Bissau,Sierra Leone,1,7.0,-0.38383838383838387,-0.4,-0.26767676767676774,1.0,-0.0036721609028305888,-4.702020202020208,11.0,-0.0005548688019754756,-0.02431176168464304,0
Angola,Libya,1,-32.0,-0.15821812596006146,0.20000000000000007,-0.3533026113671276,-0.19999999999999996,-0.000706954664475146,-7.837173579109063,21.200000000000003,0.0038862360062634493,0.0017571234523651776,0
Cameroon,Eswatini,0,-104.0,0.8278260869565217,1.0,-0.5147826086956521,-2.0,0.009592077538980193,-13.775652173913045,15.599999999999994,0.01135592869380261,0.013463209583473346,0
Argentina,Venezuela,0,-45.0,0.959259259259259,0.6000000000000001,-0.637037037037037,-0.9999999999999999,0.019011957796313397,3.507407407407406,-10.600000000000001,0.025845056825132023,0.19365910405384087,0
Paraguay,Ecuador,1,18.0,-0.22844827586206895,0.7999999999999999,0.3448275862068966,0.8,-0.0025149005157165047,-5.061781609195407,1.0,0.09242784791222142,-0.044175703818580186,0
Lithuania,Malta,1,-25.0,0.3134057971014492,0.4,-0.45471014492753636,-0.40000000000000013,0.003053782257553866,7.8170289855072355,-5.599999999999994,0.0019858081984143756,0.0015069106904637103,0
Algeria,Botswana,0,-99.0,1.2666666666666666,1.8,-0.4190476190476191,0.19999999999999996,0.012580132402365057,1.2238095238095212,14.400000000000006,0.013064665168960835,-0.0007295849553995634,0
Netherlands,Poland,1,-30.0,0.8814814814814813,1.8000000000000003,-0.20370370370370372,0.3999999999999999,0.028260328638058482,-21.30740740740741,-53.199999999999996,0.02307071113983103,0.13658909948772868,0
Madagascar,Central African Republic,0,-19.0,-0.5334928229665072,0.7999999999999999,-0.4114832535885167,0.8000000000000003,-0.00598917530024002,7.600478468899524,-17.200000000000003,-0.0011614580077215914,-0.004931669637551989,0
Mali,Comoros,0,-53.0,0.3599999999999999,0.8,-0.72,-1.4000000000000001,0.003447360901334854,-0.0799999999999983,-0.7999999999999972,0.0036713657982225603,0.0035779951144657065,0
Luxembourg,Northern Ireland,1,21.0,-0.45833333333333326,-0.3999999999999999,0.375,-0.8,-0.005176469373658496,-5.916666666666671,-0.4000000000000057,-0.006585723927966984,0.008017157844662198,0
Slovakia,Germany,0,43.0,-0.46904761904761916,-0.9999999999999999,-0.36904761904761896,-0.6000000000000001,-0.06860702677604086,49.33333333333333,58.400000000000006,-0.1350594412322583,-0.0866638155751059,0
Georgia,Turkey,1,40.0,0.4137931034482758,0.5999999999999999,-0.011494252873563315,-0.3999999999999999,-0.005104106419895893,19.6360153256705,57.99999999999999,-0.026548723350622257,-0.05846690307328604,0
Bulgaria,Spain,1,82.0,-1.872311827956989,-2.0,0.49059139784946226,-0.3999999999999999,-0.05862912144881455,36.16129032258065,69.0,-0.19159661177276807,-0.3173961600943422,0
Chad,Ghana,1,99.0,-1.0316742081447963,-2.5999999999999996,0.3959276018099547,1.5999999999999999,-0.01098486328645369,8.855203619909503,-24.799999999999997,-0.009575205237850274,-0.012779702900392554,0
Kazakhstan,Wales,1,83.0,-0.46166666666666667,-1.5999999999999999,0.7583333333333333,0.20000000000000018,-0.00606091894682499,0.3966666666666754,5.799999999999997,-0.029931814019118007,-0.01040329485713755,0
Tunisia,Liberia,0,-95.0,0.0958605664488017,0.4,-1.017429193899782,-1.2000000000000002,0.0013639337101929022,-2.8867102396514213,16.0,0.01691091861617741,0.013215034925750678,0
Iraq,Hong Kong,0,-89.0,0.21700879765395897,-0.6000000000000001,-0.16324535679374397,1.8,0.007923557401486345,-44.46236559139784,-95.8,0.016612584203333673,-0.0020117832381904774,0
Thailand,Fiji,0,-48.0,-0.03968253968253954,0.40000000000000013,-0.059523809523809534,-1.0000000000000002,0.0033773082154769252,-37.1825396825397,2.6000000000000227,0.00541218165193031,0.0038088234985612637,0
Suriname,Panama,1,106.0,0.05555555555555558,-1.2000000000000002,-0.17836257309941517,0.9999999999999999,-0.010041795581609943,50.48538011695907,-21.60000000000001,-0.025727440482272643,-0.01798444627743019,0
Guatemala,El Salvador,1,13.0,0.09109109109109104,-0.20000000000000007,-0.23523523523523537,0.3999999999999999,0.003137767235866855,-15.808808808808806,-67.2,0.006820133387620128,0.00963758655652624,0
Liechtenstein,Belgium,1,196.0,-1.5357142857142858,-1.6,1.4047619047619049,1.4,-0.03656917518270586,51.101190476190474,46.6,-0.05673610284500937,-0.04767472979927946,0
Somalia,Guinea,1,119.0,-1.0185185185185186,0.0,1.062962962962963,1.4,-0.010958381511211621,15.262962962962959,3.0,-0.01580958844866273,-0.011747961390560236,0
Australia,New Zealand,0,-58.0,-0.5714285714285716,-2.0,-0.20329670329670324,0.4,-0.0023619938988796926,-13.946886446886438,-43.400000000000006,0.013967053408705535,0.03522927122268579,0
Romania,Canada,1,20.0,0.1116071428571428,0.3999999999999999,-0.3080357142857143,0.6,-0.01050176939994334,36.59375,33.80000000000001,-0.027984367476733156,-0.012161755766288192,1
Djibouti,Burkina Faso,1,128.0,-0.3666666666666667,-1.2,1.1393939393939396,1.8,-0.00643033779860235,31.351515151515144,10.599999999999994,-0.009791279329986378,-0.01627905258962672,0
South Sudan,DR Congo,1,108.0,-0.5576036866359448,-1.2000000000000002,1.5230414746543781,1.0,-0.005128387018150799,-11.453917050691246,-36.2,-0.018446025208248826,-0.023802233437573365,0
Mauritania,Togo,0,-9.0,-0.4015594541910332,-0.19999999999999996,-0.1306042884990255,0.0,-0.003931611600057713,-6.423001949317737,24.60000000000001,0.0017707954747629984,0.002789532827309406,0
Senegal,Sudan,0,-92.0,1.0,1.4000000000000001,-0.32142857142857145,0.2,0.01158116471278502,-8.478571428571428,1.2000000000000028,0.0684956023202974,0.1440816075462386,0
Benin,Zimbabwe,0,-20.0,0.19047619047619058,-0.4,0.14285714285714302,-0.40000000000000013,0.002254285518195306,-0.7142857142857224,-5.0,0.0034537929939863366,0.0005353339976163947,0
Morocco,Niger,0,-109.0,0.9716599190283401,0.3999999999999999,-0.8016194331983805,-1.2,0.01035822724969707,1.8117408906882702,26.39999999999999,0.1306990326008476,0.010093667822663854,0
Kenya,Gambia,1,-14.0,-0.1681818181818182,0.20000000000000018,-0.5090909090909093,0.0,-0.004777877480095146,23.045454545454547,57.400000000000006,-0.0008369147580662064,-0.0116065880705411,0
Ivory Coast,Burundi,0,-94.0,0.4368421052631579,0.0,-0.9508771929824561,-0.39999999999999997,0.00495894215058962,-3.308771929824559,10.400000000000006,0.02386910165232973,0.00968228749268368,0
Egypt,Ethiopia,0,-112.0,1.0629629629629629,-0.40000000000000013,-0.6592592592592592,-1.4,0.010982905399874485,-5.903703703703712,24.799999999999997,0.013220577309978271,0.00465656684926744,0
South Africa,Lesotho,0,-92.0,0.5927601809954751,0.3999999999999999,-0.5316742081447964,-1.4,0.0059096298889763236,0.22171945701357743,42.19999999999999,0.02187013136635628,0.0012001278889543707,0
Uganda,Mozambique,0,-11.0,-0.5000000000000001,-0.6,-0.13095238095238093,-0.19999999999999996,-0.005479444655988637,4.523809523809533,11.799999999999997,-0.0037254477472183824,-0.0027109863316759856,0
Italy,Estonia,0,-115.0,0.9378306878306879,0.3999999999999999,-0.824074074074074,0.40000000000000013,0.026428323915387554,-18.548941798941804,-34.0,0.11943627775795444,0.019922593962329063,0
Montenegro,Czech Republic,1,36.0,-0.7638888888888888,-0.40000000000000013,0.35185185185185186,-0.19999999999999996,-0.007838251147796196,-9.277777777777786,3.200000000000003,-0.014217310846639953,0.00786330542785977,0
Slovenia,Sweden,1,21.0,-0.8454661558109833,-2.4,-0.43422733077905495,-0.6,-0.010150140658751819,-5.208173690932313,-17.599999999999994,0.02762263209184436,-0.0030456504102474233,0
Switzerland,Kosovo,0,-76.0,0.3403298350824586,-0.20000000000000018,0.0854572713643178,0.19999999999999996,0.015335161756465831,-27.58470764617691,-57.8,0.029165773508464506,0.04913794323868882,0
Denmark,Scotland,1,-26.0,0.19973544973544977,0.3999999999999999,-0.6283068783068783,-0.19999999999999996,-0.0008703673993261697,8.957671957671963,-25.799999999999997,0.019791272070133828,0.08104083111917688,0
Greece,Belarus,0,-58.0,0.9166666666666667,0.0,-0.7083333333333334,-0.7999999999999999,0.016654824815287204,-16.75,-33.199999999999996,0.06276473856232484,0.023938421422861136,0
Ukraine,France,1,23.0,-0.6518518518518519,-0.40000000000000013,0.5037037037037038,0.3999999999999999,-0.027356002110210543,14.592592592592595,30.0,-0.09710189323912252,-0.0816129994036971,0
Iceland,Azerbaijan,0,-48.0,0.7294685990338164,1.0,-0.42028985507246364,-0.3999999999999999,0.012992146193727221,-7.2592592592592595,-9.0,0.029962437430462435,0.012187088274044796,0
Moldova,Israel,1,79.0,-0.30434782608695654,-1.2000000000000002,-0.08695652173913038,1.4000000000000001,-0.010023479408387465,29.086956521739133,13.400000000000006,-0.04186763402969766,-0.12186497630091185,0
Faroe Islands,Croatia,1,131.0,-1.2638888888888888,-2.4,0.45370370370370383,0.3999999999999999,-0.0334196538094589,43.773148148148145,40.39999999999999,-0.1253521205699241,-0.34395604395604396,0
Bermuda,Jamaica,1,92.0,0.5452380952380953,0.8000000000000003,1.0095238095238097,1.4,-0.0026961308911584263,58.76428571428572,31.0,-0.01044825290030562,-0.006475915246023934,0
Trinidad and Tobago,Curaçao,1,15.0,0.08730158730158744,-0.40000000000000013,0.3055555555555556,1.4000000000000001,0.002353599112256211,-9.694444444444443,-15.599999999999994,0.007560735362209962,-0.010005236317381448,0
Haiti,Honduras,1,24.0,0.6657754010695185,0.6000000000000001,0.024064171122994527,0.0,0.0005144110847625921,35.12299465240642,41.599999999999994,-0.012184623735456455,-0.015057757057757056,0
Namibia,Malawi,1,-21.0,-0.07707509881422925,0.0,-0.1837944664031621,0.0,-0.00014391457006108187,-7.996047430830032,23.599999999999994,0.009391708087033464,0.00158284713635372,0
Nicaragua,Costa Rica,1,90.0,0.026610644257702987,-1.4,-0.12184873949579833,0.0,-0.008248999428244714,47.773109243697476,32.2,-0.016412132779768756,-0.03254195612694822,0
United States,South Korea,1,-8.0,-0.1951410658307211,-0.19999999999999996,0.2405956112852664,0.6,0.007982810929377963,-22.713166144200628,-23.800000000000004,0.00741449465356088,0.004665720845329534,1
Republic of Ireland,Hungary,1,22.0,-0.30092592592592593,0.19999999999999996,0.07870370370370372,-0.3999999999999999,-0.004978960117811456,-1.1574074074074048,12.800000000000004,-0.008318845612463155,0.004134429340198427,0
Mexico,Japan,1,-4.0,-1.6546080964685614,-1.0,0.27304048234280787,0.0,-0.01421505645317173,-20.091300602928506,-15.799999999999997,0.00012037369730100167,0.04363742202195182,1
Nepal,Bangladesh,1,-8.0,-0.14782608695652177,-0.19999999999999996,0.25217391304347836,0.0,-0.0011614702400170379,3.5791304347825985,-1.8000000000000114,-0.0015864526823411657,0.000465712997161586,1
Nigeria,Rwanda,0,-83.0,0.6898496240601504,1.0,-0.14097744360902265,-0.6000000000000001,0.006926317235246393,6.2462406015037715,23.599999999999994,0.004067310297769012,0.00526627942453568,0
Austria,Cyprus,0,-106.0,1.1904761904761907,0.40000000000000013,-1.4464285714285714,-1.0,0.025164077164364734,-27.744047619047613,-17.200000000000003,0.06335387378321967,0.021076546003016592,0
Armenia,Portugal,1,99.0,-1.325,-0.6000000000000001,1.1583333333333332,2.0,-0.03265000276484482,26.391666666666673,75.39999999999999,-0.08266424818826189,-0.19811880716690233,0
San Marino,Bosnia and Herzegovina,1,138.0,-0.3677536231884058,-0.3999999999999999,0.5,1.8,-0.009142402919796375,41.88768115942028,4.599999999999994,-0.013524189045050134,-0.045262001156737994,0
Latvia,Serbia,1,105.0,-0.6296296296296297,-0.6,0.9027777777777779,1.0,-0.017433542501054534,32.5,31.0,-0.04886797688329045,-0.04416620978119931,0
England,Andorra,0,-170.0,1.75,2.4,-1.0725806451612905,-1.0,0.03422395286980413,-37.62096774193548,10.200000000000003,0.07883357633352998,0.02532506918011587,0
Sri Lanka,Maldives,1,25.0,-0.2333333333333334,0.20000000000000007,-0.7333333333333334,-1.8,-0.0012980742363879623,-3.1500000000000057,-8.600000000000023,0.002087669795326011,0.010365153590960043,0
Georgia,Bulgaria,0,-17.0,1.3199999999999998,1.8,-0.12714285714285722,-1.6,0.02324478772315148,-10.15571428571429,29.799999999999997,0.02436258192393173,0.017482709329814723,0
Central African Republic,Comoros,1,27.0,0.23076923076923084,-0.20000000000000007,0.3538461538461537,-0.3999999999999999,0.0023720325749602995,-0.8961538461538368,-2.0,-0.006210359693469168,0.00046243601694222203,0
Germany,Northern Ireland,0,-62.0,0.5909677419354837,-0.19999999999999996,0.11483870967741927,0.19999999999999996,0.06599770599770599,-54.35483870967742,-30.799999999999997,0.16293275570257174,0.06425904165034599,0
Luxembourg,Slovakia,1,40.0,-0.7227586206896552,0.0,0.7489655172413793,0.19999999999999996,-0.010749097539612486,1.6179310344827655,-1.6000000000000014,-0.051225037013724106,-0.044747474747474744,0
Turkey,Spain,1,25.0,-0.9604166666666667,-0.7999999999999998,0.4291666666666667,-1.2000000000000002,-0.028395822105884462,4.118749999999999,10.399999999999999,-0.13522650327693383,-0.2064019189765458,0
Lithuania,Netherlands,1,136.0,-1.5548387096774194,-2.6,0.2787096774193547,0.6000000000000001,-0.04081422042501211,43.02064516129032,36.2,-0.0628876007426872,-0.14571222790286337,0
Poland,Finland,0,-32.0,0.3148148148148149,0.3999999999999999,-0.23544973544973535,-0.6,0.005157279725314285,-1.735449735449734,31.400000000000006,0.0393162330857448,0.01763737505245376,0
North Macedonia,Liechtenstein,0,-142.0,1.08,1.4,-1.16,-2.8,0.013435431865666932,-10.719999999999999,30.999999999999993,0.030068469423477982,0.0401474627080005,0
Qatar,Russia,1,18.0,-1.1743589743589744,-1.8,1.0205128205128204,1.6,-0.010311121530446086,-9.830769230769235,-16.60000000000001,-0.0015475298625017737,0.013122799273787168,1
Fiji,Hong Kong,1,3.0,0.2755681818181819,0.19999999999999996,0.3267045454545454,2.2,0.000358840421159818,20.46022727272728,-8.0,0.0018429844455206939,-0.0037546576660651637,0
Thailand,Iraq,1,44.0,0.10969793322734511,0.6000000000000001,0.34896661367249604,-0.7999999999999999,-0.0033188221483075736,26.912559618441975,61.599999999999994,-0.008918397832533672,0.00031897397363997784,0
Belgium,Kazakhstan,0,-106.0,0.8925729442970822,2.2,-0.8726790450928381,-0.40000000000000013,0.024092776798801074,-24.623342175066313,-15.799999999999997,0.04089591148136846,0.04767472979927946,0
Czech Republic,Saudi Arabia,1,-18.0,0.7133699633699633,1.4000000000000001,0.030219780219780334,0.19999999999999996,0.00923704009946135,-0.5183150183150218,43.199999999999996,0.013705854099403003,0.0045458373905018015,1
Malaysia,Palestine,0,27.0,0.8241758241758242,0.40000000000000013,0.23351648351648335,-0.19999999999999996,0.0035872295461588585,34.74450549450549,46.80000000000001,0.0002798773557306077,-0.011395688074923025,1
Syria,Kuwait,1,-47.0,0.0971428571428572,0.6,0.005714285714285783,-0.19999999999999996,-0.00026101749540927664,10.022857142857148,43.2,-0.0007696830230702941,0.0032088744588744593,1
United Arab Emirates,Bahrain,0,-24.0,0.4848214285714285,0.3999999999999999,-0.4758928571428571,-0.6000000000000001,0.004709147280098865,3.393749999999997,10.200000000000003,0.0012736765290636658,0.005987732494734136,1
Zambia,Morocco,1,71.0,-0.8651851851851851,-1.5999999999999999,0.5955555555555556,0.8,-0.010234352015773145,6.299259259259259,11.200000000000003,-0.11856619237280279,-0.009619323566944261,0
Libya,Eswatini,0,-38.0,0.5568181818181819,0.0,-0.4545454545454546,-1.8,0.005895315278464257,-5.928030303030312,-1.7999999999999972,0.007868033564139412,0.009355843605831957,0
Equatorial Guinea,Tunisia,1,44.0,0.0128571428571429,-1.0,0.512857142857143,0.9999999999999999,-0.0008922123444368869,8.754285714285714,-9.799999999999997,-0.0057813043318983535,-0.011052543165697941,0
Mozambique,Botswana,0,-36.0,0.31034482758620685,0.0,0.18808777429467094,1.0,0.00294287997340012,2.1567398119122174,-6.799999999999997,-5.587428468413827e-05,0.0005992459500033485,0
Guinea,Algeria,1,45.0,-0.7188940092165901,-2.2,0.12903225806451613,-0.7999999999999999,-0.007403058996069068,1.8041474654377794,28.000000000000014,-0.008873474814845059,-0.005408798875839003,0
Guinea-Bissau,Djibouti,0,-60.0,-0.17753623188405798,-0.20000000000000007,-1.1485507246376814,-1.9999999999999998,0.0005854996821573148,-30.586956521739125,-1.6000000000000085,0.005283301289717649,0.0002335928809788655,0
Uganda,Somalia,0,-112.0,0.5454545454545454,0.9999999999999999,-0.909090909090909,-0.6000000000000001,0.005671130240714172,-8.772727272727266,-20.400000000000006,0.008840551232193364,0.012776112776112777,0
Indonesia,Lebanon,1,6.0,0.013071895424836555,-1.8000000000000003,0.6241830065359477,2.0,0.0024663309776850554,-19.924836601307177,-56.20000000000002,0.0026055112347226975,-0.003938555127468304,1
Malawi,Liberia,1,-15.0,-0.0628019323671497,0.4,-0.5048309178743962,-1.4000000000000001,-0.001118954099956989,4.657004830917884,23.400000000000006,0.003971626832756085,0.011793775050769766,0
Greece,Denmark,1,18.0,0.48827586206896556,1.2000000000000002,-0.2510344827586206,-0.6,0.0034705323135023475,9.515862068965511,9.0,0.014602832023210617,-0.07728062543616855,0
Ghana,Mali,0,22.0,-0.3603988603988604,0.3999999999999999,0.6467236467236467,0.39999999999999997,-0.00274375774626728,-5.2891737891737876,8.799999999999997,-0.0073469928026267586,-0.0009398389903906013,0
Switzerland,Slovenia,0,-31.0,0.5,2.0,0.23333333333333328,0.20000000000000007,0.012471752122476427,-9.466666666666661,3.8000000000000043,-0.008211151301156537,0.04687496564870421,0
Belarus,Scotland,1,50.0,-0.3571428571428572,1.4000000000000001,-0.01571428571428579,0.8,-0.01542115711854793,32.857142857142854,6.0,-0.028694442952362204,-0.011628083766007363,0
Gibraltar,Faroe Islands,1,58.0,-0.27999999999999997,-0.19999999999999996,1.44,2.2,-0.0032951536632163025,2.239999999999995,-10.799999999999997,-0.00104990484874143,-0.003061224489795918,0
Kosovo,Sweden,0,66.0,-0.7916666666666667,0.19999999999999973,-0.11309523809523814,0.6000000000000001,-0.013183233800763684,8.452380952380963,16.0,-0.010436796622572748,-0.016594091309915675,0
Croatia,Montenegro,0,-67.0,0.7771428571428571,1.8,-0.5914285714285714,-0.7999999999999999,0.021036331509798105,-17.505714285714284,-27.0,0.10989747578849085,0.31329958817603043,0
Madagascar,Chad,0,-60.0,0.6980676328502415,0.9999999999999999,-0.3381642512077294,-0.19999999999999996,0.006140011817967753,6.123188405797109,7.400000000000006,0.005236330976667029,0.00448867563557273,0
El Salvador,Suriname,1,-49.0,-0.5093984962406014,-0.4,0.26879699248120303,-0.3999999999999999,-0.0034101131071429917,-13.565789473684205,22.200000000000003,-0.0003816620378855294,-0.0008925751531783498,0
Panama,Guatemala,1,-70.0,0.43522267206477716,1.2000000000000002,0.12483130904183537,-0.6,0.009616614573755046,-14.871120107962213,56.8,0.018478781477245524,0.007642243789273407,0
Israel,Italy,1,64.0,-0.4181034482758621,0.19999999999999973,0.33477011494252884,-0.40000000000000013,-0.01727926544999716,18.344827586206897,29.80000000000001,-0.06475772895055945,-0.001881700034596985,0
Ecuador,Argentina,0,24.0,-0.9978494623655914,-1.6,0.24623655913978493,-0.2,-0.017914419131545845,-6.540860215053762,11.799999999999997,-0.026260734064469327,-0.14723408363108897,0
Malta,San Marino,0,-42.0,0.06,0.0,-0.7650000000000001,-1.2000000000000002,0.0017535012905240373,-19.318333333333328,12.799999999999997,0.004576912067963978,0.002797202797202797,1
Mexico,South Korea,1,-10.0,-0.5984848484848484,-1.0,0.15454545454545454,-0.2,0.00018769390436444017,-21.257575757575765,-26.400000000000006,0.0048069117756369545,0.0110411337065413,1
New Zealand,Australia,1,58.0,0.49158249158249157,0.19999999999999973,0.234006734006734,-0.20000000000000007,0.0025232754032329732,10.696969696969688,6.400000000000006,-0.014959707487176184,-0.042382320336555826,0
Sri Lanka,Maldives,1,25.0,-0.4375,-0.4,-0.47596153846153855,-0.8000000000000003,-0.002434621913746051,-4.875,-7.400000000000006,0.0008436281931822696,0.0034078252050602285,1
United States,Japan,0,-2.0,-1.2095238095238094,-0.20000000000000018,0.4103174603174602,1.4000000000000001,-0.007385927914110434,-18.809523809523803,-3.799999999999997,-0.004647105721227458,-0.0144669053561403,1
Wales,Canada,1,3.0,-0.05575757575757567,-0.3999999999999999,-0.06060606060606055,0.7999999999999999,-0.010383006175190012,25.560000000000002,20.799999999999997,-0.011147465964834666,-0.01538681483801917,1
Jordan,Dominican Republic,0,-78.0,-0.8933333333333333,-1.2,-0.04555555555555557,-1.0,0.002136183248188789,-58.158888888888896,-49.199999999999996,0.012426186466906184,0.01748142210059062,1
Singapore,Myanmar,1,-1.0,0.0869565217391306,-0.19999999999999996,-0.2173913043478264,-0.8,0.0005295548819637761,1.6956521739130608,-0.19999999999998863,0.00024975721578416633,-0.0032169975166632322,1
Burkina Faso,Egypt,1,29.0,-0.4481566820276497,1.4,0.3824884792626727,0.4,-0.0037059781592929802,-4.344470046082947,6.800000000000011,-0.0065523745401341316,-0.0006215537730462038,0
Venezuela,Colombia,1,32.0,-0.6612554112554112,-0.5999999999999999,0.31926406926406936,0.3999999999999999,-0.026991361388206736,8.391774891774894,-4.199999999999996,-0.1397582393984157,-0.19372779735987283,0
Chile,Uruguay,1,41.0,-0.3341013824884793,-1.0,0.5046082949308754,0.7999999999999999,-0.00810274307319753,0.6025345622119858,-10.799999999999997,-0.16914534179755475,-0.02124998396880972,0
Peru,Paraguay,1,-1.0,-0.30428571428571427,-0.4,0.11142857142857143,0.4,-0.011191763315052328,5.284285714285716,15.0,-0.1455760339326003,-0.05260652849260443,0
Sierra Leone,Ethiopia,0,-22.0,0.24812030075187985,-0.6000000000000001,0.2556390977443608,-0.40000000000000013,0.003242386505151138,-7.661654135338338,25.599999999999994,0.0025506431061052375,-0.00601101598594142,0
Togo,Sudan,0,10.0,0.33571428571428574,0.8,0.5404761904761906,0.7999999999999999,0.004360233254754603,-7.180952380952377,21.799999999999997,-0.003764376069665145,-0.009288132267085313,0
DR Congo,Senegal,1,43.0,-0.5398706896551724,0.6000000000000001,0.14870689655172414,0.0,-0.006256795257406333,3.020474137931032,42.0,-0.06150898831578013,-0.13647736629903998,0
Mauritania,South Sudan,1,-58.0,0.15000000000000002,0.4,-1.0571428571428574,-1.0000000000000002,0.0015610615218348478,2.7333333333333343,38.0,0.011801269158218664,0.006339332193054213,0
Estonia,Andorra,1,-48.0,0.4742857142857143,1.0,0.41857142857142837,0.6000000000000001,0.009079555088428715,-27.70428571428571,22.0,0.003267055384828779,0.003973509933774834,1
Bolivia,Brazil,0,73.0,-0.7714285714285714,-0.7999999999999999,0.8928571428571428,0.6000000000000001,-0.02863809880323411,4.402380952380952,4.399999999999999,-0.06482963624747881,-0.0516393694025273,0
Zimbabwe,Rwanda,1,-11.0,0.20000000000000007,0.6000000000000001,0.033333333333333215,-0.20000000000000018,0.0019209995583297423,4.1499999999999915,22.200000000000003,-0.004247567666537656,0.006970176503023083,0
South Africa,Nigeria,1,12.0,0.06108374384236459,0.0,-0.10246305418719204,-0.4,-0.00038428740985335143,7.193103448275863,34.39999999999999,0.010357468831653848,-0.004604736085833533,0
Benin,Lesotho,0,-52.0,0.3417508417508417,-0.4,-0.21717171717171713,-1.2000000000000002,0.004597599130183949,-9.32154882154883,9.799999999999997,0.007031727609399298,-0.008325731188595812,0
Cape Verde,Cameroon,0,22.0,-0.4094292803970223,-0.19999999999999996,0.08312655086848642,0.19999999999999996,-0.004369905228974749,1.349875930521094,-4.199999999999989,0.002404681326920906,0.0003676395204286094,0
Armenia,Republic of Ireland,0,45.0,0.15999999999999992,-0.3999999999999999,0.6800000000000002,3.2,-0.0031372461668681597,21.799999999999997,0.0,-0.015283705638174066,-0.029881696196078878,0
Kenya,Seychelles,0,-94.0,0.8167701863354038,0.9999999999999999,-2.111801242236025,-2.2,0.007751158319923104,-14.177018633540385,22.599999999999994,0.010646075597775065,0.006119774011299435,0
Gabon,Ivory Coast,1,35.0,-0.20122887864823347,2.1999999999999997,0.6236559139784945,0.8,-0.0036375789924398202,11.477726574500764,48.60000000000001,-0.019712327770181653,-0.003915964984794754,0
Gambia,Burundi,0,-16.0,0.22857142857142865,0.6000000000000001,-0.07857142857142851,0.9999999999999999,0.0038665930703210855,-9.052380952380943,-17.200000000000003,0.005625624185807004,0.0066346127044384015,0
France,Iceland,0,-71.0,0.4504608294930874,0.0,-0.7684331797235023,0.0,0.029768183877989164,-26.59907834101383,-74.2,0.1160033208362895,0.11067637280752032,0
Tanzania,Niger,1,-18.0,-0.49,-1.4000000000000001,-0.61,-1.2,-0.005556081385134741,-1.8700000000000045,5.6000000000000085,0.003523008322215967,-0.006274516458350759,0
Hungary,Portugal,1,32.0,-1.3271889400921657,-1.7999999999999998,0.5472350230414746,1.0000000000000002,-0.025130710608728374,1.9550691244239644,20.8,-0.058051087752845135,-0.18591036414565823,0
Jamaica,Trinidad and Tobago,0,-31.0,-0.10245128849780016,1.2000000000000002,-0.43180389692017584,-0.8,4.3654720556042526e-05,-6.51539912005029,63.4,-0.0010214939560628453,0.004079135975197282,0
Azerbaijan,Ukraine,1,96.0,-0.636904761904762,-1.2,0.8154761904761907,0.19999999999999973,-0.01647584070840222,18.702380952380956,59.599999999999994,-0.04794046446219992,-0.08052746882372767,0
Norway,Moldova,0,-121.0,1.3633333333333333,2.4,-0.5449999999999999,-2.8000000000000003,0.023415611872271487,-21.823333333333323,28.400000000000006,0.02371229500316822,0.09218924330241021,0
Albania,Latvia,0,-69.0,0.5451851851851851,0.6,-0.9081481481481481,-0.4,0.00800660008785831,-6.736296296296288,30.19999999999999,0.021081774970727378,0.006204988343218476,0
Serbia,England,1,28.0,-0.7142857142857142,-0.40000000000000013,0.2008928571428571,-0.39999999999999997,-0.010779164086952304,-3.8035714285714306,-30.200000000000003,-0.025742677886083656,0.026808742059182537,0
Cyprus,Romania,1,80.0,-0.7062068965517242,-0.6000000000000001,1.4579310344827585,0.0,-0.0076418631729226975,-3.5006896551724083,-5.3999999999999915,-0.02352646912396439,-0.0022982216142270863,0
Curaçao,Bermuda,0,-76.0,-0.4025974025974026,-0.6000000000000001,-1.0129870129870129,-1.5999999999999999,0.0007559434063448556,-37.13203463203463,-41.599999999999994,0.004410622996463087,0.0116107405237864,0
Costa Rica,Haiti,1,-50.0,-0.3291925465838512,1.2000000000000002,-0.003726708074534235,-0.40000000000000013,0.004309672438454964,-38.87577639751552,21.799999999999997,0.012471683491567227,0.029468973196896994,0
Honduras,Nicaragua,0,-64.0,-0.2987012987012987,0.4,0.12077922077922065,-0.7999999999999999,0.002493119597079624,-36.13246753246753,-26.39999999999999,0.01439738743343905,0.012135648585531258,0
Angola,Mauritius,0,-92.0,0.19047619047619047,0.0,-0.44047619047619047,-0.8,0.004494459780544256,-37.76190476190476,-13.0,0.008270860783249005,0.004994961464596241,0
Bosnia and Herzegovina,Austria,1,50.0,-1.0272988505747127,0.6000000000000001,1.0201149425287357,-0.20000000000000007,-0.018160187660522624,5.571839080459775,38.39999999999999,-0.05173889174311772,-0.0010088321765953298,0
Saint Vincent and the Grenadines,Cuba,0,5.0,1.039337474120083,1.4,-0.21118012422360244,-0.8,0.004435742979333858,43.674948240165634,37.79999999999998,0.003159031302904348,0.004143469939509358,1
Qatar,Oman,1,-25.0,0.5668918918918919,0.3999999999999999,0.4689189189189189,1.2000000000000002,0.0073607632677400135,-3.9878378378378443,-24.200000000000003,0.008322068409427258,0.016855633639127184,0
Saudi Arabia,Indonesia,0,-60.0,-0.02499999999999991,0.4,-0.6107142857142858,-1.2,0.002284036836901985,-15.75,-29.599999999999994,0.006232700457021829,0.007362346442204822,0
Ethiopia,Guinea-Bissau,0,17.0,0.026515151515151603,0.8,0.07954545454545459,0.40000000000000013,-0.0005067422224015843,9.553030303030312,-32.2,-0.002664903853908095,0.008913412563667233,0
Mauritius,Cameroon,1,127.0,-0.6632996632996632,-1.2,0.38383838383838387,1.4,-0.009067340050999913,33.3030303030303,4.0,-0.009449983625613646,-0.01661333794661335,0
Djibouti,Egypt,1,158.0,-1.0503978779840848,-0.6,1.8488063660477452,3.5999999999999996,-0.011759472391714779,20.713527851458878,-14.599999999999994,-0.016967917442915453,-0.016094205131236473,0
Libya,Cape Verde,1,42.0,0.09239130434782616,-0.6000000000000001,0.0625,0.4,0.0002626044339560079,5.645380434782609,-17.799999999999997,-0.007188883055499074,-0.00881458748471081,0
Eswatini,Angola,1,70.0,-0.4606060606060606,-0.4,0.7624242424242424,1.7999999999999998,-0.005366822083463762,10.204848484848483,-28.799999999999997,-0.010468217446082607,-0.001703976492078269,0
Saint Vincent and the Grenadines,Cuba,0,5.0,1.3068181818181817,3.0,-0.5,-2.4,0.006473992591192031,41.71590909090909,36.400000000000006,0.0038030654001945403,0.00779415747208828,1
Tanzania,Zambia,1,22.0,-0.7307692307692307,-0.8,-0.23076923076923073,0.0,-0.006965869823375323,-10.192307692307693,-3.799999999999997,-0.004632433249218826,-0.019777079622996414,0
Comoros,Madagascar,1,-3.0,0.12962962962962954,-1.0,0.08796296296296302,0.3999999999999999,0.0021093578785886472,-8.666666666666671,-14.0,0.006207720811442193,-0.004463924963924965,0
Central African Republic,Ghana,1,65.0,0.0714285714285714,-1.4,0.5714285714285714,1.2000000000000002,0.00011594329047058191,4.297619047619051,2.200000000000003,-0.005450260206882466,-0.014050267965075266,0
Chad,Mali,1,119.0,-1.2456140350877194,-0.6,1.0760233918128654,0.9999999999999999,-0.012033432760189332,0.6803118908381975,6.799999999999997,-0.01559953445839141,-0.008480820086271879,0
Gibraltar,New Caledonia,1,50.0,-2.406593406593407,-1.8,1.8406593406593406,1.6,-0.014161072032869856,-63.3131868131868,-60.0,-0.00922197302370418,-0.012944492865639406,1
Sierra Leone,Burkina Faso,1,58.0,-0.3187500000000001,-0.8,0.5375000000000001,0.4,-0.0035460765758729817,2.018749999999997,2.799999999999997,-0.004427516164122857,-0.008559821392476621,0
England,Wales,0,-26.0,0.6293706293706294,0.7999999999999998,-0.36363636363636365,-0.6,0.017547898600772518,-19.52447552447552,23.19999999999999,0.03494159995907209,0.018777136450373606,1
Poland,New Zealand,0,-47.0,-0.8395802098950524,0.6000000000000001,0.38830584707646176,-0.3999999999999999,-0.0041520582839900295,-20.5472263868066,40.2,0.03561362993950545,0.026153098450358035,1
Romania,Moldova,0,-105.0,0.68,1.4,-1.1,-2.8000000000000003,0.007448304080699887,1.6466666666666754,48.60000000000001,0.01244115532179712,0.00907080564784053,1
Morocco,Bahrain,0,-77.0,1.0396825396825395,2.0,-0.8214285714285714,-1.6,0.010854420121425542,2.892857142857139,27.199999999999996,0.11456517399515302,0.03263507323429908,1
Botswana,Uganda,1,57.0,-0.08695652173913038,-0.6000000000000001,0.17391304347826075,1.0,0.00021041479264066049,-10.956521739130437,-29.799999999999997,0.0016259171027584052,-0.008703251643845705,0
Burundi,Kenya,1,30.0,-0.19047619047619047,-0.6000000000000001,0.5416666666666667,-0.6,-2.6795685542053277e-05,-16.125,-31.400000000000006,-0.004084695286086859,0.002015317409117515,0
Algeria,Somalia,0,-163.0,1.8020833333333333,1.8,-1.3229166666666665,-1.0,0.018328095172906827,-9.114583333333329,-5.0,0.024466427508018033,0.013580246913580249,0
Malawi,Equatorial Guinea,0,31.0,-0.20192307692307687,0.7999999999999999,0.13461538461538458,-0.40000000000000013,-0.001878460235784538,-1.5833333333333286,3.6000000000000085,-0.006884938513277398,0.010820061997481352,0
Mozambique,Guinea,1,16.0,-0.1839080459770115,0.6,0.5344827586206896,2.0,-0.0016567946044292996,-1.3114942528735583,-46.8,-0.004761567739336598,0.0017169716971697172,0
Scotland,Greece,0,3.0,-0.5822281167108752,-1.8000000000000003,0.713527851458886,0.19999999999999996,-0.0023755135382258,-15.629973474801055,28.400000000000006,-0.030299606370086253,-0.02098499633151245,0
Belarus,Denmark,1,80.0,-0.6384615384615385,-0.7999999999999998,0.6384615384615385,1.2,-0.01563274197954872,22.58717948717949,9.0,-0.047960668824997096,-0.021848503313228396,0
Malta,Netherlands,1,159.0,-1.775,-2.5999999999999996,0.6525000000000001,1.2,-0.04023328127618447,36.75375,23.200000000000003,-0.06286649513997945,-0.08285947864543182,0
Finland,Lithuania,0,-74.0,0.33241758241758246,0.0,0.1428571428571428,-0.40000000000000013,0.0077693842472384925,-19.766483516483518,-36.4,0.005137195317917834,0.013783050659978173,0
Austria,San Marino,0,-188.0,1.6051282051282052,1.4,-1.7538461538461538,-3.0,0.029054253187406252,-42.22307692307692,23.400000000000006,0.06451299582057071,0.029211309523809525,0
Cyprus,Bosnia and Herzegovina,1,55.0,-0.11692307692307691,-1.2000000000000002,0.38769230769230756,0.8,-0.004812914854755858,17.610769230769222,-69.8,-0.009047482116581095,-0.0038100624865330746,0
Singapore,India,1,24.0,0.35897435897435903,0.5999999999999999,0.7916666666666667,0.19999999999999996,0.001721942810147402,17.862179487179503,11.0,-0.0006317060331915703,0.003189003507320155,0
Grenada,British Virgin Islands,0,-40.0,0.6038961038961038,2.0,0.045454545454545414,-0.19999999999999996,0.005712145969498909,-33.01948051948051,2.0,0.004041193379309397,0.00994319956868761,1
Tajikistan,Maldives,0,-67.0,0.2592592592592593,0.40000000000000013,-0.20370370370370372,0.0,0.0048166642887715804,-55.198412698412696,-25.400000000000006,0.004463400767724039,0.007622342700671883,0
Timor-Leste,Philippines,1,51.0,-0.2218181818181818,-1.6,0.7636363636363637,0.6000000000000001,-0.0033393773070070154,33.8,26.799999999999983,-0.0035469436622713605,-0.01287822050054295,0
Brunei,Yemen,1,29.0,-0.19999999999999996,-0.20000000000000007,0.9882352941176469,0.8,-0.0032797478359702995,42.23137254901961,46.80000000000001,-0.0004085715044250156,-0.00597491133205419,0
Lebanon,Bhutan,0,-73.0,0.5785714285714286,0.9999999999999999,-0.861904761904762,-0.4,0.006850330553715232,-54.50238095238096,-60.80000000000001,0.004856041894684655,0.005468500159897664,0
Honduras,Costa Rica,1,18.0,-0.3055555555555556,-0.6000000000000001,-0.08333333333333326,-0.7999999999999999,-0.005332491484071122,7.194444444444443,-6.400000000000006,-0.00043315098837753627,-0.012777056840747064,0
Bangladesh,Hong Kong,1,38.0,-0.8368298368298367,-1.0,0.16433566433566438,0.19999999999999996,-0.006916015732783486,12.075757575757564,27.599999999999994,-6.541129084946737e-05,-0.0014159164762154956,0
Sri Lanka,Turkmenistan,0,59.0,-0.054621848739495826,0.0,-0.7983193277310925,-0.8,-0.0033229004480315205,74.00840336134452,90.0,0.0015095382639486064,0.00030414892720646847,0
Faroe Islands,Montenegro,0,56.0,-0.42307692307692313,0.0,-0.26923076923076916,-1.2,-0.009142965237027432,26.192307692307693,43.400000000000006,-0.01072608344288285,-0.00026404649084077036,0
Pakistan,Afghanistan,1,38.0,-0.4117647058823529,-0.4,0.7647058823529413,1.2000000000000002,-0.0032412312588485682,-1.705882352941174,-32.2,-0.004962930862666564,0.0,0
Laos,Malaysia,1,62.0,-0.6157635467980296,-0.40000000000000013,0.729064039408867,1.4,-0.0075442196814228465,36.665024630541865,59.0,-0.009052772813599244,-0.013407545511227236,0
Vietnam,Nepal,0,-62.0,0.90625,2.0,-0.08333333333333326,0.8,0.008902188185816735,-30.125,-25.600000000000023,0.005564299562147701,0.012786127741342003,0
Liberia,Namibia,0,35.0,0.23903508771929816,0.20000000000000007,0.6535087719298247,1.6,0.0022033808491982738,4.111842105263165,-23.599999999999994,-0.01169740932448645,-0.006270679034668709,0
Nicaragua,Haiti,1,45.0,-0.4311594202898552,-0.4,-0.15942028985507228,0.0,-0.004271070389698574,4.349637681159422,33.599999999999994,-0.0036599898472074507,0.00019095074106807025,0
Czech Republic,Croatia,1,30.0,-0.06896551724137945,-1.4,0.2068965517241379,0.6,-0.013707842557147298,26.27586206896551,-7.799999999999997,-0.09221619193212695,-0.008030925942885195,0
Syria,Myanmar,0,-68.0,0.1858974358974359,-0.19999999999999996,-0.6538461538461537,0.0,0.004374350202904383,-34.19551282051282,-43.599999999999994,0.00483876340203921,-0.003130546570668035,0
Chile,Peru,0,9.0,0.6551724137931033,0.0,0.10344827586206895,0.19999999999999996,0.014081723720277934,3.827586206896548,-3.6000000000000014,-0.005309983511948061,-0.0017857142857142828,1
Canada,Australia,1,1.0,-0.4411764705882353,-0.7999999999999998,0.38655462184873934,-0.19999999999999996,0.004696910992920293,-27.397058823529413,-1.5999999999999943,0.02612046328877974,-0.026332122584351976,1
Russia,Iran,0,12.0,0.5504032258064515,0.7999999999999998,-0.27419354838709675,-0.4,0.005828986741795935,0.4737903225806406,-10.400000000000006,-0.001386625339631832,0.008233844344371626,1
Japan,Paraguay,1,-18.0,2.1883289124668432,0.19999999999999996,-0.19893899204244037,0.0,0.017769447911160436,37.13793103448276,27.800000000000004,-0.13377759456061356,-0.06145373243264934,0
South Africa,Zimbabwe,1,-70.0,0.6111111111111112,1.2000000000000002,-0.29166666666666663,-1.0,0.005412817207779884,8.618055555555557,7.200000000000003,0.02007863032408939,0.016916847393667896,0
Jordan,Bolivia,1,-15.0,0.8962510897994769,0.6,-0.7733217088055799,-0.4,-0.0032723792539458597,49.096774193548384,48.400000000000006,-0.02476353976107761,-0.13198843410111016,1
South Sudan,Senegal,1,151.0,-1.2375,-1.8000000000000003,1.5958333333333332,1.0,-0.012849547803080095,-9.212500000000006,10.400000000000006,-0.07859173287709789,-0.17009424786214541,0
Uruguay,Dominican Republic,0,-127.0,-0.9615384615384617,-0.6000000000000001,-0.6201923076923077,-1.2000000000000002,0.016292203568829728,-92.89663461538461,-36.6,0.17857373496952714,0.028371365652151686,1
Togo,DR Congo,1,60.0,-0.19480519480519476,-1.2,0.6493506493506495,0.19999999999999996,-0.0017263827642123326,-2.930735930735935,-5.799999999999997,-0.00818987689661064,-0.011485439377232051,0
Sudan,Mauritania,1,6.0,-0.042319749216300995,-0.39999999999999997,-0.2852664576802507,0.0,-0.001427317384198143,11.489028213166137,-44.0,0.0005533812987325738,0.007829173089354081,0
Lesotho,Nigeria,1,108.0,-0.6214285714285714,-0.5999999999999999,0.6023809523809525,2.0,-0.007071885907621148,5.173809523809524,-2.200000000000003,-0.011777582522126377,-0.012940244735961486,0
South Korea,Brazil,1,17.0,0.6440489432703003,1.2000000000000002,-0.2647385984427141,-0.4,-0.017913659688925707,41.541713014460505,15.399999999999999,-0.053170770221737426,0.04179706972753061,1
Argentina,Venezuela,0,-46.0,0.896551724137931,0.6000000000000001,-0.8696120689655173,-1.6,0.016639668740235217,5.262931034482762,-1.2000000000000028,0.0268596926573626,0.1363676540850454,1
Uzbekistan,Kuwait,0,-81.0,0.45833333333333326,0.3999999999999999,-0.6145833333333333,-1.8000000000000003,0.0083015677473316,-14.760416666666671,-8.400000000000006,0.016780488976478342,0.028060370963408347,1
Rwanda,Benin,1,34.0,-0.5548654244306419,-0.9999999999999999,-0.1262939958592133,0.19999999999999996,-0.005652510943459909,-5.291925465838517,-14.599999999999994,-0.00017422501145586758,-0.004364664736842893,0
El Salvador,Panama,1,61.0,-0.48448275862068957,-0.9999999999999999,0.09482758620689657,0.6,-0.012038369865845906,31.162931034482767,-9.799999999999997,-0.023882222536539335,-0.013099219562038652,0
Gambia,Gabon,1,36.0,0.045454545454545414,-0.6000000000000001,0.2272727272727273,-0.19999999999999996,0.0028600295195597165,-16.090909090909093,-26.200000000000003,0.001297357874001974,0.0009468990355934286,0
Northern Ireland,Slovakia,0,30.0,-0.1974358974358974,0.5999999999999999,0.4076923076923077,1.0000000000000002,-0.0039996277343825395,4.751282051282047,-10.199999999999996,-0.04334770771624793,-0.05855855855855854,0
Germany,Luxembourg,0,-84.0,1.1754807692307692,0.9999999999999999,-0.31009615384615374,0.3999999999999999,0.068439234300988,-45.612980769230774,-22.4,0.16665745423257683,0.027339593114241,0
Kosovo,Slovenia,1,41.0,0.0929032258064515,1.5999999999999999,0.19225806451612892,0.6000000000000001,-0.002554787506400414,13.60387096774194,15.0,-0.032475598135145854,0.004162189168868048,0
Sweden,Switzerland,1,15.0,0.2046718576195774,-1.0,0.24805339265850956,1.0,-0.004959796578115978,16.162402669632932,3.799999999999997,-0.02040137399991672,-0.052298059142942804,0
United States,Ecuador,1,-8.0,0.8702664796633941,1.2,0.45231416549789627,1.4,0.008135889631050715,15.521739130434781,15.2,-0.14301155288143677,-0.6087548688433493,1
Suriname,Guatemala,1,33.0,0.47435897435897445,0.4,-0.07820512820512815,0.19999999999999996,0.0008296548455155595,29.50769230769231,26.200000000000003,-0.004533025481878707,0.0016687339783345752,0
Iceland,Ukraine,1,46.0,0.24137931034482762,1.0,0.2413793103448274,-0.8000000000000003,0.00015651945747893747,8.827586206896555,18.0,-0.017757365466476466,0.009938307974907287,0
Belgium,North Macedonia,1,-55.0,0.6051282051282054,2.2,-0.40256410256410247,0.0,0.022094431411627126,-33.94871794871795,5.200000000000003,0.024868399471518837,0.015731601456604044,0
Bermuda,Trinidad and Tobago,1,63.0,0.33732057416267924,1.4,0.7129186602870814,0.19999999999999996,-0.002727329381866442,44.97607655502392,55.199999999999996,-0.011703432125981121,-0.0014493201838326822,0
Curaçao,Jamaica,0,15.0,0.04446640316205541,-1.0,0.16798418972332008,0.0,-0.0023938239646851215,18.44466403162056,-11.799999999999997,-0.006411692422404476,-0.0004849709289587237,0
Seychelles,Ivory Coast,1,159.0,-1.2916666666666667,-0.2,2.7125,3.8,-0.013999453423368573,26.389583333333334,18.400000000000006,-0.03048617733938386,-0.018283213429256595,0
France,Azerbaijan,0,-122.0,1.325,2.0,-1.3162500000000001,-0.8,0.04227234753550543,-29.025000000000006,-49.599999999999994,0.1411158729317911,0.1281972942842508,0
Kazakhstan,Liechtenstein,0,-86.0,0.7692307692307692,0.6,-0.6509971509971513,-1.6,0.011154557322753849,-18.776353276353277,30.999999999999993,0.01387410633778653,0.0029411764705882353,0
Grenada,Cuba,0,1.0,0.5947826086956521,2.6,0.040000000000000036,-1.1999999999999997,0.003080588620553113,23.820869565217407,5.400000000000006,-0.00040817475305663514,0.009060951381155192,1
Iraq,Indonesia,0,-61.0,0.40634920634920624,0.19999999999999996,-0.7222222222222223,-1.7999999999999998,0.004920157420555255,-2.6730158730158706,28.4,0.012422119140687447,0.010448283255954713,0
Bulgaria,Turkey,1,59.0,-0.9267990074441687,-1.0,0.06079404466501237,0.7999999999999998,-0.02836259497564301,28.89702233250621,33.2,-0.050018972706554664,-0.0649048362836978,0
Mexico,Colombia,1,1.0,-0.24575163398692812,-1.0,0.12483660130718954,-0.6,-0.026230122580896516,20.916993464052283,-6.200000000000003,-0.1820135220752374,-0.1529660899782695,1
Spain,Georgia,0,-67.0,0.6624869383490073,1.1999999999999997,-0.4357366771159875,0.8,0.036372151515625895,-22.849529780564268,-59.199999999999996,0.1598371438234116,0.2663319824383654,0
United Arab Emirates,Oman,0,-11.0,0.5574162679425838,0.7999999999999999,-0.2950558213716108,-0.20000000000000007,0.005096769709414034,6.533492822966508,-1.4000000000000057,0.0023840061680498077,0.008414352711198659,0
Hungary,Armenia,0,-62.0,0.11803713527851456,-0.19999999999999996,-0.659151193633952,-1.5999999999999996,0.008170379075800774,-20.93766578249336,-12.599999999999994,0.020298280531995193,-0.004364375887341239,0
Portugal,Republic of Ireland,0,-56.0,1.625,2.2,-0.6105769230769231,0.19999999999999996,0.030855798250549897,-2.4375,-31.799999999999997,0.06634275615645949,0.18477083891718038,0
Latvia,Andorra,1,-37.0,0.38461538461538464,0.2,0.03846153846153855,-0.6000000000000001,0.005031663938328693,-8.769230769230774,11.799999999999997,0.0028269084123315096,0.0031236737119090057,0
Serbia,Albania,1,-32.0,0.06280788177339902,0.0,0.1785714285714286,0.8,0.008395080757924408,-24.583743842364534,-54.79999999999998,0.025172635908320893,0.019346502823262227,0
Norway,Israel,0,-45.0,1.1353846153846154,1.2000000000000002,-0.6030769230769231,-1.4,0.01324465901168638,8.236923076923077,10.799999999999997,-0.015723294077991078,0.07021357742181542,0
Estonia,Italy,1,119.0,-1.2103448275862068,-2.2,0.8034482758620689,0.20000000000000018,-0.029215056809240546,16.848275862068967,9.800000000000011,-0.11341589017649335,-0.0315350734368775,0
Djibouti,Sierra Leone,1,71.0,-0.30952380952380965,-0.7999999999999999,1.0000000000000002,3.4000000000000004,-0.0045288122874329794,19.095238095238102,-10.599999999999994,-0.006422473682429195,-0.010636306598347798,0
Zambia,Niger,1,-32.0,0.21164021164021163,-0.5999999999999999,-0.34391534391534395,-0.8000000000000003,0.0010274762113242335,9.349206349206355,-2.0,0.00712168494345446,0.010421836963122582,0
Egypt,Guinea-Bissau,0,-95.0,1.1733333333333333,1.0,-0.6933333333333335,-1.0,0.010666853198907632,7.406666666666666,-0.799999999999983,0.011300259893131631,0.014399487855297115,0
Denmark,Greece,0,-20.0,-0.18399044205495807,0.40000000000000036,0.019115890083632014,-1.4000000000000001,-6.25701613942084e-05,-6.136200716845877,21.6,-0.009491366752800844,0.011998574154117259,0
Malta,Bosnia and Herzegovina,1,93.0,-0.5,-1.4000000000000001,0.0,1.5999999999999999,-0.009083482171699386,16.538461538461547,-22.400000000000006,-0.008036655179673446,-0.0016224400599400592,1
Chad,Central African Republic,1,35.0,-0.9636363636363635,0.19999999999999996,-0.21363636363636362,-0.3999999999999999,-0.009585860458546317,1.0454545454545467,2.200000000000003,-0.004865434321421407,-0.004942733332826211,0
Lithuania,Poland,1,109.0,-0.6814814814814816,-0.8,0.21851851851851856,1.4000000000000001,-0.012894010649461697,19.162962962962965,10.799999999999997,-0.044360092825994214,-0.046018192160957205,0
Burkina Faso,Ethiopia,0,-83.0,0.6284584980237155,0.40000000000000013,-0.36100131752305664,-0.9999999999999999,0.007136114138897542,-8.436100131752312,0.0,0.007446112452046613,0.011357414905780547,0
Scotland,Belarus,0,-57.0,0.5074074074074074,0.8,-0.23703703703703716,-2.8,0.016611192995612582,-27.974074074074075,36.60000000000001,0.03041508415149828,0.02832647128913715,0
Mali,Madagascar,0,-52.0,0.47857142857142865,-0.6000000000000001,-0.6642857142857143,-1.2000000000000002,0.005113053472517294,-6.074285714285708,0.3999999999999915,0.008978740736697821,-0.0031029395375887225,0
Croatia,Gibraltar,0,-191.0,1.5703703703703704,3.1999999999999997,-1.8740740740740742,-2.4,0.03363413484792812,-43.04444444444444,-3.799999999999997,0.11670476120965917,0.035621571943760394,0
Faroe Islands,Czech Republic,0,97.0,-1.0592592592592593,0.19999999999999996,0.22962962962962963,-0.6,-0.01584052593369363,16.125925925925912,64.8,-0.027492074890829776,-0.028047138738416032,0
Ghana,Comoros,0,-30.0,0.19704433497536944,1.2,-0.21798029556650245,-1.2000000000000002,0.0025796941219826796,-4.798029556650249,-11.399999999999991,-0.0006548004978686461,0.014652979690293125,0
San Marino,Cyprus,1,82.0,-0.5185185185185185,-1.0,0.6296296296296298,3.0,-0.007285361138402054,18.51851851851852,16.199999999999996,-0.004321481201985327,-0.009259333870534514,0
Netherlands,Finland,0,-64.0,1.2173458725182864,2.6,-0.4691745036572621,-1.0,0.02776161079523315,-16.228840125391855,65.8,0.054675518270801346,0.003676625606423938,0
Romania,Austria,0,29.0,-0.709677419354839,-2.4,0.032258064516129004,1.2000000000000002,-0.017235382772346104,24.645161290322577,-40.400000000000006,-0.03692951037152847,-0.022008635744100863,0
Tunisia,Namibia,0,-63.0,0.383448275862069,0.8,-0.5737931034482758,-0.7999999999999999,0.003986807292232974,1.475862068965526,-31.799999999999997,0.006424387911847362,0.01595594948265368,0
Equatorial Guinea,Liberia,1,-49.0,-0.012962962962963065,-0.6,-0.5148148148148148,-0.7999999999999998,-0.0008396510964375978,6.462962962962962,17.200000000000003,0.008950701882527732,-0.0012531729510607253,0
Uzbekistan,Uruguay,1,39.0,0.1515151515151516,0.40000000000000013,0.030303030303030387,0.0,-0.011186847045885743,32.696969696969695,8.799999999999997,-0.1543976415095078,0.0003632504020601515,1
South Sudan,Togo,1,49.0,-0.47058823529411764,-0.19999999999999996,0.9625668449197862,0.8000000000000003,-0.004507268065737007,-10.406417112299465,-8.600000000000009,-0.008999920819258257,-0.003717694533639974,0
Lesotho,Zimbabwe,0,28.0,-0.016227180527383367,0.8,0.49290060851926976,1.0,-0.0007626999958363764,7.217038539553755,-17.200000000000003,-0.002664812557367259,0.006863511116621416,0
Cape Verde,Eswatini,0,-89.0,0.527972027972028,1.0,-0.5384615384615385,-1.2,0.005949441242676018,-8.493006993006986,10.799999999999997,0.014949145394216582,0.017015437718834393,0
Cameroon,Angola,1,-37.0,0.41176470588235303,0.40000000000000013,0.06302521008403361,-0.9999999999999999,0.0040433203676293415,0.9327731092436977,-11.0,0.0010832141336181746,0.00979580172845219,0
Mauritius,Libya,1,67.0,-0.5090579710144928,-0.8,0.22101449275362328,0.8000000000000003,-0.006543124327005058,24.88586956521739,-0.5999999999999943,-0.006866466589698898,-0.014882013669740568,0
Montenegro,Liechtenstein,0,-124.0,0.7777777777777778,0.4,-0.925925925925926,-1.6000000000000005,0.012290501340362296,-24.81481481481481,13.399999999999991,0.012975583959822271,0.00196078431372549,1
Honduras,Haiti,0,-22.0,-0.7145945945945946,-1.0,-0.09081081081081077,-0.7999999999999999,-0.001947286989092932,-29.88216216216216,-7.399999999999999,0.010674241582882504,0.0025777744713914932,0
Slovenia,Switzerland,1,33.0,-0.625,-2.4,-0.125,0.7999999999999999,-0.01484883016670659,9.75,18.0,0.003236673438240849,-0.08560071803396774,0
Sweden,Kosovo,1,-59.0,0.676923076923077,-0.6000000000000001,0.2512820512820513,0.19999999999999996,0.011244689569419455,-6.371794871794862,-14.0,0.005224361020888309,0.0005965890550069033,0
Iceland,France,1,72.0,-0.4515151515151514,-0.20000000000000018,0.9151515151515152,0.6000000000000001,-0.023688233692505584,19.627272727272732,6.399999999999999,-0.1111846678933321,-0.07746934443920166,0
Ukraine,Azerbaijan,0,-96.0,0.7641025641025642,1.6,-0.7589743589743592,0.0,0.016417940271410546,-11.27948717948717,7.600000000000001,0.045007086959655954,0.00758261350182317,0
Wales,Belgium,1,22.0,-0.5925925925925926,-2.0,0.2353643966547193,0.8,-0.018356374993654372,20.442054958183988,-23.60000000000001,-0.01222243849969211,-0.02686368017617819,0
North Macedonia,Kazakhstan,1,-55.0,0.30026455026455023,0.6000000000000001,-0.6349206349206349,-1.7999999999999998,0.002497810354500578,6.328042328042329,-3.1999999999999886,0.019108688622308856,0.05530973451327434,0
Slovakia,Luxembourg,0,-54.0,0.7156511350059738,0.6000000000000001,-0.8052568697729988,-0.40000000000000013,0.009955686614194782,2.0800477897251994,9.0,0.04911471804838151,0.06985507246376811,0
Costa Rica,Nicaragua,0,-85.0,0.11936936936936937,0.7999999999999999,0.020270270270270174,-0.6000000000000001,0.008051733914782639,-38.71734234234235,-11.999999999999993,0.015375191680949939,0.02215494429890715,0
Northern Ireland,Germany,1,60.0,-0.6734006734006734,0.0,-0.04377104377104368,-0.19999999999999996,-0.05708606849512912,46.85185185185186,1.8000000000000043,-0.15294361258485573,0.014214857298905067,0
Russia,Bolivia,0,-44.0,2.0698529411764706,1.4000000000000001,-1.3455882352941178,-0.19999999999999996,0.009349992862600864,53.336397058823536,19.799999999999997,-0.01067953180290717,-0.08742508583460101,1
Puerto Rico,Argentina,1,152.0,0.3484848484848486,-0.19999999999999996,1.0151515151515151,0.9999999999999999,-0.02887711880314515,112.89393939393938,107.60000000000001,-0.10116118598571294,-0.04470198083639751,1
Norway,New Zealand,1,-52.0,0.4120370370370372,3.6,0.07870370370370361,-1.2,0.011086319191787944,-14.074074074074076,55.8,0.02284837508215824,0.07747769092327587,1
Japan,Brazil,0,13.0,1.3666666666666667,-0.19999999999999996,-0.29999999999999993,0.8,-0.008505540581012279,38.2,-3.200000000000003,-0.052122022956639945,-0.03177853607403755,0
South Korea,Paraguay,0,-14.0,1.2048611111111112,1.0,0.0057870370370370905,0.7999999999999999,0.0026923506761356124,38.08680555555556,24.599999999999998,-0.1332669822264366,-0.008934157378696503,1
Canada,Colombia,1,13.0,-0.37142857142857144,-1.4,0.19999999999999984,-0.4,-0.02909593222251937,19.31428571428571,22.0,-0.1658770443441623,-0.2272057950023098,1
Iran,Tanzania,0,-86.0,1.8252314814814814,1.6,-0.03935185185185186,-0.19999999999999996,0.019975808781051416,4.518518518518519,-3.0,0.018696533184990344,0.01448540257716178,1
United States,Australia,0,-9.0,-0.05062362435803358,-0.40000000000000013,0.4431401320616287,0.7999999999999999,0.010970331599320073,-25.00293470286134,-15.200000000000003,0.0048287128273602,-0.038768068665710684,1
Mexico,Ecuador,1,-10.0,0.4809782608695652,0.6,0.4184782608695652,1.2,0.0007423951030874516,15.513586956521742,7.400000000000002,-0.13922383545211606,-0.5959527094963365,1
Qatar,United Arab Emirates,0,-14.0,-0.012912482065997155,-0.3999999999999999,0.7474892395982784,1.6,0.0018118345917207401,-9.292682926829272,-9.399999999999991,0.005058429139859679,-0.01988079896100944,0
South Africa,Rwanda,0,-72.0,0.7334152334152334,1.0,-0.23464373464373456,-1.0,0.006344217943344369,14.031941031941031,39.0,0.014749840422022572,0.013146253684909823,0
Senegal,Mauritania,0,-92.0,1.203225806451613,2.1999999999999997,-0.6150537634408602,0.4,0.01221888821547483,6.936559139784947,-55.2,0.06557728507243457,0.16283809890736883,0
DR Congo,Sudan,0,-56.0,0.5831202046035806,2.0,-0.1649616368286445,0.19999999999999996,0.0064989380329808655,-4.088235294117652,8.0,0.006256953989405683,0.010329083590547072,0
Nigeria,Benin,0,-48.0,0.15591397849462352,0.19999999999999996,-0.18951612903225812,0.4,0.0013847826385278185,1.9543010752688161,-5.200000000000003,0.0039037548587566584,0.007155418240610938,0
Seychelles,Gambia,1,88.0,-1.2092391304347827,-2.2,2.016304347826087,3.4,-0.014301173834440966,28.880434782608702,-10.399999999999991,-0.01257907950930706,-0.01859006406022397,0
Ivory Coast,Kenya,0,-67.0,0.4678787878787878,-0.19999999999999996,-0.41333333333333344,-0.6000000000000001,0.006355203465024986,-14.97454545454545,-56.599999999999994,0.018756910728828784,0.004708120269020986,0
Gabon,Burundi,0,-62.0,0.4308300395256919,2.4,-0.28853754940711474,0.5999999999999999,0.0032156024803083657,7.916996047430828,19.19999999999999,0.006000468210330138,0.010799318955240994,0
Algeria,Uganda,0,-44.0,1.2007575757575755,0.6000000000000001,-0.3484848484848485,0.19999999999999996,0.012075989734345417,-4.810606060606062,-7.799999999999997,0.014499862407258885,-0.00045041492133370865,0
Guinea,Botswana,1,-58.0,0.6166666666666668,0.19999999999999996,-0.4083333333333333,-1.4,0.005669630089965136,5.025000000000006,33.39999999999999,0.006528686993229784,0.012760924546062855,0
Albania,Jordan,0,4.0,-0.48548094373865713,-0.3999999999999999,-0.3647912885662432,-0.2,-0.00447340117865962,-7.393829401088922,29.799999999999997,0.006266079807691057,0.015210738890584542,1
Spain,Bulgaria,0,-85.0,2.0098039215686274,3.0,-0.8583877995642701,-2.4000000000000004,0.05769230769230769,-29.568627450980387,-15.200000000000003,0.18059477129292104,0.2652096497513734,0
Somalia,Mozambique,1,104.0,-0.9379652605459057,-0.8,0.7146401985111663,-0.6000000000000001,-0.009730110188825785,5.394540942928032,4.799999999999997,-0.011321372857636163,-0.0018803418803418803,0
Hong Kong,Bangladesh,1,-38.0,0.8246187363834423,1.5999999999999999,-0.20915032679738554,-0.19999999999999996,0.006728060077457484,-10.629629629629619,-19.399999999999977,0.0005984666255265322,0.007107767636524913,0
Turkey,Georgia,0,-41.0,-0.24791666666666656,0.8000000000000003,0.1333333333333333,1.0000000000000002,0.00664423818088386,-16.295833333333334,-27.4,0.0255948537009736,0.03925601399707243,0
Bhutan,Lebanon,1,73.0,-0.6443965517241379,-0.4,0.9030172413793103,0.6,-0.0070223094313867675,48.57974137931035,46.19999999999999,-0.005366363393542112,-0.005433437046293177,0
Philippines,Timor-Leste,0,-51.0,0.3205128205128204,2.0,-0.9230769230769231,-0.6000000000000001,0.003934272465044619,-30.04487179487181,-9.799999999999983,0.004233823400657672,0.01124659455687869,0
Maldives,Tajikistan,1,67.0,-0.35238095238095246,-0.3999999999999999,0.28333333333333344,-0.20000000000000018,-0.005108356772627526,48.647619047619045,12.200000000000017,-0.0050930958660144144,-0.007157604696721608,0
Republic of Ireland,Armenia,0,-42.0,-0.18518518518518523,-0.3999999999999999,-0.6296296296296298,-1.8,0.0022161917684305737,-19.851851851851848,-3.799999999999997,0.012299727442753768,0.005247549854615462,0
Andorra,Serbia,1,140.0,-0.9037037037037037,-0.4,0.7037037037037037,0.40000000000000013,-0.019487094517471187,38.644444444444446,-28.800000000000004,-0.047227059048488354,-0.007830917564684074,0
Italy,Israel,0,-66.0,0.5124069478908189,0.6000000000000001,-0.5173697270471465,-0.6000000000000001,0.015439515634358789,-11.38957816377171,31.80000000000001,0.06332671040082868,-0.0005890883942175421,0
Estonia,Moldova,1,-27.0,-0.22307692307692317,0.0,0.1333333333333333,-1.8000000000000003,0.0004330957579961898,-23.289743589743587,21.800000000000004,-0.009400758040887336,0.0011494252873563218,0
Yemen,Brunei,0,-29.0,0.3055555555555556,0.6,-1.0416666666666667,-1.4000000000000001,0.0037882976441544845,-38.19444444444444,-13.0,0.0013434147208531552,0.010274008019909657,0
Latvia,England,1,133.0,-1.450980392156863,-1.7999999999999998,1.1230936819172113,0.4,-0.029715886728995628,28.07625272331154,6.200000000000003,-0.07490861643852123,-0.0398060833679876,0
Jamaica,Bermuda,0,-96.0,-0.3381642512077294,-0.40000000000000013,-1.1922705314009665,-0.8000000000000003,0.003256344278399985,-49.007729468599024,-26.0,0.011359556777022124,0.002910122135307657,0
Saudi Arabia,Iraq,1,1.0,-0.39159891598915997,0.3999999999999999,0.12533875338753397,0.7999999999999999,-0.002282079259465282,-11.924796747967477,-22.799999999999997,-0.005724786769095842,-0.0030859368137498913,0
Turkmenistan,Sri Lanka,0,-59.0,-0.011111111111111183,0.20000000000000007,0.8,0.19999999999999996,0.0022648727338908615,-65.47777777777777,-45.0,-0.0026843103231414776,-0.0014261685625500875,0
Afghanistan,Pakistan,1,-38.0,0.38888888888888895,0.4,-0.7222222222222221,-0.19999999999999996,0.0029462077674994682,3.7222222222222285,18.599999999999994,0.00462132056495826,-0.00023721089921657952,0
Vietnam,Nepal,0,-62.0,0.9357575757575757,2.2,-0.15515151515151504,0.20000000000000018,0.008935663337200066,-27.01939393939395,-0.5999999999999943,0.005967821226301109,0.013759651640123632,0
Malaysia,Laos,0,-62.0,0.7333333333333334,1.0,-0.8333333333333335,-1.9999999999999998,0.008008362822954595,-32.33333333333333,-31.200000000000017,0.00944441482020076,0.015215292855887333,0
Panama,Suriname,1,-102.0,-0.03716608594657389,0.7999999999999999,0.17189314750290352,-0.20000000000000007,0.007914954775621177,-41.15331010452961,18.599999999999994,0.02202278653480773,0.005284847454238458,0
El Salvador,Guatemala,1,-8.0,-0.09166666666666656,-0.4,0.20833333333333326,0.19999999999999996,-0.002974130358397749,14.86666666666666,15.200000000000003,-0.006572114168968921,-0.00886005089058524,0
Curaçao,Trinidad and Tobago,1,-18.0,-0.022435897435897356,0.3999999999999999,-0.3141025641025641,0.19999999999999996,-0.0016390593561991136,9.455128205128204,-5.0,-0.005350623235611597,0.009226361116087087,0
Portugal,Hungary,1,-36.0,1.2424242424242424,1.0,-0.5454545454545454,-0.6000000000000001,0.023818857882794586,-2.127272727272725,-20.0,0.05765679445237997,0.17713923211376412,0
India,Singapore,1,-24.0,-0.34518518518518515,-0.8,-0.76,-0.3999999999999999,-0.0017020525166838224,-16.2948148148148,-1.799999999999983,0.0005654548721281969,-0.0036291548537939426,0
Myanmar,Syria,1,68.0,-0.32740740740740737,-1.2000000000000002,0.7866666666666668,1.2,-0.005357197868211084,30.274074074074065,-0.39999999999997726,-0.005374531247408526,-0.0038452598809448676,0
Tunisia,Mauritania,1,-70.0,0.4892473118279571,1.4,-0.5946236559139786,-0.4,0.004443901542913525,9.058064516129036,-28.19999999999999,0.009266716786927379,0.016161725413587145,1
Russia,Peru,1,-19.0,2.3555555555555556,2.4,-0.6000000000000001,-0.6,0.019581784015033382,47.8,31.8,0.00650175063053458,0.03431279244116171,1
Cuba,Saint Lucia,0,5.0,-0.5494505494505495,-0.6,0.24725274725274726,-0.3999999999999999,-0.0018564457805433261,-37.7032967032967,27.0,-0.003950892676323695,-0.0031037140959160802,0
Dominican Republic,Saint Vincent and the Grenadines,0,-28.0,0.23993558776167445,-2.6,-0.13848631239935583,1.2000000000000002,0.0037722079021711586,-18.236714975845416,-124.0,-0.0016573289099319436,-0.009562771699924843,0
Antigua and Barbuda,Aruba,1,-34.0,-0.5429864253393666,-1.2,0.2036199095022626,-1.4,-0.004564333428483322,23.443438914027155,12.0,-0.002726610897984108,-0.003376800794833581,0
Bahamas,Anguilla,1,-6.0,0.46153846153846156,0.20000000000000007,1.692307692307692,1.4,0.003800446646008732,-27.769230769230745,-10.199999999999989,-0.0008734305430085833,0.0,0
Cayman Islands,British Virgin Islands,1,-13.0,-0.006060606060605989,0.19999999999999996,0.23030303030303045,0.20000000000000018,-6.32363939524561e-05,0.9818181818181984,-8.800000000000011,0.003121668289724515,0.0031402644032530232,0
Bangladesh,Nepal,1,3.0,0.24175824175824168,0.9999999999999999,-0.18681318681318682,0.19999999999999996,0.0017275720757421844,-1.1346153846153868,11.199999999999989,0.0017023562804123578,0.003408783882542772,1
Czech Republic,San Marino,0,-166.0,1.3456221198156681,0.8,-1.8675115207373274,-3.8000000000000003,0.018804978668716662,-24.760368663594477,-24.000000000000007,0.031101992038948284,0.03340426052290459,1
Hong Kong,Cambodia,1,-31.0,0.5518796992481203,1.6,-0.350375939849624,-0.8,0.005642374532298462,-29.724812030075185,-0.5999999999999943,0.0035054225678168597,0.010011011045979502,1
Lithuania,Israel,1,68.0,-0.5489417989417991,-1.0,-0.31613756613756605,0.0,-0.0132686430716991,25.117724867724867,10.200000000000003,-0.04336016575992101,-0.01574910596649727,1
Republic of Ireland,Portugal,0,57.0,-1.59453781512605,-1.8,0.5336134453781514,-0.19999999999999996,-0.030367966926312457,2.4390756302520984,19.000000000000007,-0.0638950634423018,-0.1229316709417689,0
Cameroon,DR Congo,1,-6.0,0.21970443349753688,-1.0000000000000002,0.22758620689655173,-0.6,0.001644384628211178,4.388177339901475,10.0,-0.005225927894161469,-0.00729607385152717,0
United Arab Emirates,Iraq,1,10.0,0.061003861003861015,0.6000000000000001,-0.1459459459459459,0.8,0.00025951395004590594,2.127413127413135,-15.0,-0.003246315732139852,-0.00510421737203599,0
Nigeria,Gabon,0,-36.0,-0.13541666666666674,-0.5999999999999999,-0.38541666666666674,0.0,0.0005901806724202922,-13.4375,-33.60000000000001,0.006999450429762643,0.0028229853428509873,0
France,Ukraine,0,-24.0,0.5986717267552182,0.20000000000000018,-0.5664136622390893,-1.0,0.022811346901194837,-13.924098671726753,-20.199999999999996,0.08972173707694031,0.07716353733128418,0
North Macedonia,Latvia,1,-74.0,0.7499999999999999,1.0,-0.642857142857143,-1.4,0.008423349172015565,3.892857142857139,31.60000000000001,0.029072006203559275,0.030766097920440515,1
Algeria,Zimbabwe,0,-94.0,1.5686274509803924,2.0,-0.23202614379084974,0.3999999999999999,0.01457794401005186,10.035947712418292,-5.199999999999989,0.01566689147950613,0.011940020145852239,1
Thailand,Singapore,0,-59.0,0.5182186234817814,0.0,-0.36234817813765186,-0.3999999999999999,0.0063402504190935745,-24.479757085020253,-11.799999999999983,0.006605196948898938,0.001225571670497392,1
Canada,Ecuador,1,5.0,0.41161616161616177,0.4,0.36363636363636365,0.0,0.0001794053577543267,13.893939393939391,21.400000000000002,-0.1186200274342131,-0.5870725352911939,1
Armenia,Hungary,1,67.0,-0.24769585253456206,-1.2,0.6451612903225807,0.6000000000000001,-0.0097809438475658,19.22235023041474,-10.399999999999999,-0.02647321898154048,-0.041460866831105364,0
Andorra,Albania,1,111.0,-0.9452380952380952,-1.0,0.9166666666666666,1.4,-0.013293203711102231,14.392857142857139,-47.599999999999994,-0.02666145384506145,-0.03312123535946688,0
Moldova,Italy,1,147.0,-1.042824074074074,-3.0,0.712962962962963,3.0,-0.027999530421410505,36.48726851851852,-52.6,-0.09898485666641178,-0.027653520693912373,0
England,Serbia,0,-32.0,0.9419354838709679,1.8000000000000003,-0.4,-0.7999999999999999,0.01535836177474403,1.8903225806451616,-32.39999999999999,0.029732691744541517,0.03528179190751445,0
Iran,Cape Verde,1,-50.0,1.0980392156862746,-0.3999999999999999,-0.1827094474153298,0.19999999999999996,0.013344980409483133,-8.837789661319079,-39.2,0.01005201317201574,-0.00951451379249557,0
Papua New Guinea,Solomon Islands,0,21.0,-0.528604118993135,-0.20000000000000018,1.020594965675057,-0.40000000000000013,-0.0032129704158440683,-1.455377574370715,-11.400000000000006,-0.0033153735755305433,0.0032532443458890272,0
Bermuda,Curaçao,1,86.0,0.18833333333333324,-0.5999999999999999,1.1766666666666665,2.0,-0.0017013066736823648,29.349999999999994,-3.0,-0.006793422070232807,-0.012747523839886732,0
Azerbaijan,Iceland,1,49.0,-0.931899641577061,-1.6,0.44324970131421737,0.6000000000000001,-0.01659517726263964,4.799283154121859,-11.800000000000004,-0.04182233969520904,-0.09722572509457755,0
Trinidad and Tobago,Jamaica,1,32.0,0.050000000000000044,-1.2000000000000002,0.4195652173913045,-0.3999999999999999,-0.00042008723052910923,5.517391304347825,-16.400000000000006,0.0004716707904915095,-0.0014894881247394624,0
Haiti,Costa Rica,0,43.0,0.2753036437246963,-0.6000000000000001,0.08299595141700422,0.20000000000000018,-0.003927939749030718,33.058704453441294,-22.799999999999997,-0.011412851893356675,-0.011307303807303805,0
Nicaragua,Honduras,0,69.0,0.11263157894736842,-0.6,0.2021052631578948,2.4,-0.0033139876391868432,29.331578947368428,-19.6,-0.015749146344901002,-0.01298947771068094,0
Norway,Estonia,0,-101.0,1.933179723502304,3.4,-1.0610599078341012,-1.6,0.026060140858347132,6.033410138248854,22.799999999999997,0.032591127410181456,0.02542333258288188,0
Suriname,El Salvador,0,32.0,0.5513196480938417,0.4,-0.27712609970674484,-0.6,0.0044568301292391786,9.168621700879768,-2.0,0.003520374756220959,0.01793943536233645,0
Guatemala,Panama,1,64.0,-0.40418118466898956,0.0,-0.116724738675958,0.4,-0.008213063532212466,12.148664343786294,-35.60000000000001,-0.016587972717874953,0.0005294117647058807,0
Burkina Faso,Niger,0,-45.0,0.4545454545454546,1.0,-0.2887700534759359,-1.6,0.0031267831471338634,12.082887700534755,43.0,0.00424204611128718,0.0009926525430172806,1
Saudi Arabia,Ivory Coast,0,16.0,-0.6330532212885154,-1.0000000000000002,0.4243697478991596,1.2,-0.002851100613134089,-22.686274509803923,-53.199999999999996,-0.012769962212748707,0.0012014769448256274,1
Angola,Argentina,1,87.0,-1.03109243697479,-1.0000000000000002,0.3890756302521009,0.7999999999999999,-0.03218735348268094,48.55798319327731,57.60000000000001,-0.09203545364432573,-0.03495121225785447,1
Australia,Venezuela,1,-25.0,0.8666666666666667,0.6000000000000001,-0.6,-1.5999999999999999,-0.0021155031336222013,37.199999999999996,30.599999999999998,-0.04805119306470545,0.04055589700459339,1
South Korea,Bolivia,0,-54.0,1.303030303030303,1.2,-0.9696969696969697,0.19999999999999996,0.006977051286091367,35.75757575757576,7.799999999999997,-0.008400014925122996,-0.06513743735217012,1
Morocco,Mozambique,0,-89.0,0.8254310344827585,1.4000000000000001,-1.0549568965517242,-1.6,0.010266411163239684,-9.414870689655174,-25.0,0.11657975155173754,0.030136943528340603,1
Comoros,Namibia,0,-4.0,0.5490716180371353,0.19999999999999996,0.07957559681697601,0.19999999999999996,0.0043470865394132,13.099469496021229,-15.0,-0.0013165070314705828,-0.0022530783658658207,1
Uganda,Chad,0,-95.0,0.5638095238095239,0.8,-0.5142857142857142,-1.6,0.005291263489584786,1.470476190476191,20.80000000000001,0.0068398776844511835,0.012332875463129157,1
Japan,Ghana,0,-54.0,1.5333333333333334,-0.19999999999999973,-0.2602150537634409,1.0,0.02942411214346914,-31.597849462365588,-76.0,0.039307597304615485,0.09741410131654032,0
Poland,Netherlands,1,27.0,-0.9222011385199242,-2.4,0.1404174573055028,0.20000000000000007,-0.023275391574146764,15.555977229601517,-42.60000000000001,-0.01626100400000731,0.023417259926599793,0
Luxembourg,Germany,1,87.0,-1.2626050420168067,-1.4000000000000001,0.4852941176470589,1.0,-0.05996684469344426,39.03781512605042,-11.399999999999999,-0.15917954695441652,-0.01970070422535211,0
Slovakia,Northern Ireland,0,-23.0,0.1875,-0.3999999999999999,-0.34375,-0.4,0.0027754029716624967,-0.46875,23.60000000000001,0.039257606443474716,0.050522844272844265,0
Finland,Malta,1,-94.0,0.5740740740740742,0.0,-0.30000000000000004,-1.6,0.010065676647755976,-15.63333333333334,-36.599999999999994,0.006681075120561092,0.017529245602267915,0
Croatia,Faroe Islands,0,-116.0,1.1175115207373274,0.8,-0.44700460829493094,-0.39999999999999997,0.025473032825185853,-33.84447004608295,-5.599999999999994,0.10787292380619867,0.006599432202668749,0
Gibraltar,Montenegro,1,119.0,-0.7500000000000001,-0.6000000000000001,1.0714285714285714,-0.8,-0.011046444766909327,17.785714285714292,3.200000000000003,-0.011960966070387614,-0.004901960784313725,0
Uzbekistan,Egypt,0,23.0,-0.28557874762808355,0.20000000000000018,0.09013282732447825,0.8,0.002813483579396984,-27.88709677419355,-74.6,0.007161134783429734,0.009882021629632743,0
Tunisia,Jordan,0,-23.0,-0.5053763440860215,0.6000000000000001,-0.6501240694789082,-0.6,-0.007924737371029418,12.009098428453271,18.400000000000006,0.0015530915315164623,0.007953140403318784,1
Oman,Sudan,0,-40.0,0.45192307692307687,0.39999999999999997,0.28525641025641024,0.19999999999999996,0.005980626248688796,-10.006410256410263,-16.599999999999994,0.0028381751518815872,0.008116273376188102,1
Lesotho,Malawi,1,16.0,-0.26,-0.7999999999999999,0.30000000000000004,0.8,-0.0025688325311225557,-1.0466666666666669,-12.799999999999997,-0.0019860368283334887,-0.006847330692322204,1
Greece,Scotland,0,10.0,0.4412442396313363,0.0,-0.5230414746543779,1.6,0.0017106124470520553,11.896313364055302,-39.39999999999999,0.02445685956724459,-0.02639181526269044,0
Libya,Mauritania,0,1.0,0.5525,0.7999999999999999,-0.11624999999999996,0.19999999999999996,0.003628599778607522,21.042500000000004,14.399999999999991,-0.0012002692670795272,0.002345519889849417,1
Kuwait,Tanzania,0,28.0,0.6351351351351351,0.4,0.4584942084942084,1.0000000000000002,0.006411196658923805,8.199806949806941,10.399999999999999,0.000656471412907797,-0.0013736263736263735,1
Brazil,Senegal,0,-11.0,-0.32358870967741926,-1.1999999999999997,0.6915322580645162,0.20000000000000007,0.03156118884152148,-63.01915322580645,-45.8,0.010295615467020333,-0.12518218002963677,1
Russia,Chile,1,-26.0,1.5894736842105261,1.6,-0.6403508771929826,-0.7999999999999999,0.004793240602105307,42.373684210526314,22.799999999999997,0.008671221325225468,0.02989102373367871,1
Mexico,Uruguay,1,-1.0,0.03191489361702127,-0.6000000000000001,0.3660826032540676,1.4000000000000001,-0.0026350683293605466,5.3010012515644505,-49.800000000000004,-0.1394978945173994,0.020396784503464785,1
South Africa,Zambia,0,-28.0,0.1541353383458648,1.2000000000000002,-0.24624060150375948,-1.4000000000000001,0.0009871840608229685,4.3270676691729335,29.799999999999997,0.012893034869162007,0.010607763726863065,1
United States,Paraguay,0,-23.0,1.0595238095238098,0.6,0.0625,0.19999999999999996,0.010720862761086643,19.24107142857143,-1.6000000000000014,-0.12169616492190544,0.03481542090520419,1
Slovenia,Kosovo,1,-33.0,-0.10437710437710446,-0.5999999999999999,-0.16498316498316512,0.0,0.0017252633002158603,-11.491582491582491,-1.7999999999999972,0.028757333987519056,-0.01972345251097787,0
Colombia,New Zealand,0,-72.0,-0.40666666666666695,2.1999999999999997,-0.15444444444444438,-0.8,0.030206830206830196,-51.07666666666666,5.0,0.20111442996110704,0.264833623599402,1
Guinea,Liberia,0,-58.0,0.5007680491551458,0.19999999999999996,-0.6666666666666667,-0.8,0.004174346377231651,6.9600614439324175,25.200000000000003,0.010619316625241855,0.007019733575970877,1
Denmark,Belarus,1,-83.0,0.8526785714285714,2.8,-0.8392857142857142,-3.5999999999999996,0.0182498917621128,-18.33035714285714,37.0,0.048363378489117065,0.04483573872935575,0
Switzerland,Sweden,0,-23.0,-0.12316715542521983,1.4000000000000001,-0.324535679374389,-2.0,0.005951157775415387,-15.898338220918873,-9.199999999999996,0.022736459037257403,0.05789912280701755,0
Turkey,Bulgaria,0,-65.0,1.1450216450216448,2.4,-0.33658008658008653,-1.7999999999999998,0.030856141383914217,-22.71103896103896,20.6,0.04950717204355505,0.024755497478408234,0
Kazakhstan,Belgium,1,107.0,-0.959051724137931,-3.0,0.9525862068965518,0.8,-0.024832918843880804,24.59482758620689,-13.400000000000006,-0.040613188730830765,-0.045952813067150634,0
Bahamas,British Virgin Islands,1,-5.0,0.1875,0.19999999999999996,2.0803571428571432,3.0,0.0018237328872793418,-17.196428571428584,1.4000000000000057,-0.0019817562002150332,-0.0042397137745974955,0
Cyprus,Austria,1,101.0,-1.1785714285714286,-1.7999999999999998,1.3392857142857144,0.9999999999999999,-0.021765518786882793,20.92857142857143,-54.599999999999994,-0.056264422846625625,-0.008971583496412265,0
Bosnia and Herzegovina,Romania,0,28.0,-0.4085648148148149,1.4,1.0138888888888888,0.19999999999999996,-0.0012642696348311236,-17.78356481481481,22.80000000000001,-0.016428517244320463,-0.029298443221110623,0
Liechtenstein,Wales,1,172.0,-1.1785714285714286,-1.0,1.4285714285714286,1.8000000000000003,-0.017256333220002636,20.89285714285714,30.0,-0.039432741907210384,-0.005263157894736842,0
Georgia,Spain,1,69.0,-0.7788018433179724,-2.0,0.5944700460829494,1.6,-0.03307882106737642,17.591705069124423,-12.199999999999996,-0.15322926578942217,-0.06381614661368423,0
Barbados,Aruba,1,-19.0,0.23571428571428577,0.19999999999999996,0.48571428571428577,-0.7999999999999998,0.0005680954042423768,17.092857142857127,27.400000000000006,-0.0006969186227296096,-0.002520142900577684,0
Cayman Islands,Anguilla,0,-14.0,0.1071428571428571,-0.20000000000000007,-0.16666666666666652,-1.4000000000000001,0.0007559198542805095,-5.535714285714278,5.0,0.001971934632599523,0.0013473900762969002,0
Saint Vincent and the Grenadines,Saint Lucia,0,7.0,0.7749999999999999,2.4,-0.3416666666666668,-2.4000000000000004,0.005252010276633311,-1.5583333333333371,28.599999999999994,0.0009505382529907246,0.006647351230553248,0
Azerbaijan,France,1,120.0,-1.4500000000000002,-2.2,1.3499999999999996,2.0,-0.040275225611499044,22.35714285714286,-24.200000000000003,-0.1335405482028522,-0.05325635809506778,0
Hungary,Republic of Ireland,1,-25.0,0.34375,0.6000000000000001,0.0021551724137931494,0.3999999999999999,0.0055443983571425055,1.729525862068968,4.399999999999999,-0.006557571451775615,-0.07616059379217274,0
Ukraine,Iceland,0,-47.0,-0.21875,-1.0,-0.1875,0.40000000000000013,-0.0006795821776986663,-6.5,9.600000000000001,0.001728357611031739,-0.0952099195195505,0
Portugal,Armenia,0,-99.0,1.4167487684729065,1.8000000000000003,-1.1083743842364533,-0.8,0.031228647742095786,-18.57536945812808,20.4,0.07467569056955585,0.026217873752754535,0
Italy,Norway,1,-20.0,-0.7199582027168234,-0.8000000000000003,0.17763845350052243,0.4,-0.00016661901763833503,-19.477533960292583,10.0,0.07315886892145029,0.0016424421591378566,0
Moldova,Israel,1,78.0,-0.4285714285714285,-1.0,0.17857142857142838,1.4,-0.010507014908479087,21.928571428571423,-11.000000000000007,-0.03505476711598439,-0.0037155793129033015,0
Albania,England,1,57.0,-0.9363799283154124,-1.7999999999999998,0.22311827956989239,0.4,-0.02175098333951239,20.15681003584229,39.0,-0.049852882753455736,-0.025037016880459825,0
Serbia,Latvia,0,-103.0,0.5980603448275862,0.4,-0.7618534482758621,0.0,0.014464573559019724,-25.86853448275862,8.400000000000006,0.041820005999685474,0.0036014895415851867,0
Nigeria,DR Congo,1,-19.0,0.26262626262626254,0.5999999999999999,0.3257575757575757,-0.20000000000000007,0.0026670061715916397,0.8560606060605949,5.799999999999997,-0.0014625965972906163,0.00162740658092932,0
Qatar,Zimbabwe,1,-77.0,0.9586466165413533,1.2,0.3421052631578947,0.6000000000000001,0.012081847121672162,-6.269423558897245,-17.0,0.016690575004370815,0.011915868105286182,1
Comoros,Namibia,0,-4.0,0.5666666666666668,0.20000000000000007,0.04444444444444429,-0.8,0.0045706399722573255,12.714814814814815,-7.3999999999999915,-0.00034921648760619095,0.007499488098993353,1
Mozambique,Chad,1,-77.0,0.7727272727272727,-0.19999999999999996,-0.2727272727272727,-0.8000000000000003,0.008002901730278487,-3.924242424242422,9.400000000000006,0.008713497946774057,0.004797940123941694,1
Madagascar,Equatorial Guinea,0,7.0,0.15659340659340648,1.2000000000000002,0.1291208791208791,0.19999999999999996,0.000715714711372991,7.692307692307693,7.200000000000003,-0.005442804711340317,0.008231580194266761,1
Finland,Andorra,0,-100.0,0.8186874304783094,0.0,-0.04671857619577291,0.3999999999999999,0.012348491221026279,-17.220244716351502,5.199999999999989,0.009867618293428075,0.0010907754325826316,1
Bahrain,Somalia,1,-112.0,0.7509652509652509,0.4,-0.8996138996138996,-0.8000000000000003,0.009226294747647096,-15.97876447876449,-25.200000000000003,0.016420434383262576,0.0037735849056603774,1
Northern Ireland,Luxembourg,0,-28.0,0.5517241379310345,1.0,-0.5172413793103448,-1.2,0.007090327059791844,5.379310344827587,2.8000000000000043,0.009037746253515618,0.02080745341614907,0
Germany,Slovakia,0,-36.0,0.5186147186147185,0.8,0.34978354978354986,0.19999999999999996,0.045304234447818656,-40.827705627705626,10.0,0.10707590789076159,-0.05891445340201977,0
Malta,Poland,1,133.0,-0.9241071428571429,-0.40000000000000013,0.6785714285714286,1.4,-0.015235728339176614,15.28125,39.0,-0.04713002588096594,-0.06937818318673072,0
Czech Republic,Gibraltar,0,-156.0,1.4396551724137931,0.8,-1.6616379310344827,-1.2000000000000002,0.018105967259285337,-9.16379310344827,8.400000000000006,0.028978336829041537,0.03626140338004745,0
Montenegro,Croatia,1,70.0,-0.8685344827586208,-1.4000000000000001,0.8114224137931034,2.1999999999999997,-0.019710862976866673,19.56357758620689,1.4000000000000057,-0.09857307065771827,-0.018958965047579754,0
Cape Verde,Egypt,1,39.0,-0.64375,0.6000000000000001,0.25535714285714284,0.19999999999999996,-0.005403809846682605,-6.698214285714286,-13.400000000000006,0.0008866650553259262,0.01522925998477258,0
Vanuatu,Fiji,0,7.0,-0.6586956521739131,0.0,0.6239130434782612,-0.6000000000000001,-0.004248335668493593,-3.2304347826086826,12.0,-0.003061142115377039,-0.0038838791330485676,0
Netherlands,Lithuania,0,-140.0,1.6354679802955663,1.8,-0.3684729064039409,-0.8,0.0357644589228099,-30.786206896551732,18.0,0.05863912146208728,0.02397239896391432,0
Mali,Jordan,0,-13.0,0.08362068965517233,0.40000000000000013,-0.7232758620689654,-1.0,-0.004034112698300816,24.919827586206893,32.80000000000001,-0.0010455482217874568,0.004651965792679234,1
Japan,Bolivia,0,-57.0,2.204044117647059,0.9999999999999999,-1.130514705882353,-0.40000000000000013,0.021337706752500518,33.74080882352941,1.6000000000000014,0.009561433300434484,-0.0006682204826261584,0
Benin,Burkina Faso,1,29.0,-0.4228571428571428,-1.4000000000000001,0.18285714285714283,0.4,-0.0032722269075413906,-8.028571428571425,-30.80000000000001,-0.0003536581737512076,-0.009628057897246595,1
Kenya,Senegal,1,91.0,-0.63986013986014,-0.9999999999999998,0.6689976689976689,0.5999999999999999,-0.009550696455636437,21.011655011655023,46.19999999999999,-0.06472313577029183,-0.013694637658808278,1
Oman,Ivory Coast,1,37.0,-0.6714285714285713,-1.4000000000000001,0.3928571428571429,1.0,-0.005169263586660124,-12.40357142857144,-37.8,-0.012161000959594291,-0.0043818174604408275,1
Saudi Arabia,Algeria,1,23.0,-1.07109634551495,-0.8000000000000003,0.2179401993355482,0.20000000000000007,-0.006490888730530385,-26.07441860465117,-61.19999999999999,-0.006621332044258195,0.015464584254623825,1
Kuwait,Gambia,1,18.0,-0.5394736842105263,-2.0,-0.1469298245614037,1.4000000000000001,-0.005314129248676393,-2.7938596491228083,-48.599999999999994,-0.0008632532295262552,-0.007218711121103513,1
Cyprus,Estonia,1,-5.0,0.3157327586206897,1.0,0.0506465517241379,-1.2000000000000002,0.0010616338991175783,20.258620689655174,-0.5999999999999943,0.0007293705835751535,0.00733205898179918,1
Morocco,Uganda,0,-71.0,1.0230769230769232,0.0,-0.7923076923076923,-0.6,0.012730111684289336,-15.543589743589749,-33.20000000000002,0.11510553209012252,0.014514219359823069,1
Angola,Zambia,0,2.0,-0.17911877394636022,0.6,-0.29789272030651337,-1.0000000000000002,-0.0017420611058493046,-1.1628352490421463,35.60000000000001,-0.0009956296108711397,0.0028863693543345285,1
Guinea,Niger,1,-28.0,0.4755434782608696,0.8,-0.4225543478260869,-1.2000000000000002,0.002534979627419826,16.972826086956516,46.2,0.007088432621386354,0.005919593394791813,1
Maldives,Philippines,1,32.0,-0.3472222222222223,-1.9999999999999998,0.06944444444444442,-0.20000000000000018,-0.00444886142274915,40.14583333333333,9.200000000000017,-0.00455071206629285,-0.007730714984028682,0
Brunei,Lebanon,1,75.0,-0.5941176470588235,-1.2000000000000002,1.7647058823529411,3.2,-0.00673145655579383,46.28431372549021,20.200000000000017,-0.00371264181696341,-0.009889232551230302,0
Yemen,Bhutan,0,-37.0,0.9442724458204333,2.4,-0.7956656346749225,-1.8,0.008090417971042195,-31.532507739938097,-2.200000000000017,0.004290830751253891,0.015583577056392996,0
Bangladesh,India,0,47.0,0.07512315270935965,0.9999999999999999,0.4125615763546797,0.6000000000000001,-0.0003770442643232152,19.605911330049267,11.200000000000017,-0.0005233277564336957,0.0012704338952821705,0
Hong Kong,Singapore,1,-7.0,0.4166666666666665,1.6,-0.5555555555555554,-0.20000000000000018,0.003284313211673986,-2.916666666666657,21.19999999999999,5.693050830682736e-06,0.002244995268979368,0
Sri Lanka,Thailand,1,97.0,-1.1120107962213226,-1.0,-0.3319838056680162,0.0,-0.011228928733014351,49.28475033738192,34.19999999999999,-0.007904485753261577,-0.0038347172172797615,0
Pakistan,Syria,1,112.0,-1.2537593984962405,-2.1999999999999997,1.1879699248120301,0.19999999999999996,-0.011936814678102267,20.563909774436098,-1.0,-0.010425305824925348,-0.0102148033126294,0
Malaysia,Nepal,0,-62.0,1.2365591397849465,2.2,-0.2747909199522103,-1.2000000000000002,0.011017181513555224,-23.36559139784947,-9.800000000000011,0.008505111214406887,0.019707254831099485,0
Canada,Venezuela,0,-22.0,0.36791630340017445,0.0,-0.2528334786399302,-2.1999999999999997,0.0009170801708824547,11.563208369659982,16.8,-0.026324762252809344,0.031935106268205844,1
Chile,Peru,0,7.0,0.6774193548387097,0.4,0.032258064516129226,-0.19999999999999996,0.01479958622815766,3.29032258064516,1.7999999999999972,-0.0008007372638653837,0.03,1
Timor-Leste,Tajikistan,1,95.0,-0.49867374005305043,-1.4,1.3315649867374004,1.7999999999999998,-0.005378002055882628,29.30769230769232,-40.0,-0.005945001436017029,-0.01108947269424154,0
Colombia,Australia,0,-12.0,-0.033129904097645824,1.8,0.13339145597210122,0.0,0.029892473118279573,-41.486486486486484,-1.4000000000000057,0.17969738359116083,0.04063299061365308,1
Lesotho,Malawi,1,16.0,-0.2456575682382135,-0.9999999999999999,0.29776674937965275,0.8,-0.002330668575746729,-1.8126550868486362,-18.599999999999994,-0.0018696656378842328,-0.008286622807017545,1
Brazil,Tunisia,1,-36.0,0.4375,0.19999999999999973,0.46875,0.20000000000000007,0.04045092771124551,-62.5625,-66.0,0.06763414224375189,0.0429629183233565,1
Trinidad and Tobago,Bermuda,1,-68.0,-0.10341463414634133,0.6,-1.0634146341463415,-3.4000000000000004,0.003714398613939634,-37.50243902439024,12.799999999999997,0.01229759725331415,0.011284073883253089,0
Romania,San Marino,0,-163.0,1.1619644723093,1.0,-1.9571577847439916,-3.0,0.013652383707518877,-11.316614420062692,-5.0,0.028542185166307826,0.032681381118881116,0
Spain,Turkey,1,-25.0,0.9558823529411764,0.7999999999999998,-0.6078431372549019,-2.0,0.02626962205444431,-3.6699346405228823,4.200000000000003,0.12379577065263403,0.022387877462504327,0
Belarus,Greece,1,55.0,-0.9655172413793104,-1.2,0.7586206896551723,1.0,-0.017790536606909844,12.137931034482754,-10.0,-0.05400789410235846,-0.011975040694519804,0
Scotland,Denmark,0,18.0,-0.31912878787878785,-0.9999999999999998,0.5909090909090909,0.4,-0.0014267148102035596,-8.245265151515149,-4.599999999999994,-0.01770913144069492,-0.005872305572248285,0
Sweden,Slovenia,1,-11.0,0.7352941176470589,0.19999999999999996,0.4963235294117647,0.8000000000000003,0.009108525861955995,5.154411764705884,6.0,-0.02631067125151105,-0.01685905980429307,0
United States,Uruguay,0,1.0,0.46122448979591835,0.19999999999999996,0.4040816326530613,0.8,0.005166039069450033,6.069387755102042,-36.199999999999996,-0.134039315212588,0.03559540263996725,1
Iraq,United Arab Emirates,0,-10.0,-0.0584795321637428,-0.6000000000000001,0.14181286549707595,-0.6,-0.00030661604885067265,-1.757309941520461,25.200000000000003,0.003096221408352893,-0.0031551517129460825,0
Bulgaria,Georgia,0,21.0,-1.2543103448275863,-1.0,0.2963362068965518,1.0,-0.023488359981250977,8.607758620689651,-3.3999999999999986,-0.022589492469087973,-0.007142857142857143,0
Haiti,Nicaragua,0,-45.0,0.42307692307692313,0.5999999999999999,-0.01139601139601143,-0.8,0.004055387547235372,-2.008547008546998,8.799999999999997,0.004802524909730106,0.011534090909090904,0
Mexico,Paraguay,1,-25.0,0.6379310344827587,-0.20000000000000007,-0.013649425287356465,0.19999999999999996,0.0026223257565790373,18.95474137931034,-6.600000000000001,-0.11715103898491888,0.009314994647744677,1
South Korea,Ghana,0,-51.0,0.6688804554079697,0.0,-0.1850094876660341,0.7999999999999999,0.014916438187256601,-26.288425047438338,-69.19999999999999,0.022825791188507187,0.057241600188968615,1
Austria,Bosnia and Herzegovina,1,-51.0,0.9924242424242422,-0.20000000000000018,-1.0086580086580086,-0.7999999999999999,0.015304497312274085,-2.5335497835497875,2.6000000000000085,0.04501589745536834,-0.00012208194480048049,0
Kosovo,Switzerland,1,67.0,-0.5420168067226891,-1.6,0.006302521008403561,0.6000000000000001,-0.01667259166693599,19.529411764705884,-17.199999999999996,-0.024005496447213538,-0.0008614284189174745,0
Wales,North Macedonia,0,-31.0,0.06896551724137923,-0.5999999999999999,-0.0344827586206895,1.0,0.003137016436249168,-11.034482758620683,-33.599999999999994,0.007296325564917709,-0.02289916139172869,0
Saint Kitts and Nevis,Belize,1,-30.0,0.2727272727272727,1.0,0.19191919191919182,0.19999999999999973,0.0015462255507072645,4.676767676767696,60.0,0.0018125271884680055,-4.180796209411449e-05,0
Antigua and Barbuda,Guyana,1,7.0,-1.3194444444444442,-2.0,0.9027777777777779,-0.6000000000000001,-0.010213905434900708,27.02777777777777,18.0,-0.007941067860316838,-0.010392003130189661,0
Iran,Uzbekistan,1,-34.0,0.6361344537815126,-0.40000000000000013,0.05042016806722682,0.19999999999999996,0.0038075276561652834,13.741176470588229,16.4,-1.2552749371334826e-05,-0.023671334623781844,0
Guatemala,Suriname,0,-31.0,-0.5175983436853002,-0.6000000000000001,0.1428571428571428,0.6,-0.0018453182435388283,-24.624223602484477,6.200000000000003,0.002554762177689955,-0.014023514274292156,0
Panama,El Salvador,0,-63.0,0.5901162790697674,0.7999999999999999,-0.1736918604651163,-0.8,0.012199275781676283,-27.216569767441854,12.600000000000009,0.024141688837911974,0.011979761932896902,0
Jamaica,Curaçao,1,-14.0,-0.24140752864157133,-0.3999999999999999,-0.06464811783960722,0.0,0.0003705509619848432,-17.3011456628478,2.0,0.004519890848283005,-0.004631105383099509,0
Costa Rica,Honduras,1,-19.0,0.3076923076923075,0.6000000000000001,0.07692307692307687,0.7999999999999999,0.0050406089759743415,-6.179487179487182,3.5999999999999943,-5.266745312541496e-05,-0.006606416327619557,0
Faroe Islands,Kazakhstan,0,12.0,-0.306896551724138,0.40000000000000013,-0.45517241379310347,-0.8,-0.005511384138650302,11.656321839080462,5.0,-0.011270540415594084,-0.0052160888836916,1
Belgium,Liechtenstein,0,-198.0,1.7889237199582027,3.1999999999999997,-1.6729362591431558,-3.0,0.03449158844633283,-35.811912225705335,44.800000000000004,0.053208380182640076,0.03311806797471086,0
Ecuador,New Zealand,0,-62.0,-1.1628959276018103,0.0,-0.38235294117647056,-1.2000000000000002,0.0010704981838657937,-44.10859728506788,-5.200000000000003,0.15604334523529048,0.6321281213160433,1
Laos,Vietnam,1,77.0,-0.4963235294117647,-1.4000000000000001,0.9338235294117647,2.0,-0.0059500479319056655,30.610294117647058,-22.80000000000001,-0.007624307023270821,-0.009948750174556625,0
Vanuatu,Solomon Islands,0,8.0,-0.6666666666666667,-0.8,1.0000000000000002,0.0,-0.0035308600759504233,-14.220238095238102,-8.800000000000011,-0.0026293859296767997,-0.0019331054111256163,0
Papua New Guinea,Fiji,0,15.0,-0.3416666666666668,1.0,0.41666666666666674,-3.0,-0.002695537328296237,8.516666666666652,21.80000000000001,-0.0016264001119061892,0.00901834784162965,0
Papua New Guinea,Vanuatu,1,10.0,0.19264069264069272,0.40000000000000013,-0.12987012987013014,-0.8,0.0007014170971733815,11.45021645021643,-2.0,0.00040326322951368763,0.007766931701782755,0
Mauritania,Kuwait,1,-21.0,-0.5641025641025642,-1.4000000000000001,-0.25874125874125875,-1.4000000000000001,-0.005412541648731806,-8.072261072261071,13.599999999999994,0.0017001044616286685,-0.0019559478683230467,0
Syria,South Sudan,0,-81.0,1.0862068965517242,2.8000000000000003,-0.8697318007662835,-0.8,0.008100511703566954,30.243295019157088,59.599999999999994,0.0082838375809208,0.006741198419728625,0
Palestine,Libya,1,-15.0,-0.3048433048433049,-0.19999999999999996,0.22222222222222232,0.6,-0.0008640940267164911,-19.696581196581192,-29.200000000000003,-0.0018020288874053044,-0.0024246868255318153,0
Oman,Somalia,1,-121.0,0.6065040650406505,0.4,-0.9934959349593497,-1.0,0.007906732579751385,-16.34471544715447,-2.3999999999999915,0.013898961874137387,0.004129133065518381,0
Bahrain,Djibouti,0,-105.0,0.3052631578947369,0.19999999999999996,-1.2701754385964912,-2.1999999999999997,0.005354222002130886,-26.005263157894746,-21.60000000000001,0.013554046350140597,0.0037735849056603774,0
Sudan,Lebanon,0,11.0,-0.7548387096774193,-2.2,-0.12774193548387103,0.7999999999999999,-0.005022040090047584,-24.28,-68.19999999999999,0.004369057543448298,-0.013345174488184898,0
Comoros,Yemen,1,-40.0,-0.42741935483870974,-2.0,-0.024193548387096753,0.39999999999999997,-0.00048647984123546123,-28.532258064516128,-60.000000000000014,0.007421776863133091,0.0022058439181065186,0
Tunisia,Syria,1,-47.0,-0.38787878787878793,-1.5999999999999999,-0.5636363636363636,0.20000000000000007,-0.0008426855680252025,-21.957575757575754,-87.20000000000002,0.015039361165671101,0.035837442261901116,0
Qatar,Palestine,1,-45.0,0.7350498338870431,0.19999999999999996,0.3330564784053156,1.2000000000000002,0.008916626963477186,-1.6636212624584772,-21.0,0.013769284390082046,-0.005824584597853087,0
Egypt,Kuwait,1,-101.0,0.5681818181818181,-1.0,-0.678030303030303,-1.2000000000000002,0.0042389916382739815,9.843181818181819,5.800000000000011,0.007376337693489006,-0.0010621409488608315,0
Morocco,Comoros,0,-97.0,0.755040322580645,0.6000000000000001,-0.9254032258064516,-1.4,0.010085612847644284,-13.117943548387103,-17.39999999999999,0.10759742472267654,0.020479105951281128,0
Saudi Arabia,Oman,0,-19.0,0.1114718614718615,0.4,0.02056277056277045,0.19999999999999996,0.0033854864647547573,-12.469696969696969,-37.2,0.0018045079922486794,0.017838454022610677,0
Jordan,United Arab Emirates,0,-1.0,0.0883322346736981,0.6000000000000001,0.47923533289386955,1.0000000000000002,0.0031228814982135374,-9.241265655899795,9.400000000000006,0.0008672522957079258,-0.013717300543164062,0
Algeria,Sudan,1,-83.0,1.5961538461538463,1.6,-0.040598290598290565,-0.6,0.015228827848789775,5.985042735042725,15.0,0.011938726758818534,0.02034161552327525,0
Iraq,Bahrain,0,-33.0,0.46153846153846145,0.19999999999999996,-0.28205128205128216,-0.7999999999999999,0.005818215626010146,-4.538461538461533,-22.60000000000001,0.0067135091520146815,0.01941968936838013,0
Palestine,Tunisia,1,56.0,-0.2799188640973631,-0.8,0.4908722109533469,-0.6,-0.0023884582869152307,-5.966531440162271,23.19999999999999,-0.01300645949801039,-0.0242953141008699,0
Qatar,Syria,1,-36.0,0.01026392961876832,-2.4000000000000004,0.33870967741935476,1.4000000000000001,0.0044945990194400175,-25.879765395894424,-64.19999999999999,0.010777871176357996,-0.01758240515703202,0
Oman,Morocco,1,68.0,-1.1409883720930232,-1.4000000000000001,0.663517441860465,1.0,-0.011722635795829212,-4.555959302325576,5.0,-0.10352809749780499,-0.026730145951721827,0
Comoros,Saudi Arabia,1,48.0,0.21616161616161622,0.8,0.2969696969696969,0.6000000000000001,-0.0018100375403092752,26.062626262626267,26.60000000000001,-0.004186142260896445,-0.01867476472580845,0
Kuwait,Jordan,1,69.0,-0.4465737514518002,0.19999999999999996,0.056329849012775934,-0.7999999999999998,-0.0074354493307929904,11.131823461091756,24.0,-0.007877117876781279,0.009507165300232028,0
United Arab Emirates,Egypt,1,33.0,-0.21517027863777094,0.0,0.16253869969040247,0.8,0.0003827991677770766,-14.422600619195052,-54.599999999999994,-0.0006799681139771606,-0.0008214961733399861,0
Bahrain,Algeria,1,56.0,-1.089189189189189,-1.4,0.46621621621621623,0.7999999999999999,-0.009416521931990949,-10.34256756756757,-11.199999999999989,-0.009353512679611691,-0.023931828938943318,0
Sudan,Iraq,1,60.0,-0.9453703703703703,-0.7999999999999999,-0.13518518518518519,0.20000000000000007,-0.011065394769419938,5.263888888888886,-2.3999999999999915,-0.008951078905456437,-0.013825608248084995,0
Qatar,Tunisia,1,11.0,0.37777777777777777,-0.5999999999999999,0.8031746031746032,-0.3999999999999999,0.005435181802960872,-6.253968253968253,17.60000000000001,-0.0012757912120983407,-0.02769740548068355,0
Syria,Palestine,1,-9.0,0.6291666666666667,1.5999999999999999,-0.01041666666666674,-0.6000000000000001,0.00318021282714984,25.32291666666667,42.60000000000001,0.0005763845520686244,0.00810938994762523,0
Morocco,Saudi Arabia,0,-49.0,0.9038208168642949,0.6000000000000001,-0.671277997364954,-0.6000000000000001,0.0071929687836965045,15.19433465085639,27.39999999999999,0.09745842737687468,-0.002809589746785395,0
Oman,Comoros,0,-29.0,-0.35962566844919786,-1.6,-0.3663101604278076,-1.2,-0.0018189759755179464,-14.826203208556151,-3.799999999999997,0.0036922049079958358,0.012527656050982624,0
Egypt,Jordan,1,-32.0,0.05049833887043187,-1.4000000000000001,-0.5880398671096346,-1.4,-0.003824439790774962,21.039867109634542,18.799999999999997,-0.0014490982814157997,-0.001500826192858986,0
United Arab Emirates,Kuwait,0,-68.0,0.32600732600732596,-1.0,-0.5329670329670328,-0.19999999999999996,0.004173313109362245,-3.005494505494511,-34.199999999999996,0.0064927398531355734,-0.00907126430982801,0
Algeria,Iraq,0,-23.0,0.6777920410783054,1.0,-0.13735558408215665,0.0,0.004385707936917407,12.921694480102687,15.199999999999989,0.002132266627126459,0.003593104023224436,0
Bahrain,Sudan,0,-27.0,0.4904181184668991,0.4,0.4843205574912893,0.8,0.00552766826989793,-1.7778745644599354,32.60000000000001,0.001715705735871688,-0.008260537860003815,0
Morocco,Syria,0,-76.0,0.573083778966132,0.0,-0.7388591800356505,0.0,0.008865139905086965,-16.919786096256672,-24.39999999999999,0.10043374850814522,0.0036500772847164326,0
Palestine,Saudi Arabia,1,36.0,-0.2882635552505147,-0.6,0.0652024708304737,-0.4,-0.00491583180745688,7.7494852436513355,27.799999999999997,-0.005061554219092171,-0.006570848291263212,0
Jordan,Iraq,0,8.0,0.20238095238095233,1.0,0.3203463203463204,0.6000000000000001,0.00413753932324816,-7.4567099567099575,-9.199999999999989,-0.0008834152163420296,0.007428276284989731,0
Algeria,United Arab Emirates,1,-32.0,0.6564102564102563,1.0,-0.10576923076923073,-0.9999999999999999,0.004355021934467504,12.02820512820513,21.0,0.007423243891380535,0.019793570495309873,0
Morocco,United Arab Emirates,0,-56.0,0.4717770034843203,0.40000000000000013,-0.5066202090592334,-1.2,0.0044887542708343525,3.4480836236933783,18.0,0.09288714465629558,0.016171585412057717,0
Saudi Arabia,Jordan,1,-6.0,-0.5250000000000001,-0.8000000000000003,-0.18194444444444446,0.19999999999999996,-0.005769603438859822,-3.9638888888888886,-3.6000000000000085,-0.00406743330292355,-0.021991062470361457,0
Jordan,Morocco,1,55.0,-0.3659420289855073,0.3999999999999999,0.856280193236715,0.2,-0.0014449995981461183,-10.903381642512073,-9.400000000000006,-0.08681751235299691,0.017452578004867,0
Morocco,Comoros,0,-97.0,0.7366795366795365,-0.6000000000000001,-1.0231660231660231,-2.0,0.009819102736044857,-10.708108108108107,-11.0,0.0947681622678569,0.030950565120809497,0
Mali,Zambia,1,-38.0,0.5666666666666667,1.5999999999999999,-0.5666666666666668,-1.0,0.004205794205794205,9.666666666666671,29.60000000000001,0.00515225485659241,0.018075036075036077,0
South Africa,Angola,0,-28.0,0.3291753291753292,0.3999999999999999,-0.042966042966043005,-0.9999999999999999,0.0025100306355825223,6.631323631323625,10.799999999999997,0.01407647241854574,0.006430072058478953,0
Egypt,Zimbabwe,0,-94.0,0.9722222222222223,0.0,-0.3722222222222221,0.40000000000000013,0.008383382175272224,13.99444444444444,-5.6000000000000085,0.007027097131685126,-0.007891367658027316,0
DR Congo,Benin,0,-36.0,0.13929313929313936,0.0,-0.7130977130977131,-0.5999999999999999,0.0012436935764194284,2.07692307692308,-30.0,0.007600448971651231,0.012210696388725961,0
Senegal,Botswana,0,-119.0,1.1282352941176472,3.0,-0.9294117647058823,-0.8,0.012489386487081491,-2.3752941176470586,-8.799999999999997,0.06314199160397677,0.018906061210095308,0
Nigeria,Tanzania,0,-74.0,0.8843813387423937,1.7999999999999998,-0.08823529411764708,-0.8,0.008868545913247903,8.299188640973625,4.200000000000003,0.009917614606976178,0.021498722656217908,0
Tunisia,Uganda,0,-44.0,0.21296296296296302,0.6000000000000001,-0.6296296296296297,-0.19999999999999996,0.003992615666200764,-14.68518518518519,-52.00000000000001,0.016585068464588078,0.04082304359858008,0
Cameroon,Gabon,0,-21.0,-0.1200000000000001,-1.2000000000000002,-0.5666666666666665,-0.9999999999999999,-6.0028738758682865e-05,-7.926666666666662,2.200000000000003,0.0028478161556306173,-0.007402705861924971,0
Ivory Coast,Mozambique,0,-60.0,0.4836601307189541,1.2,-0.8316993464052289,-0.8,0.005167727149740448,-2.209150326797385,-15.200000000000003,0.01794433199323435,0.009902892561968612,0
Algeria,Sudan,0,-83.0,1.6043103448275864,1.4,-0.15603448275862064,-1.2000000000000002,0.015482571958410941,7.723275862068974,4.400000000000006,0.012512840236887155,0.020641289297123614,0
Burkina Faso,Equatorial Guinea,0,-35.0,0.5833333333333333,1.6,-0.17911877394636022,-1.0,0.006275612431775735,-3.787356321839084,5.599999999999994,0.001273139063468683,0.02157042417822439,0
Zambia,Comoros,1,-18.0,-0.10752688172043001,-0.3999999999999999,-0.2831541218637992,-1.1999999999999997,-0.0005450631546249293,-4.143369175627242,23.200000000000003,0.0020371892977434324,0.008029710189823045,0
Morocco,Mali,1,-42.0,0.33106960950764,0.0,-0.21816638370118846,-0.6,0.006326376326036689,-14.179966044142617,-25.60000000000001,0.08625708325425031,0.02022540197836132,0
Angola,Zimbabwe,1,-40.0,0.3170426065162908,0.3999999999999999,-0.3220551378446115,0.20000000000000018,0.0026187798658027055,8.125313283208015,6.200000000000003,0.0038247549467746427,-0.0031742579693132718,0
Egypt,South Africa,0,-26.0,0.3047297297297298,-0.8,-0.016216216216216273,0.7999999999999999,0.002710965321245519,1.9074324324324294,-0.8000000000000114,-0.010694960794840114,-0.01257336844462371,0
Uganda,Tanzania,1,-27.0,0.43571428571428583,0.19999999999999996,0.32380952380952377,0.0,0.002934990463793829,18.849999999999994,1.5999999999999943,-0.0006455387568864712,0.0076873332794438615,0
Nigeria,Tunisia,0,-3.0,0.1884169884169884,0.8,0.2386100386100386,-0.19999999999999996,0.0013769840836461884,4.097297297297288,33.8,-0.0060842880376316515,-0.022622425803165844,0
Benin,Botswana,0,-46.0,0.11396011396011385,0.4,-0.16524216524216517,-0.6000000000000001,0.0016330133509875298,-3.064102564102555,24.4,0.0031939596878565804,0.0063093277004038165,0
Senegal,DR Congo,1,-37.0,0.9037593984962407,3.0,-0.12180451127819553,0.2,0.00943752511048614,1.5714285714285694,22.0,0.05046124419763607,-0.0138260582596837,0
Equatorial Guinea,Sudan,1,-20.0,0.4,-0.19999999999999996,0.2333333333333334,0.0,0.0032524011527277014,10.666666666666671,32.400000000000006,0.001111487357069521,-0.009932873460910844,0
Algeria,Burkina Faso,0,-28.0,0.6493078444297959,-0.19999999999999973,-0.2709294660514172,-0.4,0.006144550843593253,1.8991430454845073,-23.0,0.009677197556038311,-0.0005160979473245071,0
Gabon,Mozambique,1,-24.0,0.20439560439560434,0.5999999999999999,-0.07252747252747249,0.40000000000000013,0.00146941746952816,4.120879120879124,-23.0,0.0007702393032259468,0.00980848476524479,0
Ivory Coast,Cameroon,1,-15.0,0.3696599825632083,2.0,-0.18482999128160416,-0.2,0.0034208620452676943,2.1351351351351298,14.799999999999997,0.013424333078795356,0.008546906069266962,0
Angola,Egypt,1,54.0,-0.6336032388663968,0.0,0.10863697705802966,0.19999999999999996,-0.005450161368104759,-7.111336032388664,-25.39999999999999,-0.0048757765248625875,-0.006660691305624317,0
Zimbabwe,South Africa,1,68.0,-0.6175166297117516,-0.6000000000000001,0.376940133037694,1.0,-0.005001071264280897,-13.563192904656319,-19.799999999999997,-0.017698899959598516,-0.0061768816569672015,0
Morocco,Zambia,0,-80.0,0.8894230769230771,1.2,-0.7147435897435898,-1.0,0.010654682789834688,-5.027243589743591,-9.200000000000003,0.08894244196129358,0.02866337786587849,0
Comoros,Mali,1,56.0,-0.45270270270270263,-1.6,0.7804054054054055,1.0,-0.0039714832698975605,-3.7060810810810807,-39.800000000000004,-0.009042738505982306,-0.036256854256854265,0
Uganda,Nigeria,1,47.0,-0.49329501915708796,-1.7999999999999998,0.40038314176245215,1.2000000000000002,-0.006462296109779652,10.252873563218401,-0.3999999999999915,-0.01258383404377664,-0.03241194242480498,0
Tanzania,Tunisia,1,71.0,-0.702886247877759,-1.0,0.29541595925297115,0.6000000000000001,-0.007549836439593538,-4.890492359932082,1.3999999999999915,-0.015787557857690256,-0.01855392156862745,0
Benin,Senegal,1,73.0,-1.0476190476190477,-2.8000000000000003,0.7777777777777778,1.0,-0.011062364508236337,-2.099206349206341,1.7999999999999972,-0.05708349782622505,-0.009806151733118433,0
Botswana,DR Congo,1,82.0,-0.3162393162393162,-0.6,0.8547008547008547,1.4,-0.003682125914027834,1.6125356125356234,10.199999999999989,-0.012798248959779822,-0.03574049280214169,0
Equatorial Guinea,Algeria,1,63.0,-1.2465437788018434,-2.0,0.4877112135176651,1.4,-0.012686987733982882,2.012288786482344,32.0,-0.012844326476982767,-0.03334004440063411,0
Sudan,Burkina Faso,1,55.0,-0.9397283531409167,-1.8000000000000003,-0.058573853989813296,0.6000000000000001,-0.009243938221595863,-6.272495755517824,-32.599999999999994,-0.0022807291955735144,-0.01044464162476585,0
Gabon,Ivory Coast,1,36.0,-0.25536062378167657,0.40000000000000013,0.8128654970760234,1.8000000000000003,-0.003422195144182568,5.603313840155948,9.799999999999997,-0.017640414349874442,-0.0129187565319832,0
Mozambique,Cameroon,1,45.0,-0.06944444444444442,0.3999999999999999,0.6597222222222223,0.7999999999999999,-0.0012398299014864996,3.6909722222222285,12.600000000000009,-0.004331586707751382,-0.006252380947919635,0
Senegal,Sudan,0,-98.0,1.514358108108108,2.6,-0.5405405405405406,-1.4,0.016182927427385804,2.607263513513516,12.0,0.0570786228071327,0.0137600139344739,0
Mali,Tunisia,1,12.0,0.3892773892773893,-0.40000000000000013,-0.13752913752913754,-0.3999999999999999,0.001960064700232236,12.899766899766902,0.5999999999999943,-0.0038010146450285255,0.014168370380593806,0
Morocco,Tanzania,0,-101.0,1.475,1.2,-0.63125,-1.4,0.015866452606959663,7.325000000000003,13.0,0.09153628815378029,0.02673769006917024,0
South Africa,Cameroon,1,4.0,0.03463203463203457,1.4000000000000001,0.015151515151515138,0.4,-0.00026162258326138665,4.158008658008654,19.200000000000003,0.01181295195591689,0.002429940590737485,0
Egypt,Benin,0,-57.0,0.6666666666666667,0.6000000000000001,-0.5667550839964632,-1.2000000000000002,0.005129370984206454,13.060123784261705,18.200000000000003,0.005535691262101648,0.015371667915613271,0
Nigeria,Mozambique,0,-64.0,0.2702702702702702,1.4000000000000001,-0.5405405405405405,-0.40000000000000013,0.0037541185260336236,-5.702702702702709,1.5999999999999943,0.010787001083898138,0.02935975065563349,0
Algeria,DR Congo,0,-22.0,0.9825581395348837,0.6000000000000001,0.16918604651162794,0.0,0.008705901779972441,8.372674418604646,11.400000000000006,0.0035214491636817793,-0.003063947192038216,0
Ivory Coast,Burkina Faso,0,-20.0,0.20512820512820507,-0.6000000000000001,-0.33333333333333337,0.0,0.002116245589226306,-0.0769230769230802,-14.799999999999997,0.013285177189304866,0.0012873024476647427,0
Mali,Senegal,1,34.0,-0.4551083591331271,-2.4000000000000004,0.14396284829721367,0.6,-0.006126505844019969,6.900928792569658,-38.800000000000004,-0.047235420438017345,0.011109654563350065,0
Morocco,Cameroon,0,-46.0,0.6614060258249641,0.8,-0.43328550932568144,-0.20000000000000007,0.008091270202863921,-4.470588235294116,17.400000000000006,0.082700382993174,0.0021979680335150534,0
Algeria,Nigeria,1,-4.0,0.5729665071770336,-0.8,-0.19377990430622005,-0.6,0.004676004948232497,6.309808612440193,-0.20000000000000284,0.004620387344740427,-0.001575247168023347,0
Egypt,Ivory Coast,0,-7.0,-0.10000000000000009,-0.8,0.09999999999999998,0.4,-0.001763639910470443,4.174999999999997,11.800000000000011,-0.010304431502265232,-0.01109963012086929,0
Senegal,Egypt,0,-16.0,0.37085678549093193,0.40000000000000013,-0.31894934333958724,-0.4,0.005394564596162204,-7.237648530331455,8.600000000000009,0.04790376548709972,-0.006651919157847051,0
Morocco,Nigeria,1,-27.0,0.43040293040293065,-0.9999999999999998,-0.5164835164835165,-0.6000000000000001,0.005164978244937279,-1.6831501831501896,9.400000000000006,0.07491561206478538,-0.018773518791484853,0
Egypt,Nigeria,1,-3.0,0.09047619047619038,-1.0,-0.0892857142857143,0.20000000000000007,-0.0006510608113883126,8.552380952380943,6.0,-0.005611978164930399,-0.030513489816243723,0
Morocco,Senegal,0,-8.0,-0.051744186046511764,-0.40000000000000013,-0.07790697674418606,-0.2,0.00010785043380488746,-2.6767441860465198,-0.3999999999999915,0.02834473690489947,-0.012171376649486407,0
Bolivia,Panama,1,46.0,-0.7571428571428571,-1.4,0.7383116883116883,0.8,0.0002575181057056612,-35.381168831168836,-73.8,0.010486676733062729,0.10678526693383167,1
Grenada,Jamaica,1,94.0,0.0,2.0,0.8125,0.0,-0.005225399022661394,44.35416666666667,80.19999999999999,-0.011257148644371585,0.002411368572059572,1
Panama,Mexico,1,17.0,-0.0009070294784581101,1.0,0.15918367346938767,-1.0,-0.007666858054226476,18.260770975056687,74.4,-0.007395415516046583,-0.006838587472204248,1
Bolivia,Mexico,1,60.0,-0.73,-0.19999999999999996,0.8966666666666667,0.40000000000000013,-0.006936690211509066,-17.014444444444443,8.400000000000002,0.0022328586862798774,-0.02350439882697947,1
Mexico,Iceland,0,-58.0,-0.196078431372549,-0.8,-0.696969696969697,-1.6,0.001145012705053329,-9.2620320855615,0.7999999999999972,-0.009855968943177106,-0.05713482708989771,1
Bolivia,Trinidad and Tobago,0,-21.0,-0.817889317889318,-1.2,0.3442728442728442,0.8,0.00607502540885152,-64.48519948519949,-87.0,0.023443951521572002,-0.0034823020117137754,1
Kazakhstan,Namibia,0,-4.0,0.4216589861751151,0.7999999999999999,0.45276497695852536,-0.8,0.006859663877945495,-14.897465437788028,-26.599999999999994,0.003677280973813221,0.03111577964519141,0
Equatorial Guinea,Kyrgyzstan,0,4.0,-0.06971153846153855,-1.0,-0.4110576923076923,0.19999999999999996,-0.0026587267183487955,15.771634615384613,30.999999999999993,0.003939415220691364,-0.01588294944227148,1
Puerto Rico,Guam,0,-45.0,1.4673913043478262,-0.15000000000000002,-0.6413043478260869,-0.04999999999999982,0.010121867860827891,-14.358695652173907,-48.55,0.005097451957114675,0.001106121128825196,0
Bermuda,DR Congo,1,121.0,0.43433395872420255,-0.3999999999999999,1.9915572232645404,3.1999999999999997,-0.0010611608353675098,42.38086303939964,23.0,-0.016359749923133958,-0.024273929787352787,1
Cyprus,Belarus,1,30.0,0.1333333333333333,1.4,0.5999999999999999,-0.3999999999999999,-0.00020256452235008215,12.0,61.4,-0.008148188485199239,-0.004403131115459882,1
Brazil,France,1,2.0,-0.5858585858585859,-0.7999999999999998,0.25757575757575746,0.19999999999999996,0.0024731275922130203,-13.333333333333332,-48.2,-0.051829599561291476,0.021321661154829953,1
Colombia,Croatia,1,3.0,-0.10127591706539074,0.3999999999999999,-0.08931419457735246,0.20000000000000007,0.022447725736754798,-25.195374800637957,-65.6,0.09912069279650687,0.06659952256309265,1
Moldova,Lithuania,1,12.0,0.12988505747126433,0.20000000000000007,0.46781609195402285,1.7999999999999998,0.0012588492086545878,2.5160919540229827,20.4,0.006315996619733251,-0.0010137149672033393,1
Ukraine,Sweden,1,-12.0,-0.4545454545454546,1.6,0.030303030303030276,-0.19999999999999996,-0.0013177992180103057,-13.363636363636367,25.200000000000003,0.025235276031163954,0.018772701528479672,0
New Caledonia,Jamaica,1,80.0,1.2176870748299318,0.6000000000000001,-0.21496598639455788,0.6,0.0012631993465281495,65.17823129251701,28.0,-0.005563361159896909,0.0006391396822374423,0
Bolivia,Suriname,0,-47.0,-0.7521929824561404,-1.0,0.7587719298245614,0.19999999999999996,0.007637036138733929,-68.33333333333333,-43.8,0.02877582980664776,-0.009364664821234785,0
Italy,Northern Ireland,0,-56.0,0.7411764705882353,1.9999999999999998,0.09411764705882364,0.8,0.019410153122304256,-17.562745098039215,51.8,0.08518093053822157,0.003920772182933217,0
Wales,Bosnia and Herzegovina,1,-36.0,0.35862068965517246,-0.20000000000000018,-0.6942528735632185,0.40000000000000013,0.0030356798244404876,7.109195402298852,-15.200000000000003,0.023635671260756042,-0.014132858021474614,0
Vietnam,Bangladesh,0,-72.0,0.6714285714285714,0.8000000000000003,0.0,-0.3999999999999999,0.006653685786000998,-22.080952380952397,14.399999999999977,0.0043128879800639714,0.005223441952471609,1
Poland,Albania,0,-29.0,0.3570075757575757,0.6000000000000001,0.4289772727272727,0.0,0.00613688459036784,-4.873106060606062,12.0,0.02542767892446538,0.021817877720518034,0
Georgia,Israel,1,-4.0,0.4346917450365726,-0.6000000000000001,-0.21316614420062696,-0.3999999999999999,0.010499352863884884,-8.090909090909093,-30.0,-0.016017642323890684,0.0019268402830046666,1
Slovakia,Kosovo,1,-35.0,-0.03144016227180524,-0.3999999999999999,-0.005070993914807476,1.4000000000000001,0.0006239048586819881,-3.811359026369175,32.0,0.029362086703200535,-0.04550167563277184,0
Aruba,Macau,0,-2.0,1.1333333333333333,1.0,-0.033333333333333215,-0.20000000000000018,0.007987826973623272,-28.166666666666657,-25.0,0.004899542456144203,0.00790603237342368,0
Czech Republic,Republic of Ireland,1,-16.0,0.8121212121212122,0.40000000000000013,-0.303030303030303,-0.4,0.0023775699285273136,30.881818181818176,71.8,-0.014933661738815295,-0.11057226334682314,0
Denmark,North Macedonia,0,-45.0,0.46078431372549034,1.8000000000000003,-0.3666666666666667,-0.20000000000000018,0.014552613740733517,-25.96666666666667,-36.599999999999994,0.025272575090775275,0.007251422311742084,0
Turkey,Romania,0,-24.0,0.06470588235294117,0.19999999999999973,0.5159663865546218,0.6000000000000001,0.021807357969760643,-47.83193277310925,-68.6,0.05683096498168859,0.18685515621519388,0
Tanzania,Liechtenstein,1,-95.0,0.37272727272727274,1.0,-1.66969696969697,-1.9999999999999998,0.004918042939511111,-7.730303030303034,1.6000000000000014,0.009057022012259011,0.007230989956958393,0
Bahamas,Anguilla,1,-3.0,0.33333333333333337,0.19999999999999996,1.6666666666666665,2.3999999999999995,0.0026899788234301075,-22.799999999999983,-1.0,-0.001742194812150953,-0.0029556650246305416,0
Cayman Islands,British Virgin Islands,1,-13.0,-0.11764705882352944,-0.6000000000000001,0.21266968325791846,0.0,-0.0008218761431244195,3.5520361990950278,-2.4000000000000057,0.0018962608793230726,-0.001743334988112375,0
Dominican Republic,El Salvador,1,43.0,1.5086580086580086,0.39999999999999997,-0.20454545454545459,-1.0000000000000002,0.008627155430107721,39.53030303030303,4.200000000000003,0.0012972911369483753,0.004968625944423101,0
Guinea,Togo,1,-44.0,0.5889328063241106,1.2,-0.24769433465085644,-0.19999999999999996,0.004672683057972431,10.483530961791828,10.199999999999989,0.00539070501181845,0.012741672018328338,0
Argentina,Mauritania,0,-113.0,1.4386554621848742,2.1999999999999997,-0.8050420168067227,-1.4000000000000001,0.03448965476027765,-36.22436974789917,-12.400000000000006,0.09183755326039132,0.02952561627396443,1
Austria,Ghana,0,-48.0,0.8308823529411766,1.6,-0.2408088235294118,0.0,0.01790360229674567,-26.59375,38.599999999999994,0.045256808291019676,-0.002453968253968257,1
Greece,Paraguay,1,6.0,0.9666666666666667,-0.19999999999999996,-0.10000000000000009,0.8000000000000003,0.00075784004212269,32.49999999999999,22.2,-0.09419062469045802,-0.04993795167530475,1
Algeria,Guatemala,0,-66.0,1.062532299741602,0.0,-0.3839793281653747,-0.6,0.008506018717452737,17.19276485788113,-7.599999999999994,0.010904462732990342,0.012083521555148823,1
England,Uruguay,1,-13.0,0.7447447447447446,2.5999999999999996,-0.21021021021021025,-1.2,0.005709497206703905,12.91516516516517,2.6000000000000014,-0.09394104390076749,0.03650134484490676,1
South Africa,Panama,1,27.0,-0.037917087967644036,0.19999999999999996,-0.3351870576339737,0.3999999999999999,-0.006950776944251936,30.368554095045496,-3.0,-0.003450750559117543,0.0014322228468346757,1
Montenegro,Andorra,0,-90.0,0.8,0.6,-0.10000000000000009,0.6000000000000001,0.011226374827822532,-12.73333333333332,26.200000000000003,0.012203936794704435,0.002894020868688108,1
Morocco,Ecuador,1,-15.0,0.9883116883116883,0.8,-0.23636363636363633,-0.4,-0.004349778033561232,48.71168831168831,34.599999999999994,-0.06872159256056067,-0.5816684244548022,1
Netherlands,Norway,0,-25.0,-0.26111111111111107,-1.7999999999999998,0.04999999999999982,-0.20000000000000007,0.005653347982676173,-15.172222222222217,21.39999999999999,0.017474393695054893,-0.059051369220293734,1
Saudi Arabia,Egypt,1,30.0,-0.4674893213099194,0.19999999999999996,0.2937826293308021,0.19999999999999996,-0.0015957239128227968,-20.151400094921684,16.0,-0.0021374355593011506,-0.008917310057705553,1
Spain,Serbia,0,-38.0,1.4873054873054874,2.6,-0.16543816543816536,-1.6,0.0442733427201905,-16.14660114660115,-22.000000000000007,0.13282571045047029,0.04652140945911081,1
Libya,Niger,1,1.0,0.10185185185185186,0.19999999999999996,-0.4120370370370371,-1.2000000000000002,-0.0013394316148053354,19.06481481481481,54.0,0.0027820132297232854,-0.00014556936641816655,0
Switzerland,Germany,1,8.0,-0.11269841269841252,-1.2000000000000002,-0.16587301587301595,0.2,-0.03344745429021109,25.688888888888886,-25.200000000000003,-0.11357162209668037,0.009867869551088086,1
Russia,Nicaragua,0,-95.0,1.1314814814814813,1.4,-0.7333333333333333,-1.2000000000000002,0.018025191606985798,-28.29629629629629,-19.200000000000003,0.02449047382588075,0.04239102373367871,1
Uzbekistan,Gabon,0,-34.0,0.08333333333333326,0.20000000000000018,-0.8055555555555556,-1.8000000000000003,0.006416624748490944,-26.76190476190476,-24.999999999999993,0.018917424961488852,0.039372025728408706,0
Costa Rica,Jordan,1,-13.0,-0.048404255319148826,-0.6000000000000001,-0.03031914893617005,0.19999999999999996,-0.0012268989608891084,2.2835106382978694,28.199999999999996,0.0002177852857782915,-0.029466731009580912,1
Liberia,Benin,1,48.0,0.0,0.7999999999999999,0.3151515151515152,-0.19999999999999996,-0.0009471750476115568,7.663636363636357,30.200000000000003,-0.006802871240891856,0.004812411823800743,0
Indonesia,Saint Kitts and Nevis,0,-32.0,-0.11515863689776729,-1.4,-0.6016451233842539,-2.0,0.004714253410521707,-66.00822561692127,-102.19999999999999,0.004669685293813948,0.006322308295992505,0
Australia,Cameroon,0,-18.0,0.44107142857142856,-0.19999999999999996,-0.1071428571428571,0.3999999999999999,0.009914570929060722,-19.02321428571429,-21.4,0.01439549988722106,0.0022213652784953686,0
Azerbaijan,Saint Lucia,0,-40.0,-0.4913793103448276,-0.20000000000000007,0.3318965517241379,-0.7999999999999998,0.003927911015370624,-90.15732758620689,-112.6,0.0014294538691996036,0.004283216783216784,0
Chile,Cape Verde,0,-12.0,0.05555555555555558,-0.40000000000000013,0.18055555555555558,0.19999999999999996,0.016621729676173255,-52.43055555555556,-45.4,0.009185429863835002,0.024147083361646553,0
Solomon Islands,Bulgaria,1,65.0,0.9733333333333333,1.0,-0.43999999999999995,-1.2000000000000002,3.6501334501389676e-06,95.76666666666667,124.39999999999999,-0.0031951855742658793,-0.004890446976336547,0
Kenya,Estonia,1,-16.0,0.4040404040404041,0.0,-0.7441077441077439,0.7999999999999998,-0.0011479585911065328,42.925925925925924,7.0,0.005552902695001287,-2.0492395840891742e-05,0
Rwanda,Grenada,0,-34.0,-0.8347826086956521,-2.8,-0.7495652173913043,0.5999999999999999,-0.003883495145631068,-47.913043478260875,-90.00000000000001,0.00781800155237353,-0.008384123467840414,0
Venezuela,Trinidad and Tobago,0,-47.0,-0.4803779069767442,-0.5999999999999999,-0.3313953488372092,1.0,0.011692349923328854,-59.42732558139535,-98.0,0.0627152258805278,0.013851031321619559,0
Guyana,Dominica,0,-32.0,0.943529411764706,1.4,-0.6564705882352939,0.19999999999999996,0.0078055126681233124,-22.22823529411764,-34.20000000000002,0.0043261876612761705,0.006344289768202812,0
Iran,Nigeria,1,-6.0,0.6390243902439026,-0.6000000000000001,-0.11080139372822295,0.2,0.006912648720348181,1.357491289198606,23.4,0.003231733779640693,-0.037338851747181316,1
New Zealand,Finland,1,10.0,0.8923611111111112,-0.7999999999999999,-0.587962962962963,0.0,0.010556911986978258,3.9895833333333286,-80.0,0.0029939226314069384,-0.001174690224280209,0
Mexico,Portugal,1,10.0,-1.1474358974358974,-1.6,0.11965811965811957,-0.9999999999999999,-0.018690931734409996,-3.75,-13.800000000000004,-0.04411796593623686,0.011245177657665292,1
Scotland,Japan,1,19.0,-1.4242424242424243,0.6000000000000001,0.7575757575757576,0.19999999999999996,-0.013119896165702239,-17.39393939393939,19.6,-0.009232374832647536,-0.06433375331939314,1
Burkina Faso,Guinea-Bissau,0,-71.0,0.7942307692307692,0.7999999999999999,-0.2961538461538462,0.0,0.00814135189135189,1.4307692307692292,-38.8,0.006927514991291545,0.013081246786598234,1
Canada,Iceland,1,-45.0,-0.1702786377708978,-0.7999999999999999,-0.8173374613003096,-2.4,0.001789854777691901,-9.5015479876161,-10.800000000000004,0.007930844882132027,-0.04944294251228197,1
Hungary,Slovenia,0,-16.0,0.10649350649350642,1.6,0.4207792207792207,0.40000000000000013,0.004441327723235158,-7.316883116883119,5.799999999999997,-0.01679732919405403,0.03263196540752223,1
Ivory Coast,South Korea,0,15.0,-0.2522648083623691,0.6000000000000001,-0.178397212543554,-0.19999999999999996,-0.010116550116550115,24.40766550522649,25.799999999999997,-0.008180132170534649,-0.02095389460698122,1
San Marino,Faroe Islands,1,85.0,-0.3666666666666667,-1.4,1.7333333333333332,4.2,-0.004711685069444848,10.466666666666654,-7.0,-0.007610658423575542,-0.031117082065847634,1
American Samoa,Guam,1,-17.0,-0.09999999999999998,-0.09999999999999998,4.65,4.65,-0.0008421291919176259,13.449999999999989,13.449999999999989,-0.0031088082901554403,-0.0031088082901554403,0
Senegal,Peru,0,-41.0,1.461890243902439,1.0,-0.6128048780487805,-1.0,0.00871292745022975,48.849847560975604,21.200000000000003,0.0383569304982968,0.03344688945181152,1
Kyrgyzstan,Madagascar,1,-1.0,-0.22222222222222232,-0.8,0.40740740740740744,0.0,0.0006670960618329023,-25.037037037037024,-34.599999999999994,-0.001591639853036007,-0.0024092368126013425,1
Botswana,Zimbabwe,1,12.0,0.03105590062111796,-0.9999999999999999,0.23913043478260865,0.0,-0.000323934482571165,6.159937888198755,11.600000000000001,-0.0004882113974632226,-0.01131651674722836,0
Namibia,Comoros,1,12.0,-0.6424682395644282,-0.2,-0.023593466424682408,1.2000000000000002,-0.006338746409932407,-4.357531760435577,46.8,0.0008891932663171644,-0.005971387103462575,0
United States,Belgium,1,6.0,-0.19647058823529395,-1.2000000000000002,0.20705882352941185,0.20000000000000007,0.0017622453345908368,-7.788235294117648,-81.6,-0.008150486657476343,0.08992255350166162,1
Haiti,Tunisia,1,36.0,0.7,-0.19999999999999996,0.5,0.0,0.0030928044130769834,23.950000000000003,15.200000000000003,-0.010671631488926199,0.003007237471137226,1
Aruba,Liechtenstein,0,-14.0,1.2419354838709677,1.2000000000000002,-0.6129032258064515,-1.4,0.007156923919546176,60.45564516129032,87.4,0.00338666728834932,0.003469197900545051,0
Armenia,Belarus,1,7.0,0.13118279569892477,-0.20000000000000007,0.5870967741935487,0.7999999999999998,0.0028353462316310137,-5.566666666666663,-11.0,-0.0025170999462234243,-0.008854166666666665,1
Colombia,France,1,11.0,-0.37006237006236997,-0.7999999999999998,-0.017325017325017344,-0.20000000000000007,0.005589382505388249,-10.876645876645881,-38.39999999999999,0.051314006436837145,-0.07303340930396976,1
Lithuania,Georgia,1,73.0,-1.0464895635673626,-0.20000000000000007,-0.04269449715370022,-1.1999999999999997,-0.02213721765057291,25.948766603415564,30.4,-0.023867783912740397,0.0037641683211303463,1
Dominican Republic,Cuba,1,-24.0,1.4559386973180075,0.0,-0.6130268199233715,-1.2,0.009962721947488172,17.754789272030663,-71.60000000000001,0.002858942874887368,0.003330291379259268,0
Macau,Tanzania,1,83.0,-0.31550802139037437,-0.19999999999999996,1.2433155080213907,1.2,-0.005479553773444803,91.98930481283422,109.80000000000001,-0.010112206807560446,-0.007230989956958393,0
Barbados,Saint Vincent and the Grenadines,1,7.0,-0.6990476190476191,-2.0,1.2742857142857145,0.19999999999999996,-0.005314497455047473,11.923809523809524,24.80000000000001,-0.007432812493968546,-0.0076446112587615364,0
British Virgin Islands,Anguilla,0,-1.0,0.36111111111111116,1.0,-0.6111111111111112,-1.6,0.0023206377814758107,-7.7847222222222285,-6.599999999999994,0.0003367923327696441,0.0011899427433408015,0
Cayman Islands,Bahamas,0,-11.0,0.0625,0.7999999999999999,-2.1160714285714284,-3.2,-0.00026219810392472207,18.053571428571416,2.799999999999983,0.004642425523828347,0.0038323518586676486,0
Cape Verde,Finland,1,-8.0,-0.026208026208026203,0.19999999999999996,-0.5487305487305487,0.40000000000000013,-0.003730832420591454,19.54954954954954,-39.2,0.007915143381519813,0.006647982058266406,0
Cyprus,Moldova,0,-30.0,0.1655913978494623,1.0,0.1924731182795698,-0.40000000000000013,0.001898217889484596,0.11182795698924508,24.400000000000006,-0.007480448383705357,0.004046481287640892,1
Germany,Ghana,0,-62.0,0.7444717444717444,2.0,0.031122031122031046,-1.0,0.056031136737174025,-62.67076167076167,3.799999999999997,0.15145377234683297,0.057145711937845504,1
Azerbaijan,Sierra Leone,1,7.0,-0.20303030303030312,0.6000000000000001,0.6212121212121211,1.4000000000000001,0.0028920773730236847,-35.139393939393926,-58.60000000000001,0.0003195757496895907,-0.0051523005172457535,0
Indonesia,Bulgaria,1,35.0,0.29541595925297104,-1.4000000000000001,-0.14855687606112045,-1.0,-0.0005849495361158405,24.73853989813243,24.39999999999999,-0.00042739221939304926,-0.00683697881066302,0
Rwanda,Estonia,0,1.0,-0.11519607843137247,-0.6000000000000001,-1.0343137254901962,-1.2000000000000002,-0.0041482490063577526,20.669117647058826,7.800000000000011,0.008884888240770945,0.0009789875919932415,0
Saint Kitts and Nevis,Solomon Islands,0,2.0,-0.40384615384615374,0.8,0.6826923076923077,0.40000000000000036,-0.002421148301244614,-2.49679487179489,9.799999999999983,-0.0018054519845935322,0.0028708133971291866,0
Grenada,Kenya,1,51.0,0.13186813186813207,0.40000000000000013,0.5686813186813187,-0.7999999999999998,-0.0009123002609996572,22.92032967032968,37.0,-0.004682336063440676,0.0018539890198896927,0
Gabon,Trinidad and Tobago,1,-11.0,-0.01724137931034475,0.19999999999999996,-0.08463949843260199,0.5999999999999996,-0.0007194933199006111,3.496865203761743,-30.400000000000006,-0.006463343455244594,-0.006512605042016806,0
Uzbekistan,Venezuela,1,2.0,0.5004095004095006,0.0,-0.5397215397215397,-1.4,-0.006636435789495711,35.306306306306304,24.4,-0.04863986140421415,0.009509431143991207,0
Guyana,Belize,0,-30.0,0.8522267206477734,0.40000000000000013,-0.4858299595141702,-2.8,0.006472217393044922,-8.775303643724698,57.79999999999998,0.004845914415332407,0.006388511924148664,0
New Zealand,Chile,0,30.0,0.7023809523809523,-1.6,-0.0800865800865802,0.8,-0.004549392176835126,34.6082251082251,-6.399999999999999,-0.016358214868289426,-0.05974850893655488,0
England,Japan,1,-15.0,-0.7538699690402475,0.3999999999999999,-0.15634674922600622,-0.6000000000000001,-0.005299591386174814,-10.467492260061917,10.200000000000003,0.02267439795682266,-0.07466179384732724,1
Argentina,Zambia,0,-89.0,0.9318181818181819,1.4000000000000001,-0.792929292929293,-1.6,0.027967910935077715,-40.464646464646464,22.39999999999999,0.08828486570917381,0.02246638274819337,1
Austria,South Korea,0,2.0,0.2857142857142856,2.6,-0.11507936507936511,-1.2000000000000002,0.004894626597700163,-1.6634920634920576,60.8,0.022404124706575365,-0.013672988283370408,1
Benin,Guinea,0,12.0,-0.5588235294117647,-1.2000000000000002,0.32258064516129026,0.19999999999999996,-0.0037019740801300764,-15.476280834914604,-43.60000000000001,-0.0034671074638535186,-0.006803456723116606,0
Brazil,Croatia,0,-6.0,-0.3529411764705883,0.0,0.23529411764705888,0.3999999999999999,0.01857258790988567,-26.676470588235297,-71.0,-0.02747603021961839,0.0009542878041958608,1
Burkina Faso,Guinea-Bissau,1,-71.0,0.906052393857272,1.2000000000000002,-0.45709123757904235,-0.6000000000000001,0.00905697550299791,3.5420054200541955,-27.200000000000003,0.007428492990804315,0.011070785851652174,1
Canada,Tunisia,1,-18.0,0.16885553470919312,-0.8,0.24265165728580362,-0.6,0.014305830536468639,-37.54221388367729,-37.2,0.02991345590604945,0.018935931877794104,1
Costa Rica,Iran,1,31.0,-0.4837398373983739,0.3999999999999999,0.46612466124661245,0.0,-0.0038313157541572905,-7.121273712737121,24.199999999999996,-0.005525882583769175,0.001811635942049264,1
Equatorial Guinea,Madagascar,1,3.0,-0.3874458874458875,-2.0,-0.04329004329004338,0.0,-0.0026694229838982834,-9.778138528138541,-23.19999999999999,0.0025387167508319694,-0.015203463203463202,1
Morocco,Paraguay,0,-32.0,1.1189964157706092,0.19999999999999996,-0.6222222222222222,-1.2,-0.004165695262206188,52.72186379928316,26.199999999999996,-0.05861019695741994,-0.005005720823798625,1
Hungary,Greece,1,-5.0,-0.45351043643263744,0.6000000000000001,0.38804554079696396,-0.8,-0.0044536402841197364,-7.110056925996204,17.400000000000006,-0.025662389426387114,0.044389568020124996,1
Ivory Coast,Scotland,0,-1.0,0.3571428571428572,0.3999999999999999,-0.8095238095238095,-0.40000000000000013,-0.01011218765935747,43.38095238095238,5.399999999999999,-0.011102232436527332,-0.002848773750301764,1
Jordan,Nigeria,1,38.0,0.15773809523809534,0.19999999999999996,0.41369047619047616,0.8,0.003998413626402183,-8.351190476190482,2.3999999999999986,-0.006162570357849735,-0.0355120606236225,1
Liberia,Libya,1,28.0,-0.18633540372670798,0.3999999999999999,0.7236024844720497,0.7999999999999999,-0.0007147008913521817,-10.931677018633536,-12.799999999999997,-0.00695775676596026,-0.004009093030549252,0
Botswana,Malawi,0,18.0,-0.09833971902937422,-1.2000000000000002,0.4406130268199233,1.7999999999999998,-0.00010183960603792584,-9.770114942528735,-51.0,-0.0008002700288141252,-0.016346653671215072,0
Mexico,Belgium,1,7.0,-0.7665768194070082,-2.0,0.07654986522911056,-0.6,-0.009739814843311479,-6.941778975741244,-40.199999999999996,-0.014769451449453137,-0.000308358503244191,1
Montenegro,Slovenia,1,25.0,-0.09318996415770608,1.4000000000000001,0.7007168458781363,1.0,-0.004930636683037443,15.119175627240153,90.0,-0.03810683223759007,-0.00953295951654365,1
Algeria,Uruguay,1,11.0,0.8284371327849587,1.4,-0.044653349001175124,-0.7999999999999999,-0.009295074264980746,53.25558166862515,23.400000000000006,-0.14657614104423866,-0.04666192670666349,1
Haiti,Iceland,1,9.0,0.3024630541871922,0.0,-0.5300492610837437,-1.2,-0.010293031780256291,51.358620689655176,45.00000000000001,-0.034128192631492194,-0.08938453443034913,1
Netherlands,Ecuador,1,-16.0,1.403903903903904,2.0,0.46996996996997,-0.19999999999999996,0.01556039661651459,18.786036036036037,59.39999999999999,-0.10144248177156151,-0.02500203779960382,1
Niger,Togo,1,-13.0,0.040000000000000036,0.4,0.07000000000000006,-0.19999999999999996,0.0011316668087373912,-5.311666666666667,-17.400000000000006,-0.00145693194009462,0.008031803126364478,0
Norway,Switzerland,1,14.0,0.7051971326164872,1.0,-0.04659498207885315,-0.19999999999999996,0.0023817303817795926,14.92383512544803,17.799999999999997,-0.0047601701611107855,0.041455474297421024,1
Spain,Egypt,1,-30.0,1.0322966507177034,1.0,0.09210526315789469,-0.4,0.04822448110529304,-53.877990430622006,7.399999999999999,0.1549168944256385,0.011541948361506467,1
Russia,Mali,1,-18.0,1.038095238095238,1.2000000000000002,-0.00952380952380949,0.19999999999999996,0.014260347665884746,-11.504761904761907,12.599999999999994,0.012021709587901372,0.01793289014302403,1
Republic of Ireland,North Macedonia,1,-7.0,-0.19354838709677424,1.2000000000000002,-0.09677419354838723,-1.4,0.0049833925707648725,-29.774193548387103,-25.4,0.014556083771879828,0.1185588575502599,1
San Marino,Andorra,1,38.0,0.16129032258064513,-0.19999999999999996,1.1935483870967742,2.4,0.0012519750986470027,11.290322580645167,-4.0,-0.0009766344286842774,-0.00145985401459854,1
Senegal,Gambia,0,-104.0,0.2638095238095237,-2.0,-1.06,-0.5999999999999999,0.004727533600773038,-8.295238095238105,-79.2,0.054481391329538255,0.030654291280359285,1
Serbia,Saudi Arabia,0,-22.0,0.045882352941176485,0.0,-0.03176470588235314,0.0,0.006093713250248586,-19.078823529411764,14.399999999999999,0.026573041561025596,-0.004040732930896662,1
Slovakia,Romania,0,-5.0,-0.2571428571428571,-1.0000000000000002,0.17142857142857149,1.2,0.0020153053026860032,-21.200000000000003,-32.39999999999999,0.029191358601780657,-0.019030371802110927,1
South Africa,Panama,1,27.0,-0.03771760154738879,-0.20000000000000018,-0.32785299806576396,0.3999999999999999,-0.006740437472938832,29.052707930367504,0.3999999999999915,-0.003084612540037293,-0.0012103385927786196,1
Ukraine,Albania,0,-33.0,0.28787878787878785,0.6000000000000001,0.6212121212121212,1.0000000000000002,0.010867496972842065,-19.25133689839572,2.1999999999999957,0.025130382356198248,-0.009757924377755803,1
Wales,Northern Ireland,1,-34.0,0.41935483870967727,1.6,-0.09677419354838701,1.0,0.004095570739652121,6.516129032258064,28.799999999999997,0.018423672976389853,-0.0055109892975803276,1
DR Congo,Jamaica,0,-22.0,-0.2019047619047618,0.0,-0.48857142857142866,0.2,-0.001849986080362704,-2.0904761904761955,-41.79999999999998,0.0047048251258077,0.009212252252879763,0
Iraq,Bolivia,0,-18.0,0.6911150864639237,0.0,-0.8670244484197972,-0.19999999999999996,-0.004754536950557789,50.27847346451998,18.400000000000006,-0.0182818913823128,0.002903093779251721,0
Bosnia and Herzegovina,Italy,1,58.0,-0.7095238095238094,0.0,0.5428571428571429,0.19999999999999996,-0.017791460099152404,13.685714285714283,-11.799999999999997,-0.08804122007153828,0.006902828672883034,0
Sweden,Poland,0,8.0,0.41176470588235303,-0.8,0.1470588235294119,1.0,0.006987415949597505,-2.794117647058826,-51.39999999999999,-0.022526787965821485,-0.03391687875815054,0
Kosovo,Turkey,1,54.0,-0.2777777777777777,-1.4,-0.31666666666666665,0.0,-0.01906553729289935,27.15,-20.200000000000003,-0.054179405866857815,-0.174722802749332,0
Czech Republic,Denmark,1,22.0,0.025210084033613356,-1.4,0.0873949579831933,-0.5999999999999999,-0.008729916746072933,24.40252100840337,53.39999999999999,-0.026025674595436577,-0.0005634610758849662,0
Peru,Honduras,1,-12.0,-0.8295454545454546,-0.4,0.0015151515151516914,1.2000000000000002,-0.0020194122398882273,-46.96439393939394,-48.800000000000004,0.004912392195681448,-0.013545033266236498,1
United States,Portugal,1,9.0,-0.6142024377318496,0.0,0.29941706412294644,0.8,-0.008427796411907634,-3.961844197138319,-34.4,-0.039586424933952064,0.054734603594459655,1
Australia,Curaçao,0,-54.0,0.1212121212121211,-2.0,-0.42087542087542085,0.6,0.009220033478390899,-35.047138047138034,-83.8,0.019255471891124212,0.015537511176897372,0
Kazakhstan,Comoros,0,8.0,-0.13701923076923084,1.4000000000000001,0.38541666666666674,-0.20000000000000007,0.0013708808104564568,-19.282051282051285,33.599999999999994,0.005436387149070096,0.02853422305020341,0
