date,home_team,away_team,home_score,away_score,tournament,city,country,neutral,rank_home,total_points_home,rank_away,total_points_away
2023-01-09,Sweden,Finland,2.0,0.0,Friendly,Faro-Loulé,Portugal,True,23.0,1558.0,56.0,1406.0
2023-01-09,Oman,Yemen,3.0,2.0,Gulf Cup,Basra,Iraq,True,75.0,1321.0,154.0,1024.0
2023-01-09,Iraq,Saudi Arabia,2.0,0.0,Gulf Cup,Basra,Iraq,False,68.0,1342.0,49.0,1438.0
2023-01-09,Vietnam,Indonesia,2.0,0.0,AFF Championship,Hanoi,Vietnam,False,96.0,1229.0,151.0,1034.0
2023-01-10,United Arab Emirates,Kuwait,0.0,1.0,Gulf Cup,Basra,Iraq,True,70.0,1338.0,148.0,1057.0
2023-01-10,Qatar,Bahrain,1.0,2.0,Gulf Cup,Basra,Iraq,True,60.0,1394.0,85.0,1280.0
2023-01-10,Thailand,Malaysia,3.0,0.0,AFF Championship,Pathum Thani,Thailand,False,111.0,1173.0,145.0,1067.0
2023-01-12,Finland,Estonia,0.0,1.0,Friendly,Albufeira,Portugal,True,56.0,1406.0,109.0,1186.0
2023-01-12,Sweden,Iceland,2.0,1.0,Friendly,Faro-Loulé,Portugal,True,23.0,1558.0,63.0,1380.0
2023-01-12,Iraq,Yemen,5.0,0.0,Gulf Cup,Basra,Iraq,False,68.0,1342.0,154.0,1024.0
2023-01-12,Saudi Arabia,Oman,1.0,2.0,Gulf Cup,Basra,Iraq,True,49.0,1438.0,75.0,1321.0
2023-01-13,Qatar,United Arab Emirates,1.0,1.0,Gulf Cup,Basra,Iraq,True,60.0,1394.0,70.0,1338.0
2023-01-13,Vietnam,Thailand,2.0,2.0,AFF Championship,Hanoi,Vietnam,False,96.0,1229.0,111.0,1173.0
2023-01-13,Bahrain,Kuwait,1.0,1.0,Gulf Cup,Basra,Iraq,True,85.0,1280.0,148.0,1057.0
2023-01-16,Iraq,Qatar,2.0,1.0,Gulf Cup,Basra,Iraq,False,68.0,1342.0,60.0,1394.0
2023-01-16,Bahrain,Oman,0.0,1.0,Gulf Cup,Basra,Iraq,True,85.0,1280.0,75.0,1321.0
2023-01-16,Thailand,Vietnam,1.0,0.0,AFF Championship,Pathum Thani,Thailand,False,111.0,1173.0,96.0,1229.0
2023-01-19,Iraq,Oman,3.0,2.0,Gulf Cup,Basra,Iraq,False,68.0,1342.0,75.0,1321.0
2023-01-25,United States,Serbia,1.0,2.0,Friendly,Los Angeles,United States,False,13.0,1653.0,29.0,1526.0
2023-01-28,United States,Colombia,0.0,0.0,Friendly,Carson,United States,False,13.0,1653.0,17.0,1613.0
2023-02-22,Grenada,Barbados,1.0,1.0,Friendly,Sauteurs,Grenada,False,173.0,964.0,166.0,982.0
2023-02-26,Grenada,Barbados,2.0,2.0,Friendly,St. George's,Grenada,False,173.0,964.0,166.0,982.0
2023-03-03,Grenada,Saint Lucia,1.0,2.0,Friendly,St. George's,Grenada,False,173.0,964.0,172.0,965.0
2023-03-05,Grenada,Saint Lucia,2.0,0.0,Friendly,Gouyave,Grenada,False,173.0,964.0,172.0,965.0
2023-03-11,Jamaica,Trinidad and Tobago,0.0,1.0,Friendly,Montego Bay,Jamaica,False,64.0,1379.0,104.0,1195.0
2023-03-12,Guatemala,Panama,1.0,1.0,Friendly,San Jose,United States,True,119.0,1158.0,61.0,1392.0
2023-03-14,Jamaica,Trinidad and Tobago,0.0,0.0,Friendly,Kingston,Jamaica,False,64.0,1379.0,104.0,1195.0
2023-03-15,Bangladesh,Malawi,1.0,1.0,Friendly,Medina,Saudi Arabia,True,192.0,884.0,124.0,1145.0
2023-03-19,Ethiopia,Rwanda,1.0,0.0,Friendly,Adama,Ethiopia,False,138.0,1091.0,137.0,1094.0
2023-03-20,Fiji,Vanuatu,1.0,2.0,Friendly,Lautoka,Fiji,False,163.0,989.0,164.0,986.0
2023-03-21,Maldives,Pakistan,1.0,0.0,Friendly,Laamu,Maldives,False,156.0,1021.0,195.0,865.0
2023-03-21,Tahiti,New Caledonia,0.0,2.0,Friendly,Pirae,Tahiti,False,162.0,995.0,161.0,996.0
2023-03-22,Honduras,El Salvador,1.0,0.0,Friendly,Los Angeles,United States,True,81.0,1301.0,74.0,1327.0
2023-03-22,India,Myanmar,1.0,0.0,Tri Nation Tournament,Imphal,India,False,106.0,1192.0,159.0,1006.0
2023-03-22,Nepal,Laos,2.0,0.0,Tri Nation Tournament,Kathmandu,Nepal,False,175.0,957.0,187.0,906.0
2023-03-22,Republic of Ireland,Latvia,3.0,2.0,Friendly,Dublin,Republic of Ireland,False,48.0,1439.0,133.0,1117.0
2023-03-22,Benin,Rwanda,1.0,1.0,African Cup of Nations qualification,Cotonou,Benin,False,91.0,1247.0,137.0,1094.0
2023-03-23,Zambia,Lesotho,3.0,1.0,African Cup of Nations qualification,Ndola,Zambia,False,88.0,1265.0,147.0,1061.0
2023-03-23,Solomon Islands,Vanuatu,2.0,0.0,Friendly,Lautoka,Fiji,True,136.0,1096.0,164.0,986.0
2023-03-23,Algeria,Niger,2.0,1.0,African Cup of Nations qualification,Algiers,Algeria,False,40.0,1487.0,122.0,1149.0
2023-03-23,Ghana,Angola,1.0,0.0,African Cup of Nations qualification,Kumasi,Ghana,False,58.0,1400.0,117.0,1159.0
2023-03-23,Madagascar,Central African Republic,0.0,3.0,African Cup of Nations qualification,Antananarivo,Madagascar,False,102.0,1201.0,132.0,1117.0
2023-03-23,Iran,Russia,1.0,1.0,Friendly,Tehran,Iran,False,24.0,1552.0,37.0,1491.0
2023-03-23,Malaysia,Turkmenistan,1.0,0.0,Friendly,Johor Bahru,Malaysia,False,145.0,1067.0,135.0,1100.0
2023-03-23,Hungary,Estonia,1.0,0.0,Friendly,Budapest,Hungary,False,36.0,1493.0,109.0,1186.0
2023-03-23,Hong Kong,Singapore,1.0,1.0,Friendly,Hong Kong,Hong Kong,False,146.0,1062.0,160.0,1006.0
2023-03-23,Argentina,Panama,2.0,0.0,Friendly,Buenos Aires,Argentina,False,2.0,1838.0,61.0,1392.0
2023-03-23,Denmark,Finland,3.0,1.0,UEFA Euro qualification,Copenhagen,Denmark,False,18.0,1608.0,56.0,1406.0
2023-03-23,Gabon,Sudan,1.0,0.0,African Cup of Nations qualification,Franceville,Gabon,False,79.0,1305.0,128.0,1127.0
2023-03-23,San Marino,Northern Ireland,0.0,2.0,UEFA Euro qualification,Serravalle,San Marino,False,211.0,763.0,59.0,1397.0
2023-03-23,Italy,England,1.0,2.0,UEFA Euro qualification,Napoli,Italy,False,8.0,1724.0,5.0,1774.0
2023-03-23,North Macedonia,Malta,2.0,1.0,UEFA Euro qualification,Skopje,North Macedonia,False,65.0,1355.0,167.0,979.0
2023-03-23,British Virgin Islands,Puerto Rico,1.0,3.0,CONCACAF Nations League,Road Town,British Virgin Islands,False,209.0,809.0,170.0,974.0
2023-03-23,Barbados,Cuba,0.0,1.0,CONCACAF Nations League,Bridgetown,Barbados,False,166.0,982.0,168.0,979.0
2023-03-23,Slovakia,Luxembourg,0.0,0.0,UEFA Euro qualification,Trnava,Slovakia,False,54.0,1426.0,92.0,1245.0
2023-03-23,Bosnia and Herzegovina,Iceland,3.0,0.0,UEFA Euro qualification,Zenica,Bosnia and Herzegovina,False,57.0,1404.0,63.0,1380.0
2023-03-23,Portugal,Liechtenstein,4.0,0.0,UEFA Euro qualification,Lisbon,Portugal,False,9.0,1703.0,198.0,860.0
2023-03-23,Kazakhstan,Slovenia,1.0,2.0,UEFA Euro qualification,Astana,Kazakhstan,False,115.0,1163.0,62.0,1389.0
2023-03-23,Suriname,Mexico,0.0,2.0,CONCACAF Nations League,Paramaribo,Suriname,False,139.0,1077.0,15.0,1636.0
2023-03-24,Uzbekistan,Bolivia,1.0,0.0,Friendly,Jeddah,Saudi Arabia,True,77.0,1313.0,82.0,1295.0
2023-03-24,Japan,Uruguay,1.0,1.0,Friendly,Tokyo,Japan,False,20.0,1593.0,16.0,1627.0
2023-03-24,Australia,Ecuador,3.0,1.0,Friendly,Sydney,Australia,False,27.0,1534.0,41.0,1477.0
2023-03-24,Kuwait,Philippines,2.0,0.0,Friendly,Kuwait City,Kuwait,False,148.0,1057.0,134.0,1113.0
2023-03-24,Saudi Arabia,Venezuela,1.0,2.0,Friendly,Jeddah,Saudi Arabia,False,49.0,1438.0,55.0,1406.0
2023-03-24,Tahiti,New Caledonia,2.0,1.0,Friendly,Pirae,Tahiti,False,162.0,995.0,161.0,996.0
2023-03-24,Nigeria,Guinea-Bissau,0.0,1.0,African Cup of Nations qualification,Abuja,Nigeria,False,35.0,1494.0,118.0,1159.0
2023-03-24,Mali,Gambia,2.0,0.0,African Cup of Nations qualification,Bamako,Mali,False,45.0,1449.0,126.0,1138.0
2023-03-24,Burkina Faso,Togo,1.0,0.0,African Cup of Nations qualification,Marrakech,Morocco,True,50.0,1435.0,127.0,1129.0
2023-03-24,Cameroon,Namibia,1.0,1.0,African Cup of Nations qualification,Yaoundé,Cameroon,False,33.0,1499.0,113.0,1164.0
2023-03-24,Guinea,Ethiopia,2.0,0.0,African Cup of Nations qualification,Casablanca,Morocco,True,83.0,1290.0,138.0,1091.0
2023-03-24,DR Congo,Mauritania,3.0,1.0,African Cup of Nations qualification,Douala,Cameroon,True,73.0,1334.0,103.0,1198.0
2023-03-24,Uganda,Tanzania,0.0,1.0,African Cup of Nations qualification,Ismailia,Egypt,True,89.0,1261.0,130.0,1120.0
2023-03-24,Cape Verde,Eswatini,0.0,0.0,African Cup of Nations qualification,Praia,Cape Verde,False,72.0,1336.0,143.0,1071.0
2023-03-24,Ivory Coast,Comoros,3.0,1.0,African Cup of Nations qualification,Bouaké,Ivory Coast,False,47.0,1441.0,129.0,1123.0
2023-03-24,South Korea,Colombia,2.0,2.0,Friendly,Ulsan,South Korea,False,25.0,1539.0,17.0,1613.0
2023-03-24,Egypt,Malawi,2.0,0.0,African Cup of Nations qualification,Cairo,Egypt,False,39.0,1490.0,124.0,1145.0
2023-03-24,Nicaragua,Saint Vincent and the Grenadines,4.0,1.0,CONCACAF Nations League,Managua,Nicaragua,False,142.0,1072.0,178.0,945.0
2023-03-24,Sweden,Belgium,0.0,3.0,UEFA Euro qualification,Stockholm,Sweden,False,23.0,1558.0,4.0,1781.0
2023-03-24,Moldova,Faroe Islands,1.0,1.0,UEFA Euro qualification,Chișinău,Moldova,False,174.0,959.0,123.0,1146.0
2023-03-24,Senegal,Mozambique,5.0,1.0,African Cup of Nations qualification,Diamniadio,Senegal,False,19.0,1604.0,114.0,1164.0
2023-03-24,Gibraltar,Greece,0.0,3.0,UEFA Euro qualification,Faro-Loulé,Portugal,True,200.0,858.0,51.0,1434.0
2023-03-24,France,Netherlands,4.0,0.0,UEFA Euro qualification,Paris,France,False,3.0,1823.0,6.0,1741.0
2023-03-24,Czech Republic,Poland,3.0,1.0,UEFA Euro qualification,Prague,Czech Republic,False,38.0,1491.0,22.0,1560.0
2023-03-24,Austria,Azerbaijan,4.0,1.0,UEFA Euro qualification,Pasching,Austria,False,34.0,1497.0,121.0,1152.0
2023-03-24,Belize,Guatemala,1.0,2.0,CONCACAF Nations League,Belmopan,Belize,False,176.0,951.0,119.0,1158.0
2023-03-24,South Africa,Liberia,2.0,2.0,African Cup of Nations qualification,Johannesburg,South Africa,False,67.0,1350.0,150.0,1050.0
2023-03-24,Serbia,Lithuania,2.0,0.0,UEFA Euro qualification,Belgrade,Serbia,False,29.0,1526.0,144.0,1069.0
2023-03-24,Grenada,United States,1.0,7.0,CONCACAF Nations League,St. George's,Grenada,False,173.0,964.0,13.0,1653.0
2023-03-24,Bahamas,Trinidad and Tobago,0.0,3.0,CONCACAF Nations League,Nassau,Bahamas,False,203.0,855.0,104.0,1195.0
2023-03-24,Equatorial Guinea,Botswana,2.0,0.0,African Cup of Nations qualification,Malabo,Equatorial Guinea,False,98.0,1216.0,149.0,1054.0
2023-03-24,Anguilla,Saint Lucia,1.0,2.0,CONCACAF Nations League,The Valley,Anguilla,False,210.0,791.0,172.0,965.0
2023-03-24,Tunisia,Libya,3.0,0.0,African Cup of Nations qualification,Radès,Tunisia,False,30.0,1526.0,120.0,1157.0
2023-03-24,Bulgaria,Montenegro,0.0,1.0,UEFA Euro qualification,Razgrad,Bulgaria,False,71.0,1337.0,69.0,1339.0
2023-03-25,Spain,Norway,3.0,0.0,UEFA Euro qualification,Málaga,Spain,False,10.0,1693.0,43.0,1475.0
2023-03-25,Bhutan,Laos,1.0,2.0,Tri Nation Tournament,Kathmandu,Nepal,True,185.0,911.0,187.0,906.0
2023-03-25,Georgia,Mongolia,6.0,1.0,Friendly,Batumi,Georgia,False,78.0,1306.0,183.0,914.0
2023-03-25,Germany,Peru,2.0,0.0,Friendly,Mainz,Germany,False,14.0,1647.0,21.0,1564.0
2023-03-25,United Arab Emirates,Tajikistan,0.0,0.0,Friendly,Abu Dhabi,United Arab Emirates,False,70.0,1338.0,108.0,1187.0
2023-03-25,Morocco,Brazil,2.0,1.0,Friendly,Tangier,Morocco,False,11.0,1672.0,1.0,1841.0
2023-03-25,Thailand,Syria,1.0,3.0,Friendly,Dubai,United Arab Emirates,True,111.0,1173.0,90.0,1251.0
2023-03-25,Indonesia,Burundi,3.0,1.0,Friendly,Bekasi,Indonesia,False,151.0,1034.0,141.0,1075.0
2023-03-25,Bahrain,Palestine,1.0,2.0,Friendly,Arad,Bahrain,False,85.0,1280.0,93.0,1234.0
2023-03-25,Bangladesh,Seychelles,1.0,0.0,Friendly,Sylhet,Bangladesh,False,192.0,884.0,199.0,860.0
2023-03-25,Scotland,Cyprus,3.0,0.0,UEFA Euro qualification,Glasgow,Scotland,False,42.0,1477.0,110.0,1185.0
2023-03-25,Croatia,Wales,1.0,1.0,UEFA Euro qualification,Split,Croatia,False,7.0,1728.0,28.0,1530.0
2023-03-25,Belarus,Switzerland,0.0,5.0,UEFA Euro qualification,Novi Sad,Serbia,True,97.0,1222.0,12.0,1655.0
2023-03-25,Myanmar,Kyrgyzstan,1.0,1.0,Tri Nation Tournament,Imphal,India,True,159.0,1006.0,94.0,1233.0
2023-03-25,Andorra,Romania,0.0,2.0,UEFA Euro qualification,Andorra la Vella,Andorra,False,153.0,1031.0,52.0,1433.0
2023-03-25,Israel,Kosovo,1.0,1.0,UEFA Euro qualification,Tel Aviv,Israel,False,76.0,1316.0,107.0,1187.0
2023-03-25,Montserrat,Haiti,0.0,4.0,CONCACAF Nations League,Lookout,Montserrat,False,179.0,941.0,87.0,1269.0
2023-03-25,Armenia,Turkey,1.0,2.0,UEFA Euro qualification,Yerevan,Armenia,False,95.0,1232.0,44.0,1465.0
2023-03-25,Curaçao,Canada,0.0,2.0,CONCACAF Nations League,Willemstad,Curaçao,False,86.0,1279.0,53.0,1432.0
2023-03-25,Bermuda,Guyana,0.0,2.0,CONCACAF Nations League,Devonshire Parish,Bermuda,False,169.0,977.0,171.0,969.0
2023-03-26,England,Ukraine,2.0,0.0,UEFA Euro qualification,London,England,False,5.0,1774.0,26.0,1537.0
2023-03-26,Fiji,Solomon Islands,0.0,2.0,Friendly,Lautoka,Fiji,False,163.0,989.0,136.0,1096.0
2023-03-26,Macau,Singapore,0.0,1.0,Friendly,Taipa,Macau,False,182.0,922.0,160.0,1006.0
2023-03-26,Slovenia,San Marino,2.0,0.0,UEFA Euro qualification,Ljubljana,Slovenia,False,62.0,1389.0,211.0,763.0
2023-03-26,Lesotho,Zambia,0.0,2.0,African Cup of Nations qualification,Soweto,South Africa,True,147.0,1061.0,88.0,1265.0
2023-03-26,Malta,Italy,0.0,2.0,UEFA Euro qualification,Ta' Qali,Malta,False,167.0,979.0,8.0,1724.0
2023-03-26,Russia,Iraq,2.0,0.0,Friendly,Saint Petersburg,Russia,False,37.0,1491.0,68.0,1342.0
2023-03-26,Kazakhstan,Denmark,3.0,2.0,UEFA Euro qualification,Astana,Kazakhstan,False,115.0,1163.0,18.0,1608.0
2023-03-26,Liechtenstein,Iceland,0.0,7.0,UEFA Euro qualification,Vaduz,Liechtenstein,False,198.0,860.0,63.0,1380.0
2023-03-26,Luxembourg,Portugal,0.0,6.0,UEFA Euro qualification,Luxembourg,Luxembourg,False,92.0,1245.0,9.0,1703.0
2023-03-26,Puerto Rico,Cayman Islands,5.0,1.0,CONCACAF Nations League,Bayamón,Puerto Rico,False,170.0,974.0,194.0,866.0
2023-03-26,Mexico,Jamaica,2.0,2.0,CONCACAF Nations League,Mexico City,Mexico,False,15.0,1636.0,64.0,1379.0
2023-03-26,Antigua and Barbuda,Barbados,1.0,2.0,CONCACAF Nations League,North Sound,Antigua and Barbuda,False,131.0,1117.0,166.0,982.0
2023-03-26,Northern Ireland,Finland,0.0,1.0,UEFA Euro qualification,Belfast,Northern Ireland,False,59.0,1397.0,56.0,1406.0
2023-03-26,Slovakia,Bosnia and Herzegovina,2.0,0.0,UEFA Euro qualification,Bratislava,Slovakia,False,54.0,1426.0,57.0,1404.0
2023-03-27,Greece,Lithuania,0.0,0.0,Friendly,Athens,Greece,False,51.0,1434.0,144.0,1069.0
2023-03-27,North Macedonia,Faroe Islands,1.0,0.0,Friendly,Skopje,North Macedonia,False,65.0,1355.0,123.0,1146.0
2023-03-27,Oman,Lebanon,2.0,0.0,Friendly,Muscat,Oman,False,75.0,1321.0,100.0,1208.0
2023-03-27,Guinea-Bissau,Nigeria,0.0,1.0,African Cup of Nations qualification,Bissau,Guinea-Bissau,False,118.0,1159.0,35.0,1494.0
2023-03-27,Angola,Ghana,1.0,1.0,African Cup of Nations qualification,Luanda,Angola,False,117.0,1159.0,58.0,1400.0
2023-03-27,Niger,Algeria,0.0,1.0,African Cup of Nations qualification,Radès,Tunisia,True,122.0,1149.0,40.0,1487.0
2023-03-27,Netherlands,Gibraltar,3.0,0.0,UEFA Euro qualification,Rotterdam,Netherlands,False,6.0,1741.0,200.0,858.0
2023-03-27,Sudan,Gabon,1.0,0.0,African Cup of Nations qualification,Omdurman,Sudan,False,128.0,1127.0,79.0,1305.0
2023-03-27,Ethiopia,Guinea,2.0,3.0,African Cup of Nations qualification,Rabat,Morocco,True,138.0,1091.0,83.0,1290.0
2023-03-27,Central African Republic,Madagascar,2.0,0.0,African Cup of Nations qualification,Douala,Cameroon,True,132.0,1117.0,102.0,1201.0
2023-03-27,Republic of Ireland,France,0.0,1.0,UEFA Euro qualification,Dublin,Republic of Ireland,False,48.0,1439.0,3.0,1823.0
2023-03-27,Chile,Paraguay,3.0,2.0,Friendly,Santiago,Chile,False,31.0,1507.0,46.0,1445.0
2023-03-27,Poland,Albania,1.0,0.0,UEFA Euro qualification,Warsaw,Poland,False,22.0,1560.0,66.0,1353.0
2023-03-27,United States,El Salvador,1.0,0.0,CONCACAF Nations League,Orlando,United States,False,13.0,1653.0,74.0,1327.0
2023-03-27,Sweden,Azerbaijan,5.0,0.0,UEFA Euro qualification,Stockholm,Sweden,False,23.0,1558.0,121.0,1152.0
2023-03-27,Hungary,Bulgaria,3.0,0.0,UEFA Euro qualification,Budapest,Hungary,False,36.0,1493.0,71.0,1337.0
2023-03-27,Montenegro,Serbia,0.0,2.0,UEFA Euro qualification,Podgorica,Montenegro,False,69.0,1339.0,29.0,1526.0
2023-03-27,Austria,Estonia,2.0,1.0,UEFA Euro qualification,Pasching,Austria,False,34.0,1497.0,109.0,1186.0
2023-03-27,Dominican Republic,Belize,2.0,0.0,CONCACAF Nations League,Santo Domingo,Dominican Republic,False,152.0,1032.0,176.0,951.0
2023-03-27,Moldova,Czech Republic,0.0,0.0,UEFA Euro qualification,Chișinău,Moldova,False,174.0,959.0,38.0,1491.0
2023-03-27,Saint Kitts and Nevis,Aruba,2.0,0.0,CONCACAF Nations League,Basseterre,Saint Kitts and Nevis,False,140.0,1077.0,202.0,855.0
2023-03-27,Saint Lucia,Dominica,3.0,1.0,CONCACAF Nations League,Gros Islet,Saint Lucia,False,172.0,965.0,184.0,912.0
2023-03-27,Saint Vincent and the Grenadines,Bahamas,1.0,1.0,CONCACAF Nations League,Kingstown,Saint Vincent and the Grenadines,False,178.0,945.0,203.0,855.0
2023-03-27,Trinidad and Tobago,Nicaragua,1.0,1.0,CONCACAF Nations League,Bacolet,Trinidad and Tobago,False,104.0,1195.0,142.0,1072.0
2023-03-28,Armenia,Cyprus,2.0,2.0,Friendly,Yerevan,Armenia,False,95.0,1232.0,110.0,1185.0
2023-03-28,Australia,Ecuador,1.0,2.0,Friendly,Melbourne,Australia,False,27.0,1534.0,41.0,1477.0
2023-03-28,Bahrain,Syria,1.0,0.0,Friendly,Arad,Bahrain,False,85.0,1280.0,90.0,1251.0
2023-03-28,Bangladesh,Seychelles,0.0,1.0,Friendly,Sylhet,Bangladesh,False,192.0,884.0,199.0,860.0
2023-03-28,Germany,Belgium,2.0,3.0,Friendly,Cologne,Germany,False,14.0,1647.0,4.0,1781.0
2023-03-28,India,Kyrgyzstan,2.0,0.0,Tri Nation Tournament,Imphal,India,False,106.0,1192.0,94.0,1233.0
2023-03-28,Indonesia,Burundi,2.0,2.0,Friendly,Bekasi,Indonesia,False,151.0,1034.0,141.0,1075.0
2023-03-28,Namibia,Cameroon,2.0,1.0,African Cup of Nations qualification,Soweto,South Africa,True,113.0,1164.0,33.0,1499.0
2023-03-28,Japan,Colombia,1.0,2.0,Friendly,Osaka,Japan,False,20.0,1593.0,17.0,1613.0
2023-03-28,Jordan,Philippines,4.0,0.0,Friendly,Al Wakrah,Qatar,True,84.0,1290.0,134.0,1113.0
2023-03-28,United Arab Emirates,Thailand,2.0,0.0,Friendly,Abu Dhabi,United Arab Emirates,False,70.0,1338.0,111.0,1173.0
2023-03-28,Malaysia,Hong Kong,2.0,0.0,Friendly,Johor Bahru,Malaysia,False,145.0,1067.0,146.0,1062.0
2023-03-28,Morocco,Peru,0.0,0.0,Friendly,Madrid,Spain,True,11.0,1672.0,21.0,1564.0
2023-03-28,Nepal,Bhutan,1.0,1.0,Tri Nation Tournament,Kathmandu,Nepal,False,175.0,957.0,185.0,911.0
2023-03-28,Saudi Arabia,Bolivia,1.0,2.0,Friendly,Jeddah,Saudi Arabia,False,49.0,1438.0,82.0,1295.0
2023-03-28,Uzbekistan,Venezuela,1.0,1.0,Friendly,Jeddah,Saudi Arabia,True,77.0,1313.0,55.0,1406.0
2023-03-28,Eswatini,Cape Verde,0.0,1.0,African Cup of Nations qualification,Mbombela,South Africa,True,143.0,1071.0,72.0,1336.0
2023-03-28,South Korea,Uruguay,1.0,2.0,Friendly,Seoul,South Korea,False,25.0,1539.0,16.0,1627.0
2023-03-28,Argentina,Curaçao,7.0,0.0,Friendly,Santiago del Estero,Argentina,False,2.0,1838.0,86.0,1279.0
2023-03-28,Togo,Burkina Faso,1.0,1.0,African Cup of Nations qualification,Lomé,Togo,False,127.0,1129.0,50.0,1435.0
2023-03-28,Kuwait,Tajikistan,2.0,1.0,Friendly,Kuwait City,Kuwait,False,148.0,1057.0,108.0,1187.0
2023-03-28,Iran,Kenya,2.0,1.0,Friendly,Tehran,Iran,False,24.0,1552.0,101.0,1202.0
2023-03-28,Scotland,Spain,2.0,0.0,UEFA Euro qualification,Glasgow,Scotland,False,42.0,1477.0,10.0,1693.0
2023-03-28,Turkey,Croatia,0.0,2.0,UEFA Euro qualification,Bursa,Turkey,False,44.0,1465.0,7.0,1728.0
2023-03-28,Comoros,Ivory Coast,0.0,2.0,African Cup of Nations qualification,Moroni,Comoros,False,129.0,1123.0,47.0,1441.0
2023-03-28,Mauritania,DR Congo,1.0,1.0,African Cup of Nations qualification,Nouakchott,Mauritania,False,103.0,1198.0,73.0,1334.0
2023-03-28,Botswana,Equatorial Guinea,2.0,3.0,African Cup of Nations qualification,Francistown,Botswana,False,149.0,1054.0,98.0,1216.0
2023-03-28,Libya,Tunisia,0.0,1.0,African Cup of Nations qualification,Benghazi,Libya,False,120.0,1157.0,30.0,1526.0
2023-03-28,Liberia,South Africa,1.0,2.0,African Cup of Nations qualification,Monrovia,Liberia,False,150.0,1050.0,67.0,1350.0
2023-03-28,Mozambique,Senegal,0.0,1.0,African Cup of Nations qualification,Maputo,Mozambique,False,114.0,1164.0,19.0,1604.0
2023-03-28,Malawi,Egypt,0.0,4.0,African Cup of Nations qualification,Lilongwe,Malawi,False,124.0,1145.0,39.0,1490.0
2023-03-28,Wales,Latvia,1.0,0.0,UEFA Euro qualification,Cardiff,Wales,False,28.0,1530.0,133.0,1117.0
2023-03-28,Gambia,Mali,1.0,0.0,African Cup of Nations qualification,Casablanca,Morocco,True,126.0,1138.0,45.0,1449.0
2023-03-28,Canada,Honduras,4.0,1.0,CONCACAF Nations League,Toronto,Canada,False,53.0,1432.0,81.0,1301.0
2023-03-28,Switzerland,Israel,3.0,0.0,UEFA Euro qualification,Geneva,Switzerland,False,12.0,1655.0,76.0,1316.0
2023-03-28,Romania,Belarus,2.0,1.0,UEFA Euro qualification,Bucharest,Romania,False,52.0,1433.0,97.0,1222.0
2023-03-28,Costa Rica,Panama,0.0,1.0,CONCACAF Nations League,San José,Costa Rica,False,32.0,1500.0,61.0,1392.0
2023-03-28,Haiti,Bermuda,3.0,1.0,CONCACAF Nations League,San Cristóbal,Dominican Republic,True,87.0,1269.0,169.0,977.0
2023-03-28,Guyana,Montserrat,0.0,0.0,CONCACAF Nations League,Bridgetown,Barbados,True,171.0,969.0,179.0,941.0
2023-03-28,Tanzania,Uganda,0.0,1.0,African Cup of Nations qualification,Dar es Salaam,Tanzania,False,130.0,1120.0,89.0,1261.0
2023-03-28,Kosovo,Andorra,1.0,1.0,UEFA Euro qualification,Pristina,Kosovo,False,107.0,1187.0,153.0,1031.0
2023-03-28,Georgia,Norway,1.0,1.0,UEFA Euro qualification,Batumi,Georgia,False,78.0,1306.0,43.0,1475.0
2023-03-29,Rwanda,Benin,1.0,1.0,African Cup of Nations qualification,Kigali,Rwanda,False,137.0,1094.0,91.0,1247.0
2023-03-31,Nepal,Laos,2.0,1.0,Tri Nation Tournament,Kathmandu,Nepal,False,175.0,957.0,187.0,906.0
2023-04-19,United States,Mexico,1.0,1.0,Friendly,Glendale,United States,False,13.0,1654.0,15.0,1632.0
2023-06-07,Mexico,Guatemala,2.0,0.0,Friendly,Mazatlán,Mexico,False,15.0,1632.0,116.0,1165.0
2023-06-09,Luxembourg,Malta,0.0,1.0,Friendly,Luxembourg,Luxembourg,False,91.0,1246.0,172.0,973.0
2023-06-10,Mexico,Cameroon,2.0,2.0,Friendly,San Diego,United States,True,15.0,1632.0,42.0,1470.0
2023-06-10,Panama,Nicaragua,3.0,2.0,Friendly,Penonomé,Panama,False,58.0,1399.0,140.0,1079.0
2023-06-11,Chile,Cuba,3.0,0.0,Friendly,Concepción,Chile,False,31.0,1511.0,165.0,986.0
2023-06-11,Mauritius,Pakistan,3.0,0.0,Mauritius Four Nations Cup,Saint Pierre,Mauritius,False,180.0,932.0,195.0,861.0
2023-06-11,Guatemala,Trinidad and Tobago,0.0,1.0,Friendly,Chester,United States,True,116.0,1165.0,104.0,1198.0
2023-06-11,Uzbekistan,Oman,3.0,0.0,CAFA Nations Cup,Tashkent,Uzbekistan,False,74.0,1318.0,73.0,1334.0
2023-06-11,Tajikistan,Turkmenistan,1.0,1.0,CAFA Nations Cup,Tashkent,Uzbekistan,True,109.0,1182.0,137.0,1095.0
2023-06-12,Germany,Ukraine,3.0,3.0,Friendly,Bremen,Germany,False,14.0,1647.0,30.0,1530.0
2023-06-12,Morocco,Cape Verde,0.0,0.0,Friendly,Rabat,Morocco,False,11.0,1678.0,71.0,1337.0
2023-06-13,Iran,Afghanistan,6.0,1.0,CAFA Nations Cup,Bishkek,Kyrgyzstan,True,24.0,1553.0,155.0,1023.0
2023-06-13,Curaçao,Costa Rica,0.0,0.0,Friendly,Fort Lauderdale,United States,True,88.0,1272.0,39.0,1491.0
2023-06-14,Togo,Lesotho,2.0,0.0,Friendly,Johannesburg,South Africa,True,129.0,1130.0,150.0,1046.0
2023-06-14,DR Congo,Uganda,1.0,0.0,Friendly,Douala,Cameroon,True,70.0,1339.0,89.0,1257.0
2023-06-14,Indonesia,Palestine,0.0,0.0,Friendly,Surabaya,Indonesia,False,149.0,1046.0,93.0,1239.0
2023-06-14,Malaysia,Solomon Islands,4.0,1.0,Friendly,Terengganu,Malaysia,False,138.0,1082.0,134.0,1104.0
2023-06-14,Mozambique,Malawi,1.0,1.0,Friendly,Maputo,Mozambique,False,119.0,1155.0,127.0,1135.0
2023-06-14,Uruguay,Nicaragua,4.0,1.0,Friendly,Montevideo,Uruguay,False,16.0,1631.0,140.0,1079.0
2023-06-14,Netherlands,Croatia,2.0,4.0,UEFA Nations League,Rotterdam,Netherlands,False,6.0,1731.0,7.0,1730.0
2023-06-14,Oman,Tajikistan,1.0,1.0,CAFA Nations Cup,Tashkent,Uzbekistan,True,73.0,1334.0,109.0,1182.0
2023-06-14,Pakistan,Kenya,0.0,1.0,Mauritius Four Nations Cup,Saint Pierre,Mauritius,True,195.0,861.0,102.0,1200.0
2023-06-14,Mauritius,Djibouti,1.0,3.0,Mauritius Four Nations Cup,Saint Pierre,Mauritius,False,180.0,932.0,193.0,875.0
2023-06-14,South Sudan,Gambia,2.0,3.0,African Cup of Nations qualification,Ismailia,Egypt,True,163.0,993.0,120.0,1151.0
2023-06-14,Guinea,Egypt,1.0,2.0,African Cup of Nations qualification,Marrakech,Morocco,True,79.0,1306.0,35.0,1501.0
2023-06-14,Uzbekistan,Turkmenistan,2.0,0.0,CAFA Nations Cup,Tashkent,Uzbekistan,False,74.0,1318.0,137.0,1095.0
2023-06-15,Costa Rica,Guatemala,0.0,1.0,Friendly,Carson,United States,True,39.0,1491.0,116.0,1165.0
2023-06-15,Panama,Canada,0.0,2.0,CONCACAF Nations League,Las Vegas,United States,True,58.0,1399.0,47.0,1443.0
2023-06-15,United States,Mexico,3.0,0.0,CONCACAF Nations League,Las Vegas,United States,False,13.0,1654.0,15.0,1632.0
2023-06-15,Cambodia,Bangladesh,0.0,1.0,Friendly,Phnom Penh,Cambodia,False,176.0,949.0,192.0,884.0
2023-06-15,Japan,El Salvador,6.0,0.0,Friendly,Toyota,Japan,False,20.0,1589.0,75.0,1318.0
2023-06-15,Argentina,Australia,2.0,0.0,Friendly,Beijing,China PR,True,1.0,1841.0,29.0,1533.0
2023-06-15,Jamaica,Qatar,1.0,2.0,Friendly,Ritzing,Austria,True,63.0,1382.0,61.0,1389.0
2023-06-15,Philippines,Nepal,1.0,0.0,Friendly,Manila,Philippines,False,136.0,1098.0,174.0,963.0
2023-06-15,Vietnam,Hong Kong,1.0,0.0,Friendly,Haiphong,Vietnam,False,95.0,1230.0,147.0,1057.0
2023-06-15,Spain,Italy,2.0,1.0,UEFA Nations League,Enschede,Netherlands,True,10.0,1683.0,8.0,1714.0
2023-06-15,Honduras,Venezuela,0.0,1.0,Friendly,"Washington, D.C.",United States,True,80.0,1300.0,55.0,1410.0
2023-06-16,Chile,Dominican Republic,5.0,0.0,Friendly,Viña del Mar,Chile,False,31.0,1511.0,151.0,1038.0
2023-06-16,Colombia,Iraq,1.0,0.0,Friendly,Valencia,Spain,True,17.0,1617.0,67.0,1348.0
2023-06-16,South Korea,Peru,0.0,1.0,Friendly,Busan,South Korea,False,27.0,1536.0,21.0,1561.0
2023-06-16,Poland,Germany,1.0,0.0,Friendly,Warsaw,Poland,False,23.0,1554.0,14.0,1647.0
2023-06-16,Singapore,Papua New Guinea,2.0,2.0,Friendly,Kallang,Singapore,False,158.0,1014.0,159.0,1007.0
2023-06-16,Gibraltar,France,0.0,3.0,UEFA Euro qualification,Faro-Loulé,Portugal,True,201.0,855.0,2.0,1838.0
2023-06-16,Curaçao,Saint Kitts and Nevis,1.0,1.0,Gold Cup qualification,Fort Lauderdale,United States,True,88.0,1272.0,139.0,1081.0
2023-06-16,Sweden,New Zealand,4.0,1.0,Friendly,Stockholm,Sweden,False,22.0,1559.0,100.0,1201.0
2023-06-16,Malta,England,0.0,4.0,UEFA Euro qualification,Ta' Qali,Malta,False,172.0,973.0,5.0,1792.0
2023-06-16,Greece,Republic of Ireland,2.0,1.0,UEFA Euro qualification,Athens,Greece,False,52.0,1433.0,49.0,1436.0
2023-06-16,Serbia,Jordan,3.0,2.0,Friendly,Vienna,Austria,True,25.0,1542.0,84.0,1293.0
2023-06-16,Kyrgyzstan,Iran,1.0,5.0,CAFA Nations Cup,Bishkek,Kyrgyzstan,False,96.0,1225.0,24.0,1553.0
2023-06-16,North Macedonia,Ukraine,2.0,3.0,UEFA Euro qualification,Skopje,North Macedonia,False,65.0,1363.0,30.0,1530.0
2023-06-16,Latvia,Turkey,2.0,3.0,UEFA Euro qualification,Riga,Latvia,False,132.0,1111.0,43.0,1466.0
2023-06-16,Finland,Slovenia,2.0,0.0,UEFA Euro qualification,Helsinki,Finland,False,56.0,1405.0,59.0,1398.0
2023-06-16,Wales,Armenia,2.0,4.0,UEFA Euro qualification,Cardiff,Wales,False,26.0,1539.0,97.0,1224.0
2023-06-16,Andorra,Switzerland,1.0,2.0,UEFA Euro qualification,Andorra la Vella,Andorra,False,153.0,1031.0,12.0,1664.0
2023-06-16,Belarus,Israel,1.0,2.0,UEFA Euro qualification,Budapest,Hungary,True,98.0,1210.0,78.0,1307.0
2023-06-16,Kosovo,Romania,0.0,0.0,UEFA Euro qualification,Pristina,Kosovo,False,107.0,1186.0,46.0,1445.0
2023-06-16,Denmark,Northern Ireland,1.0,0.0,UEFA Euro qualification,Copenhagen,Denmark,False,19.0,1595.0,62.0,1386.0
2023-06-16,San Marino,Kazakhstan,0.0,3.0,UEFA Euro qualification,Parma,Italy,True,211.0,759.0,112.0,1177.0
2023-06-17,Brazil,Guinea,4.0,1.0,Friendly,Barcelona,Spain,True,3.0,1834.0,79.0,1306.0
2023-06-17,Guyana,Grenada,1.0,1.0,Gold Cup qualification,Fort Lauderdale,United States,True,170.0,976.0,175.0,960.0
2023-06-17,Norway,Scotland,1.0,2.0,UEFA Euro qualification,Oslo,Norway,False,44.0,1464.0,36.0,1501.0
2023-06-17,Ecuador,Bolivia,1.0,0.0,Friendly,Harrison,United States,True,41.0,1478.0,83.0,1296.0
2023-06-17,Lithuania,Bulgaria,1.0,1.0,UEFA Euro qualification,Kaunas,Lithuania,False,146.0,1069.0,76.0,1316.0
2023-06-17,Cyprus,Georgia,1.0,2.0,UEFA Euro qualification,Larnaca,Cyprus,False,111.0,1179.0,77.0,1312.0
2023-06-17,Faroe Islands,Czech Republic,0.0,3.0,UEFA Euro qualification,Tórshavn,Faroe Islands,False,125.0,1139.0,38.0,1495.0
2023-06-17,Albania,Moldova,2.0,0.0,UEFA Euro qualification,Tirana,Albania,False,68.0,1345.0,171.0,973.0
2023-06-17,Belgium,Austria,1.0,1.0,UEFA Euro qualification,Brussels,Belgium,False,4.0,1793.0,32.0,1508.0
2023-06-17,Luxembourg,Liechtenstein,2.0,0.0,UEFA Euro qualification,Luxembourg,Luxembourg,False,91.0,1246.0,199.0,856.0
2023-06-17,Suriname,Puerto Rico,0.0,0.0,Gold Cup qualification,Fort Lauderdale,United States,True,141.0,1076.0,166.0,985.0
2023-06-17,Montenegro,Hungary,0.0,0.0,UEFA Euro qualification,Podgorica,Montenegro,False,69.0,1343.0,33.0,1504.0
2023-06-17,Botswana,Libya,1.0,0.0,African Cup of Nations qualification,Francistown,Botswana,False,152.0,1037.0,121.0,1146.0
2023-06-17,Iceland,Slovakia,1.0,2.0,UEFA Euro qualification,Reykjavík,Iceland,False,64.0,1369.0,51.0,1434.0
2023-06-17,Azerbaijan,Estonia,1.0,1.0,UEFA Euro qualification,Baku,Azerbaijan,False,124.0,1142.0,108.0,1182.0
2023-06-17,Uzbekistan,Tajikistan,5.0,1.0,CAFA Nations Cup,Tashkent,Uzbekistan,False,74.0,1318.0,109.0,1182.0
2023-06-17,Benin,Senegal,1.0,1.0,African Cup of Nations qualification,Cotonou,Benin,False,92.0,1240.0,18.0,1613.0
2023-06-17,Turkmenistan,Oman,0.0,2.0,CAFA Nations Cup,Tashkent,Uzbekistan,True,137.0,1095.0,73.0,1334.0
2023-06-17,Djibouti,Pakistan,3.0,1.0,Mauritius Four Nations Cup,Saint Pierre,Mauritius,True,193.0,875.0,195.0,861.0
2023-06-17,Zambia,Ivory Coast,3.0,0.0,African Cup of Nations qualification,Ndola,Zambia,False,86.0,1281.0,45.0,1450.0
2023-06-17,Lesotho,Comoros,0.0,1.0,African Cup of Nations qualification,Johannesburg,South Africa,True,150.0,1046.0,131.0,1112.0
2023-06-17,Equatorial Guinea,Tunisia,1.0,0.0,African Cup of Nations qualification,Malabo,Equatorial Guinea,False,94.0,1233.0,28.0,1536.0
2023-06-17,Portugal,Bosnia and Herzegovina,3.0,0.0,UEFA Euro qualification,Lisbon,Portugal,False,9.0,1707.0,57.0,1403.0
2023-06-17,Central African Republic,Angola,1.0,2.0,African Cup of Nations qualification,Douala,Cameroon,True,122.0,1146.0,118.0,1159.0
2023-06-17,South Africa,Morocco,2.0,1.0,African Cup of Nations qualification,Johannesburg,South Africa,False,66.0,1350.0,11.0,1678.0
2023-06-18,Croatia,Spain,0.0,0.0,UEFA Nations League,Rotterdam,Netherlands,True,7.0,1730.0,10.0,1683.0
2023-06-18,Mauritius,Kenya,1.0,0.0,Mauritius Four Nations Cup,Saint Pierre,Mauritius,False,180.0,932.0,102.0,1200.0
2023-06-18,Panama,Mexico,0.0,1.0,CONCACAF Nations League,Las Vegas,United States,True,58.0,1399.0,15.0,1632.0
2023-06-18,United States,Canada,2.0,0.0,CONCACAF Nations League,Las Vegas,United States,False,13.0,1654.0,47.0,1443.0
2023-06-18,Egypt,South Sudan,3.0,0.0,Friendly,Cairo,Egypt,False,35.0,1501.0,163.0,993.0
2023-06-18,Guatemala,Venezuela,0.0,1.0,Friendly,East Hartford,United States,True,116.0,1165.0,55.0,1410.0
2023-06-18,Paraguay,Nicaragua,2.0,0.0,Friendly,Asunción,Paraguay,False,48.0,1441.0,140.0,1079.0
2023-06-18,Singapore,Solomon Islands,1.0,1.0,Friendly,Kallang,Singapore,False,158.0,1014.0,134.0,1104.0
2023-06-18,Netherlands,Italy,2.0,3.0,UEFA Nations League,Enschede,Netherlands,False,6.0,1731.0,8.0,1714.0
2023-06-18,Madagascar,Ghana,0.0,0.0,African Cup of Nations qualification,Antananarivo,Madagascar,False,110.0,1181.0,60.0,1396.0
2023-06-18,Eswatini,Togo,0.0,2.0,African Cup of Nations qualification,Mbombela,South Africa,True,144.0,1070.0,129.0,1130.0
2023-06-18,Tanzania,Niger,1.0,0.0,African Cup of Nations qualification,Dar es Salaam,Tanzania,False,130.0,1126.0,123.0,1143.0
2023-06-18,Uganda,Algeria,1.0,2.0,African Cup of Nations qualification,Douala,Cameroon,True,89.0,1257.0,34.0,1504.0
2023-06-18,Gabon,DR Congo,0.0,2.0,African Cup of Nations qualification,Franceville,Gabon,False,82.0,1297.0,70.0,1339.0
2023-06-18,Rwanda,Mozambique,0.0,2.0,African Cup of Nations qualification,Butare,Rwanda,False,135.0,1101.0,119.0,1155.0
2023-06-18,Cape Verde,Burkina Faso,3.0,1.0,African Cup of Nations qualification,Praia,Cape Verde,False,71.0,1337.0,50.0,1434.0
2023-06-18,Sierra Leone,Nigeria,2.0,3.0,African Cup of Nations qualification,Monrovia,Liberia,True,117.0,1162.0,40.0,1481.0
2023-06-19,France,Greece,1.0,0.0,UEFA Euro qualification,Paris,France,False,2.0,1838.0,52.0,1433.0
2023-06-19,Hong Kong,Thailand,0.0,1.0,Friendly,Hong Kong,Hong Kong,False,147.0,1057.0,114.0,1172.0
2023-06-19,Ukraine,Malta,1.0,0.0,UEFA Euro qualification,Trnava,Slovakia,True,30.0,1530.0,172.0,973.0
2023-06-19,Jamaica,Jordan,1.0,2.0,Friendly,Wiener Neustadt,Austria,True,63.0,1382.0,84.0,1293.0
2023-06-19,Macau,Myanmar,0.0,2.0,Friendly,Dalian,China PR,True,182.0,918.0,160.0,998.0
2023-06-19,Republic of Ireland,Gibraltar,3.0,0.0,UEFA Euro qualification,Dublin,Republic of Ireland,False,49.0,1436.0,201.0,855.0
2023-06-19,Belarus,Kosovo,2.0,1.0,UEFA Euro qualification,Budapest,Hungary,True,98.0,1210.0,107.0,1186.0
2023-06-19,Indonesia,Argentina,0.0,2.0,Friendly,Jakarta,Indonesia,False,149.0,1046.0,1.0,1841.0
2023-06-19,Turkey,Wales,2.0,0.0,UEFA Euro qualification,Samsun,Turkey,False,43.0,1466.0,26.0,1539.0
2023-06-19,Finland,San Marino,6.0,0.0,UEFA Euro qualification,Helsinki,Finland,False,56.0,1405.0,211.0,759.0
2023-06-19,Northern Ireland,Kazakhstan,0.0,1.0,UEFA Euro qualification,Belfast,Northern Ireland,False,62.0,1386.0,112.0,1177.0
2023-06-19,Slovenia,Denmark,1.0,1.0,UEFA Euro qualification,Ljubljana,Slovenia,False,59.0,1398.0,19.0,1595.0
2023-06-19,Israel,Andorra,2.0,1.0,UEFA Euro qualification,Jerusalem,Israel,False,78.0,1307.0,153.0,1031.0
2023-06-19,Switzerland,Romania,2.0,2.0,UEFA Euro qualification,Lucerne,Switzerland,False,12.0,1664.0,46.0,1445.0
2023-06-19,Armenia,Latvia,2.0,1.0,UEFA Euro qualification,Yerevan,Armenia,False,97.0,1224.0,132.0,1111.0
2023-06-19,England,North Macedonia,7.0,0.0,UEFA Euro qualification,Manchester,England,False,5.0,1792.0,65.0,1363.0
2023-06-20,Vietnam,Syria,1.0,0.0,Friendly,Nam Định,Vietnam,False,95.0,1230.0,90.0,1247.0
2023-06-20,Algeria,Tunisia,1.0,1.0,Friendly,Annaba,Algeria,False,34.0,1504.0,28.0,1536.0
2023-06-20,Bolivia,Chile,0.0,0.0,Friendly,Santa Cruz,Bolivia,False,83.0,1296.0,31.0,1511.0
2023-06-20,Brazil,Senegal,2.0,4.0,Friendly,Lisbon,Portugal,True,3.0,1834.0,18.0,1613.0
2023-06-20,Japan,Peru,4.0,1.0,Friendly,Suita,Japan,False,20.0,1589.0,21.0,1561.0
2023-06-20,Germany,Colombia,0.0,2.0,Friendly,Gelsenkirchen,Germany,False,14.0,1647.0,17.0,1617.0
2023-06-20,Haiti,Trinidad and Tobago,0.0,0.0,Friendly,Palm Beach Gardens,United States,True,87.0,1276.0,104.0,1198.0
2023-06-20,South Korea,El Salvador,1.0,1.0,Friendly,Daejeon,South Korea,False,27.0,1536.0,75.0,1318.0
2023-06-20,Malaysia,Papua New Guinea,10.0,0.0,Friendly,Terengganu,Malaysia,False,138.0,1082.0,159.0,1007.0
2023-06-20,Montenegro,Czech Republic,1.0,4.0,Friendly,Podgorica,Montenegro,False,69.0,1343.0,38.0,1495.0
2023-06-20,Ecuador,Costa Rica,3.0,1.0,Friendly,Chester,United States,True,41.0,1478.0,39.0,1491.0
2023-06-20,Uruguay,Cuba,2.0,0.0,Friendly,Montevideo,Uruguay,False,16.0,1631.0,165.0,986.0
2023-06-20,Scotland,Georgia,2.0,0.0,UEFA Euro qualification,Glasgow,Scotland,False,36.0,1501.0,77.0,1312.0
2023-06-20,Faroe Islands,Albania,1.0,3.0,UEFA Euro qualification,Tórshavn,Faroe Islands,False,125.0,1139.0,68.0,1345.0
2023-06-20,Norway,Cyprus,3.0,1.0,UEFA Euro qualification,Oslo,Norway,False,44.0,1464.0,111.0,1179.0
2023-06-20,Austria,Sweden,2.0,0.0,UEFA Euro qualification,Vienna,Austria,False,32.0,1508.0,22.0,1559.0
2023-06-20,Estonia,Belgium,0.0,3.0,UEFA Euro qualification,Tallinn,Estonia,False,108.0,1182.0,4.0,1793.0
2023-06-20,Hungary,Lithuania,2.0,0.0,UEFA Euro qualification,Budapest,Hungary,False,33.0,1504.0,146.0,1069.0
2023-06-20,Bulgaria,Serbia,1.0,1.0,UEFA Euro qualification,Razgrad,Bulgaria,False,76.0,1316.0,25.0,1542.0
2023-06-20,Kyrgyzstan,Oman,0.0,1.0,CAFA Nations Cup,Tashkent,Uzbekistan,True,96.0,1225.0,73.0,1334.0
2023-06-20,Moldova,Poland,3.0,2.0,UEFA Euro qualification,Chișinău,Moldova,False,171.0,973.0,23.0,1554.0
2023-06-20,Liechtenstein,Slovakia,0.0,1.0,UEFA Euro qualification,Vaduz,Liechtenstein,False,199.0,856.0,51.0,1434.0
2023-06-20,Uzbekistan,Iran,0.0,1.0,CAFA Nations Cup,Tashkent,Uzbekistan,False,74.0,1318.0,24.0,1553.0
2023-06-20,Burundi,Namibia,3.0,2.0,African Cup of Nations qualification,Dar es Salaam,Tanzania,True,145.0,1070.0,106.0,1190.0
2023-06-20,Ethiopia,Malawi,0.0,0.0,African Cup of Nations qualification,Maputo,Mozambique,True,142.0,1073.0,127.0,1135.0
2023-06-20,Sudan,Mauritania,0.0,3.0,African Cup of Nations qualification,Agadir,Morocco,True,128.0,1133.0,105.0,1194.0
2023-06-20,Iceland,Portugal,0.0,1.0,UEFA Euro qualification,Reykjavík,Iceland,False,64.0,1369.0,9.0,1707.0
2023-06-20,Bosnia and Herzegovina,Luxembourg,0.0,2.0,UEFA Euro qualification,Zenica,Bosnia and Herzegovina,False,57.0,1403.0,91.0,1246.0
2023-06-21,Kuwait,Nepal,3.0,1.0,SAFF Cup,Bengaluru,India,True,143.0,1072.0,174.0,963.0
2023-06-21,India,Pakistan,4.0,0.0,SAFF Cup,Bengaluru,India,False,101.0,1201.0,195.0,861.0
2023-06-22,Lebanon,Bangladesh,2.0,0.0,SAFF Cup,Bengaluru,India,True,99.0,1203.0,192.0,884.0
2023-06-22,Maldives,Bhutan,2.0,0.0,SAFF Cup,Bengaluru,India,True,154.0,1025.0,185.0,906.0
2023-06-24,Pakistan,Kuwait,0.0,4.0,SAFF Cup,Bengaluru,India,True,195.0,861.0,143.0,1072.0
2023-06-24,India,Nepal,2.0,0.0,SAFF Cup,Bengaluru,India,False,101.0,1201.0,174.0,963.0
2023-06-24,United States,Jamaica,1.0,1.0,Gold Cup,Chicago,United States,False,13.0,1654.0,63.0,1382.0
2023-06-25,Bangladesh,Maldives,3.0,1.0,SAFF Cup,Bengaluru,India,True,192.0,884.0,154.0,1025.0
2023-06-25,Bhutan,Lebanon,1.0,4.0,SAFF Cup,Bengaluru,India,True,185.0,906.0,99.0,1203.0
2023-06-25,Trinidad and Tobago,Saint Kitts and Nevis,3.0,0.0,Gold Cup,Fort Lauderdale,United States,True,104.0,1198.0,139.0,1081.0
2023-06-25,Haiti,Qatar,2.0,1.0,Gold Cup,Houston,United States,True,87.0,1276.0,61.0,1389.0
2023-06-25,Mexico,Honduras,4.0,0.0,Gold Cup,Houston,United States,True,15.0,1632.0,80.0,1300.0
2023-06-26,Costa Rica,Panama,1.0,2.0,Gold Cup,Fort Lauderdale,United States,True,39.0,1491.0,58.0,1399.0
2023-06-27,Nepal,Pakistan,1.0,0.0,SAFF Cup,Bengaluru,India,True,174.0,963.0,195.0,861.0
2023-06-27,India,Kuwait,1.0,1.0,SAFF Cup,Bengaluru,India,False,101.0,1201.0,143.0,1072.0
2023-06-27,Guatemala,Cuba,1.0,0.0,Gold Cup,Fort Lauderdale,United States,True,116.0,1165.0,165.0,986.0
2023-06-28,Lebanon,Maldives,1.0,0.0,SAFF Cup,Bengaluru,India,True,99.0,1203.0,154.0,1025.0
2023-06-28,Bhutan,Bangladesh,1.0,3.0,SAFF Cup,Bengaluru,India,True,185.0,906.0,192.0,884.0
2023-06-28,Jamaica,Trinidad and Tobago,4.0,1.0,Gold Cup,St. Louis,United States,True,63.0,1382.0,104.0,1198.0
2023-06-28,United States,Saint Kitts and Nevis,6.0,0.0,Gold Cup,St. Louis,United States,False,13.0,1654.0,139.0,1081.0
2023-06-29,Qatar,Honduras,1.0,1.0,Gold Cup,Glendale,United States,True,58.0,1394.0,81.0,1296.0
2023-06-29,Haiti,Mexico,1.0,3.0,Gold Cup,Glendale,United States,True,87.0,1276.0,14.0,1639.0
2023-06-30,El Salvador,Costa Rica,0.0,0.0,Gold Cup,Harrison,United States,True,76.0,1318.0,42.0,1478.0
2023-07-01,India,Lebanon,0.0,0.0,SAFF Cup,Bengaluru,India,False,100.0,1205.0,102.0,1202.0
2023-07-01,Kuwait,Bangladesh,1.0,0.0,SAFF Cup,Bengaluru,India,True,141.0,1084.0,192.0,890.0
2023-07-01,Guatemala,Canada,0.0,0.0,Gold Cup,Houston,United States,True,116.0,1167.0,45.0,1454.0
2023-07-02,United States,Trinidad and Tobago,6.0,0.0,Gold Cup,Charlotte,United States,False,11.0,1673.0,101.0,1203.0
2023-07-02,Jamaica,Saint Kitts and Nevis,5.0,0.0,Gold Cup,Santa Clara,United States,True,63.0,1368.0,136.0,1092.0
2023-07-02,Honduras,Haiti,2.0,1.0,Gold Cup,Charlotte,United States,True,81.0,1296.0,87.0,1276.0
2023-07-02,Mexico,Qatar,0.0,1.0,Gold Cup,Santa Clara,United States,True,14.0,1639.0,58.0,1394.0
2023-07-04,India,Kuwait,1.0,1.0,SAFF Cup,Bengaluru,India,False,100.0,1205.0,141.0,1084.0
2023-07-04,Panama,El Salvador,2.0,2.0,Gold Cup,Houston,United States,True,57.0,1399.0,76.0,1318.0
2023-07-04,Canada,Cuba,4.0,2.0,Gold Cup,Houston,United States,True,45.0,1454.0,166.0,985.0
2023-07-05,Eswatini,Botswana,0.0,1.0,COSAFA Cup,Durban,South Africa,True,146.0,1059.0,147.0,1052.0
2023-07-05,South Africa,Namibia,1.0,1.0,COSAFA Cup,Durban,South Africa,False,62.0,1369.0,112.0,1175.0
2023-07-06,Seychelles,Comoros,0.0,3.0,COSAFA Cup,Durban,South Africa,True,196.0,860.0,130.0,1123.0
2023-07-06,Zambia,Malawi,0.0,1.0,COSAFA Cup,Durban,South Africa,True,84.0,1290.0,126.0,1133.0
2023-07-07,Mauritius,Lesotho,0.0,2.0,COSAFA Cup,Durban,South Africa,True,180.0,936.0,152.0,1035.0
2023-07-07,Mozambique,Angola,1.0,1.0,COSAFA Cup,Durban,South Africa,True,117.0,1166.0,114.0,1171.0
2023-07-08,Panama,Qatar,4.0,0.0,Gold Cup,Arlington,United States,True,57.0,1399.0,58.0,1394.0
2023-07-08,Mexico,Costa Rica,2.0,0.0,Gold Cup,Arlington,United States,True,14.0,1639.0,42.0,1478.0
2023-07-08,South Africa,Botswana,2.0,1.0,COSAFA Cup,Durban,South Africa,False,62.0,1369.0,147.0,1052.0
2023-07-08,Namibia,Eswatini,1.0,2.0,COSAFA Cup,Durban,South Africa,True,112.0,1175.0,146.0,1059.0
2023-07-09,Guatemala,Jamaica,0.0,1.0,Gold Cup,Cincinnati,United States,True,116.0,1167.0,63.0,1368.0
2023-07-09,United States,Canada,2.0,2.0,Gold Cup,Cincinnati,United States,False,11.0,1673.0,45.0,1454.0
2023-07-09,Zambia,Comoros,2.0,1.0,COSAFA Cup,Durban,South Africa,True,84.0,1290.0,130.0,1123.0
2023-07-09,Malawi,Seychelles,2.0,0.0,COSAFA Cup,Durban,South Africa,True,126.0,1133.0,196.0,860.0
2023-07-10,Angola,Mauritius,0.0,1.0,COSAFA Cup,KwaMashu,South Africa,True,114.0,1171.0,180.0,936.0
2023-07-10,Mozambique,Lesotho,0.0,1.0,COSAFA Cup,KwaMashu,South Africa,True,117.0,1166.0,152.0,1035.0
2023-07-11,Seychelles,Zambia,2.0,4.0,COSAFA Cup,KwaMashu,South Africa,True,196.0,860.0,84.0,1290.0
2023-07-11,Namibia,Botswana,0.0,0.0,COSAFA Cup,Durban,South Africa,True,112.0,1175.0,147.0,1052.0
2023-07-11,South Africa,Eswatini,2.0,1.0,COSAFA Cup,KwaMashu,South Africa,False,62.0,1369.0,146.0,1059.0
2023-07-11,Malawi,Comoros,2.0,0.0,COSAFA Cup,Durban,South Africa,True,126.0,1133.0,130.0,1123.0
2023-07-12,Jamaica,Mexico,0.0,3.0,Gold Cup,Paradise,United States,True,63.0,1368.0,14.0,1639.0
2023-07-12,United States,Panama,1.0,1.0,Gold Cup,San Diego,United States,False,11.0,1673.0,57.0,1399.0
2023-07-12,Mauritius,Mozambique,0.0,1.0,COSAFA Cup,KwaMashu,South Africa,True,180.0,936.0,117.0,1166.0
2023-07-12,Angola,Lesotho,4.0,2.0,COSAFA Cup,Durban,South Africa,True,114.0,1171.0,152.0,1035.0
2023-07-14,Malawi,Lesotho,1.0,1.0,COSAFA Cup,Durban,South Africa,True,126.0,1133.0,152.0,1035.0
2023-07-14,South Africa,Zambia,1.0,2.0,COSAFA Cup,Durban,South Africa,False,62.0,1369.0,84.0,1290.0
2023-07-16,Lesotho,Zambia,0.0,1.0,COSAFA Cup,Durban,South Africa,True,152.0,1035.0,84.0,1290.0
2023-07-16,South Africa,Malawi,0.0,0.0,COSAFA Cup,Durban,South Africa,False,62.0,1369.0,126.0,1133.0
2023-07-16,Mexico,Panama,1.0,0.0,Gold Cup,Inglewood,United States,True,14.0,1639.0,57.0,1399.0
2023-08-02,Ethiopia,Guyana,2.0,0.0,Friendly,Leesburg,United States,True,142.0,1074.0,168.0,982.0
2023-08-24,Madagascar,Seychelles,1.0,0.0,Indian Ocean Island Games,Antananarivo,Madagascar,False,108.0,1186.0,194.0,857.0
2023-08-26,Madagascar,Mauritius,1.0,1.0,Indian Ocean Island Games,Antananarivo,Madagascar,False,108.0,1186.0,180.0,936.0
2023-08-27,Bolivia,Panama,1.0,2.0,Friendly,Cochabamba,Bolivia,False,83.0,1295.0,45.0,1454.0
2023-08-28,Mauritius,Seychelles,1.0,0.0,Indian Ocean Island Games,Antananarivo,Madagascar,True,180.0,936.0,194.0,857.0
2023-08-28,Tahiti,Cook Islands,9.0,1.0,Friendly,Pirae,Tahiti,False,162.0,995.0,188.0,899.0
2023-08-31,Tahiti,Cook Islands,3.0,0.0,Friendly,Pirae,Tahiti,False,162.0,995.0,188.0,899.0
2023-08-31,Madagascar,Comoros,4.0,2.0,Indian Ocean Island Games,Madagascar,Madagascar,False,108.0,1186.0,130.0,1120.0
2023-09-02,Comoros,Mauritius,0.0,2.0,Indian Ocean Island Games,Madagascar,Madagascar,True,130.0,1120.0,180.0,936.0
2023-09-03,Bangladesh,Afghanistan,0.0,0.0,Friendly,Dhaka,Bangladesh,False,189.0,892.0,157.0,1020.0
2023-09-03,Guatemala,Honduras,0.0,0.0,Friendly,Fort Lauderdale,United States,True,107.0,1187.0,79.0,1309.0
2023-09-04,Mozambique,Benin,3.0,2.0,African Cup of Nations qualification,Maputo,Mozambique,False,117.0,1164.0,93.0,1248.0
2023-09-06,Oman,Palestine,2.0,1.0,Friendly,Muscat,Oman,False,73.0,1332.0,96.0,1233.0
2023-09-06,Macau,Bhutan,0.0,1.0,Friendly,Taipa,Macau,False,182.0,914.0,185.0,901.0
2023-09-06,Syria,Malaysia,2.0,2.0,Friendly,Chengdu,China PR,True,94.0,1242.0,136.0,1092.0
2023-09-06,Libya,Equatorial Guinea,1.0,1.0,African Cup of Nations qualification,Benghazi,Libya,False,127.0,1131.0,91.0,1252.0
2023-09-06,Malta,Gibraltar,1.0,0.0,Friendly,Ta' Qali,Malta,False,171.0,973.0,198.0,852.0
2023-09-07,Qatar,Kenya,1.0,2.0,Friendly,Al Wakrah,Qatar,False,59.0,1396.0,105.0,1191.0
2023-09-07,Guatemala,El Salvador,2.0,0.0,CONCACAF Nations League,Guatemala City,Guatemala,False,107.0,1187.0,75.0,1325.0
2023-09-07,Colombia,Venezuela,1.0,0.0,FIFA World Cup qualification,Barranquilla,Colombia,False,17.0,1625.0,57.0,1417.0
2023-09-07,Argentina,Ecuador,1.0,0.0,FIFA World Cup qualification,Buenos Aires,Argentina,False,1.0,1844.0,40.0,1486.0
2023-09-07,Austria,Moldova,1.0,1.0,Friendly,Pasching,Austria,False,29.0,1528.0,164.0,991.0
2023-09-07,Bahrain,Kuwait,1.0,3.0,Friendly,Dubai,United Arab Emirates,True,86.0,1282.0,137.0,1090.0
2023-09-07,Bangladesh,Afghanistan,1.0,1.0,Friendly,Dhaka,Bangladesh,False,189.0,892.0,157.0,1020.0
2023-09-07,Bulgaria,Iran,0.0,1.0,Friendly,Plovdiv,Bulgaria,False,77.0,1315.0,22.0,1557.0
2023-09-07,Trinidad and Tobago,Curaçao,1.0,0.0,CONCACAF Nations League,Port of Spain,Trinidad and Tobago,False,102.0,1200.0,88.0,1268.0
2023-09-07,Paraguay,Peru,0.0,0.0,FIFA World Cup qualification,Ciudad del Este,Paraguay,False,49.0,1443.0,21.0,1561.0
2023-09-07,Norway,Jordan,6.0,0.0,Friendly,Oslo,Norway,False,44.0,1458.0,82.0,1296.0
2023-09-07,Cambodia,Hong Kong,1.0,1.0,Friendly,Phnom Penh,Cambodia,False,176.0,943.0,149.0,1050.0
2023-09-07,Wales,South Korea,0.0,0.0,Friendly,Cardiff,Wales,False,35.0,1506.0,28.0,1529.0
2023-09-07,Netherlands,Greece,3.0,0.0,UEFA Euro qualification,Eindhoven,Netherlands,False,7.0,1731.0,50.0,1441.0
2023-09-07,Angola,Madagascar,0.0,0.0,African Cup of Nations qualification,Lubango,Angola,False,116.0,1169.0,108.0,1186.0
2023-09-07,Iraq,India,2.0,2.0,King's Cup,Chiang Mai,Thailand,True,70.0,1345.0,99.0,1209.0
2023-09-07,Niger,Uganda,0.0,2.0,African Cup of Nations qualification,Marrakech,Morocco,True,128.0,1130.0,92.0,1250.0
2023-09-07,Tunisia,Botswana,3.0,0.0,African Cup of Nations qualification,Radès,Tunisia,False,31.0,1517.0,147.0,1054.0
2023-09-07,France,Republic of Ireland,2.0,0.0,UEFA Euro qualification,Paris,France,False,2.0,1844.0,53.0,1426.0
2023-09-07,Czech Republic,Albania,1.0,1.0,UEFA Euro qualification,Prague,Czech Republic,False,37.0,1504.0,65.0,1357.0
2023-09-07,Algeria,Tanzania,0.0,0.0,African Cup of Nations qualification,Annaba,Algeria,False,33.0,1511.0,124.0,1139.0
2023-09-07,Serbia,Hungary,1.0,2.0,UEFA Euro qualification,Belgrade,Serbia,False,25.0,1539.0,36.0,1505.0
2023-09-07,Lithuania,Montenegro,2.0,2.0,UEFA Euro qualification,Kaunas,Lithuania,False,144.0,1070.0,71.0,1343.0
2023-09-07,Kazakhstan,Finland,0.0,1.0,UEFA Euro qualification,Astana,Kazakhstan,False,104.0,1198.0,55.0,1419.0
2023-09-07,Denmark,San Marino,4.0,0.0,UEFA Euro qualification,Copenhagen,Denmark,False,19.0,1597.0,208.0,753.0
2023-09-07,Slovenia,Northern Ireland,4.0,2.0,UEFA Euro qualification,Ljubljana,Slovenia,False,61.0,1391.0,64.0,1361.0
2023-09-07,Ghana,Central African Republic,2.0,1.0,African Cup of Nations qualification,Kumasi,Ghana,False,60.0,1391.0,126.0,1134.0
2023-09-07,Poland,Faroe Islands,2.0,0.0,UEFA Euro qualification,Warsaw,Poland,False,26.0,1537.0,129.0,1126.0
2023-09-07,Thailand,Lebanon,2.0,1.0,King's Cup,Chiang Mai,Thailand,False,113.0,1174.0,100.0,1206.0
2023-09-08,Grenada,Suriname,1.0,1.0,CONCACAF Nations League,St. George's,Grenada,False,174.0,961.0,143.0,1074.0
2023-09-08,Jamaica,Honduras,1.0,0.0,CONCACAF Nations League,Kingston,Jamaica,False,58.0,1410.0,79.0,1309.0
2023-09-08,Barbados,Montserrat,2.0,3.0,CONCACAF Nations League,Bridgetown,Barbados,False,166.0,984.0,179.0,938.0
2023-09-08,Dominican Republic,Nicaragua,0.0,2.0,CONCACAF Nations League,Santo Domingo,Dominican Republic,False,152.0,1037.0,141.0,1076.0
2023-09-08,Brazil,Bolivia,5.0,1.0,FIFA World Cup qualification,Belém,Brazil,False,3.0,1828.0,83.0,1295.0
2023-09-08,Belize,Saint Vincent and the Grenadines,1.0,2.0,CONCACAF Nations League,Belmopan,Belize,False,177.0,940.0,178.0,938.0
2023-09-08,Uruguay,Chile,3.0,1.0,FIFA World Cup qualification,Montevideo,Uruguay,False,16.0,1633.0,32.0,1511.0
2023-09-08,Haiti,Cuba,0.0,0.0,CONCACAF Nations League,Santo Domingo,Dominican Republic,True,87.0,1273.0,172.0,968.0
2023-09-08,Costa Rica,Saudi Arabia,3.0,1.0,Friendly,Newcastle,England,True,46.0,1454.0,54.0,1421.0
2023-09-08,Indonesia,Turkmenistan,2.0,0.0,Friendly,Surabaya,Indonesia,False,150.0,1047.0,138.0,1090.0
2023-09-08,Myanmar,Nepal,0.0,0.0,Friendly,Yangon,Myanmar,False,160.0,1000.0,175.0,958.0
2023-09-08,Singapore,Tajikistan,0.0,2.0,Friendly,Bishan,Singapore,False,158.0,1015.0,110.0,1180.0
2023-09-08,Egypt,Ethiopia,1.0,0.0,African Cup of Nations qualification,Cairo,Egypt,False,34.0,1510.0,142.0,1074.0
2023-09-08,Mali,South Sudan,4.0,0.0,African Cup of Nations qualification,Bamako,Mali,False,51.0,1438.0,167.0,983.0
2023-09-08,Georgia,Spain,1.0,7.0,UEFA Euro qualification,Tbilisi,Georgia,False,78.0,1313.0,10.0,1703.0
2023-09-08,Bosnia and Herzegovina,Liechtenstein,2.0,1.0,UEFA Euro qualification,Zenica,Bosnia and Herzegovina,False,62.0,1381.0,200.0,849.0
2023-09-08,Burkina Faso,Eswatini,0.0,0.0,African Cup of Nations qualification,Marrakech,Morocco,True,56.0,1419.0,146.0,1058.0
2023-09-08,Turkey,Armenia,1.0,1.0,UEFA Euro qualification,Eskişehir,Turkey,False,41.0,1484.0,90.0,1253.0
2023-09-08,Luxembourg,Iceland,3.0,1.0,UEFA Euro qualification,Luxembourg,Luxembourg,False,89.0,1263.0,67.0,1353.0
2023-09-08,Slovakia,Portugal,0.0,1.0,UEFA Euro qualification,Bratislava,Slovakia,False,47.0,1447.0,9.0,1718.0
2023-09-08,Cyprus,Scotland,0.0,3.0,UEFA Euro qualification,Larnaca,Cyprus,False,118.0,1164.0,30.0,1520.0
2023-09-08,Croatia,Latvia,5.0,0.0,UEFA Euro qualification,Rijeka,Croatia,False,6.0,1743.0,134.0,1096.0
2023-09-09,United States,Uzbekistan,3.0,0.0,Friendly,St. Louis,United States,False,11.0,1674.0,74.0,1328.0
2023-09-09,Kosovo,Switzerland,2.0,2.0,UEFA Euro qualification,Pristina,Kosovo,False,109.0,1180.0,13.0,1661.0
2023-09-09,Antigua and Barbuda,Guyana,1.0,5.0,CONCACAF Nations League,North Sound,Antigua and Barbuda,False,132.0,1108.0,168.0,982.0
2023-09-09,Bahamas,Puerto Rico,1.0,6.0,CONCACAF Nations League,Nassau,Bahamas,False,197.0,853.0,163.0,994.0
2023-09-09,British Virgin Islands,Turks and Caicos Islands,3.0,1.0,CONCACAF Nations League,Road Town,British Virgin Islands,False,206.0,804.0,202.0,839.0
2023-09-09,Mexico,Australia,2.0,2.0,Friendly,Arlington,United States,True,12.0,1666.0,27.0,1530.0
2023-09-09,South Africa,Namibia,0.0,0.0,Friendly,Johannesburg,South Africa,False,63.0,1368.0,114.0,1172.0
2023-09-09,Malawi,Guinea,2.0,2.0,African Cup of Nations qualification,Lilongwe,Malawi,False,123.0,1141.0,81.0,1297.0
2023-09-09,North Macedonia,Italy,1.0,1.0,UEFA Euro qualification,Skopje,North Macedonia,False,68.0,1351.0,8.0,1727.0
2023-09-09,Comoros,Zambia,1.0,1.0,African Cup of Nations qualification,Moroni,Comoros,False,130.0,1120.0,84.0,1294.0
2023-09-09,DR Congo,Sudan,2.0,0.0,African Cup of Nations qualification,Kinshasa,DR Congo,False,69.0,1350.0,131.0,1116.0
2023-09-09,Rwanda,Senegal,1.0,1.0,African Cup of Nations qualification,Butare,Rwanda,False,139.0,1089.0,18.0,1613.0
2023-09-09,Ukraine,England,1.0,1.0,UEFA Euro qualification,Wrocław,Poland,True,24.0,1541.0,4.0,1797.0
2023-09-09,Azerbaijan,Belgium,0.0,1.0,UEFA Euro qualification,Baku,Azerbaijan,False,121.0,1143.0,5.0,1789.0
2023-09-09,Estonia,Sweden,0.0,5.0,UEFA Euro qualification,Tallinn,Estonia,False,111.0,1179.0,23.0,1547.0
2023-09-09,Andorra,Belarus,0.0,0.0,UEFA Euro qualification,Andorra la Vella,Andorra,False,154.0,1022.0,98.0,1212.0
2023-09-09,Mauritania,Gabon,2.0,1.0,African Cup of Nations qualification,Nouakchott,Mauritania,False,101.0,1205.0,85.0,1285.0
2023-09-09,Ivory Coast,Lesotho,1.0,0.0,African Cup of Nations qualification,San-Pédro,Ivory Coast,False,52.0,1433.0,151.0,1039.0
2023-09-09,Germany,Japan,1.0,4.0,Friendly,Wolfsburg,Germany,False,15.0,1636.0,20.0,1596.0
2023-09-09,Romania,Israel,1.0,1.0,UEFA Euro qualification,Bucharest,Romania,False,48.0,1444.0,76.0,1324.0
2023-09-10,Republic of Ireland,Netherlands,1.0,2.0,UEFA Euro qualification,Dublin,Republic of Ireland,False,53.0,1426.0,7.0,1731.0
2023-09-10,Saint Lucia,Saint Kitts and Nevis,2.0,0.0,CONCACAF Nations League,Gros Islet,Saint Lucia,False,170.0,979.0,145.0,1067.0
2023-09-10,Hungary,Czech Republic,1.0,1.0,Friendly,Budapest,Hungary,False,36.0,1505.0,37.0,1504.0
2023-09-10,El Salvador,Trinidad and Tobago,2.0,3.0,CONCACAF Nations League,San Salvador,El Salvador,False,75.0,1325.0,102.0,1200.0
2023-09-10,Guatemala,Panama,1.0,1.0,CONCACAF Nations League,Guatemala City,Guatemala,False,107.0,1187.0,45.0,1454.0
2023-09-10,Togo,Cape Verde,3.0,2.0,African Cup of Nations qualification,Lomé,Togo,False,122.0,1141.0,66.0,1355.0
2023-09-10,Faroe Islands,Moldova,0.0,1.0,UEFA Euro qualification,Tórshavn,Faroe Islands,False,129.0,1126.0,164.0,991.0
2023-09-10,Kazakhstan,Northern Ireland,1.0,0.0,UEFA Euro qualification,Astana,Kazakhstan,False,104.0,1198.0,64.0,1361.0
2023-09-10,Greece,Gibraltar,5.0,0.0,UEFA Euro qualification,Athens,Greece,False,50.0,1441.0,198.0,852.0
2023-09-10,Thailand,Iraq,2.0,2.0,King's Cup,Chiang Mai,Thailand,False,113.0,1174.0,70.0,1345.0
2023-09-10,Lebanon,India,1.0,0.0,King's Cup,Chiang Mai,Thailand,True,100.0,1206.0,99.0,1209.0
2023-09-10,San Marino,Slovenia,0.0,4.0,UEFA Euro qualification,Serravalle,San Marino,False,208.0,753.0,61.0,1391.0
2023-09-10,Lithuania,Serbia,1.0,3.0,UEFA Euro qualification,Kaunas,Lithuania,False,144.0,1070.0,25.0,1539.0
2023-09-10,Finland,Denmark,0.0,1.0,UEFA Euro qualification,Helsinki,Finland,False,55.0,1419.0,19.0,1597.0
2023-09-10,Montenegro,Bulgaria,2.0,1.0,UEFA Euro qualification,Podgorica,Montenegro,False,71.0,1343.0,77.0,1315.0
2023-09-10,Albania,Poland,2.0,0.0,UEFA Euro qualification,Tirana,Albania,False,65.0,1357.0,26.0,1537.0
2023-09-11,Kuwait,Kyrgyzstan,1.0,3.0,Friendly,Dubai,United Arab Emirates,True,137.0,1090.0,97.0,1225.0
2023-09-11,Nicaragua,Barbados,5.0,1.0,CONCACAF Nations League,Managua,Nicaragua,False,141.0,1076.0,166.0,984.0
2023-09-11,Cayman Islands,Aruba,1.0,2.0,CONCACAF Nations League,George Town,Cayman Islands,False,193.0,860.0,199.0,851.0
2023-09-11,Cambodia,Macau,4.0,0.0,Friendly,Phnom Penh,Cambodia,False,176.0,943.0,182.0,914.0
2023-09-11,Hong Kong,Brunei,10.0,0.0,Friendly,Hong Kong,Hong Kong,False,149.0,1050.0,190.0,891.0
2023-09-11,Portugal,Luxembourg,9.0,0.0,UEFA Euro qualification,São João da Venda,Portugal,False,9.0,1718.0,89.0,1263.0
2023-09-11,Dominican Republic,Montserrat,3.0,0.0,CONCACAF Nations League,Santo Domingo,Dominican Republic,False,152.0,1037.0,179.0,938.0
2023-09-11,Vietnam,Palestine,2.0,0.0,Friendly,Nam Định,Vietnam,False,95.0,1238.0,96.0,1233.0
2023-09-11,Guinea-Bissau,Sierra Leone,2.0,1.0,African Cup of Nations qualification,Bissau,Guinea-Bissau,False,112.0,1179.0,120.0,1156.0
2023-09-11,Armenia,Croatia,0.0,1.0,UEFA Euro qualification,Yerevan,Armenia,False,90.0,1253.0,6.0,1743.0
2023-09-11,Latvia,Wales,0.0,2.0,UEFA Euro qualification,Riga,Latvia,False,134.0,1096.0,35.0,1506.0
2023-09-11,Iceland,Bosnia and Herzegovina,1.0,0.0,UEFA Euro qualification,Reykjavík,Iceland,False,67.0,1353.0,62.0,1381.0
2023-09-11,Slovakia,Liechtenstein,3.0,0.0,UEFA Euro qualification,Bratislava,Slovakia,False,47.0,1447.0,200.0,849.0
2023-09-11,Myanmar,Nepal,1.0,0.0,Friendly,Yangon,Myanmar,False,160.0,1000.0,175.0,958.0
2023-09-12,Saint Vincent and the Grenadines,Bermuda,4.0,3.0,CONCACAF Nations League,Kingstown,Saint Vincent and the Grenadines,False,178.0,938.0,173.0,966.0
2023-09-12,Guyana,Bahamas,3.0,2.0,CONCACAF Nations League,Leonora,Guyana,False,168.0,982.0,197.0,853.0
2023-09-12,Puerto Rico,Antigua and Barbuda,5.0,0.0,CONCACAF Nations League,Nassau,Bahamas,True,163.0,994.0,132.0,1108.0
2023-09-12,Turks and Caicos Islands,Dominica,0.0,3.0,CONCACAF Nations League,Providenciales,Turks and Caicos Islands,False,202.0,839.0,184.0,905.0
2023-09-12,Bolivia,Argentina,0.0,3.0,FIFA World Cup qualification,La Paz,Bolivia,False,83.0,1295.0,1.0,1844.0
2023-09-12,Ecuador,Uruguay,2.0,1.0,FIFA World Cup qualification,Quito,Ecuador,False,40.0,1486.0,16.0,1633.0
2023-09-12,Jamaica,Haiti,2.0,2.0,CONCACAF Nations League,Kingston,Jamaica,False,58.0,1410.0,87.0,1273.0
2023-09-12,Venezuela,Paraguay,1.0,0.0,FIFA World Cup qualification,Maturín,Venezuela,False,57.0,1417.0,49.0,1443.0
2023-09-12,Azerbaijan,Jordan,2.0,1.0,Friendly,Baku,Azerbaijan,False,121.0,1143.0,82.0,1296.0
2023-09-12,Bahrain,Turkmenistan,1.0,1.0,Friendly,Dubai,United Arab Emirates,True,86.0,1282.0,138.0,1090.0
2023-09-12,Egypt,Tunisia,1.0,3.0,Friendly,Cairo,Egypt,False,34.0,1510.0,31.0,1517.0
2023-09-12,Germany,France,2.0,1.0,Friendly,Dortmund,Germany,False,15.0,1636.0,2.0,1844.0
2023-09-12,Qatar,Russia,1.0,1.0,Friendly,Al Wakrah,Qatar,False,59.0,1396.0,38.0,1496.0
2023-09-12,Ghana,Liberia,3.0,1.0,Friendly,Accra,Ghana,False,60.0,1391.0,148.0,1050.0
2023-09-12,Peru,Brazil,0.0,1.0,FIFA World Cup qualification,Lima,Peru,False,21.0,1561.0,3.0,1828.0
2023-09-12,Cuba,Suriname,1.0,0.0,CONCACAF Nations League,Santiago,Cuba,False,172.0,968.0,143.0,1074.0
2023-09-12,Honduras,Grenada,4.0,0.0,CONCACAF Nations League,Tegucigalpa,Honduras,False,79.0,1309.0,174.0,961.0
2023-09-12,Chile,Colombia,0.0,0.0,FIFA World Cup qualification,Santiago,Chile,False,32.0,1511.0,17.0,1625.0
2023-09-12,Iran,Angola,4.0,0.0,Friendly,Tehran,Iran,False,22.0,1557.0,116.0,1169.0
2023-09-12,Japan,Turkey,4.0,2.0,Friendly,Genk,Belgium,True,20.0,1596.0,41.0,1484.0
2023-09-12,Kenya,South Sudan,0.0,1.0,Friendly,Nairobi,Kenya,False,105.0,1191.0,167.0,983.0
2023-09-12,Philippines,Afghanistan,2.0,1.0,Friendly,Manila,Philippines,False,135.0,1096.0,157.0,1020.0
2023-09-12,Scotland,England,1.0,3.0,Friendly,Glasgow,Scotland,False,30.0,1520.0,4.0,1797.0
2023-09-12,Senegal,Algeria,0.0,1.0,Friendly,Diamniadio,Senegal,False,18.0,1613.0,33.0,1511.0
2023-09-12,South Africa,DR Congo,1.0,0.0,Friendly,Johannesburg,South Africa,False,63.0,1368.0,69.0,1350.0
2023-09-12,United Arab Emirates,Costa Rica,4.0,1.0,Friendly,Zagreb,Croatia,True,72.0,1336.0,46.0,1454.0
2023-09-12,United States,Oman,4.0,0.0,Friendly,Saint Paul,United States,False,11.0,1674.0,73.0,1332.0
2023-09-12,Italy,Ukraine,2.0,1.0,UEFA Euro qualification,Milan,Italy,False,8.0,1727.0,24.0,1541.0
2023-09-12,Morocco,Burkina Faso,1.0,0.0,Friendly,Lens,France,True,14.0,1656.0,56.0,1419.0
2023-09-12,Norway,Georgia,2.0,1.0,UEFA Euro qualification,Oslo,Norway,False,44.0,1458.0,78.0,1313.0
2023-09-12,Malta,North Macedonia,0.0,2.0,UEFA Euro qualification,Ta' Qali,Malta,False,171.0,973.0,68.0,1351.0
2023-09-12,Belgium,Estonia,5.0,0.0,UEFA Euro qualification,Brussels,Belgium,False,5.0,1789.0,111.0,1179.0
2023-09-12,Sweden,Austria,1.0,3.0,UEFA Euro qualification,Stockholm,Sweden,False,23.0,1547.0,29.0,1528.0
2023-09-12,Switzerland,Andorra,3.0,0.0,UEFA Euro qualification,Sion,Switzerland,False,13.0,1661.0,154.0,1022.0
2023-09-12,Israel,Belarus,1.0,0.0,UEFA Euro qualification,Tel Aviv,Israel,False,76.0,1324.0,98.0,1212.0
2023-09-12,Romania,Kosovo,2.0,0.0,UEFA Euro qualification,Bucharest,Romania,False,48.0,1444.0,109.0,1180.0
2023-09-12,South Korea,Saudi Arabia,1.0,0.0,Friendly,Newcastle,England,True,28.0,1529.0,54.0,1421.0
2023-09-12,Cameroon,Burundi,3.0,0.0,African Cup of Nations qualification,Garoua,Cameroon,False,42.0,1471.0,140.0,1085.0
2023-09-12,Spain,Cyprus,6.0,0.0,UEFA Euro qualification,Granada,Spain,False,10.0,1703.0,118.0,1164.0
2023-09-12,Mexico,Uzbekistan,3.0,3.0,Friendly,Atlanta,United States,True,12.0,1666.0,74.0,1328.0
2023-10-08,Papua New Guinea,Solomon Islands,1.0,3.0,MSG Prime Minister's Cup,New Caledonia,New Caledonia,True,162.0,1003.0,133.0,1098.0
2023-10-08,New Caledonia,Vanuatu,4.0,0.0,MSG Prime Minister's Cup,New Caledonia,New Caledonia,False,163.0,996.0,168.0,986.0
2023-10-11,Wales,Gibraltar,4.0,0.0,Friendly,Wrexham,Wales,False,33.0,1511.0,198.0,845.0
2023-10-11,Solomon Islands,Vanuatu,1.0,0.0,MSG Prime Minister's Cup,New Caledonia,New Caledonia,True,133.0,1098.0,168.0,986.0
2023-10-11,New Caledonia,Papua New Guinea,3.0,1.0,MSG Prime Minister's Cup,New Caledonia,New Caledonia,False,163.0,996.0,162.0,1003.0
2023-10-12,Indonesia,Brunei,6.0,0.0,FIFA World Cup qualification,Jakarta,Indonesia,False,147.0,1053.0,191.0,888.0
2023-10-12,Suriname,Haiti,1.0,1.0,CONCACAF Nations League,Paramaribo,Suriname,False,145.0,1063.0,87.0,1271.0
2023-10-12,Grenada,Jamaica,1.0,4.0,CONCACAF Nations League,St. George's,Grenada,False,173.0,959.0,56.0,1414.0
2023-10-12,Cuba,Honduras,0.0,0.0,CONCACAF Nations League,Santo Domingo,Dominican Republic,True,169.0,981.0,77.0,1306.0
2023-10-12,Afghanistan,Mongolia,1.0,0.0,FIFA World Cup qualification,Dushanbe,Tajikistan,True,158.0,1014.0,183.0,909.0
2023-10-12,Argentina,Paraguay,1.0,0.0,FIFA World Cup qualification,Buenos Aires,Argentina,False,1.0,1851.0,52.0,1432.0
2023-10-12,Maldives,Bangladesh,1.0,1.0,FIFA World Cup qualification,Malé,Maldives,False,155.0,1022.0,189.0,894.0
2023-10-12,Hong Kong,Bhutan,4.0,0.0,FIFA World Cup qualification,Hong Kong,Hong Kong,False,148.0,1052.0,184.0,906.0
2023-10-12,Cambodia,Pakistan,0.0,0.0,FIFA World Cup qualification,Phnom Penh,Cambodia,False,177.0,949.0,197.0,848.0
2023-10-12,Bolivia,Ecuador,1.0,2.0,FIFA World Cup qualification,La Paz,Bolivia,False,83.0,1288.0,38.0,1498.0
2023-10-12,Chile,Peru,2.0,0.0,FIFA World Cup qualification,Santiago,Chile,False,36.0,1505.0,22.0,1552.0
2023-10-12,Brazil,Venezuela,1.0,1.0,FIFA World Cup qualification,Cuiabá,Brazil,False,3.0,1838.0,53.0,1423.0
2023-10-12,Colombia,Uruguay,2.0,2.0,FIFA World Cup qualification,Barranquilla,Colombia,False,16.0,1630.0,17.0,1627.0
2023-10-12,Montenegro,Lebanon,3.0,2.0,Friendly,Podgorica,Montenegro,False,68.0,1349.0,101.0,1206.0
2023-10-12,Dominica,British Virgin Islands,1.0,1.0,CONCACAF Nations League,Gros Islet,Saint Lucia,True,182.0,911.0,205.0,812.0
2023-10-12,Russia,Cameroon,1.0,0.0,Friendly,Moscow,Russia,False,39.0,1496.0,41.0,1476.0
2023-10-12,Nepal,Laos,1.0,1.0,FIFA World Cup qualification,Kathmandu,Nepal,False,175.0,954.0,186.0,900.0
2023-10-12,Singapore,Guam,2.0,1.0,FIFA World Cup qualification,Kallang,Singapore,False,157.0,1016.0,201.0,838.0
2023-10-12,Yemen,Sri Lanka,3.0,0.0,FIFA World Cup qualification,Abha,Saudi Arabia,True,156.0,1020.0,202.0,825.0
2023-10-12,Algeria,Cape Verde,5.0,1.0,Friendly,Constantine,Algeria,False,34.0,1510.0,71.0,1337.0
2023-10-12,Bahrain,Kyrgyzstan,2.0,0.0,Friendly,Arad,Bahrain,False,86.0,1274.0,96.0,1229.0
2023-10-12,Egypt,Zambia,1.0,0.0,Friendly,Al Ain,United Arab Emirates,True,35.0,1509.0,82.0,1290.0
2023-10-12,Georgia,Thailand,8.0,0.0,Friendly,Tbilisi,Georgia,False,79.0,1299.0,112.0,1181.0
2023-10-12,Belarus,Romania,0.0,0.0,UEFA Euro qualification,Budapest,Hungary,True,105.0,1198.0,47.0,1448.0
2023-10-12,Myanmar,Macau,5.0,1.0,FIFA World Cup qualification,Yangon,Myanmar,False,161.0,1004.0,185.0,904.0
2023-10-12,Sweden,Moldova,3.0,1.0,Friendly,Stockholm,Sweden,False,23.0,1539.0,159.0,1010.0
2023-10-12,Andorra,Kosovo,0.0,3.0,UEFA Euro qualification,Andorra la Vella,Andorra,False,153.0,1025.0,111.0,1182.0
2023-10-12,Albania,Czech Republic,3.0,0.0,UEFA Euro qualification,Tirana,Albania,False,62.0,1377.0,37.0,1500.0
2023-10-12,Faroe Islands,Poland,0.0,2.0,UEFA Euro qualification,Tórshavn,Faroe Islands,False,131.0,1107.0,30.0,1525.0
2023-10-12,Spain,Scotland,2.0,0.0,UEFA Euro qualification,Seville,Spain,False,10.0,1711.0,31.0,1523.0
2023-10-12,Latvia,Armenia,2.0,0.0,UEFA Euro qualification,Riga,Latvia,False,136.0,1090.0,91.0,1254.0
2023-10-12,Cyprus,Norway,0.0,4.0,UEFA Euro qualification,Larnaca,Cyprus,False,120.0,1156.0,43.0,1471.0
2023-10-12,Croatia,Turkey,0.0,1.0,UEFA Euro qualification,Osijek,Croatia,False,6.0,1748.0,42.0,1475.0
2023-10-13,England,Australia,1.0,0.0,Friendly,London,England,False,4.0,1794.0,27.0,1532.0
2023-10-13,Curaçao,Panama,1.0,2.0,CONCACAF Nations League,Willemstad,Curaçao,False,90.0,1259.0,45.0,1452.0
2023-10-13,Equatorial Guinea,Burkina Faso,0.0,0.0,Friendly,Malabo,Equatorial Guinea,False,92.0,1249.0,58.0,1409.0
2023-10-13,DR Congo,New Zealand,1.0,1.0,Friendly,Murcia,Spain,True,64.0,1370.0,104.0,1199.0
2023-10-13,Belize,Bermuda,0.0,1.0,CONCACAF Nations League,Belmopan,Belize,False,180.0,932.0,174.0,958.0
2023-10-13,Barbados,Dominican Republic,0.0,5.0,CONCACAF Nations League,Bridgetown,Barbados,False,172.0,970.0,151.0,1036.0
2023-10-13,Montserrat,Nicaragua,0.0,3.0,CONCACAF Nations League,Bridgetown,Barbados,True,179.0,940.0,138.0,1089.0
2023-10-13,Trinidad and Tobago,Guatemala,3.0,2.0,CONCACAF Nations League,Port of Spain,Trinidad and Tobago,False,98.0,1217.0,103.0,1200.0
2023-10-13,Japan,Canada,4.0,1.0,Friendly,Niigata,Japan,False,19.0,1605.0,44.0,1459.0
2023-10-13,Guinea,Guinea-Bissau,1.0,0.0,Friendly,Setúbal,Portugal,True,81.0,1293.0,106.0,1191.0
2023-10-13,Iraq,Qatar,0.0,0.0,Friendly,Amman,Jordan,True,69.0,1347.0,61.0,1396.0
2023-10-13,Portugal,Slovakia,3.0,2.0,UEFA Euro qualification,Porto,Portugal,False,8.0,1729.0,48.0,1443.0
2023-10-13,Angola,Mozambique,1.0,1.0,Friendly,Albufeira,Portugal,True,117.0,1168.0,113.0,1179.0
2023-10-13,South Korea,Tunisia,4.0,0.0,Friendly,Seoul,South Korea,False,26.0,1533.0,29.0,1525.0
2023-10-13,Mali,Uganda,1.0,0.0,Friendly,Bamako,Mali,False,49.0,1442.0,89.0,1260.0
2023-10-13,Iceland,Luxembourg,1.0,1.0,UEFA Euro qualification,Reykjavík,Iceland,False,67.0,1352.0,85.0,1274.0
2023-10-13,Austria,Belgium,2.0,3.0,UEFA Euro qualification,Vienna,Austria,False,25.0,1537.0,5.0,1793.0
2023-10-13,Liechtenstein,Bosnia and Herzegovina,0.0,2.0,UEFA Euro qualification,Vaduz,Liechtenstein,False,199.0,844.0,63.0,1370.0
2023-10-13,Netherlands,France,1.0,2.0,UEFA Euro qualification,Amsterdam,Netherlands,False,7.0,1743.0,2.0,1841.0
2023-10-13,Republic of Ireland,Greece,0.0,2.0,UEFA Euro qualification,Dublin,Republic of Ireland,False,55.0,1416.0,51.0,1437.0
2023-10-13,South Africa,Eswatini,0.0,0.0,Friendly,Johannesburg,South Africa,False,65.0,1368.0,144.0,1066.0
2023-10-13,Nigeria,Saudi Arabia,2.0,2.0,Friendly,Portimão,Portugal,True,40.0,1489.0,57.0,1413.0
2023-10-13,Estonia,Azerbaijan,0.0,2.0,UEFA Euro qualification,Tallinn,Estonia,False,115.0,1172.0,121.0,1148.0
2023-10-13,Vietnam,Uzbekistan,0.0,2.0,Friendly,Dalian,China PR,True,95.0,1243.0,75.0,1328.0
2023-10-14,Niger,Somalia,3.0,0.0,Friendly,Mohammedia,Morocco,True,128.0,1120.0,194.0,855.0
2023-10-14,Sierra Leone,Benin,1.0,1.0,Friendly,Khouribga,Morocco,True,124.0,1144.0,94.0,1245.0
2023-10-14,Puerto Rico,Guyana,1.0,3.0,CONCACAF Nations League,Añasco,Puerto Rico,False,160.0,1008.0,165.0,994.0
2023-10-14,Bahamas,Antigua and Barbuda,1.0,4.0,CONCACAF Nations League,Nassau,Bahamas,False,200.0,842.0,137.0,1089.0
2023-10-14,Ivory Coast,Morocco,1.0,1.0,Friendly,Abidjan,Ivory Coast,False,50.0,1438.0,13.0,1658.0
2023-10-14,Liberia,Libya,2.0,3.0,Friendly,Khouribga,Morocco,True,150.0,1048.0,126.0,1134.0
2023-10-14,Mauritania,Madagascar,2.0,1.0,Friendly,Mohammedia,Morocco,True,99.0,1207.0,108.0,1188.0
2023-10-14,Mexico,Ghana,2.0,0.0,Friendly,Charlotte,United States,True,12.0,1661.0,60.0,1400.0
2023-10-14,United States,Germany,1.0,3.0,Friendly,East Hartford,United States,False,11.0,1679.0,15.0,1638.0
2023-10-14,Bulgaria,Lithuania,0.0,2.0,UEFA Euro qualification,Sofia,Bulgaria,False,78.0,1301.0,143.0,1072.0
2023-10-14,Hungary,Serbia,2.0,1.0,UEFA Euro qualification,Budapest,Hungary,False,32.0,1518.0,28.0,1529.0
2023-10-14,Northern Ireland,San Marino,3.0,0.0,UEFA Euro qualification,Belfast,Northern Ireland,False,74.0,1333.0,207.0,750.0
2023-10-14,Slovenia,Finland,3.0,0.0,UEFA Euro qualification,Ljubljana,Slovenia,False,59.0,1405.0,54.0,1418.0
2023-10-14,Denmark,Kazakhstan,3.0,1.0,UEFA Euro qualification,Copenhagen,Denmark,False,18.0,1607.0,100.0,1207.0
2023-10-14,Papua New Guinea,Vanuatu,0.0,1.0,MSG Prime Minister's Cup,New Caledonia,New Caledonia,True,162.0,1003.0,168.0,986.0
2023-10-14,New Caledonia,Solomon Islands,0.0,1.0,MSG Prime Minister's Cup,New Caledonia,New Caledonia,False,163.0,996.0,133.0,1098.0
2023-10-14,Ukraine,North Macedonia,2.0,0.0,UEFA Euro qualification,Prague,Czech Republic,True,24.0,1538.0,66.0,1363.0
2023-10-14,Italy,Malta,4.0,0.0,UEFA Euro qualification,Bari,Italy,False,9.0,1727.0,171.0,972.0
2023-10-15,Honduras,Cuba,4.0,0.0,CONCACAF Nations League,Tegucigalpa,Honduras,False,77.0,1306.0,169.0,981.0
2023-10-15,Haiti,Jamaica,2.0,3.0,CONCACAF Nations League,Port of Spain,Trinidad and Tobago,True,87.0,1271.0,56.0,1414.0
2023-10-15,Suriname,Grenada,4.0,0.0,CONCACAF Nations League,Paramaribo,Suriname,False,145.0,1063.0,173.0,959.0
2023-10-15,Kyrgyzstan,Philippines,0.0,1.0,Friendly,Manama,Bahrain,True,96.0,1229.0,132.0,1099.0
2023-10-15,Sudan,Tanzania,1.0,1.0,Friendly,Taif,Saudi Arabia,True,130.0,1109.0,122.0,1146.0
2023-10-15,Georgia,Cyprus,4.0,0.0,UEFA Euro qualification,Tbilisi,Georgia,False,79.0,1299.0,120.0,1156.0
2023-10-15,Norway,Spain,0.0,1.0,UEFA Euro qualification,Oslo,Norway,False,43.0,1471.0,10.0,1711.0
2023-10-15,Wales,Croatia,2.0,1.0,UEFA Euro qualification,Cardiff,Wales,False,33.0,1511.0,6.0,1748.0
2023-10-15,Turkey,Latvia,4.0,0.0,UEFA Euro qualification,Konya,Turkey,False,42.0,1475.0,136.0,1090.0
2023-10-15,Czech Republic,Faroe Islands,1.0,0.0,UEFA Euro qualification,Plzeň,Czech Republic,False,37.0,1500.0,131.0,1107.0
2023-10-15,Poland,Moldova,1.0,1.0,UEFA Euro qualification,Warsaw,Poland,False,30.0,1525.0,159.0,1010.0
2023-10-15,Switzerland,Belarus,3.0,3.0,UEFA Euro qualification,St. Gallen,Switzerland,False,14.0,1654.0,105.0,1198.0
2023-10-15,Romania,Andorra,4.0,0.0,UEFA Euro qualification,Bucharest,Romania,False,47.0,1448.0,153.0,1025.0
2023-10-16,Dominican Republic,Barbados,5.0,2.0,CONCACAF Nations League,Santiago de los Caballeros,Dominican Republic,False,151.0,1036.0,172.0,970.0
2023-10-16,Nicaragua,Montserrat,3.0,0.0,CONCACAF Nations League,Managua,Nicaragua,False,138.0,1089.0,179.0,940.0
2023-10-16,Turks and Caicos Islands,British Virgin Islands,2.0,2.0,CONCACAF Nations League,Providenciales,Turks and Caicos Islands,False,203.0,825.0,205.0,812.0
2023-10-16,Algeria,Egypt,1.0,1.0,Friendly,Al Ain,United Arab Emirates,True,34.0,1510.0,35.0,1509.0
2023-10-16,Botswana,Eswatini,2.0,1.0,Friendly,Lobatse,Botswana,False,149.0,1051.0,144.0,1066.0
2023-10-16,Kenya,Russia,2.0,2.0,Friendly,Antalya,Turkey,True,109.0,1184.0,39.0,1496.0
2023-10-16,Luxembourg,Slovakia,0.0,1.0,UEFA Euro qualification,Luxembourg,Luxembourg,False,85.0,1274.0,48.0,1443.0
2023-10-16,Senegal,Cameroon,1.0,0.0,Friendly,Lens,France,True,20.0,1597.0,41.0,1476.0
2023-10-16,Gibraltar,Republic of Ireland,0.0,4.0,UEFA Euro qualification,Faro-Loulé,Portugal,True,198.0,845.0,55.0,1416.0
2023-10-16,Greece,Netherlands,0.0,1.0,UEFA Euro qualification,Athens,Greece,False,51.0,1437.0,7.0,1743.0
2023-10-16,Azerbaijan,Austria,0.0,1.0,UEFA Euro qualification,Baku,Azerbaijan,False,121.0,1148.0,25.0,1537.0
2023-10-16,Belgium,Sweden,1.0,1.0,UEFA Euro qualification,Brussels,Belgium,False,5.0,1793.0,23.0,1539.0
2023-10-16,Iceland,Liechtenstein,4.0,0.0,UEFA Euro qualification,Reykjavík,Iceland,False,67.0,1352.0,199.0,844.0
2023-10-16,Bosnia and Herzegovina,Portugal,0.0,5.0,UEFA Euro qualification,Zenica,Bosnia and Herzegovina,False,63.0,1370.0,8.0,1729.0
2023-10-16,Mozambique,Nigeria,2.0,3.0,Friendly,Albufeira,Portugal,True,113.0,1179.0,40.0,1489.0
2023-10-17,Ecuador,Colombia,0.0,0.0,FIFA World Cup qualification,Quito,Ecuador,False,38.0,1498.0,16.0,1630.0
2023-10-17,Venezuela,Chile,3.0,0.0,FIFA World Cup qualification,Maturín,Venezuela,False,53.0,1423.0,36.0,1505.0
2023-10-17,Guyana,Puerto Rico,3.0,1.0,CONCACAF Nations League,Basseterre,Saint Kitts and Nevis,True,165.0,994.0,160.0,1008.0
2023-10-17,Bahrain,Philippines,1.0,0.0,Friendly,Arad,Bahrain,False,86.0,1274.0,132.0,1099.0
2023-10-17,Bermuda,Belize,1.0,1.0,CONCACAF Nations League,Devonshire Parish,Bermuda,False,174.0,958.0,180.0,932.0
2023-10-17,Curaçao,Trinidad and Tobago,5.0,3.0,CONCACAF Nations League,Willemstad,Curaçao,False,90.0,1259.0,98.0,1217.0
2023-10-17,Panama,Guatemala,3.0,0.0,CONCACAF Nations League,Panama City,Panama,False,45.0,1452.0,103.0,1200.0
2023-10-17,Peru,Argentina,0.0,2.0,FIFA World Cup qualification,Lima,Peru,False,22.0,1552.0,1.0,1851.0
2023-10-17,Antigua and Barbuda,Bahamas,2.0,2.0,CONCACAF Nations League,Piggotts,Antigua and Barbuda,False,137.0,1089.0,200.0,842.0
2023-10-17,Uruguay,Brazil,2.0,0.0,FIFA World Cup qualification,Montevideo,Uruguay,False,17.0,1627.0,3.0,1838.0
2023-10-17,Bhutan,Hong Kong,2.0,0.0,FIFA World Cup qualification,Thimphu,Bhutan,False,184.0,906.0,148.0,1052.0
2023-10-17,Angola,DR Congo,0.0,0.0,Friendly,Setúbal,Portugal,True,117.0,1168.0,64.0,1370.0
2023-10-17,Albania,Bulgaria,2.0,0.0,Friendly,Tirana,Albania,False,62.0,1377.0,78.0,1301.0
2023-10-17,Bangladesh,Maldives,2.0,1.0,FIFA World Cup qualification,Dhaka,Bangladesh,False,189.0,894.0,155.0,1022.0
2023-10-17,Pakistan,Cambodia,1.0,0.0,FIFA World Cup qualification,Islamabad,Pakistan,False,197.0,848.0,177.0,949.0
2023-10-17,Sri Lanka,Yemen,1.0,1.0,FIFA World Cup qualification,Colombo,Sri Lanka,False,202.0,825.0,156.0,1020.0
2023-10-17,Macau,Myanmar,0.0,0.0,FIFA World Cup qualification,Taipa,Macau,False,185.0,904.0,161.0,1004.0
2023-10-17,Laos,Nepal,0.0,1.0,FIFA World Cup qualification,Vientiane,Laos,False,186.0,900.0,175.0,954.0
2023-10-17,Brunei,Indonesia,0.0,6.0,FIFA World Cup qualification,Bandar Seri Begawan,Brunei,False,191.0,888.0,147.0,1053.0
2023-10-17,Mongolia,Afghanistan,0.0,1.0,FIFA World Cup qualification,Ulaanbaatar,Mongolia,False,183.0,909.0,158.0,1014.0
2023-10-17,Paraguay,Bolivia,1.0,0.0,FIFA World Cup qualification,Asunción,Paraguay,False,52.0,1432.0,83.0,1288.0
2023-10-17,Australia,New Zealand,2.0,0.0,Soccer Ashes,Brentford,England,True,27.0,1532.0,104.0,1199.0
2023-10-17,Guam,Singapore,0.0,1.0,FIFA World Cup qualification,Dededo,Guam,False,201.0,838.0,157.0,1016.0
2023-10-17,Benin,Madagascar,1.0,2.0,Friendly,Casablanca,Morocco,True,94.0,1245.0,108.0,1188.0
2023-10-17,Mexico,Germany,2.0,2.0,Friendly,Philadelphia,United States,True,12.0,1661.0,15.0,1638.0
2023-10-17,Mali,Saudi Arabia,3.0,1.0,Friendly,Portimão,Portugal,True,49.0,1442.0,57.0,1413.0
2023-10-17,Finland,Kazakhstan,1.0,2.0,UEFA Euro qualification,Helsinki,Finland,False,54.0,1418.0,100.0,1207.0
2023-10-17,Libya,Niger,1.0,1.0,Friendly,Khouribga,Morocco,True,126.0,1134.0,128.0,1120.0
2023-10-17,South Korea,Vietnam,6.0,0.0,Friendly,Suwon,South Korea,False,26.0,1533.0,95.0,1243.0
2023-10-17,Estonia,Thailand,1.0,1.0,Friendly,Tallinn,Estonia,False,115.0,1172.0,112.0,1181.0
2023-10-17,Guinea,Gabon,1.0,1.0,Friendly,Faro-Loulé,Portugal,True,81.0,1293.0,88.0,1271.0
2023-10-17,France,Scotland,4.0,1.0,Friendly,Lille,France,False,2.0,1841.0,31.0,1523.0
2023-10-17,Cape Verde,Comoros,1.0,2.0,Friendly,Fos-sur-Mer,Cape Verde,False,71.0,1337.0,129.0,1119.0
2023-10-17,North Macedonia,Armenia,3.0,1.0,Friendly,Strumica,North Macedonia,False,66.0,1363.0,91.0,1254.0
2023-10-17,Somalia,Sierra Leone,0.0,2.0,Friendly,Khouribga,Morocco,True,194.0,855.0,124.0,1144.0
2023-10-17,Burkina Faso,Mauritania,2.0,1.0,Friendly,Casablanca,Morocco,True,58.0,1409.0,99.0,1207.0
2023-10-17,Ivory Coast,South Africa,1.0,1.0,Friendly,Abidjan,Ivory Coast,False,50.0,1438.0,65.0,1368.0
2023-10-17,United Arab Emirates,Lebanon,2.0,1.0,Friendly,Dubai,United Arab Emirates,False,70.0,1342.0,101.0,1206.0
2023-10-17,Sudan,Chad,1.0,0.0,Friendly,Taif,Saudi Arabia,True,130.0,1109.0,181.0,930.0
2023-10-17,San Marino,Denmark,1.0,2.0,UEFA Euro qualification,Serravalle,San Marino,False,207.0,750.0,18.0,1607.0
2023-10-17,Northern Ireland,Slovenia,0.0,1.0,UEFA Euro qualification,Belfast,Northern Ireland,False,74.0,1333.0,59.0,1405.0
2023-10-17,Syria,Kuwait,1.0,2.0,Friendly,Dubai,United Arab Emirates,True,93.0,1246.0,135.0,1093.0
2023-10-17,Serbia,Montenegro,3.0,1.0,UEFA Euro qualification,Belgrade,Serbia,False,28.0,1529.0,68.0,1349.0
2023-10-17,Lithuania,Hungary,2.0,2.0,UEFA Euro qualification,Kaunas,Lithuania,False,143.0,1072.0,32.0,1518.0
2023-10-17,England,Italy,3.0,1.0,UEFA Euro qualification,London,England,False,4.0,1794.0,9.0,1727.0
2023-10-17,Morocco,Liberia,3.0,0.0,African Cup of Nations qualification,Agadir,Morocco,False,13.0,1658.0,150.0,1048.0
2023-10-17,Zambia,Uganda,3.0,0.0,Friendly,Sharjah,United Arab Emirates,True,82.0,1290.0,89.0,1260.0
2023-10-17,United States,Ghana,4.0,0.0,Friendly,Nashville,United States,False,11.0,1679.0,60.0,1400.0
2023-10-17,Malta,Ukraine,1.0,3.0,UEFA Euro qualification,Ta' Qali,Malta,False,171.0,972.0,24.0,1538.0
2023-10-23,United Arab Emirates,Kuwait,1.0,0.0,Friendly,Dubai,United Arab Emirates,False,70.0,1342.0,135.0,1093.0
2023-11-11,Guatemala,Jamaica,0.0,0.0,Friendly,Harrison,United States,True,107.0,1189.0,55.0,1421.0
2023-11-12,Kosovo,Israel,1.0,0.0,UEFA Euro qualification,Pristina,Kosovo,False,105.0,1191.0,71.0,1336.0
2023-11-15,DR Congo,Mauritania,2.0,0.0,FIFA World Cup qualification,Kinshasa,DR Congo,False,65.0,1366.0,101.0,1209.0
2023-11-15,Rwanda,Zimbabwe,0.0,0.0,FIFA World Cup qualification,Butare,Rwanda,False,140.0,1087.0,125.0,1139.0
2023-11-15,Ethiopia,Sierra Leone,0.0,0.0,FIFA World Cup qualification,El Jadida,Morocco,True,143.0,1073.0,122.0,1145.0
2023-11-15,Belgium,Serbia,1.0,0.0,Friendly,Leuven,Belgium,False,5.0,1794.0,29.0,1525.0
2023-11-15,Israel,Switzerland,1.0,1.0,UEFA Euro qualification,Felcsút,Hungary,True,71.0,1336.0,14.0,1645.0
2023-11-15,Equatorial Guinea,Namibia,0.0,3.0,FIFA World Cup qualification,Malabo,Equatorial Guinea,False,91.0,1250.0,114.0,1172.0
2023-11-16,Saint Kitts and Nevis,Saint Lucia,0.0,0.0,CONCACAF Nations League,Basseterre,Saint Kitts and Nevis,False,147.0,1058.0,166.0,988.0
2023-11-16,British Virgin Islands,Dominica,1.0,2.0,CONCACAF Nations League,Road Town,British Virgin Islands,False,204.0,814.0,184.0,910.0
2023-11-16,Costa Rica,Panama,0.0,3.0,CONCACAF Nations League,San José,Costa Rica,False,46.0,1452.0,44.0,1461.0
2023-11-16,Bolivia,Peru,2.0,0.0,FIFA World Cup qualification,La Paz,Bolivia,False,85.0,1271.0,26.0,1533.0
2023-11-16,Venezuela,Ecuador,0.0,0.0,FIFA World Cup qualification,Maturín,Venezuela,False,49.0,1446.0,36.0,1508.0
2023-11-16,Colombia,Brazil,2.0,1.0,FIFA World Cup qualification,Barranquilla,Colombia,False,17.0,1627.0,3.0,1812.0
2023-11-16,Argentina,Uruguay,0.0,2.0,FIFA World Cup qualification,Buenos Aires,Argentina,False,1.0,1861.0,15.0,1644.0
2023-11-16,Chile,Paraguay,0.0,0.0,FIFA World Cup qualification,Santiago,Chile,False,37.0,1504.0,53.0,1437.0
2023-11-16,United States,Trinidad and Tobago,3.0,0.0,CONCACAF Nations League,Austin,United States,False,11.0,1676.0,99.0,1217.0
2023-11-16,Kuwait,India,0.0,1.0,FIFA World Cup qualification,Kuwait City,Kuwait,False,136.0,1097.0,102.0,1199.0
2023-11-16,Syria,North Korea,1.0,0.0,FIFA World Cup qualification,Jeddah,Saudi Arabia,True,92.0,1239.0,115.0,1170.0
2023-11-16,South Korea,Singapore,5.0,0.0,FIFA World Cup qualification,Seoul,South Korea,False,24.0,1540.0,155.0,1033.0
2023-11-16,Malaysia,Kyrgyzstan,4.0,3.0,FIFA World Cup qualification,Kuala Lumpur,Malaysia,False,137.0,1097.0,97.0,1224.0
2023-11-16,Iran,Hong Kong,4.0,0.0,FIFA World Cup qualification,Tehran,Iran,False,21.0,1567.0,150.0,1045.0
2023-11-16,Turkmenistan,Uzbekistan,1.0,3.0,FIFA World Cup qualification,Ashgabat,Turkmenistan,False,141.0,1086.0,73.0,1333.0
2023-11-16,Iraq,Indonesia,5.0,1.0,FIFA World Cup qualification,Basra,Iraq,False,68.0,1350.0,145.0,1070.0
2023-11-16,Qatar,Afghanistan,8.0,1.0,FIFA World Cup qualification,Al Rayyan,Qatar,False,61.0,1394.0,154.0,1034.0
2023-11-16,Philippines,Vietnam,0.0,2.0,FIFA World Cup qualification,Manila,Philippines,False,138.0,1096.0,94.0,1236.0
2023-11-16,Japan,Myanmar,5.0,0.0,FIFA World Cup qualification,Suita,Japan,False,18.0,1613.0,158.0,1012.0
2023-11-16,Tajikistan,Jordan,1.0,1.0,FIFA World Cup qualification,Dushanbe,Tajikistan,False,109.0,1187.0,82.0,1284.0
2023-11-16,Saudi Arabia,Pakistan,4.0,0.0,FIFA World Cup qualification,Al Hofuf,Saudi Arabia,False,57.0,1409.0,193.0,865.0
2023-11-16,Norway,Faroe Islands,2.0,0.0,Friendly,Oslo,Norway,False,42.0,1470.0,135.0,1098.0
2023-11-16,Yemen,Bahrain,0.0,2.0,FIFA World Cup qualification,Abha,Saudi Arabia,True,156.0,1024.0,83.0,1281.0
2023-11-16,Lebanon,Palestine,0.0,0.0,FIFA World Cup qualification,Sharjah,United Arab Emirates,True,104.0,1198.0,96.0,1224.0
2023-11-16,Australia,Bangladesh,7.0,0.0,FIFA World Cup qualification,Melbourne,Australia,False,27.0,1531.0,183.0,913.0
2023-11-16,Egypt,Djibouti,6.0,0.0,FIFA World Cup qualification,Cairo,Egypt,False,35.0,1512.0,189.0,889.0
2023-11-16,Sudan,Togo,1.0,1.0,FIFA World Cup qualification,Benghazi,Libya,True,130.0,1109.0,119.0,1158.0
2023-11-16,Cape Verde,Angola,0.0,0.0,FIFA World Cup qualification,Praia,Cape Verde,False,74.0,1327.0,116.0,1170.0
2023-11-16,Burundi,Gambia,3.0,2.0,FIFA World Cup qualification,Dar es Salaam,Tanzania,True,142.0,1080.0,117.0,1161.0
2023-11-16,Gabon,Kenya,2.0,1.0,FIFA World Cup qualification,Franceville,Gabon,False,86.0,1271.0,110.0,1187.0
2023-11-16,Botswana,Mozambique,2.0,3.0,FIFA World Cup qualification,Francistown,Botswana,False,148.0,1056.0,113.0,1177.0
2023-11-16,Algeria,Somalia,3.0,1.0,FIFA World Cup qualification,Algiers,Algeria,False,33.0,1513.0,196.0,852.0
2023-11-16,Nigeria,Lesotho,1.0,1.0,FIFA World Cup qualification,Uyo,Nigeria,False,40.0,1490.0,153.0,1034.0
2023-11-16,Cyprus,Spain,1.0,3.0,UEFA Euro qualification,Limassol,Cyprus,False,124.0,1141.0,8.0,1726.0
2023-11-16,Georgia,Scotland,2.0,2.0,UEFA Euro qualification,Tbilisi,Georgia,False,76.0,1312.0,34.0,1512.0
2023-11-16,Estonia,Austria,0.0,2.0,UEFA Euro qualification,Tallinn,Estonia,False,118.0,1159.0,25.0,1535.0
2023-11-16,Azerbaijan,Sweden,3.0,0.0,UEFA Euro qualification,Baku,Azerbaijan,False,120.0,1156.0,23.0,1546.0
2023-11-16,Bulgaria,Hungary,2.0,2.0,UEFA Euro qualification,Sofia,Bulgaria,False,84.0,1279.0,30.0,1522.0
2023-11-16,Montenegro,Lithuania,2.0,0.0,UEFA Euro qualification,Podgorica,Montenegro,False,70.0,1344.0,134.0,1098.0
2023-11-16,Liechtenstein,Portugal,0.0,2.0,UEFA Euro qualification,Vaduz,Liechtenstein,False,200.0,838.0,6.0,1740.0
2023-11-16,Luxembourg,Bosnia and Herzegovina,4.0,1.0,UEFA Euro qualification,Luxembourg,Luxembourg,False,87.0,1267.0,63.0,1368.0
2023-11-16,Slovakia,Iceland,4.0,2.0,UEFA Euro qualification,Bratislava,Slovakia,False,50.0,1445.0,67.0,1353.0
2023-11-16,United Arab Emirates,Nepal,4.0,0.0,FIFA World Cup qualification,Dubai,United Arab Emirates,False,69.0,1349.0,173.0,964.0
2023-11-16,Curaçao,El Salvador,1.0,1.0,Friendly,Willemstad,Curaçao,False,89.0,1262.0,77.0,1307.0
2023-11-17,Montserrat,Dominican Republic,2.0,1.0,CONCACAF Nations League,Lookout,Montserrat,False,180.0,929.0,149.0,1049.0
2023-11-17,Barbados,Nicaragua,0.0,4.0,CONCACAF Nations League,Bridgetown,Barbados,False,174.0,957.0,133.0,1100.0
2023-11-17,Honduras,Mexico,2.0,0.0,CONCACAF Nations League,Tegucigalpa,Honduras,False,78.0,1305.0,12.0,1664.0
2023-11-17,Guinea,Uganda,2.0,1.0,FIFA World Cup qualification,Berkane,Morocco,True,80.0,1297.0,90.0,1252.0
2023-11-17,Eswatini,Libya,0.0,1.0,FIFA World Cup qualification,Mbombela,South Africa,True,146.0,1063.0,126.0,1138.0
2023-11-17,Cameroon,Mauritius,3.0,0.0,FIFA World Cup qualification,Douala,Cameroon,False,43.0,1467.0,177.0,943.0
2023-11-17,Ivory Coast,Seychelles,9.0,0.0,FIFA World Cup qualification,Abidjan,Ivory Coast,False,52.0,1439.0,195.0,854.0
2023-11-17,Liberia,Malawi,0.0,1.0,FIFA World Cup qualification,Monrovia,Liberia,False,151.0,1042.0,123.0,1144.0
2023-11-17,Bermuda,Saint Vincent and the Grenadines,3.0,1.0,CONCACAF Nations League,Devonshire Parish,Bermuda,False,172.0,965.0,175.0,954.0
2023-11-17,Burkina Faso,Guinea-Bissau,1.0,1.0,FIFA World Cup qualification,Marrakech,Morocco,True,56.0,1411.0,110.0,1187.0
2023-11-17,Solomon Islands,Samoa,1.0,0.0,Pacific Games,Honiara,Solomon Islands,False,131.0,1108.0,190.0,894.0
2023-11-17,Poland,Czech Republic,1.0,1.0,UEFA Euro qualification,Warsaw,Poland,False,31.0,1519.0,41.0,1490.0
2023-11-17,Mali,Chad,3.0,1.0,FIFA World Cup qualification,Bamako,Mali,False,47.0,1450.0,179.0,930.0
2023-11-17,Greece,New Zealand,2.0,0.0,Friendly,Athens,Greece,False,51.0,1443.0,103.0,1198.0
2023-11-17,Comoros,Central African Republic,4.0,2.0,FIFA World Cup qualification,Moroni,Comoros,False,128.0,1126.0,127.0,1127.0
2023-11-17,Italy,North Macedonia,5.0,2.0,UEFA Euro qualification,Rome,Italy,False,9.0,1718.0,66.0,1358.0
2023-11-17,Moldova,Albania,1.0,1.0,UEFA Euro qualification,Chișinău,Moldova,False,157.0,1018.0,59.0,1397.0
2023-11-17,England,Malta,2.0,0.0,UEFA Euro qualification,London,England,False,4.0,1808.0,171.0,968.0
2023-11-17,Finland,Northern Ireland,4.0,0.0,UEFA Euro qualification,Helsinki,Finland,False,62.0,1388.0,75.0,1325.0
2023-11-17,Denmark,Slovenia,2.0,1.0,UEFA Euro qualification,Copenhagen,Denmark,False,19.0,1612.0,54.0,1428.0
2023-11-17,Kazakhstan,San Marino,3.0,1.0,UEFA Euro qualification,Astana,Kazakhstan,False,98.0,1220.0,207.0,747.0
2023-11-17,Ghana,Madagascar,1.0,0.0,FIFA World Cup qualification,Kumasi,Ghana,False,60.0,1395.0,108.0,1189.0
2023-11-18,Antigua and Barbuda,Puerto Rico,2.0,3.0,CONCACAF Nations League,Piggotts,Antigua and Barbuda,False,139.0,1090.0,164.0,993.0
2023-11-18,Jamaica,Canada,1.0,2.0,CONCACAF Nations League,Kingston,Jamaica,False,55.0,1421.0,45.0,1455.0
2023-11-18,France,Gibraltar,14.0,0.0,UEFA Euro qualification,Nice,France,False,2.0,1853.0,198.0,842.0
2023-11-18,South Africa,Benin,2.0,1.0,FIFA World Cup qualification,Durban,South Africa,False,64.0,1366.0,93.0,1239.0
2023-11-18,Niger,Tanzania,0.0,1.0,FIFA World Cup qualification,Marrakech,Morocco,True,129.0,1123.0,121.0,1146.0
2023-11-18,Germany,Turkey,2.0,3.0,Friendly,Berlin,Germany,False,16.0,1643.0,38.0,1498.0
2023-11-18,Senegal,South Sudan,4.0,0.0,FIFA World Cup qualification,Diamniadio,Senegal,False,20.0,1601.0,167.0,987.0
2023-11-18,Switzerland,Kosovo,1.0,1.0,UEFA Euro qualification,Basel,Switzerland,False,14.0,1645.0,105.0,1191.0
2023-11-18,Armenia,Wales,1.0,1.0,UEFA Euro qualification,Yerevan,Armenia,False,95.0,1234.0,28.0,1529.0
2023-11-18,Latvia,Croatia,0.0,2.0,UEFA Euro qualification,Riga,Latvia,False,132.0,1102.0,10.0,1712.0
2023-11-18,Belarus,Andorra,1.0,0.0,UEFA Euro qualification,Budapest,Hungary,True,100.0,1213.0,159.0,1012.0
2023-11-18,Netherlands,Republic of Ireland,1.0,0.0,UEFA Euro qualification,Amsterdam,Netherlands,False,7.0,1739.0,58.0,1407.0
2023-11-18,Israel,Romania,1.0,2.0,UEFA Euro qualification,Felcsút,Hungary,True,71.0,1336.0,48.0,1447.0
2023-11-18,New Caledonia,Tonga,7.0,0.0,Pacific Games,Honiara,Solomon Islands,True,162.0,999.0,194.0,862.0
2023-11-19,Cyprus,Lithuania,1.0,0.0,Friendly,Limassol,Cyprus,False,124.0,1141.0,134.0,1098.0
2023-11-19,Sierra Leone,Egypt,0.0,2.0,FIFA World Cup qualification,Monrovia,Liberia,True,122.0,1145.0,35.0,1512.0
2023-11-19,Sudan,DR Congo,1.0,0.0,FIFA World Cup qualification,Benghazi,Libya,True,130.0,1109.0,65.0,1366.0
2023-11-19,Zimbabwe,Nigeria,1.0,1.0,FIFA World Cup qualification,Butare,Rwanda,True,125.0,1139.0,40.0,1490.0
2023-11-19,Burundi,Gabon,1.0,2.0,FIFA World Cup qualification,Dar es Salaam,Tanzania,True,142.0,1080.0,86.0,1271.0
2023-11-19,Spain,Georgia,3.0,1.0,UEFA Euro qualification,Valladolid,Spain,False,8.0,1726.0,76.0,1312.0
2023-11-19,Mozambique,Algeria,0.0,2.0,FIFA World Cup qualification,Maputo,Mozambique,False,113.0,1177.0,33.0,1513.0
2023-11-19,Belgium,Azerbaijan,5.0,0.0,UEFA Euro qualification,Brussels,Belgium,False,5.0,1794.0,120.0,1156.0
2023-11-19,Sweden,Estonia,2.0,0.0,UEFA Euro qualification,Stockholm,Sweden,False,23.0,1546.0,118.0,1159.0
2023-11-19,Hungary,Montenegro,3.0,1.0,UEFA Euro qualification,Budapest,Hungary,False,30.0,1522.0,70.0,1344.0
2023-11-19,Serbia,Bulgaria,2.0,2.0,UEFA Euro qualification,Leskovac,Serbia,False,29.0,1525.0,84.0,1279.0
2023-11-19,Portugal,Iceland,2.0,0.0,UEFA Euro qualification,Lisbon,Portugal,False,6.0,1740.0,67.0,1353.0
2023-11-19,Bosnia and Herzegovina,Slovakia,1.0,2.0,UEFA Euro qualification,Zenica,Bosnia and Herzegovina,False,63.0,1368.0,50.0,1445.0
2023-11-19,Liechtenstein,Luxembourg,0.0,1.0,UEFA Euro qualification,Vaduz,Liechtenstein,False,200.0,838.0,87.0,1267.0
2023-11-19,Scotland,Norway,3.0,3.0,UEFA Euro qualification,Glasgow,Scotland,False,34.0,1512.0,42.0,1470.0
2023-11-20,Liberia,Equatorial Guinea,3.0,0.0,FIFA World Cup qualification,Monrovia,Liberia,False,151.0,1042.0,91.0,1250.0
2023-11-20,Gambia,Ivory Coast,0.0,2.0,FIFA World Cup qualification,Dar es Salaam,Tanzania,True,117.0,1161.0,52.0,1439.0
2023-11-20,Djibouti,Guinea-Bissau,0.0,1.0,FIFA World Cup qualification,Cairo,Egypt,True,189.0,889.0,110.0,1187.0
2023-11-20,Trinidad and Tobago,United States,2.0,1.0,CONCACAF Nations League,Port of Spain,Trinidad and Tobago,False,99.0,1217.0,11.0,1676.0
2023-11-20,Chad,Madagascar,0.0,3.0,FIFA World Cup qualification,Oujda,Morocco,True,179.0,930.0,108.0,1189.0
2023-11-20,Dominica,Turks and Caicos Islands,2.0,0.0,CONCACAF Nations League,Road Town,British Virgin Islands,True,184.0,910.0,201.0,825.0
2023-11-20,Aruba,Cayman Islands,5.0,1.0,CONCACAF Nations League,Oranjestad,Aruba,False,192.0,865.0,194.0,858.0
2023-11-20,Montserrat,Barbados,4.0,2.0,CONCACAF Nations League,Lookout,Montserrat,False,180.0,929.0,174.0,957.0
2023-11-20,Panama,Costa Rica,3.0,1.0,CONCACAF Nations League,Panama City,Panama,False,44.0,1461.0,46.0,1452.0
2023-11-20,Mali,Central African Republic,1.0,1.0,FIFA World Cup qualification,Bamako,Mali,False,47.0,1450.0,127.0,1127.0
2023-11-20,Seychelles,Kenya,0.0,5.0,FIFA World Cup qualification,Abidjan,Ivory Coast,True,195.0,854.0,110.0,1187.0
2023-11-20,Curaçao,El Salvador,1.0,1.0,Friendly,Willemstad,Curaçao,False,89.0,1262.0,77.0,1307.0
2023-11-20,Northern Ireland,Denmark,2.0,0.0,UEFA Euro qualification,Belfast,Northern Ireland,False,75.0,1325.0,19.0,1612.0
2023-11-20,Slovenia,Kazakhstan,2.0,1.0,UEFA Euro qualification,Ljubljana,Slovenia,False,54.0,1428.0,98.0,1220.0
2023-11-20,San Marino,Finland,1.0,2.0,UEFA Euro qualification,Serravalle,San Marino,False,207.0,747.0,62.0,1388.0
2023-11-20,Samoa,American Samoa,10.0,0.0,Pacific Games,Honiara,Solomon Islands,True,190.0,894.0,186.0,900.0
2023-11-20,Czech Republic,Moldova,3.0,0.0,UEFA Euro qualification,Olomouc,Czech Republic,False,41.0,1490.0,157.0,1018.0
2023-11-20,Albania,Faroe Islands,0.0,0.0,UEFA Euro qualification,Tirana,Albania,False,59.0,1397.0,135.0,1098.0
2023-11-20,Ukraine,Italy,0.0,0.0,UEFA Euro qualification,Leverkusen,Germany,True,22.0,1549.0,9.0,1718.0
2023-11-20,Russia,Cuba,8.0,0.0,Friendly,Volgograd,Russia,False,39.0,1498.0,169.0,982.0
2023-11-20,North Macedonia,England,1.0,1.0,UEFA Euro qualification,Skopje,North Macedonia,False,66.0,1358.0,4.0,1808.0
2023-11-21,Peru,Venezuela,1.0,1.0,FIFA World Cup qualification,Lima,Peru,False,26.0,1533.0,49.0,1446.0
2023-11-21,Uruguay,Bolivia,3.0,0.0,FIFA World Cup qualification,Montevideo,Uruguay,False,15.0,1644.0,85.0,1271.0
2023-11-21,Paraguay,Colombia,0.0,1.0,FIFA World Cup qualification,Asunción,Paraguay,False,53.0,1437.0,17.0,1627.0
2023-11-21,Ecuador,Chile,1.0,0.0,FIFA World Cup qualification,Quito,Ecuador,False,36.0,1508.0,37.0,1504.0
2023-11-21,Canada,Jamaica,2.0,3.0,CONCACAF Nations League,Toronto,Canada,False,45.0,1455.0,55.0,1421.0
2023-11-21,Puerto Rico,Bahamas,6.0,1.0,CONCACAF Nations League,Bayamón,Puerto Rico,False,164.0,993.0,199.0,841.0
2023-11-21,Guyana,Antigua and Barbuda,6.0,0.0,CONCACAF Nations League,Santo Domingo,Dominican Republic,True,160.0,1010.0,139.0,1090.0
2023-11-21,Saint Vincent and the Grenadines,Belize,3.0,0.0,CONCACAF Nations League,Saint George's,Saint Vincent and the Grenadines,False,175.0,954.0,181.0,926.0
2023-11-21,Nepal,Yemen,0.0,2.0,FIFA World Cup qualification,Kathmandu,Nepal,False,173.0,964.0,156.0,1024.0
2023-11-21,Nicaragua,Dominican Republic,0.0,0.0,CONCACAF Nations League,Managua,Nicaragua,False,133.0,1100.0,149.0,1049.0
2023-11-21,India,Qatar,0.0,3.0,FIFA World Cup qualification,Bhubaneswar,India,False,102.0,1199.0,61.0,1394.0
2023-11-21,Myanmar,North Korea,1.0,6.0,FIFA World Cup qualification,Yangon,Myanmar,False,158.0,1012.0,115.0,1170.0
2023-11-21,Syria,Japan,0.0,5.0,FIFA World Cup qualification,Jeddah,Saudi Arabia,True,92.0,1239.0,18.0,1613.0
2023-11-21,Singapore,Thailand,1.0,3.0,FIFA World Cup qualification,Kallang,Singapore,False,155.0,1033.0,112.0,1177.0
2023-11-21,Afghanistan,Kuwait,0.0,4.0,FIFA World Cup qualification,Dammam,Saudi Arabia,True,154.0,1034.0,136.0,1097.0
2023-11-21,Kyrgyzstan,Oman,1.0,0.0,FIFA World Cup qualification,Bishkek,Kyrgyzstan,False,97.0,1224.0,72.0,1334.0
2023-11-21,Uzbekistan,Iran,2.0,2.0,FIFA World Cup qualification,Tashkent,Uzbekistan,False,73.0,1333.0,21.0,1567.0
2023-11-21,Hong Kong,Turkmenistan,2.0,2.0,FIFA World Cup qualification,Hong Kong,Hong Kong,False,150.0,1045.0,141.0,1086.0
2023-11-21,Philippines,Indonesia,1.0,1.0,FIFA World Cup qualification,Manila,Philippines,False,138.0,1096.0,145.0,1070.0
2023-11-21,Vietnam,Iraq,0.0,1.0,FIFA World Cup qualification,Hanoi,Vietnam,False,94.0,1236.0,68.0,1350.0
2023-11-21,Pakistan,Tajikistan,1.0,6.0,FIFA World Cup qualification,Islamabad,Pakistan,False,193.0,865.0,109.0,1187.0
2023-11-21,Jordan,Saudi Arabia,0.0,2.0,FIFA World Cup qualification,Amman,Jordan,False,82.0,1284.0,57.0,1409.0
2023-11-21,Bahrain,United Arab Emirates,0.0,2.0,FIFA World Cup qualification,Riffa,Bahrain,False,83.0,1281.0,69.0,1349.0
2023-11-21,Brazil,Argentina,0.0,1.0,FIFA World Cup qualification,Rio de Janeiro,Brazil,False,3.0,1812.0,1.0,1861.0
2023-11-21,Mexico,Honduras,2.0,0.0,CONCACAF Nations League,Mexico City,Mexico,False,12.0,1664.0,78.0,1305.0
2023-11-21,Lesotho,Benin,0.0,0.0,FIFA World Cup qualification,Durban,South Africa,True,153.0,1034.0,93.0,1239.0
2023-11-21,Somalia,Uganda,0.0,1.0,FIFA World Cup qualification,Berkane,Morocco,True,196.0,852.0,90.0,1252.0
2023-11-21,Tanzania,Morocco,0.0,2.0,FIFA World Cup qualification,Dar es Salaam,Tanzania,False,121.0,1146.0,13.0,1658.0
2023-11-21,Niger,Zambia,2.0,1.0,FIFA World Cup qualification,Marrakech,Morocco,True,129.0,1123.0,81.0,1291.0
2023-11-21,Mauritius,Angola,0.0,0.0,FIFA World Cup qualification,Saint Pierre,Mauritius,False,177.0,943.0,116.0,1170.0
2023-11-21,Libya,Cameroon,1.0,1.0,FIFA World Cup qualification,Benghazi,Libya,False,126.0,1138.0,43.0,1467.0
2023-11-21,South Sudan,Mauritania,0.0,0.0,FIFA World Cup qualification,Diamniadio,Senegal,True,167.0,987.0,101.0,1209.0
2023-11-21,Rwanda,South Africa,2.0,0.0,FIFA World Cup qualification,Butare,Rwanda,False,140.0,1087.0,64.0,1366.0
2023-11-21,Togo,Senegal,0.0,0.0,FIFA World Cup qualification,Lomé,Togo,False,119.0,1158.0,20.0,1601.0
2023-11-21,Botswana,Guinea,1.0,0.0,FIFA World Cup qualification,Francistown,Botswana,False,148.0,1056.0,80.0,1297.0
2023-11-21,Ethiopia,Burkina Faso,0.0,3.0,FIFA World Cup qualification,El Jadida,Morocco,True,143.0,1073.0,56.0,1411.0
2023-11-21,Eswatini,Cape Verde,0.0,2.0,FIFA World Cup qualification,Mbombela,South Africa,True,146.0,1063.0,74.0,1327.0
2023-11-21,Palestine,Australia,0.0,1.0,FIFA World Cup qualification,Kuwait City,Kuwait,True,96.0,1224.0,27.0,1531.0
2023-11-21,Gibraltar,Netherlands,0.0,6.0,UEFA Euro qualification,Faro-Loulé,Portugal,True,198.0,842.0,7.0,1739.0
2023-11-21,Malawi,Tunisia,0.0,1.0,FIFA World Cup qualification,Lilongwe,Malawi,False,123.0,1144.0,32.0,1516.0
2023-11-21,Austria,Germany,2.0,0.0,Friendly,Vienna,Austria,False,25.0,1535.0,16.0,1643.0
2023-11-21,Poland,Latvia,2.0,0.0,Friendly,Warsaw,Poland,False,31.0,1519.0,132.0,1102.0
2023-11-21,Republic of Ireland,New Zealand,1.0,1.0,Friendly,Dublin,Republic of Ireland,False,58.0,1407.0,103.0,1198.0
2023-11-21,Fiji,Tahiti,0.0,0.0,Pacific Games,Honiara,Solomon Islands,True,170.0,980.0,163.0,995.0
2023-11-21,Greece,France,2.0,2.0,UEFA Euro qualification,Athens,Greece,False,51.0,1443.0,2.0,1853.0
2023-11-21,Wales,Turkey,1.0,1.0,UEFA Euro qualification,Cardiff,Wales,False,28.0,1529.0,38.0,1498.0
2023-11-21,Croatia,Armenia,1.0,0.0,UEFA Euro qualification,Zagreb,Croatia,False,10.0,1712.0,95.0,1234.0
2023-11-21,Andorra,Israel,0.0,2.0,UEFA Euro qualification,Andorra la Vella,Andorra,False,159.0,1012.0,71.0,1336.0
2023-11-21,Kosovo,Belarus,0.0,1.0,UEFA Euro qualification,Pristina,Kosovo,False,105.0,1191.0,100.0,1213.0
2023-11-21,Romania,Switzerland,1.0,0.0,UEFA Euro qualification,Bucharest,Romania,False,48.0,1447.0,14.0,1645.0
2023-11-21,Tonga,Cook Islands,1.0,2.0,Pacific Games,Honiara,Solomon Islands,True,194.0,862.0,185.0,899.0
2023-11-21,Bangladesh,Lebanon,1.0,1.0,FIFA World Cup qualification,Dhaka,Bangladesh,False,183.0,913.0,104.0,1198.0
2023-11-21,Comoros,Ghana,1.0,0.0,FIFA World Cup qualification,Moroni,Comoros,False,128.0,1126.0,60.0,1395.0
2023-11-23,Vanuatu,Papua New Guinea,1.0,1.0,Pacific Games,Honiara,Solomon Islands,True,168.0,985.0,165.0,991.0
2023-11-23,Solomon Islands,American Samoa,11.0,0.0,Pacific Games,Honiara,Solomon Islands,False,131.0,1108.0,186.0,900.0
2023-11-24,Cook Islands,New Caledonia,0.0,8.0,Pacific Games,Honiara,Solomon Islands,True,185.0,899.0,162.0,999.0
2023-11-27,Tahiti,Samoa,2.0,1.0,Pacific Games,Honiara,Solomon Islands,True,163.0,995.0,190.0,894.0
2023-11-27,Cook Islands,Papua New Guinea,0.0,3.0,Pacific Games,Solomon Islands,Solomon Islands,True,185.0,899.0,165.0,991.0
2023-11-28,New Caledonia,Vanuatu,1.0,0.0,Pacific Games,Solomon Islands,Solomon Islands,True,162.0,999.0,168.0,985.0
2023-11-28,Solomon Islands,Fiji,2.0,0.0,Pacific Games,Solomon Islands,Solomon Islands,False,131.0,1108.0,170.0,980.0
2023-11-30,American Samoa,Tonga,2.0,6.0,Pacific Games,Solomon Islands,Solomon Islands,True,188.0,894.0,196.0,853.0
2023-11-30,Samoa,Cook Islands,3.0,0.0,Pacific Games,Solomon Islands,Solomon Islands,True,187.0,896.0,185.0,902.0
2023-11-30,Tahiti,Papua New Guinea,2.0,0.0,Pacific Games,Solomon Islands,Solomon Islands,True,164.0,995.0,165.0,991.0
2023-12-01,Vanuatu,Fiji,2.0,4.0,Pacific Games,Solomon Islands,Solomon Islands,True,168.0,985.0,170.0,981.0
2023-12-02,Solomon Islands,New Caledonia,2.0,2.0,Pacific Games,Solomon Islands,Solomon Islands,False,132.0,1112.0,160.0,1005.0
2023-12-16,Mexico,Colombia,2.0,3.0,Friendly,Los Angeles,United States,True,14.0,1655.0,15.0,1651.0
2024-01-01,Japan,Thailand,5.0,0.0,Friendly,Tokyo,Japan,False,17.0,1620.0,113.0,1177.0
2024-01-02,Indonesia,Libya,0.0,4.0,Friendly,Antalya,Turkey,True,146.0,1064.0,120.0,1155.0
2024-01-04,Tajikistan,Hong Kong,2.0,1.0,Friendly,Abu Dhabi,United Arab Emirates,True,106.0,1195.0,150.0,1043.0
2024-01-04,Saudi Arabia,Lebanon,1.0,0.0,Friendly,Doha,Qatar,True,56.0,1421.0,107.0,1193.0
2024-01-05,Indonesia,Libya,1.0,2.0,Friendly,Antalya,Turkey,True,146.0,1064.0,120.0,1155.0
2024-01-05,Iran,Burkina Faso,2.0,1.0,Friendly,Kish,Iran,False,21.0,1565.0,57.0,1411.0
2024-01-05,Kyrgyzstan,Syria,1.0,1.0,Friendly,Abu Dhabi,United Arab Emirates,True,98.0,1224.0,91.0,1245.0
2024-01-05,Qatar,Jordan,1.0,2.0,Friendly,Al Rayyan,Qatar,False,58.0,1407.0,87.0,1273.0
2024-01-05,Togo,Algeria,0.0,3.0,Friendly,Lomé,Togo,False,118.0,1166.0,30.0,1520.0
2024-01-06,Mozambique,Lesotho,2.0,0.0,Friendly,Johannesburg,South Africa,True,111.0,1181.0,148.0,1047.0
2024-01-06,DR Congo,Angola,0.0,0.0,Friendly,Dubai,United Arab Emirates,True,67.0,1357.0,117.0,1168.0
2024-01-06,Iraq,South Korea,0.0,1.0,Friendly,Abu Dhabi,United Arab Emirates,True,63.0,1366.0,23.0,1551.0
2024-01-06,Bahrain,Australia,0.0,2.0,Friendly,Abu Dhabi,United Arab Emirates,True,86.0,1277.0,25.0,1539.0
2024-01-06,Ivory Coast,Sierra Leone,5.0,1.0,Friendly,San-Pédro,Ivory Coast,False,49.0,1448.0,127.0,1139.0
2024-01-06,Tunisia,Mauritania,0.0,0.0,Friendly,Radès,Tunisia,False,28.0,1523.0,105.0,1195.0
2024-01-06,Mali,Guinea-Bissau,6.0,2.0,Friendly,Bamako,Mali,False,51.0,1446.0,103.0,1198.0
2024-01-06,United Arab Emirates,Oman,0.0,1.0,Friendly,Abu Dhabi,United Arab Emirates,False,64.0,1364.0,74.0,1325.0
2024-01-07,Uzbekistan,Palestine,1.0,0.0,Friendly,Doha,Qatar,True,68.0,1345.0,99.0,1218.0
2024-01-07,Egypt,Tanzania,2.0,0.0,Friendly,Cairo,Egypt,False,33.0,1519.0,121.0,1155.0
2024-01-08,Nigeria,Guinea,0.0,2.0,Friendly,Abu Dhabi,United Arab Emirates,True,42.0,1474.0,80.0,1290.0
2024-01-08,Botswana,Mozambique,1.0,1.0,Friendly,Johannesburg,South Africa,True,145.0,1064.0,111.0,1181.0
2024-01-08,Syria,Malaysia,2.0,2.0,Friendly,Doha,Qatar,True,91.0,1245.0,130.0,1123.0
2024-01-08,Senegal,Niger,1.0,0.0,Friendly,Dakar,Senegal,False,20.0,1594.0,129.0,1128.0
2024-01-08,Ghana,Namibia,0.0,0.0,Friendly,Kumasi,Ghana,False,61.0,1384.0,115.0,1168.0
2024-01-09,Saudi Arabia,Palestine,0.0,0.0,Friendly,Al Wakrah,Qatar,True,56.0,1421.0,99.0,1218.0
2024-01-09,Japan,Jordan,6.0,1.0,Friendly,Doha,Qatar,True,17.0,1620.0,87.0,1273.0
2024-01-09,Kyrgyzstan,Vietnam,2.0,1.0,Friendly,Al Khor,Qatar,True,98.0,1224.0,94.0,1236.0
2024-01-09,Zambia,Cameroon,1.0,1.0,Friendly,Jeddah,Saudi Arabia,True,84.0,1285.0,46.0,1463.0
2024-01-09,Burundi,Algeria,0.0,4.0,Friendly,Lomé,Togo,True,139.0,1087.0,30.0,1520.0
2024-01-09,Indonesia,Iran,0.0,5.0,Friendly,Al Rayyan,Qatar,True,146.0,1064.0,21.0,1565.0
2024-01-09,Equatorial Guinea,Djibouti,1.0,1.0,Friendly,Malabo,Equatorial Guinea,False,88.0,1268.0,192.0,881.0
2024-01-10,South Africa,Lesotho,0.0,0.0,Friendly,Pretoria,South Africa,False,66.0,1357.0,148.0,1047.0
2024-01-10,DR Congo,Burkina Faso,1.0,2.0,Friendly,Abu Dhabi,United Arab Emirates,True,67.0,1357.0,57.0,1411.0
2024-01-10,Bahrain,Angola,0.0,3.0,Friendly,Dubai,United Arab Emirates,True,86.0,1277.0,117.0,1168.0
2024-01-10,Saudi Arabia,Hong Kong,2.0,0.0,Friendly,Al Wakrah,Qatar,True,56.0,1421.0,150.0,1043.0
2024-01-10,Tunisia,Cape Verde,2.0,0.0,Friendly,Radès,Tunisia,False,28.0,1523.0,73.0,1330.0
2024-01-11,Morocco,Sierra Leone,3.0,1.0,Friendly,San-Pédro,Ivory Coast,True,13.0,1662.0,127.0,1139.0
2024-01-12,Qatar,Lebanon,3.0,0.0,AFC Asian Cup,Lusail,Qatar,False,58.0,1407.0,107.0,1193.0
2024-01-12,Kuwait,Libya,1.0,3.0,Friendly,Cairo,Egypt,True,136.0,1098.0,120.0,1155.0
2024-01-12,Sweden,Estonia,2.0,1.0,Friendly,Paphos,Cyprus,True,26.0,1530.0,122.0,1150.0
2024-01-13,Ivory Coast,Guinea-Bissau,2.0,0.0,African Cup of Nations,Ebimpé,Ivory Coast,False,49.0,1448.0,103.0,1198.0
2024-01-13,Australia,India,2.0,0.0,AFC Asian Cup,Al Rayyan,Qatar,True,25.0,1539.0,102.0,1201.0
2024-01-13,Uzbekistan,Syria,0.0,0.0,AFC Asian Cup,Doha,Qatar,True,68.0,1345.0,91.0,1245.0
2024-01-13,Guatemala,Iceland,0.0,1.0,Friendly,Fort Lauderdale,United States,True,108.0,1190.0,71.0,1338.0
2024-01-14,United Arab Emirates,Hong Kong,3.0,1.0,AFC Asian Cup,Al Rayyan,Qatar,True,64.0,1364.0,150.0,1043.0
2024-01-14,Iran,Palestine,4.0,1.0,AFC Asian Cup,Al Rayyan,Qatar,True,21.0,1565.0,99.0,1218.0
2024-01-14,Japan,Vietnam,4.0,2.0,AFC Asian Cup,Doha,Qatar,True,17.0,1620.0,94.0,1236.0
2024-01-14,Nigeria,Equatorial Guinea,1.0,1.0,African Cup of Nations,Ebimpé,Ivory Coast,True,42.0,1474.0,88.0,1268.0
2024-01-14,Egypt,Mozambique,2.0,2.0,African Cup of Nations,Abidjan,Ivory Coast,True,33.0,1519.0,111.0,1181.0
2024-01-14,Ghana,Cape Verde,1.0,2.0,African Cup of Nations,Abidjan,Ivory Coast,True,61.0,1384.0,73.0,1330.0
2024-01-15,Malaysia,Jordan,0.0,4.0,AFC Asian Cup,Al Wakrah,Qatar,True,130.0,1123.0,87.0,1273.0
2024-01-15,South Korea,Bahrain,3.0,1.0,AFC Asian Cup,Doha,Qatar,True,23.0,1551.0,86.0,1277.0
2024-01-15,Indonesia,Iraq,1.0,3.0,AFC Asian Cup,Doha,Qatar,True,146.0,1064.0,63.0,1366.0
2024-01-15,Senegal,Gambia,3.0,0.0,African Cup of Nations,Yamoussoukro,Ivory Coast,True,20.0,1594.0,126.0,1140.0
2024-01-15,Algeria,Angola,1.0,1.0,African Cup of Nations,Bouaké,Ivory Coast,True,30.0,1520.0,117.0,1168.0
2024-01-15,Cameroon,Guinea,1.0,1.0,African Cup of Nations,Yamoussoukro,Ivory Coast,True,46.0,1463.0,80.0,1290.0
2024-01-16,Thailand,Kyrgyzstan,2.0,0.0,AFC Asian Cup,Doha,Qatar,True,113.0,1177.0,98.0,1224.0
2024-01-16,Saudi Arabia,Oman,2.0,1.0,AFC Asian Cup,Al Rayyan,Qatar,True,56.0,1421.0,74.0,1325.0
2024-01-16,Burkina Faso,Mauritania,1.0,0.0,African Cup of Nations,Bouaké,Ivory Coast,True,57.0,1411.0,105.0,1195.0
2024-01-16,Tunisia,Namibia,0.0,1.0,African Cup of Nations,Korhogo,Ivory Coast,True,28.0,1523.0,115.0,1168.0
2024-01-16,Mali,South Africa,2.0,0.0,African Cup of Nations,Korhogo,Ivory Coast,True,51.0,1446.0,66.0,1357.0
2024-01-17,Qatar,Tajikistan,1.0,0.0,AFC Asian Cup,Al Khor,Qatar,False,58.0,1407.0,106.0,1195.0
2024-01-17,Morocco,Tanzania,3.0,0.0,African Cup of Nations,San-Pédro,Ivory Coast,True,13.0,1662.0,121.0,1155.0
2024-01-17,DR Congo,Zambia,1.0,1.0,African Cup of Nations,San-Pédro,Ivory Coast,True,67.0,1357.0,84.0,1285.0
2024-01-17,Honduras,Iceland,0.0,2.0,Friendly,Fort Lauderdale,United States,True,76.0,1314.0,71.0,1338.0
2024-01-18,Palestine,United Arab Emirates,1.0,1.0,AFC Asian Cup,Al Wakrah,Qatar,True,99.0,1218.0,64.0,1364.0
2024-01-18,Syria,Australia,0.0,1.0,AFC Asian Cup,Doha,Qatar,True,91.0,1245.0,25.0,1539.0
2024-01-18,India,Uzbekistan,0.0,3.0,AFC Asian Cup,Al Rayyan,Qatar,True,102.0,1201.0,68.0,1345.0
2024-01-18,Ivory Coast,Nigeria,0.0,1.0,African Cup of Nations,Ebimpé,Ivory Coast,False,49.0,1448.0,42.0,1474.0
2024-01-18,Egypt,Ghana,2.0,2.0,African Cup of Nations,Abidjan,Ivory Coast,True,33.0,1519.0,61.0,1384.0
2024-01-18,Equatorial Guinea,Guinea-Bissau,4.0,2.0,African Cup of Nations,Ebimpé,Ivory Coast,True,88.0,1268.0,103.0,1198.0
2024-01-19,Hong Kong,Iran,0.0,1.0,AFC Asian Cup,Al Rayyan,Qatar,True,150.0,1043.0,21.0,1565.0
2024-01-19,Iraq,Japan,2.0,1.0,AFC Asian Cup,Al Rayyan,Qatar,True,63.0,1366.0,17.0,1620.0
2024-01-19,Vietnam,Indonesia,0.0,1.0,AFC Asian Cup,Doha,Qatar,True,94.0,1236.0,146.0,1064.0
2024-01-19,Cape Verde,Mozambique,3.0,0.0,African Cup of Nations,Abidjan,Ivory Coast,True,73.0,1330.0,111.0,1181.0
2024-01-19,Senegal,Cameroon,3.0,1.0,African Cup of Nations,Yamoussoukro,Ivory Coast,True,20.0,1594.0,46.0,1463.0
2024-01-19,Guinea,Gambia,1.0,0.0,African Cup of Nations,Yamoussoukro,Ivory Coast,True,80.0,1290.0,126.0,1140.0
2024-01-19,Kuwait,Uganda,0.0,2.0,Friendly,Cairo,Egypt,True,136.0,1098.0,92.0,1245.0
2024-01-20,Bahrain,Malaysia,1.0,0.0,AFC Asian Cup,Doha,Qatar,True,86.0,1277.0,130.0,1123.0
2024-01-20,Algeria,Burkina Faso,2.0,2.0,African Cup of Nations,Bouaké,Ivory Coast,True,30.0,1520.0,57.0,1411.0
2024-01-20,Jordan,South Korea,2.0,2.0,AFC Asian Cup,Doha,Qatar,True,87.0,1273.0,23.0,1551.0
2024-01-20,United States,Slovenia,0.0,1.0,Friendly,San Antonio,United States,False,12.0,1665.0,54.0,1428.0
2024-01-20,Mauritania,Angola,2.0,3.0,African Cup of Nations,Bouaké,Ivory Coast,True,105.0,1195.0,117.0,1168.0
2024-01-20,Tunisia,Mali,1.0,1.0,African Cup of Nations,Korhogo,Ivory Coast,True,28.0,1523.0,51.0,1446.0
2024-01-21,Oman,Thailand,0.0,0.0,AFC Asian Cup,Doha,Qatar,True,74.0,1325.0,113.0,1177.0
2024-01-21,Kyrgyzstan,Saudi Arabia,0.0,2.0,AFC Asian Cup,Al Rayyan,Qatar,True,98.0,1224.0,56.0,1421.0
2024-01-21,South Africa,Namibia,4.0,0.0,African Cup of Nations,Korhogo,Ivory Coast,True,66.0,1357.0,115.0,1168.0
2024-01-21,Morocco,DR Congo,1.0,1.0,African Cup of Nations,San-Pédro,Ivory Coast,True,13.0,1662.0,67.0,1357.0
2024-01-21,Zambia,Tanzania,1.0,1.0,African Cup of Nations,San-Pédro,Ivory Coast,True,84.0,1285.0,121.0,1155.0
2024-01-22,Tajikistan,Lebanon,2.0,1.0,AFC Asian Cup,Doha,Qatar,True,106.0,1195.0,107.0,1193.0
2024-01-22,Guinea-Bissau,Nigeria,0.0,1.0,African Cup of Nations,Abidjan,Ivory Coast,True,103.0,1198.0,42.0,1474.0
2024-01-22,Ivory Coast,Equatorial Guinea,0.0,4.0,African Cup of Nations,Ebimpé,Ivory Coast,False,49.0,1448.0,88.0,1268.0
2024-01-22,Cape Verde,Egypt,2.0,2.0,African Cup of Nations,Abidjan,Ivory Coast,True,73.0,1330.0,33.0,1519.0
2024-01-22,Mozambique,Ghana,2.0,2.0,African Cup of Nations,Ebimpé,Ivory Coast,True,111.0,1181.0,61.0,1384.0
2024-01-23,Syria,India,1.0,0.0,AFC Asian Cup,Al Khor,Qatar,True,91.0,1245.0,102.0,1201.0
2024-01-23,Hong Kong,Palestine,0.0,3.0,AFC Asian Cup,Doha,Qatar,True,150.0,1043.0,99.0,1218.0
2024-01-23,Iran,United Arab Emirates,2.0,1.0,AFC Asian Cup,Al Rayyan,Qatar,True,21.0,1565.0,64.0,1364.0
2024-01-23,Australia,Uzbekistan,1.0,1.0,AFC Asian Cup,Al Wakrah,Qatar,True,25.0,1539.0,68.0,1345.0
2024-01-23,Angola,Burkina Faso,2.0,0.0,African Cup of Nations,Yamoussoukro,Ivory Coast,True,117.0,1168.0,57.0,1411.0
2024-01-23,Mauritania,Algeria,1.0,0.0,African Cup of Nations,Bouaké,Ivory Coast,True,105.0,1195.0,30.0,1520.0
2024-01-23,Guinea,Senegal,0.0,2.0,African Cup of Nations,Yamoussoukro,Ivory Coast,True,80.0,1290.0,20.0,1594.0
2024-01-23,Gambia,Cameroon,2.0,3.0,African Cup of Nations,Bouaké,Ivory Coast,True,126.0,1140.0,46.0,1463.0
2024-01-24,Iraq,Vietnam,3.0,2.0,AFC Asian Cup,Doha,Qatar,True,63.0,1366.0,94.0,1236.0
2024-01-24,Japan,Indonesia,3.0,1.0,AFC Asian Cup,Doha,Qatar,True,17.0,1620.0,146.0,1064.0
2024-01-24,Namibia,Mali,0.0,0.0,African Cup of Nations,San-Pédro,Ivory Coast,True,115.0,1168.0,51.0,1446.0
2024-01-24,South Africa,Tunisia,0.0,0.0,African Cup of Nations,Korhogo,Ivory Coast,True,66.0,1357.0,28.0,1523.0
2024-01-24,Tanzania,DR Congo,0.0,0.0,African Cup of Nations,Korhogo,Ivory Coast,True,121.0,1155.0,67.0,1357.0
2024-01-24,Zambia,Morocco,0.0,1.0,African Cup of Nations,San-Pédro,Ivory Coast,True,84.0,1285.0,13.0,1662.0
2024-01-25,South Korea,Malaysia,3.0,3.0,AFC Asian Cup,Al Wakrah,Qatar,True,23.0,1551.0,130.0,1123.0
2024-01-25,Jordan,Bahrain,0.0,1.0,AFC Asian Cup,Al Rayyan,Qatar,True,87.0,1273.0,86.0,1277.0
2024-01-25,Saudi Arabia,Thailand,0.0,0.0,AFC Asian Cup,Al Rayyan,Qatar,True,56.0,1421.0,113.0,1177.0
2024-01-25,Kyrgyzstan,Oman,1.0,1.0,AFC Asian Cup,Doha,Qatar,True,98.0,1224.0,74.0,1325.0
2024-01-27,Angola,Namibia,3.0,0.0,African Cup of Nations,Bouaké,Ivory Coast,True,117.0,1168.0,115.0,1168.0
2024-01-27,Nigeria,Cameroon,2.0,0.0,African Cup of Nations,Abidjan,Ivory Coast,True,42.0,1474.0,46.0,1463.0
2024-01-28,Australia,Indonesia,4.0,0.0,AFC Asian Cup,Doha,Qatar,True,25.0,1539.0,146.0,1064.0
2024-01-28,Tajikistan,United Arab Emirates,1.0,1.0,AFC Asian Cup,Al Rayyan,Qatar,True,106.0,1195.0,64.0,1364.0
2024-01-28,Egypt,DR Congo,1.0,1.0,African Cup of Nations,San-Pédro,Ivory Coast,True,33.0,1519.0,67.0,1357.0
2024-01-28,Equatorial Guinea,Guinea,0.0,1.0,African Cup of Nations,Ebimpé,Ivory Coast,True,88.0,1268.0,80.0,1290.0
2024-01-29,Cape Verde,Mauritania,1.0,0.0,African Cup of Nations,Abidjan,Ivory Coast,True,73.0,1330.0,105.0,1195.0
2024-01-29,Ivory Coast,Senegal,1.0,1.0,African Cup of Nations,Yamoussoukro,Ivory Coast,False,49.0,1448.0,20.0,1594.0
2024-01-29,Iraq,Jordan,2.0,3.0,AFC Asian Cup,Al Rayyan,Qatar,True,63.0,1366.0,87.0,1273.0
2024-01-29,Qatar,Palestine,2.0,1.0,AFC Asian Cup,Al Khor,Qatar,False,58.0,1407.0,99.0,1218.0
2024-01-30,Uzbekistan,Thailand,2.0,1.0,AFC Asian Cup,Al Wakrah,Qatar,True,68.0,1345.0,113.0,1177.0
2024-01-30,Saudi Arabia,South Korea,1.0,1.0,AFC Asian Cup,Al Rayyan,Qatar,True,56.0,1421.0,23.0,1551.0
2024-01-30,Morocco,South Africa,0.0,2.0,African Cup of Nations,San-Pédro,Ivory Coast,True,13.0,1662.0,66.0,1357.0
2024-01-30,Mali,Burkina Faso,2.0,1.0,African Cup of Nations,Korhogo,Ivory Coast,True,51.0,1446.0,57.0,1411.0
2024-01-31,Bahrain,Japan,1.0,3.0,AFC Asian Cup,Doha,Qatar,True,86.0,1277.0,17.0,1620.0
2024-01-31,Iran,Syria,1.0,1.0,AFC Asian Cup,Doha,Qatar,True,21.0,1565.0,91.0,1245.0
2024-02-02,Australia,South Korea,1.0,2.0,AFC Asian Cup,Al Wakrah,Qatar,True,25.0,1539.0,23.0,1551.0
2024-02-02,Tajikistan,Jordan,0.0,1.0,AFC Asian Cup,Al Rayyan,Qatar,True,106.0,1195.0,87.0,1273.0
2024-02-02,DR Congo,Guinea,3.0,1.0,African Cup of Nations,Ebimpé,Ivory Coast,True,67.0,1357.0,80.0,1290.0
2024-02-02,Nigeria,Angola,1.0,0.0,African Cup of Nations,Abidjan,Ivory Coast,True,42.0,1474.0,117.0,1168.0
2024-02-03,Qatar,Uzbekistan,1.0,1.0,AFC Asian Cup,Al Khor,Qatar,False,58.0,1407.0,68.0,1345.0
2024-02-03,Ivory Coast,Mali,2.0,1.0,African Cup of Nations,Bouaké,Ivory Coast,False,49.0,1448.0,51.0,1446.0
2024-02-03,Iran,Japan,2.0,1.0,AFC Asian Cup,Al Rayyan,Qatar,True,21.0,1565.0,17.0,1620.0
2024-02-03,Costa Rica,El Salvador,2.0,0.0,Friendly,San José,Costa Rica,False,52.0,1438.0,78.0,1306.0
2024-02-03,Cape Verde,South Africa,0.0,0.0,African Cup of Nations,Yamoussoukro,Ivory Coast,True,73.0,1330.0,66.0,1357.0
2024-02-06,Jordan,South Korea,2.0,0.0,AFC Asian Cup,Al Rayyan,Qatar,True,87.0,1273.0,23.0,1551.0
2024-02-07,Qatar,Iran,3.0,2.0,AFC Asian Cup,Doha,Qatar,False,58.0,1407.0,21.0,1565.0
2024-02-07,Ivory Coast,DR Congo,1.0,0.0,African Cup of Nations,Ebimpé,Ivory Coast,False,49.0,1448.0,67.0,1357.0
2024-02-07,Nigeria,South Africa,1.0,1.0,African Cup of Nations,Bouaké,Ivory Coast,True,42.0,1474.0,66.0,1357.0
2024-02-10,Qatar,Jordan,3.0,1.0,AFC Asian Cup,Lusail,Qatar,False,58.0,1407.0,87.0,1273.0
2024-02-10,South Africa,DR Congo,0.0,0.0,African Cup of Nations,Abidjan,Ivory Coast,True,66.0,1357.0,67.0,1357.0
2024-02-11,Ivory Coast,Nigeria,2.0,1.0,African Cup of Nations,Ebimpé,Ivory Coast,False,49.0,1448.0,42.0,1474.0
2024-03-01,Trinidad and Tobago,Jamaica,0.0,1.0,Friendly,Port of Spain,Trinidad and Tobago,False,96.0,1228.0,57.0,1422.0
2024-03-03,Trinidad and Tobago,Jamaica,0.0,0.0,Friendly,Arima,Trinidad and Tobago,False,96.0,1228.0,57.0,1422.0
2024-03-14,Kazakhstan,Turkmenistan,2.0,0.0,Friendly,Dubai,United Arab Emirates,True,100.0,1215.0,141.0,1078.0
2024-03-18,Solomon Islands,Fiji,2.0,1.0,Friendly,Honiara,Solomon Islands,False,131.0,1114.0,168.0,981.0
2024-03-20,Tonga,Samoa,1.0,4.0,Oceania Nations Cup qualification,Nuku'alofa,Tonga,False,196.0,856.0,186.0,897.0
2024-03-20,San Marino,Saint Kitts and Nevis,1.0,3.0,Friendly,Serravalle,San Marino,False,210.0,742.0,147.0,1057.0
2024-03-20,Somalia,Eswatini,0.0,3.0,African Cup of Nations qualification,El Jadida,Morocco,True,198.0,846.0,149.0,1046.0
2024-03-20,Djibouti,Liberia,0.0,2.0,African Cup of Nations qualification,Marrakech,Morocco,True,192.0,883.0,152.0,1024.0
2024-03-21,South Africa,Andorra,1.0,1.0,FIFA Series,Annaba,Algeria,True,58.0,1410.0,164.0,998.0
2024-03-21,Guinea,Vanuatu,6.0,0.0,FIFA Series,Jeddah,Saudi Arabia,True,76.0,1320.0,170.0,980.0
2024-03-21,Panama,Mexico,0.0,3.0,CONCACAF Nations League,Arlington,United States,True,44.0,1476.0,15.0,1653.0
2024-03-21,Gibraltar,Lithuania,0.0,1.0,UEFA Nations League,Faro-Loulé,Portugal,True,201.0,841.0,138.0,1087.0
2024-03-21,Poland,Estonia,5.0,1.0,UEFA Euro qualification,Warsaw,Poland,False,30.0,1520.0,123.0,1149.0
2024-03-21,Wales,Finland,4.0,1.0,UEFA Euro qualification,Cardiff,Wales,False,29.0,1522.0,60.0,1401.0
2024-03-21,Cape Verde,Guyana,1.0,0.0,FIFA Series,Jeddah,Saudi Arabia,True,65.0,1377.0,157.0,1018.0
2024-03-21,Georgia,Luxembourg,2.0,0.0,UEFA Euro qualification,Tbilisi,Georgia,False,77.0,1312.0,85.0,1285.0
2024-03-21,Greece,Kazakhstan,5.0,0.0,UEFA Euro qualification,Athens,Greece,False,49.0,1454.0,100.0,1215.0
2024-03-21,Qatar,Kuwait,3.0,0.0,FIFA World Cup qualification,Doha,Qatar,False,37.0,1499.0,137.0,1094.0
2024-03-21,Afghanistan,India,0.0,0.0,FIFA World Cup qualification,Abha,Saudi Arabia,True,158.0,1018.0,117.0,1165.0
2024-03-21,Myanmar,Syria,1.0,1.0,FIFA World Cup qualification,Yangon,Myanmar,False,162.0,1000.0,89.0,1266.0
2024-03-21,Japan,North Korea,1.0,0.0,FIFA World Cup qualification,Tokyo,Japan,False,18.0,1614.0,114.0,1168.0
2024-03-21,South Korea,Thailand,1.0,1.0,FIFA World Cup qualification,Seoul,South Korea,False,22.0,1566.0,101.0,1207.0
2024-03-21,Israel,Iceland,1.0,4.0,UEFA Euro qualification,Budapest,Hungary,True,75.0,1323.0,73.0,1343.0
2024-03-21,Bosnia and Herzegovina,Ukraine,1.0,2.0,UEFA Euro qualification,Zenica,Bosnia and Herzegovina,False,71.0,1343.0,24.0,1553.0
2024-03-21,Saudi Arabia,Tajikistan,1.0,0.0,FIFA World Cup qualification,Riyadh,Saudi Arabia,False,53.0,1441.0,99.0,1219.0
2024-03-21,United States,Jamaica,3.0,1.0,CONCACAF Nations League,Arlington,United States,False,13.0,1662.0,57.0,1422.0
2024-03-21,Belize,Puerto Rico,1.0,1.0,Friendly,Belmopan,Belize,False,182.0,919.0,160.0,1007.0
2024-03-21,Hong Kong,Uzbekistan,0.0,2.0,FIFA World Cup qualification,Hong Kong,Hong Kong,False,154.0,1023.0,66.0,1376.0
2024-03-21,Oman,Malaysia,2.0,0.0,FIFA World Cup qualification,Muscat,Oman,False,80.0,1308.0,132.0,1110.0
2024-03-21,Iraq,Philippines,1.0,0.0,FIFA World Cup qualification,Basra,Iraq,False,59.0,1409.0,139.0,1086.0
2024-03-21,Pakistan,Jordan,0.0,3.0,FIFA World Cup qualification,Islamabad,Pakistan,False,195.0,857.0,70.0,1344.0
2024-03-21,Bahrain,Nepal,5.0,0.0,FIFA World Cup qualification,Riffa,Bahrain,False,82.0,1297.0,175.0,948.0
2024-03-21,United Arab Emirates,Yemen,2.0,1.0,FIFA World Cup qualification,Abu Dhabi,United Arab Emirates,False,69.0,1356.0,151.0,1028.0
2024-03-21,Australia,Lebanon,2.0,0.0,FIFA World Cup qualification,Sydney,Australia,False,23.0,1555.0,115.0,1168.0
2024-03-21,Iran,Turkmenistan,5.0,0.0,FIFA World Cup qualification,Tehran,Iran,False,20.0,1608.0,141.0,1078.0
2024-03-21,Indonesia,Vietnam,1.0,0.0,FIFA World Cup qualification,Jakarta,Indonesia,False,142.0,1073.0,105.0,1195.0
2024-03-21,Cyprus,Latvia,1.0,1.0,Friendly,Larnaca,Cyprus,False,125.0,1143.0,136.0,1098.0
2024-03-21,Ecuador,Guatemala,2.0,0.0,Friendly,Harrison,United States,True,31.0,1519.0,108.0,1188.0
2024-03-21,Ethiopia,Lesotho,1.0,2.0,Friendly,Addis Ababa,Ethiopia,False,145.0,1069.0,148.0,1047.0
2024-03-21,Malta,Slovenia,2.0,2.0,Friendly,Ta' Qali,Malta,False,172.0,967.0,55.0,1431.0
2024-03-21,Montenegro,Belarus,2.0,0.0,Friendly,Antalya,Turkey,True,72.0,1343.0,95.0,1233.0
2024-03-21,Portugal,Sweden,5.0,2.0,Friendly,Guimarães,Portugal,False,7.0,1745.0,26.0,1531.0
2024-03-21,Solomon Islands,Fiji,0.0,2.0,Friendly,Honiara,Solomon Islands,False,131.0,1114.0,168.0,981.0
2024-03-21,Venezuela,Italy,1.0,2.0,Friendly,Fort Lauderdale,United States,True,52.0,1447.0,9.0,1719.0
2024-03-21,Palestine,Bangladesh,5.0,0.0,FIFA World Cup qualification,Kuwait City,Kuwait,True,97.0,1227.0,183.0,917.0
2024-03-22,Comoros,Uganda,4.0,0.0,Friendly,Marrakech,Morocco,True,121.0,1156.0,92.0,1247.0
2024-03-22,Algeria,Bolivia,3.0,2.0,FIFA Series,Algiers,Algeria,False,43.0,1480.0,86.0,1285.0
2024-03-22,Azerbaijan,Mongolia,1.0,0.0,FIFA Series,Baku,Azerbaijan,False,113.0,1174.0,190.0,889.0
2024-03-22,Bulgaria,Tanzania,1.0,0.0,FIFA Series,Baku,Azerbaijan,True,83.0,1290.0,119.0,1161.0
2024-03-22,Equatorial Guinea,Cambodia,2.0,0.0,FIFA Series,Jeddah,Saudi Arabia,True,79.0,1310.0,179.0,931.0
2024-03-22,Brunei,Bermuda,0.0,2.0,FIFA Series,Jeddah,Saudi Arabia,True,194.0,871.0,171.0,972.0
2024-03-22,Albania,Chile,0.0,3.0,Friendly,Parma,Italy,True,64.0,1383.0,42.0,1490.0
2024-03-22,Egypt,New Zealand,1.0,0.0,FIFA Series,Cairo,Egypt,False,36.0,1500.0,103.0,1197.0
2024-03-22,Anguilla,Turks and Caicos Islands,0.0,0.0,FIFA World Cup qualification,The Valley,Anguilla,False,209.0,786.0,206.0,819.0
2024-03-22,Argentina,El Salvador,3.0,0.0,Friendly,Philadelphia,United States,True,1.0,1855.0,81.0,1306.0
2024-03-22,Armenia,Kosovo,0.0,1.0,Friendly,Yerevan,Armenia,False,94.0,1237.0,102.0,1203.0
2024-03-22,Burkina Faso,Libya,1.0,2.0,Friendly,Casablanca,Morocco,True,61.0,1400.0,120.0,1160.0
2024-03-22,Sri Lanka,Papua New Guinea,0.0,0.0,FIFA Series,Colombo,Sri Lanka,False,204.0,822.0,165.0,991.0
2024-03-22,Central African Republic,Bhutan,6.0,0.0,FIFA Series,Colombo,Sri Lanka,True,129.0,1121.0,184.0,913.0
2024-03-22,Senegal,Gabon,3.0,0.0,Friendly,Amiens,France,True,17.0,1621.0,84.0,1290.0
2024-03-22,Hungary,Turkey,1.0,0.0,Friendly,Budapest,Hungary,False,27.0,1525.0,35.0,1505.0
2024-03-22,Mauritania,Mali,0.0,2.0,Friendly,Marrakech,Morocco,True,106.0,1194.0,47.0,1470.0
2024-03-22,Morocco,Angola,1.0,0.0,Friendly,Agadir,Morocco,False,12.0,1663.0,93.0,1238.0
2024-03-22,Netherlands,Scotland,4.0,0.0,Friendly,Amsterdam,Netherlands,False,6.0,1745.0,34.0,1507.0
2024-03-22,Nigeria,Ghana,2.0,1.0,Friendly,Marrakech,Morocco,True,28.0,1522.0,67.0,1363.0
2024-03-22,North Macedonia,Moldova,1.0,1.0,Friendly,Antalya,Turkey,True,68.0,1362.0,155.0,1023.0
2024-03-22,Niger,Togo,1.0,2.0,Friendly,Mohammedia,Morocco,True,128.0,1128.0,116.0,1166.0
2024-03-22,Peru,Nicaragua,2.0,0.0,Friendly,Lima,Peru,False,33.0,1513.0,134.0,1104.0
2024-03-22,Romania,Northern Ireland,1.0,1.0,Friendly,Bucharest,Romania,False,45.0,1473.0,74.0,1333.0
2024-03-22,Spain,Colombia,0.0,1.0,Friendly,London,England,True,8.0,1733.0,14.0,1655.0
2024-03-22,Chad,Mauritius,1.0,0.0,African Cup of Nations qualification,Yaoundé,Cameroon,True,181.0,920.0,177.0,945.0
2024-03-22,Liechtenstein,Faroe Islands,0.0,4.0,Friendly,San Pedro Alcántara,Spain,True,203.0,833.0,135.0,1102.0
2024-03-22,Norway,Czech Republic,1.0,2.0,Friendly,Oslo,Norway,False,46.0,1472.0,40.0,1494.0
2024-03-23,Denmark,Switzerland,0.0,0.0,Friendly,Copenhagen,Denmark,False,21.0,1601.0,19.0,1613.0
2024-03-23,Tunisia,Croatia,0.0,0.0,FIFA Series,Cairo,Egypt,True,41.0,1491.0,10.0,1718.0
2024-03-23,Canada,Trinidad and Tobago,2.0,0.0,Copa América qualification,Frisco,United States,True,50.0,1454.0,96.0,1228.0
2024-03-23,Costa Rica,Honduras,3.0,1.0,Copa América qualification,Frisco,United States,True,54.0,1438.0,78.0,1311.0
2024-03-23,Dominican Republic,Aruba,2.0,0.0,Friendly,Santiago de los Caballeros,Dominican Republic,False,150.0,1041.0,193.0,879.0
2024-03-23,England,Brazil,0.0,1.0,Friendly,London,England,False,3.0,1800.0,5.0,1784.0
2024-03-23,France,Germany,0.0,2.0,Friendly,Lyon,France,False,2.0,1845.0,16.0,1631.0
2024-03-23,Republic of Ireland,Belgium,0.0,0.0,Friendly,Dublin,Republic of Ireland,False,62.0,1400.0,4.0,1798.0
2024-03-23,Slovakia,Austria,0.0,2.0,Friendly,Bratislava,Slovakia,False,48.0,1466.0,25.0,1546.0
2024-03-23,Samoa,Cook Islands,1.0,0.0,Oceania Nations Cup qualification,Nuku'alofa,Tonga,True,186.0,897.0,185.0,897.0
2024-03-23,Ivory Coast,Benin,2.0,2.0,Friendly,Amiens,France,True,39.0,1495.0,98.0,1225.0
2024-03-24,Ecuador,Italy,0.0,2.0,Friendly,Harrison,United States,True,31.0,1519.0,9.0,1719.0
2024-03-24,Jamaica,Panama,1.0,0.0,CONCACAF Nations League,Arlington,United States,True,57.0,1422.0,44.0,1476.0
2024-03-24,United States,Mexico,2.0,0.0,CONCACAF Nations League,Arlington,United States,False,13.0,1662.0,15.0,1653.0
2024-03-24,Belize,Puerto Rico,3.0,0.0,Friendly,Belmopan,Belize,False,182.0,919.0,160.0,1007.0
2024-03-24,Guatemala,Venezuela,0.0,0.0,Friendly,Houston,United States,True,108.0,1188.0,52.0,1447.0
2024-03-24,San Marino,Saint Kitts and Nevis,0.0,0.0,Friendly,Serravalle,San Marino,False,210.0,742.0,147.0,1057.0
2024-03-24,Ethiopia,Lesotho,2.0,1.0,Friendly,Addis Ababa,Ethiopia,False,145.0,1069.0,148.0,1047.0
2024-03-25,Bermuda,Guinea,1.0,5.0,FIFA Series,Jeddah,Saudi Arabia,True,171.0,972.0,76.0,1320.0
2024-03-25,Central African Republic,Papua New Guinea,4.0,0.0,FIFA Series,Colombo,Sri Lanka,True,129.0,1121.0,165.0,991.0
2024-03-25,Bolivia,Andorra,1.0,0.0,FIFA Series,Annaba,Algeria,True,86.0,1285.0,164.0,998.0
2024-03-25,Azerbaijan,Bulgaria,1.0,1.0,FIFA Series,Baku,Azerbaijan,False,113.0,1174.0,83.0,1290.0
2024-03-25,Cape Verde,Equatorial Guinea,1.0,0.0,FIFA Series,Jeddah,Saudi Arabia,True,65.0,1377.0,79.0,1310.0
2024-03-25,Tanzania,Mongolia,3.0,0.0,FIFA Series,Baku,Azerbaijan,True,119.0,1161.0,190.0,889.0
2024-03-25,Montenegro,North Macedonia,1.0,0.0,Friendly,Antalya,Turkey,True,72.0,1343.0,68.0,1362.0
2024-03-25,Cyprus,Serbia,0.0,1.0,Friendly,Larnaca,Cyprus,False,125.0,1143.0,32.0,1517.0
2024-03-25,Sweden,Albania,1.0,0.0,Friendly,Stockholm,Sweden,False,26.0,1531.0,64.0,1383.0
2024-03-25,Comoros,Angola,0.0,0.0,Friendly,Marrakech,Morocco,True,121.0,1156.0,93.0,1238.0
2024-03-25,Sri Lanka,Bhutan,2.0,0.0,FIFA Series,Colombo,Sri Lanka,False,204.0,822.0,184.0,913.0
2024-03-26,Syria,Myanmar,7.0,0.0,FIFA World Cup qualification,Dammam,Saudi Arabia,True,89.0,1266.0,162.0,1000.0
2024-03-26,Kuwait,Qatar,1.0,2.0,FIFA World Cup qualification,Al Farwaniyah,Kuwait,False,137.0,1094.0,37.0,1499.0
2024-03-26,India,Afghanistan,1.0,2.0,FIFA World Cup qualification,Guwahati,India,False,117.0,1165.0,158.0,1018.0
2024-03-26,Georgia,Greece,0.0,0.0,UEFA Euro qualification,Tbilisi,Georgia,False,77.0,1312.0,49.0,1454.0
2024-03-26,Ukraine,Iceland,2.0,1.0,UEFA Euro qualification,Wrocław,Poland,True,24.0,1553.0,73.0,1343.0
2024-03-26,Tonga,Cook Islands,0.0,1.0,Oceania Nations Cup qualification,Nuku'alofa,Tonga,False,196.0,856.0,185.0,897.0
2024-03-26,Brunei,Vanuatu,3.0,2.0,FIFA Series,Jeddah,Saudi Arabia,True,194.0,871.0,170.0,980.0
2024-03-26,Cambodia,Guyana,1.0,4.0,FIFA Series,Jeddah,Saudi Arabia,True,179.0,931.0,157.0,1018.0
2024-03-26,New Zealand,Tunisia,0.0,0.0,FIFA Series,Cairo,Egypt,True,103.0,1197.0,41.0,1491.0
2024-03-26,Egypt,Croatia,2.0,4.0,FIFA Series,Cairo,Egypt,False,36.0,1500.0,10.0,1718.0
2024-03-26,Wales,Poland,0.0,0.0,UEFA Euro qualification,Cardiff,Wales,False,29.0,1522.0,30.0,1520.0
2024-03-26,Turks and Caicos Islands,Anguilla,1.0,1.0,FIFA World Cup qualification,Providenciales,Turks and Caicos Islands,False,206.0,819.0,209.0,786.0
2024-03-26,Malaysia,Oman,0.0,2.0,FIFA World Cup qualification,Kuala Lumpur,Malaysia,False,132.0,1110.0,80.0,1308.0
2024-03-26,Uzbekistan,Hong Kong,3.0,0.0,FIFA World Cup qualification,Tashkent,Uzbekistan,False,66.0,1376.0,154.0,1023.0
2024-03-26,Turkmenistan,Iran,0.0,1.0,FIFA World Cup qualification,Ashgabat,Turkmenistan,False,141.0,1078.0,20.0,1608.0
2024-03-26,Philippines,Iraq,0.0,5.0,FIFA World Cup qualification,Manila,Philippines,False,139.0,1086.0,59.0,1409.0
2024-03-26,Vietnam,Indonesia,0.0,3.0,FIFA World Cup qualification,Hanoi,Vietnam,False,105.0,1195.0,142.0,1073.0
2024-03-26,Tajikistan,Saudi Arabia,1.0,1.0,FIFA World Cup qualification,Dushanbe,Tajikistan,False,99.0,1219.0,53.0,1441.0
2024-03-26,Jordan,Pakistan,7.0,0.0,FIFA World Cup qualification,Amman,Jordan,False,70.0,1344.0,195.0,857.0
2024-03-26,Bahrain,Nepal,3.0,0.0,FIFA World Cup qualification,Riffa,Bahrain,False,82.0,1297.0,175.0,948.0
2024-03-26,Yemen,United Arab Emirates,0.0,3.0,FIFA World Cup qualification,Khobar,Saudi Arabia,True,151.0,1028.0,69.0,1356.0
2024-03-26,Bangladesh,Palestine,0.0,1.0,FIFA World Cup qualification,Dhaka,Bangladesh,False,183.0,917.0,97.0,1227.0
2024-03-26,Australia,Lebanon,5.0,0.0,FIFA World Cup qualification,Canberra,Australia,False,23.0,1555.0,115.0,1168.0
2024-03-26,Algeria,South Africa,3.0,3.0,FIFA Series,Algiers,Algeria,False,43.0,1480.0,58.0,1410.0
2024-03-26,Thailand,South Korea,0.0,3.0,FIFA World Cup qualification,Bangkok,Thailand,False,101.0,1207.0,22.0,1566.0
2024-03-26,England,Belgium,2.0,2.0,Friendly,London,England,False,3.0,1800.0,4.0,1798.0
2024-03-26,Argentina,Costa Rica,3.0,1.0,Friendly,Los Angeles,United States,True,1.0,1855.0,54.0,1438.0
2024-03-26,Malta,Belarus,0.0,0.0,Friendly,Ta' Qali,Malta,False,172.0,967.0,95.0,1233.0
2024-03-26,Latvia,Liechtenstein,1.0,1.0,Friendly,Larnaca,Cyprus,True,136.0,1098.0,203.0,833.0
2024-03-26,Ivory Coast,Uruguay,2.0,1.0,Friendly,Lens,France,True,39.0,1495.0,11.0,1666.0
2024-03-26,Hungary,Kosovo,2.0,0.0,Friendly,Budapest,Hungary,False,27.0,1525.0,102.0,1203.0
2024-03-26,Germany,Netherlands,2.0,1.0,Friendly,Frankfurt,Germany,False,16.0,1631.0,6.0,1745.0
2024-03-26,El Salvador,Honduras,1.0,1.0,Friendly,Los Angeles,United States,True,81.0,1306.0,78.0,1311.0
2024-03-26,Denmark,Faroe Islands,2.0,0.0,Friendly,Brondbyvester,Denmark,False,21.0,1601.0,135.0,1102.0
2024-03-26,Czech Republic,Armenia,2.0,1.0,Friendly,Prague,Czech Republic,False,40.0,1494.0,94.0,1237.0
2024-03-26,Colombia,Romania,3.0,2.0,Friendly,Madrid,Spain,True,14.0,1655.0,45.0,1473.0
2024-03-26,France,Chile,3.0,2.0,Friendly,Marseille,France,False,2.0,1845.0,42.0,1490.0
2024-03-26,Morocco,Mauritania,0.0,0.0,Friendly,Agadir,Morocco,False,12.0,1663.0,106.0,1194.0
2024-03-26,Lithuania,Gibraltar,1.0,0.0,UEFA Nations League,Kaunas,Lithuania,False,138.0,1087.0,201.0,841.0
2024-03-26,Peru,Dominican Republic,4.0,1.0,Friendly,Lima,Peru,False,33.0,1513.0,150.0,1041.0
2024-03-26,Republic of Ireland,Switzerland,0.0,1.0,Friendly,Dublin,Republic of Ireland,False,62.0,1400.0,19.0,1613.0
2024-03-26,Scotland,Northern Ireland,0.0,1.0,Friendly,Glasgow,Scotland,False,34.0,1507.0,74.0,1333.0
2024-03-26,Senegal,Benin,1.0,0.0,Friendly,Amiens,France,True,17.0,1621.0,98.0,1225.0
2024-03-26,Slovenia,Portugal,2.0,0.0,Friendly,Ljubljana,Slovenia,False,55.0,1431.0,7.0,1745.0
2024-03-26,Spain,Brazil,3.0,3.0,Friendly,Madrid,Spain,False,8.0,1733.0,5.0,1784.0
2024-03-26,Finland,Estonia,2.0,1.0,Friendly,Helsinki,Finland,False,60.0,1401.0,123.0,1149.0
2024-03-26,Liberia,Djibouti,0.0,0.0,African Cup of Nations qualification,Monrovia,Liberia,False,152.0,1024.0,192.0,883.0
2024-03-26,Eswatini,Somalia,2.0,2.0,African Cup of Nations qualification,Mbombela,South Africa,True,149.0,1046.0,198.0,846.0
2024-03-26,Mauritius,Chad,1.0,2.0,African Cup of Nations qualification,Saint Pierre,Mauritius,False,177.0,945.0,181.0,920.0
2024-03-26,Austria,Turkey,6.0,1.0,Friendly,Vienna,Austria,False,25.0,1546.0,35.0,1505.0
2024-03-26,Nicaragua,Cuba,0.0,1.0,Friendly,Managua,Nicaragua,False,134.0,1104.0,169.0,981.0
2024-03-26,Norway,Slovakia,1.0,1.0,Friendly,Oslo,Norway,False,46.0,1472.0,48.0,1466.0
2024-04-14,Trinidad and Tobago,Guyana,2.0,1.0,Friendly,Port of Spain,Trinidad and Tobago,False,98.0,1221.0,154.0,1020.0
2024-04-16,Trinidad and Tobago,Guyana,2.0,0.0,Friendly,Port of Spain,Trinidad and Tobago,False,98.0,1221.0,154.0,1020.0
2024-04-26,Grenada,Saint Vincent and the Grenadines,0.0,3.0,Friendly,Carriacou,Grenada,False,174.0,951.0,173.0,953.0
2024-04-26,Guatemala,Nicaragua,1.0,1.0,Friendly,San Jose,United States,True,108.0,1188.0,135.0,1103.0
2024-05-31,Bolivia,Mexico,0.0,1.0,Friendly,Chicago,United States,True,85.0,1284.0,14.0,1661.0
2024-05-31,Costa Rica,Uruguay,0.0,0.0,Friendly,San José,Costa Rica,False,52.0,1445.0,15.0,1659.0
2024-06-02,Indonesia,Tanzania,0.0,0.0,Friendly,Jakarta,Indonesia,False,134.0,1103.0,119.0,1160.0
2024-06-03,Albania,Liechtenstein,3.0,0.0,Friendly,Szombathely,Hungary,True,66.0,1375.0,202.0,833.0
2024-06-03,Croatia,North Macedonia,3.0,0.0,Friendly,Rijeka,Croatia,False,10.0,1721.0,69.0,1354.0
2024-06-03,England,Bosnia and Herzegovina,3.0,0.0,Friendly,Newcastle,England,False,4.0,1795.0,74.0,1336.0
2024-06-03,Germany,Ukraine,0.0,0.0,Friendly,Nuremberg,Germany,False,16.0,1644.0,22.0,1569.0
2024-06-03,Gibraltar,Scotland,0.0,2.0,Friendly,Faro-Loulé,Portugal,True,203.0,832.0,39.0,1497.0
2024-06-04,Republic of Ireland,Hungary,2.0,1.0,Friendly,Dublin,Republic of Ireland,False,60.0,1400.0,26.0,1532.0
2024-06-04,Austria,Serbia,2.0,1.0,Friendly,Vienna,Austria,False,25.0,1555.0,33.0,1514.0
2024-06-04,Portugal,Finland,4.0,2.0,Friendly,Lisbon,Portugal,False,6.0,1748.0,61.0,1394.0
2024-06-04,Slovenia,Armenia,2.0,1.0,Friendly,Ljubljana,Slovenia,False,57.0,1428.0,95.0,1229.0
2024-06-04,Romania,Bulgaria,0.0,0.0,Friendly,Bucharest,Romania,False,46.0,1468.0,83.0,1293.0
2024-06-04,Switzerland,Estonia,4.0,0.0,Friendly,Lucerne,Switzerland,False,19.0,1616.0,123.0,1141.0
2024-06-04,Italy,Turkey,0.0,0.0,Friendly,Bologna,Italy,False,9.0,1725.0,40.0,1496.0
2024-06-05,Spain,Andorra,5.0,0.0,Friendly,Badajoz,Spain,False,8.0,1728.0,164.0,999.0
2024-06-05,Togo,South Sudan,1.0,1.0,FIFA World Cup qualification,Lomé,Togo,False,113.0,1170.0,167.0,985.0
2024-06-05,Belgium,Montenegro,2.0,0.0,Friendly,Brussels,Belgium,False,3.0,1795.0,70.0,1352.0
2024-06-05,Denmark,Sweden,2.0,1.0,Friendly,Copenhagen,Denmark,False,21.0,1603.0,27.0,1532.0
2024-06-05,France,Luxembourg,3.0,0.0,Friendly,Metz,France,False,2.0,1841.0,87.0,1278.0
2024-06-05,Mexico,Uruguay,0.0,4.0,Friendly,Denver,United States,True,14.0,1661.0,15.0,1659.0
2024-06-05,Norway,Kosovo,3.0,0.0,Friendly,Oslo,Norway,False,47.0,1468.0,102.0,1206.0
2024-06-05,San Marino,Slovakia,0.0,4.0,Friendly,Wiener Neustadt,Austria,True,210.0,742.0,48.0,1462.0
2024-06-05,Sierra Leone,Djibouti,2.0,1.0,FIFA World Cup qualification,El Jadida,Morocco,True,126.0,1137.0,192.0,877.0
2024-06-05,Central African Republic,Chad,1.0,0.0,FIFA World Cup qualification,Oujda,Morocco,True,128.0,1128.0,176.0,946.0
2024-06-05,Antigua and Barbuda,Bermuda,1.0,1.0,FIFA World Cup qualification,Piggotts,Antigua and Barbuda,False,142.0,1073.0,170.0,974.0
2024-06-05,Trinidad and Tobago,Grenada,2.0,2.0,FIFA World Cup qualification,Port of Spain,Trinidad and Tobago,False,98.0,1221.0,174.0,951.0
2024-06-05,Curaçao,Barbados,4.0,1.0,FIFA World Cup qualification,Willemstad,Curaçao,False,91.0,1262.0,177.0,944.0
2024-06-05,Nicaragua,Montserrat,4.0,1.0,FIFA World Cup qualification,Managua,Nicaragua,False,135.0,1103.0,175.0,946.0
2024-06-05,Guatemala,Dominica,6.0,0.0,FIFA World Cup qualification,Guatemala City,Guatemala,False,108.0,1188.0,180.0,922.0
2024-06-05,Suriname,Saint Vincent and the Grenadines,4.0,1.0,FIFA World Cup qualification,Paramaribo,Suriname,False,144.0,1072.0,173.0,953.0
2024-06-05,Tunisia,Equatorial Guinea,1.0,0.0,FIFA World Cup qualification,Radès,Tunisia,False,41.0,1493.0,79.0,1308.0
2024-06-05,Namibia,Liberia,1.0,1.0,FIFA World Cup qualification,Johannesburg,South Africa,True,106.0,1192.0,152.0,1030.0
2024-06-06,Gibraltar,Wales,0.0,0.0,Friendly,Faro-Loulé,Portugal,True,203.0,832.0,29.0,1531.0
2024-06-06,Netherlands,Canada,4.0,0.0,Friendly,Rotterdam,Netherlands,False,7.0,1742.0,49.0,1461.0
2024-06-06,Guinea-Bissau,Ethiopia,0.0,0.0,FIFA World Cup qualification,Bissau,Guinea-Bissau,False,116.0,1163.0,145.0,1068.0
2024-06-06,Mauritania,Sudan,0.0,2.0,FIFA World Cup qualification,Nouakchott,Mauritania,False,105.0,1196.0,127.0,1129.0
2024-06-06,Senegal,DR Congo,1.0,1.0,FIFA World Cup qualification,Diamniadio,Senegal,False,17.0,1625.0,63.0,1388.0
2024-06-06,Benin,Rwanda,1.0,0.0,FIFA World Cup qualification,Abidjan,Ivory Coast,True,97.0,1226.0,131.0,1112.0
2024-06-06,Libya,Mauritius,2.0,1.0,FIFA World Cup qualification,Benghazi,Libya,False,114.0,1167.0,183.0,919.0
2024-06-06,Afghanistan,Qatar,0.0,0.0,FIFA World Cup qualification,Al Hofuf,Saudi Arabia,True,151.0,1037.0,34.0,1508.0
2024-06-06,Mali,Ghana,1.0,2.0,FIFA World Cup qualification,Bamako,Mali,False,44.0,1478.0,68.0,1359.0
2024-06-06,India,Kuwait,0.0,0.0,FIFA World Cup qualification,Kolkota,India,False,121.0,1146.0,139.0,1085.0
2024-06-06,North Korea,Syria,1.0,0.0,FIFA World Cup qualification,Vientiane,Laos,True,118.0,1161.0,89.0,1267.0
2024-06-06,Algeria,Guinea,1.0,2.0,FIFA World Cup qualification,Algiers,Algeria,False,43.0,1483.0,76.0,1325.0
2024-06-06,Egypt,Burkina Faso,2.0,1.0,FIFA World Cup qualification,Cairo,Egypt,False,37.0,1500.0,62.0,1390.0
2024-06-06,Singapore,South Korea,0.0,7.0,FIFA World Cup qualification,Kallang,Singapore,False,155.0,1019.0,23.0,1564.0
2024-06-06,Jamaica,Dominican Republic,1.0,0.0,FIFA World Cup qualification,Kingston,Jamaica,False,55.0,1435.0,150.0,1043.0
2024-06-06,Kyrgyzstan,Malaysia,1.0,1.0,FIFA World Cup qualification,Bishkek,Kyrgyzstan,False,100.0,1214.0,138.0,1095.0
2024-06-06,Myanmar,Japan,0.0,5.0,FIFA World Cup qualification,Yangon,Myanmar,False,163.0,999.0,18.0,1622.0
2024-06-06,Uzbekistan,Turkmenistan,3.0,1.0,FIFA World Cup qualification,Tashkent,Uzbekistan,False,64.0,1387.0,143.0,1073.0
2024-06-06,Hong Kong,Iran,2.0,4.0,FIFA World Cup qualification,Hong Kong,Hong Kong,False,157.0,1013.0,20.0,1614.0
2024-06-06,Indonesia,Iraq,0.0,2.0,FIFA World Cup qualification,Jakarta,Indonesia,False,134.0,1103.0,58.0,1420.0
2024-06-06,Jordan,Tajikistan,3.0,0.0,FIFA World Cup qualification,Amman,Jordan,False,71.0,1350.0,99.0,1217.0
2024-06-06,Pakistan,Saudi Arabia,0.0,3.0,FIFA World Cup qualification,Islamabad,Pakistan,False,195.0,850.0,53.0,1444.0
2024-06-06,Nepal,United Arab Emirates,0.0,4.0,FIFA World Cup qualification,Dammam,Saudi Arabia,True,178.0,938.0,67.0,1366.0
2024-06-06,Bahrain,Yemen,0.0,0.0,FIFA World Cup qualification,Riffa,Bahrain,False,80.0,1308.0,156.0,1017.0
2024-06-06,Vietnam,Philippines,3.0,2.0,FIFA World Cup qualification,Hanoi,Vietnam,False,115.0,1165.0,141.0,1075.0
2024-06-06,Palestine,Lebanon,0.0,0.0,FIFA World Cup qualification,Doha,Qatar,True,93.0,1239.0,120.0,1159.0
2024-06-06,Honduras,Cuba,3.0,1.0,FIFA World Cup qualification,Tegucigalpa,Honduras,False,82.0,1302.0,169.0,981.0
2024-06-06,Haiti,Saint Lucia,2.0,1.0,FIFA World Cup qualification,Bridgetown,Barbados,True,90.0,1262.0,165.0,989.0
2024-06-06,Panama,Guyana,2.0,0.0,FIFA World Cup qualification,Panama City,Panama,False,45.0,1476.0,154.0,1020.0
2024-06-06,Bangladesh,Australia,0.0,2.0,FIFA World Cup qualification,Dhaka,Bangladesh,False,184.0,905.0,24.0,1564.0
2024-06-06,El Salvador,Puerto Rico,0.0,0.0,FIFA World Cup qualification,San Salvador,El Salvador,False,81.0,1305.0,160.0,1006.0
2024-06-06,Costa Rica,Saint Kitts and Nevis,4.0,0.0,FIFA World Cup qualification,San José,Costa Rica,False,52.0,1445.0,147.0,1057.0
2024-06-07,Peru,Paraguay,0.0,0.0,Friendly,Lima,Peru,False,32.0,1516.0,56.0,1431.0
2024-06-07,England,Iceland,0.0,1.0,Friendly,London,England,False,4.0,1795.0,72.0,1347.0
2024-06-07,Czech Republic,Malta,7.0,1.0,Friendly,Grödig,Austria,True,36.0,1501.0,171.0,973.0
2024-06-07,Armenia,Kazakhstan,2.0,1.0,Friendly,Yerevan,Armenia,False,95.0,1229.0,103.0,1204.0
2024-06-07,Belarus,Russia,0.0,4.0,Friendly,Minsk,Belarus,False,96.0,1227.0,35.0,1504.0
2024-06-07,Albania,Azerbaijan,3.0,1.0,Friendly,Szombathely,Hungary,True,66.0,1375.0,112.0,1178.0
2024-06-07,Romania,Liechtenstein,0.0,0.0,Friendly,Bucharest,Romania,False,46.0,1468.0,202.0,833.0
2024-06-07,Poland,Ukraine,3.0,1.0,Friendly,Warsaw,Poland,False,28.0,1531.0,22.0,1569.0
2024-06-07,Cambodia,Mongolia,2.0,0.0,Friendly,Phnom Penh,Cambodia,False,179.0,925.0,191.0,884.0
2024-06-07,Germany,Greece,2.0,1.0,Friendly,Mönchengladbach,Germany,False,16.0,1644.0,50.0,1458.0
2024-06-07,Madagascar,Comoros,2.0,1.0,FIFA World Cup qualification,Johannesburg,South Africa,True,109.0,1186.0,117.0,1163.0
2024-06-07,Kenya,Burundi,1.0,1.0,FIFA World Cup qualification,Lilongwe,Malawi,True,107.0,1191.0,140.0,1082.0
2024-06-07,Zimbabwe,Lesotho,0.0,2.0,FIFA World Cup qualification,Johannesburg,South Africa,True,122.0,1144.0,149.0,1048.0
2024-06-07,Uganda,Botswana,1.0,0.0,FIFA World Cup qualification,Kira,Uganda,False,92.0,1242.0,146.0,1065.0
2024-06-07,Ivory Coast,Gabon,1.0,0.0,FIFA World Cup qualification,Korhogo,Ivory Coast,False,38.0,1499.0,84.0,1287.0
2024-06-07,Mozambique,Somalia,2.0,1.0,FIFA World Cup qualification,Maputo,Mozambique,False,110.0,1184.0,199.0,843.0
2024-06-07,Morocco,Zambia,2.0,1.0,FIFA World Cup qualification,Agadir,Morocco,False,13.0,1661.0,86.0,1278.0
2024-06-07,Angola,Eswatini,1.0,0.0,FIFA World Cup qualification,Luanda,Angola,False,94.0,1236.0,148.0,1049.0
2024-06-07,Nigeria,South Africa,1.0,1.0,FIFA World Cup qualification,Uyo,Nigeria,False,30.0,1520.0,59.0,1408.0
2024-06-07,Scotland,Finland,2.0,2.0,Friendly,Glasgow,Scotland,False,39.0,1497.0,61.0,1394.0
2024-06-08,Latvia,Lithuania,0.0,2.0,Baltic Cup,Liepāja,Latvia,False,136.0,1096.0,137.0,1095.0
2024-06-08,Estonia,Faroe Islands,4.0,1.0,Baltic Cup,Tallinn,Estonia,False,123.0,1141.0,133.0,1103.0
2024-06-08,Belgium,Luxembourg,3.0,0.0,Friendly,Brussels,Belgium,False,3.0,1795.0,87.0,1278.0
2024-06-08,Spain,Northern Ireland,5.0,1.0,Friendly,Mallorca,Spain,False,8.0,1728.0,73.0,1341.0
2024-06-08,Portugal,Croatia,1.0,2.0,Friendly,Oeiras,Portugal,False,6.0,1748.0,10.0,1721.0
2024-06-08,Mexico,Brazil,2.0,3.0,Friendly,College Station,United States,True,14.0,1661.0,5.0,1789.0
2024-06-08,Denmark,Norway,3.0,1.0,Friendly,Brondbyvester,Denmark,False,21.0,1603.0,47.0,1468.0
2024-06-08,Brunei,Sri Lanka,1.0,0.0,Friendly,Bandar Seri Begawan,Brunei,False,194.0,873.0,204.0,829.0
2024-06-08,Hungary,Israel,3.0,0.0,Friendly,Debrecen,Hungary,False,26.0,1532.0,78.0,1311.0
2024-06-08,Slovenia,Bulgaria,1.0,1.0,Friendly,Ljubljana,Slovenia,False,57.0,1428.0,83.0,1293.0
2024-06-08,Moldova,Cyprus,3.0,2.0,Friendly,Chișinău,Moldova,False,153.0,1029.0,124.0,1141.0
2024-06-08,Sweden,Serbia,0.0,3.0,Friendly,Stockholm,Sweden,False,27.0,1532.0,33.0,1514.0
2024-06-08,United States,Colombia,1.0,5.0,Friendly,Landover,United States,False,11.0,1681.0,12.0,1664.0
2024-06-08,Cameroon,Cape Verde,4.0,1.0,FIFA World Cup qualification,Yaoundé,Cameroon,False,51.0,1453.0,65.0,1383.0
2024-06-08,Gambia,Seychelles,5.0,1.0,FIFA World Cup qualification,Berkane,Morocco,True,130.0,1115.0,197.0,846.0
2024-06-08,Cayman Islands,Antigua and Barbuda,1.0,0.0,FIFA World Cup qualification,George Town,Cayman Islands,False,196.0,848.0,142.0,1073.0
2024-06-08,Belize,Nicaragua,0.0,4.0,FIFA World Cup qualification,Belmopan,Belize,False,182.0,920.0,135.0,1103.0
2024-06-08,Aruba,Curaçao,0.0,2.0,FIFA World Cup qualification,Oranjestad,Aruba,False,193.0,876.0,91.0,1262.0
2024-06-08,Anguilla,Suriname,0.0,4.0,FIFA World Cup qualification,The Valley,Anguilla,False,209.0,793.0,144.0,1072.0
2024-06-08,Switzerland,Austria,1.0,1.0,Friendly,St. Gallen,Switzerland,False,19.0,1616.0,25.0,1555.0
2024-06-08,Bahamas,Trinidad and Tobago,1.0,7.0,FIFA World Cup qualification,Basseterre,Saint Kitts and Nevis,True,200.0,836.0,98.0,1221.0
2024-06-08,British Virgin Islands,Guatemala,0.0,3.0,FIFA World Cup qualification,Road Town,British Virgin Islands,False,207.0,813.0,108.0,1188.0
2024-06-09,Argentina,Ecuador,1.0,0.0,Friendly,Chicago,United States,True,1.0,1858.0,31.0,1518.0
2024-06-09,France,Canada,0.0,0.0,Friendly,Bordeaux,France,False,2.0,1841.0,49.0,1461.0
2024-06-09,Italy,Bosnia and Herzegovina,1.0,0.0,Friendly,Empoli,Italy,False,9.0,1725.0,74.0,1336.0
2024-06-09,Montenegro,Georgia,1.0,3.0,Friendly,Podgorica,Montenegro,False,70.0,1352.0,75.0,1334.0
2024-06-09,Slovakia,Wales,4.0,0.0,Friendly,Trnava,Slovakia,False,48.0,1462.0,29.0,1531.0
2024-06-09,Djibouti,Ethiopia,1.0,1.0,FIFA World Cup qualification,El Jadida,Morocco,True,192.0,877.0,145.0,1068.0
2024-06-09,Mauritania,Senegal,0.0,1.0,FIFA World Cup qualification,Nouakchott,Mauritania,False,105.0,1196.0,17.0,1625.0
2024-06-09,DR Congo,Togo,1.0,0.0,FIFA World Cup qualification,Kinshasa,DR Congo,False,63.0,1388.0,113.0,1170.0
2024-06-09,Namibia,Tunisia,0.0,0.0,FIFA World Cup qualification,Johannesburg,South Africa,True,106.0,1192.0,41.0,1493.0
2024-06-09,Bermuda,Honduras,1.0,6.0,FIFA World Cup qualification,Hamilton,Bermuda,False,170.0,974.0,82.0,1302.0
2024-06-09,Grenada,Costa Rica,0.0,3.0,FIFA World Cup qualification,St. George's,Grenada,False,174.0,951.0,52.0,1445.0
2024-06-09,Barbados,Haiti,1.0,3.0,FIFA World Cup qualification,Bridgetown,Barbados,False,177.0,944.0,90.0,1262.0
2024-06-09,Montserrat,Panama,1.0,3.0,FIFA World Cup qualification,Managua,Nicaragua,True,175.0,946.0,45.0,1476.0
2024-06-09,Dominica,Jamaica,2.0,3.0,FIFA World Cup qualification,Roseau,Dominica,False,180.0,922.0,55.0,1435.0
2024-06-09,Saint Vincent and the Grenadines,El Salvador,1.0,3.0,FIFA World Cup qualification,Paramaribo,Suriname,True,173.0,953.0,81.0,1305.0
2024-06-10,Burkina Faso,Sierra Leone,2.0,2.0,FIFA World Cup qualification,Bamako,Mali,True,62.0,1390.0,126.0,1137.0
2024-06-10,Czech Republic,North Macedonia,2.0,1.0,Friendly,Hradec Králové,Czech Republic,False,36.0,1501.0,69.0,1354.0
2024-06-10,Netherlands,Iceland,4.0,0.0,Friendly,Rotterdam,Netherlands,False,7.0,1742.0,72.0,1347.0
2024-06-10,Poland,Turkey,2.0,1.0,Friendly,Warsaw,Poland,False,28.0,1531.0,40.0,1496.0
2024-06-10,Somalia,Botswana,1.0,3.0,FIFA World Cup qualification,Maputo,Mozambique,True,199.0,843.0,146.0,1065.0
2024-06-10,Guinea-Bissau,Egypt,1.0,1.0,FIFA World Cup qualification,Bissau,Guinea-Bissau,False,116.0,1163.0,37.0,1500.0
2024-06-10,Uganda,Algeria,1.0,2.0,FIFA World Cup qualification,Kira,Uganda,False,92.0,1242.0,43.0,1483.0
2024-06-10,Guinea,Mozambique,0.0,1.0,FIFA World Cup qualification,El Jadida,Morocco,True,76.0,1325.0,110.0,1184.0
2024-06-10,Equatorial Guinea,Malawi,1.0,0.0,FIFA World Cup qualification,Malabo,Equatorial Guinea,False,79.0,1308.0,125.0,1141.0
2024-06-10,Ghana,Central African Republic,4.0,3.0,FIFA World Cup qualification,Kumasi,Ghana,False,68.0,1359.0,128.0,1128.0
2024-06-10,Benin,Nigeria,2.0,1.0,FIFA World Cup qualification,Abidjan,Ivory Coast,True,97.0,1226.0,30.0,1520.0
2024-06-11,Chad,Comoros,0.0,2.0,FIFA World Cup qualification,Oujda,Morocco,True,176.0,946.0,117.0,1163.0
2024-06-11,Latvia,Faroe Islands,1.0,0.0,Baltic Cup,Liepāja,Latvia,False,136.0,1096.0,133.0,1103.0
2024-06-11,Seychelles,Burundi,1.0,3.0,FIFA World Cup qualification,Berkane,Morocco,True,197.0,846.0,140.0,1082.0
2024-06-11,Lithuania,Estonia,1.0,1.0,Baltic Cup,Kaunas,Lithuania,False,137.0,1095.0,123.0,1141.0
2024-06-11,Brunei,Sri Lanka,1.0,0.0,Friendly,Bandar Seri Begawan,Brunei,False,194.0,873.0,204.0,829.0
2024-06-11,Andorra,Northern Ireland,0.0,2.0,Friendly,Murcia,Spain,True,164.0,999.0,73.0,1341.0
2024-06-11,Azerbaijan,Kazakhstan,3.0,2.0,Friendly,Szombathely,Hungary,True,112.0,1178.0,103.0,1204.0
2024-06-11,Chile,Paraguay,3.0,0.0,Friendly,Santiago,Chile,False,42.0,1492.0,56.0,1431.0
2024-06-11,Greece,Malta,2.0,0.0,Friendly,Grödig,Austria,True,50.0,1458.0,171.0,973.0
2024-06-11,Israel,Belarus,4.0,0.0,Friendly,Budapest,Hungary,True,78.0,1311.0,96.0,1227.0
2024-06-11,Moldova,Ukraine,0.0,4.0,Friendly,Chișinău,Moldova,False,153.0,1029.0,22.0,1569.0
2024-06-11,San Marino,Cyprus,1.0,4.0,Friendly,Serravalle,San Marino,False,210.0,742.0,124.0,1141.0
2024-06-11,Angola,Cameroon,1.0,1.0,FIFA World Cup qualification,Luanda,Angola,False,94.0,1236.0,51.0,1453.0
2024-06-11,South Sudan,Sudan,0.0,3.0,FIFA World Cup qualification,Juba,South Sudan,False,167.0,985.0,127.0,1129.0
2024-06-11,Lesotho,Rwanda,0.0,1.0,FIFA World Cup qualification,Durban,South Africa,True,149.0,1048.0,131.0,1112.0
2024-06-11,South Africa,Zimbabwe,3.0,1.0,FIFA World Cup qualification,Bloemfontein,South Africa,False,59.0,1408.0,122.0,1144.0
2024-06-11,Cape Verde,Libya,1.0,0.0,FIFA World Cup qualification,Praia,Cape Verde,False,65.0,1383.0,114.0,1167.0
2024-06-11,Mauritius,Eswatini,2.0,1.0,FIFA World Cup qualification,Saint Pierre,Mauritius,False,183.0,919.0,148.0,1049.0
2024-06-11,Portugal,Republic of Ireland,3.0,0.0,Friendly,Aveiro,Portugal,False,6.0,1748.0,60.0,1400.0
2024-06-11,Zambia,Tanzania,0.0,1.0,FIFA World Cup qualification,Ndola,Zambia,False,86.0,1278.0,119.0,1160.0
2024-06-11,Gabon,Gambia,3.0,2.0,FIFA World Cup qualification,Franceville,Gabon,False,84.0,1287.0,130.0,1115.0
2024-06-11,Mongolia,Cambodia,2.0,1.0,Friendly,Ulaanbaatar,Mongolia,False,191.0,884.0,179.0,925.0
2024-06-11,Madagascar,Mali,0.0,0.0,FIFA World Cup qualification,Johannesburg,South Africa,True,109.0,1186.0,44.0,1478.0
2024-06-11,Guyana,Belize,3.0,1.0,FIFA World Cup qualification,Bridgetown,Barbados,True,154.0,1020.0,182.0,920.0
2024-06-11,Kuwait,Afghanistan,1.0,0.0,FIFA World Cup qualification,Kuwait City,Kuwait,False,139.0,1085.0,151.0,1037.0
2024-06-11,Kenya,Ivory Coast,0.0,0.0,FIFA World Cup qualification,Lilongwe,Malawi,True,107.0,1191.0,38.0,1499.0
2024-06-11,Qatar,India,2.0,1.0,FIFA World Cup qualification,Al Rayyan,Qatar,False,34.0,1508.0,121.0,1146.0
2024-06-11,Japan,Syria,5.0,0.0,FIFA World Cup qualification,Hiroshima,Japan,False,18.0,1622.0,89.0,1267.0
2024-06-11,Puerto Rico,Anguilla,8.0,0.0,FIFA World Cup qualification,Bayamón,Puerto Rico,False,160.0,1006.0,209.0,793.0
2024-06-11,North Korea,Myanmar,4.0,1.0,FIFA World Cup qualification,Vientiane,Laos,True,118.0,1161.0,163.0,999.0
2024-06-11,Thailand,Singapore,3.0,1.0,FIFA World Cup qualification,Bangkok,Thailand,False,101.0,1209.0,155.0,1019.0
2024-06-11,Oman,Kyrgyzstan,1.0,1.0,FIFA World Cup qualification,Muscat,Oman,False,77.0,1323.0,100.0,1214.0
2024-06-11,Turkmenistan,Hong Kong,0.0,0.0,FIFA World Cup qualification,Ashgabat,Turkmenistan,False,143.0,1073.0,157.0,1013.0
2024-06-11,Iran,Uzbekistan,0.0,0.0,FIFA World Cup qualification,Tehran,Iran,False,20.0,1614.0,64.0,1387.0
2024-06-11,Cuba,Cayman Islands,3.0,0.0,FIFA World Cup qualification,Santiago,Cuba,False,169.0,981.0,196.0,848.0
2024-06-11,Saudi Arabia,Jordan,1.0,2.0,FIFA World Cup qualification,Riyadh,Saudi Arabia,False,53.0,1444.0,71.0,1350.0
2024-06-11,Tajikistan,Pakistan,3.0,0.0,FIFA World Cup qualification,Dushanbe,Tajikistan,False,99.0,1217.0,195.0,850.0
2024-06-11,United Arab Emirates,Bahrain,1.0,1.0,FIFA World Cup qualification,Dubai,United Arab Emirates,False,67.0,1366.0,80.0,1308.0
2024-06-11,Yemen,Nepal,2.0,2.0,FIFA World Cup qualification,Dammam,Saudi Arabia,True,156.0,1017.0,178.0,938.0
2024-06-11,Lebanon,Bangladesh,4.0,0.0,FIFA World Cup qualification,Al Rayyan,Qatar,True,120.0,1159.0,184.0,905.0
2024-06-11,Australia,Palestine,5.0,0.0,FIFA World Cup qualification,Perth,Australia,False,24.0,1564.0,93.0,1239.0
2024-06-11,Indonesia,Philippines,2.0,0.0,FIFA World Cup qualification,Jakarta,Indonesia,False,134.0,1103.0,141.0,1075.0
2024-06-11,Saint Kitts and Nevis,Bahamas,1.0,0.0,FIFA World Cup qualification,Basseterre,Saint Kitts and Nevis,False,147.0,1057.0,200.0,836.0
2024-06-11,Saint Lucia,Aruba,2.0,2.0,FIFA World Cup qualification,Bridgetown,Barbados,True,165.0,989.0,193.0,876.0
2024-06-11,Dominican Republic,British Virgin Islands,4.0,0.0,FIFA World Cup qualification,San Cristóbal,Dominican Republic,False,150.0,1043.0,207.0,813.0
2024-06-11,Iraq,Vietnam,3.0,1.0,FIFA World Cup qualification,Basra,Iraq,False,58.0,1420.0,115.0,1165.0
2024-06-12,Ecuador,Bolivia,3.0,1.0,Friendly,Chester,United States,True,31.0,1518.0,85.0,1284.0
2024-06-12,United States,Brazil,1.0,1.0,Friendly,Orlando,United States,False,11.0,1681.0,5.0,1789.0
2024-06-14,Germany,Scotland,5.0,1.0,UEFA Euro,Munich,Germany,False,16.0,1644.0,39.0,1497.0
2024-06-14,Argentina,Guatemala,4.0,1.0,Friendly,Landover,United States,True,1.0,1858.0,108.0,1188.0
2024-06-14,El Salvador,Peru,0.0,1.0,Friendly,Philadelphia,United States,True,81.0,1305.0,32.0,1516.0
2024-06-15,Italy,Albania,2.0,1.0,UEFA Euro,Dortmund,Germany,True,9.0,1725.0,66.0,1375.0
2024-06-15,Hungary,Switzerland,1.0,3.0,UEFA Euro,Cologne,Germany,True,26.0,1532.0,19.0,1616.0
2024-06-15,Colombia,Bolivia,3.0,0.0,Friendly,Denver,United States,True,12.0,1664.0,85.0,1284.0
2024-06-15,Vanuatu,Solomon Islands,1.0,0.0,Oceania Nations Cup,Port Vila,Vanuatu,False,172.0,972.0,132.0,1111.0
2024-06-15,Spain,Croatia,3.0,0.0,UEFA Euro,Berlin,Germany,True,8.0,1728.0,10.0,1721.0
2024-06-16,Ecuador,Honduras,2.0,1.0,Friendly,Hartford,United States,True,31.0,1518.0,82.0,1302.0
2024-06-16,Slovenia,Denmark,1.0,1.0,UEFA Euro,Stuttgart,Germany,True,57.0,1428.0,21.0,1603.0
2024-06-16,Serbia,England,0.0,1.0,UEFA Euro,Gelsenkirchen,Germany,True,33.0,1514.0,4.0,1795.0
2024-06-16,Poland,Netherlands,1.0,2.0,UEFA Euro,Hamburg,Germany,True,28.0,1531.0,7.0,1742.0
2024-06-16,Panama,Paraguay,0.0,1.0,Friendly,Panama City,Panama,False,45.0,1476.0,56.0,1431.0
2024-06-16,Tahiti,Samoa,2.0,0.0,Oceania Nations Cup,Suva,Fiji,True,162.0,999.0,181.0,921.0
2024-06-16,Fiji,Papua New Guinea,5.0,1.0,Oceania Nations Cup,Suva,Fiji,False,168.0,984.0,166.0,985.0
2024-06-17,Austria,France,0.0,1.0,UEFA Euro,Düsseldorf,Germany,True,25.0,1555.0,2.0,1841.0
2024-06-17,Romania,Ukraine,3.0,0.0,UEFA Euro,Munich,Germany,True,46.0,1468.0,22.0,1569.0
2024-06-17,Belgium,Slovakia,0.0,1.0,UEFA Euro,Frankfurt,Germany,True,3.0,1795.0,48.0,1462.0
2024-06-18,Turkey,Georgia,3.0,1.0,UEFA Euro,Dortmund,Germany,True,40.0,1496.0,75.0,1334.0
2024-06-18,Portugal,Czech Republic,2.0,1.0,UEFA Euro,Leipzig,Germany,True,6.0,1748.0,36.0,1501.0
2024-06-18,New Zealand,Solomon Islands,3.0,0.0,Oceania Nations Cup,Port Vila,Vanuatu,True,104.0,1198.0,132.0,1111.0
2024-06-19,Scotland,Switzerland,1.0,1.0,UEFA Euro,Cologne,Germany,True,39.0,1497.0,19.0,1616.0
2024-06-19,Germany,Hungary,2.0,0.0,UEFA Euro,Stuttgart,Germany,False,16.0,1644.0,26.0,1532.0
2024-06-19,Croatia,Albania,2.0,2.0,UEFA Euro,Hamburg,Germany,True,10.0,1721.0,66.0,1375.0
2024-06-19,Fiji,Samoa,9.0,1.0,Oceania Nations Cup,Suva,Fiji,False,168.0,984.0,181.0,921.0
2024-06-19,Papua New Guinea,Tahiti,1.0,1.0,Oceania Nations Cup,Suva,Fiji,True,166.0,985.0,162.0,999.0
2024-06-20,Spain,Italy,1.0,0.0,UEFA Euro,Gelsenkirchen,Germany,True,8.0,1730.0,10.0,1724.0
2024-06-20,Slovenia,Serbia,1.0,1.0,UEFA Euro,Munich,Germany,True,57.0,1430.0,32.0,1515.0
2024-06-20,Denmark,England,1.0,1.0,UEFA Euro,Frankfurt,Germany,True,21.0,1611.0,5.0,1788.0
2024-06-20,Argentina,Canada,2.0,0.0,Copa América,Atlanta,United States,True,1.0,1860.0,48.0,1462.0
2024-06-21,Poland,Austria,1.0,3.0,UEFA Euro,Berlin,Germany,True,26.0,1541.0,25.0,1560.0
2024-06-21,Netherlands,France,0.0,0.0,UEFA Euro,Leipzig,Germany,True,7.0,1747.0,2.0,1837.0
2024-06-21,Slovakia,Ukraine,1.0,2.0,UEFA Euro,Düsseldorf,Germany,True,45.0,1468.0,24.0,1565.0
2024-06-21,Vanuatu,New Zealand,0.0,4.0,Oceania Nations Cup,Port Vila,Vanuatu,False,170.0,972.0,107.0,1198.0
2024-06-21,Peru,Chile,0.0,0.0,Copa América,Arlington,United States,True,31.0,1515.0,40.0,1496.0
2024-06-22,Turkey,Portugal,0.0,3.0,UEFA Euro,Dortmund,Germany,True,42.0,1493.0,6.0,1747.0
2024-06-22,Belgium,Romania,2.0,0.0,UEFA Euro,Cologne,Germany,True,3.0,1798.0,47.0,1462.0
2024-06-22,Fiji,Tahiti,1.0,0.0,Oceania Nations Cup,Suva,Fiji,False,166.0,984.0,161.0,999.0
2024-06-22,Georgia,Czech Republic,1.0,1.0,UEFA Euro,Hamburg,Germany,True,74.0,1339.0,34.0,1506.0
2024-06-22,Ecuador,Venezuela,1.0,2.0,Copa América,Santa Clara,United States,True,30.0,1518.0,54.0,1442.0
2024-06-22,Mexico,Jamaica,1.0,0.0,Copa América,Houston,United States,True,15.0,1652.0,53.0,1443.0
2024-06-22,Samoa,Papua New Guinea,1.0,2.0,Oceania Nations Cup,Suva,Fiji,True,181.0,921.0,165.0,985.0
2024-06-23,Germany,Switzerland,1.0,1.0,UEFA Euro,Frankfurt,Germany,False,16.0,1647.0,19.0,1617.0
2024-06-23,Scotland,Hungary,0.0,1.0,UEFA Euro,Stuttgart,Germany,True,39.0,1497.0,27.0,1529.0
2024-06-23,United States,Bolivia,2.0,0.0,Copa América,Arlington,United States,False,11.0,1677.0,84.0,1282.0
2024-06-23,Uruguay,Panama,3.0,1.0,Copa América,Miami Gardens,United States,True,14.0,1663.0,43.0,1482.0
2024-06-24,Albania,Spain,0.0,1.0,UEFA Euro,Düsseldorf,Germany,True,66.0,1379.0,8.0,1730.0
2024-06-24,Croatia,Italy,1.0,1.0,UEFA Euro,Leipzig,Germany,True,9.0,1728.0,10.0,1724.0
2024-06-24,Colombia,Paraguay,2.0,1.0,Copa América,Houston,United States,True,12.0,1669.0,58.0,1427.0
2024-06-24,Brazil,Costa Rica,0.0,0.0,Copa América,Inglewood,United States,True,4.0,1792.0,52.0,1454.0
2024-06-25,Denmark,Serbia,0.0,0.0,UEFA Euro,Munich,Germany,True,21.0,1611.0,32.0,1515.0
2024-06-25,England,Slovenia,0.0,0.0,UEFA Euro,Cologne,Germany,True,5.0,1788.0,57.0,1430.0
2024-06-25,Netherlands,Austria,2.0,3.0,UEFA Euro,Berlin,Germany,True,7.0,1747.0,25.0,1560.0
2024-06-25,France,Poland,1.0,1.0,UEFA Euro,Dortmund,Germany,True,2.0,1837.0,26.0,1541.0
2024-06-25,Chile,Argentina,0.0,1.0,Copa América,East Rutherford,United States,True,40.0,1496.0,1.0,1860.0
2024-06-25,Peru,Canada,0.0,1.0,Copa América,Kansas City,United States,True,31.0,1515.0,48.0,1462.0
2024-06-26,Slovakia,Romania,1.0,1.0,UEFA Euro,Frankfurt,Germany,True,45.0,1468.0,47.0,1462.0
2024-06-26,Ukraine,Belgium,0.0,0.0,UEFA Euro,Stuttgart,Germany,True,24.0,1565.0,3.0,1798.0
2024-06-26,Georgia,Portugal,2.0,0.0,UEFA Euro,Gelsenkirchen,Germany,True,74.0,1339.0,6.0,1747.0
2024-06-26,Czech Republic,Turkey,1.0,2.0,UEFA Euro,Hamburg,Germany,True,34.0,1506.0,42.0,1493.0
2024-06-26,Ecuador,Jamaica,3.0,1.0,Copa América,Las Vegas,United States,True,30.0,1518.0,53.0,1443.0
2024-06-26,Venezuela,Mexico,1.0,0.0,Copa América,Inglewood,United States,True,54.0,1442.0,15.0,1652.0
2024-06-27,Vanuatu,Fiji,2.0,1.0,Oceania Nations Cup,Port Vila,Vanuatu,False,170.0,972.0,166.0,984.0
2024-06-27,New Zealand,Tahiti,5.0,0.0,Oceania Nations Cup,Port Vila,Vanuatu,True,107.0,1198.0,161.0,999.0
2024-06-27,United States,Panama,1.0,2.0,Copa América,Atlanta,United States,False,11.0,1677.0,43.0,1482.0
2024-06-27,Uruguay,Bolivia,5.0,0.0,Copa América,East Rutherford,United States,True,14.0,1663.0,84.0,1282.0
2024-06-28,Colombia,Costa Rica,3.0,0.0,Copa América,Glendale,United States,True,12.0,1669.0,52.0,1454.0
2024-06-28,Paraguay,Brazil,1.0,4.0,Copa América,Las Vegas,United States,True,58.0,1427.0,4.0,1792.0
2024-06-29,Switzerland,Italy,2.0,0.0,UEFA Euro,Berlin,Germany,True,19.0,1617.0,10.0,1724.0
2024-06-29,Germany,Denmark,2.0,0.0,UEFA Euro,Dortmund,Germany,False,16.0,1647.0,21.0,1611.0
2024-06-29,Argentina,Peru,2.0,0.0,Copa América,Miami Gardens,United States,True,1.0,1860.0,31.0,1515.0
2024-06-29,Canada,Chile,0.0,0.0,Copa América,Orlando,United States,True,48.0,1462.0,40.0,1496.0
2024-06-30,England,Slovakia,2.0,1.0,UEFA Euro,Gelsenkirchen,Germany,True,5.0,1788.0,45.0,1468.0
2024-06-30,Spain,Georgia,4.0,1.0,UEFA Euro,Cologne,Germany,True,8.0,1730.0,74.0,1339.0
2024-06-30,Tahiti,Fiji,2.0,1.0,Oceania Nations Cup,Port Vila,Vanuatu,True,161.0,999.0,166.0,984.0
2024-06-30,Vanuatu,New Zealand,0.0,3.0,Oceania Nations Cup,Port Vila,Vanuatu,False,170.0,972.0,107.0,1198.0
2024-06-30,Mexico,Ecuador,0.0,0.0,Copa América,Glendale,United States,True,15.0,1652.0,30.0,1518.0
2024-06-30,Jamaica,Venezuela,0.0,3.0,Copa América,Austin,United States,True,53.0,1443.0,54.0,1442.0
2024-07-01,France,Belgium,1.0,0.0,UEFA Euro,Düsseldorf,Germany,True,2.0,1837.0,3.0,1798.0
2024-07-01,Portugal,Slovenia,0.0,0.0,UEFA Euro,Frankfurt,Germany,True,6.0,1747.0,57.0,1430.0
2024-07-01,United States,Uruguay,0.0,1.0,Copa América,Kansas City,United States,False,11.0,1677.0,14.0,1663.0
2024-07-01,Bolivia,Panama,1.0,3.0,Copa América,Orlando,United States,True,84.0,1282.0,43.0,1482.0
2024-07-02,Romania,Netherlands,0.0,3.0,UEFA Euro,Munich,Germany,True,47.0,1462.0,7.0,1747.0
2024-07-02,Austria,Turkey,1.0,2.0,UEFA Euro,Leipzig,Germany,True,25.0,1560.0,42.0,1493.0
2024-07-02,Brazil,Colombia,1.0,1.0,Copa América,Santa Clara,United States,True,4.0,1792.0,12.0,1669.0
2024-07-02,Costa Rica,Paraguay,2.0,1.0,Copa América,Austin,United States,True,52.0,1454.0,58.0,1427.0
2024-07-04,Argentina,Ecuador,1.0,1.0,Copa América,Houston,United States,True,1.0,1860.0,30.0,1518.0
2024-07-05,Germany,Spain,1.0,2.0,UEFA Euro,Stuttgart,Germany,False,16.0,1647.0,8.0,1730.0
2024-07-05,Portugal,France,0.0,0.0,UEFA Euro,Hamburg,Germany,True,6.0,1747.0,2.0,1837.0
2024-07-05,Venezuela,Canada,1.0,1.0,Copa América,Arlington,United States,True,54.0,1442.0,48.0,1462.0
2024-07-06,England,Switzerland,1.0,1.0,UEFA Euro,Düsseldorf,Germany,True,5.0,1788.0,19.0,1617.0
2024-07-06,Netherlands,Turkey,2.0,1.0,UEFA Euro,Berlin,Germany,True,7.0,1747.0,42.0,1493.0
2024-07-06,Uruguay,Brazil,0.0,0.0,Copa América,Las Vegas,United States,True,14.0,1663.0,4.0,1792.0
2024-07-06,Colombia,Panama,5.0,0.0,Copa América,Glendale,United States,True,12.0,1669.0,43.0,1482.0
2024-07-09,Spain,France,2.0,1.0,UEFA Euro,Munich,Germany,True,8.0,1730.0,2.0,1837.0
2024-07-09,Argentina,Canada,2.0,0.0,Copa América,East Rutherford,United States,True,1.0,1860.0,48.0,1462.0
2024-07-10,Netherlands,England,1.0,2.0,UEFA Euro,Dortmund,Germany,True,7.0,1747.0,5.0,1788.0
2024-07-10,Uruguay,Colombia,0.0,1.0,Copa América,Charlotte,United States,True,14.0,1663.0,12.0,1669.0
2024-07-13,Canada,Uruguay,2.0,2.0,Copa América,Charlotte,United States,True,48.0,1462.0,14.0,1663.0
2024-07-14,Spain,England,2.0,1.0,UEFA Euro,Berlin,Germany,True,8.0,1730.0,5.0,1788.0
2024-07-14,Argentina,Colombia,1.0,0.0,Copa América,Miami Gardens,United States,True,1.0,1860.0,12.0,1669.0
2024-07-27,Guatemala,El Salvador,0.0,1.0,Friendly,Carson,United States,True,107.0,1199.0,81.0,1302.0
2024-07-27,Jordan,North Korea,0.0,0.0,Friendly,Amman,Jordan,False,68.0,1374.0,110.0,1184.0
2024-08-29,Jordan,North Korea,2.0,1.0,Friendly,Amman,Jordan,False,68.0,1374.0,110.0,1184.0
2024-09-01,Guatemala,Uruguay,1.0,1.0,Friendly,Fort Lauderdale,United States,True,107.0,1199.0,11.0,1713.0
2024-09-02,Fiji,Solomon Islands,1.0,0.0,Tri-Nations Series,Suva,Fiji,False,153.0,1033.0,141.0,1075.0
2024-09-02,Fiji,Hong Kong,1.0,1.0,Tri-Nations Series,Suva,Fiji,False,153.0,1033.0,159.0,1012.0
2024-09-03,India,Mauritius,0.0,0.0,Intercontinental Cup,Hyderabad,India,False,124.0,1139.0,179.0,928.0
2024-09-04,Comoros,Gambia,1.0,1.0,African Cup of Nations qualification,El Jadida,Morocco,True,119.0,1160.0,132.0,1113.0
2024-09-04,Lebanon,Tajikistan,1.0,0.0,Merdeka Tournament,Kuala Lumpur,Malaysia,True,116.0,1168.0,103.0,1212.0
2024-09-04,Malaysia,Philippines,2.0,1.0,Merdeka Tournament,Kuala Lumpur,Malaysia,False,134.0,1108.0,147.0,1053.0
2024-09-04,Libya,Rwanda,1.0,1.0,African Cup of Nations qualification,Tripoli,Libya,False,117.0,1166.0,131.0,1114.0
2024-09-04,Gibraltar,Andorra,1.0,0.0,Friendly,Gibraltar,Gibraltar,False,198.0,836.0,164.0,996.0
2024-09-04,Tanzania,Ethiopia,0.0,0.0,African Cup of Nations qualification,Dar es Salaam,Tanzania,False,113.0,1175.0,143.0,1066.0
2024-09-04,Cayman Islands,British Virgin Islands,1.0,0.0,CONCACAF Nations League,George Town,Cayman Islands,False,195.0,855.0,207.0,801.0
2024-09-04,Turks and Caicos Islands,Anguilla,0.0,2.0,CONCACAF Nations League,Providenciales,Turks and Caicos Islands,False,206.0,817.0,209.0,780.0
2024-09-04,Sudan,Niger,1.0,0.0,African Cup of Nations qualification,Juba,South Sudan,True,121.0,1152.0,125.0,1139.0
2024-09-05,Central African Republic,Lesotho,3.0,1.0,African Cup of Nations qualification,El Jadida,Morocco,True,128.0,1129.0,149.0,1047.0
2024-09-05,Hong Kong,Solomon Islands,3.0,0.0,Tri-Nations Series,Suva,Fiji,True,159.0,1012.0,141.0,1075.0
2024-09-05,Bhutan,Bangladesh,0.0,1.0,Friendly,Thimphu,Bhutan,False,182.0,904.0,184.0,897.0
2024-09-05,Vietnam,Russia,0.0,3.0,Friendly,Hanoi,Vietnam,False,115.0,1168.0,33.0,1507.0
2024-09-05,Sri Lanka,Cambodia,0.0,0.0,AFC Asian Cup qualification,Colombo,Sri Lanka,False,205.0,820.0,180.0,925.0
2024-09-05,Timor-Leste,Mongolia,4.0,1.0,AFC Asian Cup qualification,Gianyar,Indonesia,True,196.0,843.0,189.0,885.0
2024-09-05,Tunisia,Madagascar,1.0,0.0,African Cup of Nations qualification,Radès,Tunisia,False,41.0,1494.0,105.0,1204.0
2024-09-05,Algeria,Equatorial Guinea,2.0,0.0,African Cup of Nations qualification,Oran,Algeria,False,46.0,1474.0,88.0,1260.0
2024-09-05,Guinea-Bissau,Eswatini,1.0,0.0,African Cup of Nations qualification,Bissau,Guinea-Bissau,False,114.0,1168.0,155.0,1025.0
2024-09-05,Malawi,Burundi,2.0,3.0,African Cup of Nations qualification,Lilongwe,Malawi,False,126.0,1138.0,139.0,1091.0
2024-09-05,Guyana,Suriname,1.0,3.0,CONCACAF Nations League,Leonora,Guyana,False,154.0,1027.0,140.0,1088.0
2024-09-05,Montserrat,El Salvador,1.0,4.0,CONCACAF Nations League,Rincon,Bonaire,True,176.0,934.0,81.0,1302.0
2024-09-05,Portugal,Croatia,2.0,1.0,UEFA Nations League,Lisbon,Portugal,False,8.0,1741.0,12.0,1701.0
2024-09-05,South Korea,Palestine,0.0,0.0,FIFA World Cup qualification,Seoul,South Korea,False,23.0,1573.0,96.0,1231.0
2024-09-05,Ghana,Angola,0.0,1.0,African Cup of Nations qualification,Kumasi,Ghana,False,64.0,1381.0,90.0,1256.0
2024-09-05,Qatar,United Arab Emirates,1.0,3.0,FIFA World Cup qualification,Al Rayyan,Qatar,False,34.0,1504.0,69.0,1369.0
2024-09-05,Bolivia,Venezuela,4.0,0.0,FIFA World Cup qualification,El Alto,Bolivia,False,89.0,1259.0,37.0,1501.0
2024-09-05,Serbia,Spain,0.0,0.0,UEFA Nations League,Belgrade,Serbia,False,32.0,1507.0,3.0,1836.0
2024-09-05,Azerbaijan,Sweden,1.0,3.0,UEFA Nations League,Baku,Azerbaijan,False,111.0,1180.0,29.0,1522.0
2024-09-05,Estonia,Slovakia,0.0,1.0,UEFA Nations League,Tallinn,Estonia,False,123.0,1146.0,44.0,1479.0
2024-09-05,Northern Ireland,Luxembourg,2.0,0.0,UEFA Nations League,Belfast,Northern Ireland,False,74.0,1341.0,84.0,1277.0
2024-09-05,Belarus,Bulgaria,0.0,0.0,UEFA Nations League,Zalaegerszeg,Hungary,True,99.0,1220.0,82.0,1296.0
2024-09-05,San Marino,Liechtenstein,1.0,0.0,UEFA Nations League,Serravalle,San Marino,False,210.0,740.0,199.0,836.0
2024-09-05,Argentina,Chile,3.0,0.0,FIFA World Cup qualification,Buenos Aires,Argentina,False,1.0,1901.0,43.0,1490.0
2024-09-05,Scotland,Poland,2.0,3.0,UEFA Nations League,Glasgow,Scotland,False,48.0,1472.0,28.0,1524.0
2024-09-05,Uzbekistan,North Korea,1.0,0.0,FIFA World Cup qualification,Tashkent,Uzbekistan,False,61.0,1397.0,110.0,1184.0
2024-09-05,Iran,Kyrgyzstan,1.0,0.0,FIFA World Cup qualification,Fuladshahr,Iran,False,20.0,1611.0,102.0,1214.0
2024-09-05,Iraq,Oman,1.0,0.0,FIFA World Cup qualification,Basra,Iraq,False,55.0,1433.0,76.0,1326.0
2024-09-05,Denmark,Switzerland,2.0,0.0,UEFA Nations League,Copenhagen,Denmark,False,21.0,1608.0,15.0,1654.0
2024-09-05,Jordan,Kuwait,1.0,1.0,FIFA World Cup qualification,Amman,Jordan,False,68.0,1374.0,136.0,1098.0
2024-09-05,Australia,Bahrain,0.0,1.0,FIFA World Cup qualification,Robina,Australia,False,24.0,1571.0,80.0,1303.0
2024-09-05,Saudi Arabia,Indonesia,1.0,1.0,FIFA World Cup qualification,Jeddah,Saudi Arabia,False,56.0,1431.0,133.0,1109.0
2024-09-06,Syria,Mauritius,2.0,0.0,Intercontinental Cup,Hyderabad,India,True,93.0,1247.0,179.0,928.0
2024-09-06,Brunei,Macau,3.0,0.0,AFC Asian Cup qualification,Bandar Seri Begawan,Brunei,False,190.0,882.0,185.0,897.0
2024-09-06,Morocco,Gabon,4.0,1.0,African Cup of Nations qualification,Agadir,Morocco,False,14.0,1669.0,83.0,1288.0
2024-09-06,Togo,Liberia,1.0,1.0,African Cup of Nations qualification,Lomé,Togo,False,120.0,1159.0,142.0,1067.0
2024-09-06,Sierra Leone,Chad,0.0,0.0,African Cup of Nations qualification,Monrovia,Liberia,True,122.0,1149.0,178.0,930.0
2024-09-06,Ivory Coast,Zambia,2.0,0.0,African Cup of Nations qualification,Bouaké,Ivory Coast,False,38.0,1500.0,92.0,1250.0
2024-09-06,South Africa,Uganda,2.0,2.0,African Cup of Nations qualification,Johannesburg,South Africa,False,57.0,1415.0,95.0,1243.0
2024-09-06,Mali,Mozambique,1.0,1.0,African Cup of Nations qualification,Bamako,Mali,False,53.0,1457.0,104.0,1209.0
2024-09-06,Kenya,Zimbabwe,0.0,0.0,African Cup of Nations qualification,Kampala,Uganda,True,108.0,1198.0,129.0,1126.0
2024-09-06,Saint Lucia,Curaçao,2.0,1.0,CONCACAF Nations League,Saint George's,Grenada,True,170.0,980.0,86.0,1273.0
2024-09-06,Senegal,Burkina Faso,1.0,1.0,African Cup of Nations qualification,Diamniadio,Senegal,False,19.0,1623.0,67.0,1375.0
2024-09-06,Jamaica,Cuba,0.0,0.0,CONCACAF Nations League,Kingston,Jamaica,False,59.0,1402.0,167.0,985.0
2024-09-06,DR Congo,Guinea,1.0,0.0,African Cup of Nations qualification,Kinshasa,DR Congo,False,60.0,1401.0,77.0,1325.0
2024-09-06,Honduras,Trinidad and Tobago,4.0,0.0,CONCACAF Nations League,Tegucigalpa,Honduras,False,79.0,1311.0,100.0,1219.0
2024-09-06,Egypt,Cape Verde,3.0,0.0,African Cup of Nations qualification,Cairo,Egypt,False,36.0,1502.0,65.0,1381.0
2024-09-06,Wales,Turkey,0.0,0.0,UEFA Nations League,Cardiff,Wales,False,30.0,1521.0,26.0,1534.0
2024-09-06,Puerto Rico,Haiti,1.0,4.0,CONCACAF Nations League,Mayagüez,Puerto Rico,False,157.0,1020.0,85.0,1274.0
2024-09-06,Belgium,Israel,3.0,1.0,UEFA Nations League,Debrecen,Hungary,True,6.0,1772.0,78.0,1313.0
2024-09-06,France,Italy,1.0,3.0,UEFA Nations League,Paris,France,False,2.0,1855.0,10.0,1714.0
2024-09-06,Slovenia,Austria,1.0,1.0,UEFA Nations League,Ljubljana,Slovenia,False,52.0,1457.0,22.0,1592.0
2024-09-06,Iceland,Montenegro,2.0,0.0,UEFA Nations League,Reykjavík,Iceland,False,71.0,1353.0,73.0,1345.0
2024-09-06,Samoa,American Samoa,2.0,0.0,FIFA World Cup qualification,Apia,Samoa,False,192.0,876.0,187.0,891.0
2024-09-06,Kazakhstan,Norway,0.0,0.0,UEFA Nations League,Almaty,Kazakhstan,False,109.0,1194.0,50.0,1466.0
2024-09-06,Lithuania,Cyprus,0.0,1.0,UEFA Nations League,Kaunas,Lithuania,False,135.0,1101.0,127.0,1137.0
2024-09-06,Cook Islands,Tonga,1.0,3.0,FIFA World Cup qualification,Apia,Samoa,True,186.0,897.0,200.0,833.0
2024-09-06,Peru,Colombia,1.0,1.0,FIFA World Cup qualification,Lima,Peru,False,42.0,1490.0,9.0,1727.0
2024-09-06,Uruguay,Paraguay,0.0,0.0,FIFA World Cup qualification,Montevideo,Uruguay,False,11.0,1713.0,62.0,1397.0
2024-09-06,Brazil,Ecuador,1.0,0.0,FIFA World Cup qualification,Curitiba,Brazil,False,5.0,1786.0,27.0,1530.0
2024-09-06,Kosovo,Romania,0.0,3.0,UEFA Nations League,Pristina,Kosovo,False,106.0,1203.0,45.0,1475.0
2024-09-07,Bahamas,Barbados,2.0,3.0,CONCACAF Nations League,Saint Croix,United States Virgin Islands,True,203.0,824.0,177.0,933.0
2024-09-07,Mexico,New Zealand,3.0,0.0,Friendly,Pasadena,United States,True,17.0,1635.0,94.0,1246.0
2024-09-07,United States,Canada,1.0,2.0,Friendly,Kansas City,United States,False,16.0,1642.0,40.0,1495.0
2024-09-07,Mauritania,Botswana,1.0,0.0,African Cup of Nations qualification,Nouakchott,Mauritania,False,112.0,1178.0,145.0,1064.0
2024-09-07,Nigeria,Benin,3.0,0.0,African Cup of Nations qualification,Uyo,Nigeria,False,39.0,1499.0,91.0,1254.0
2024-09-07,Bermuda,Dominican Republic,2.0,3.0,CONCACAF Nations League,Piggotts,Antigua and Barbuda,True,171.0,971.0,150.0,1046.0
2024-09-07,Antigua and Barbuda,Dominica,1.0,2.0,CONCACAF Nations League,Piggotts,Antigua and Barbuda,False,148.0,1053.0,181.0,913.0
2024-09-07,Cayman Islands,Saint Kitts and Nevis,1.0,4.0,CONCACAF Nations League,George Town,Cayman Islands,False,195.0,855.0,146.0,1060.0
2024-09-07,Turks and Caicos Islands,Belize,0.0,4.0,CONCACAF Nations League,Providenciales,Turks and Caicos Islands,False,206.0,817.0,183.0,901.0
2024-09-07,Republic of Ireland,England,0.0,2.0,UEFA Nations League,Dublin,Republic of Ireland,False,58.0,1404.0,4.0,1812.0
2024-09-07,Germany,Hungary,5.0,0.0,UEFA Nations League,Düsseldorf,Germany,False,13.0,1686.0,31.0,1519.0
2024-09-07,Moldova,Malta,2.0,0.0,UEFA Nations League,Chișinău,Moldova,False,152.0,1034.0,172.0,971.0
2024-09-07,Georgia,Czech Republic,4.0,1.0,UEFA Nations League,Tbilisi,Georgia,False,70.0,1361.0,47.0,1473.0
2024-09-07,Ukraine,Albania,1.0,2.0,UEFA Nations League,Prague,Czech Republic,True,25.0,1567.0,66.0,1375.0
2024-09-07,Greece,Finland,3.0,0.0,UEFA Nations League,Piraeus,Greece,False,54.0,1456.0,63.0,1393.0
2024-09-07,Faroe Islands,North Macedonia,1.0,1.0,UEFA Nations League,Toftir,Faroe Islands,False,138.0,1094.0,72.0,1349.0
2024-09-07,Armenia,Latvia,4.0,1.0,UEFA Nations League,Yerevan,Armenia,False,97.0,1231.0,137.0,1096.0
2024-09-07,Netherlands,Bosnia and Herzegovina,5.0,2.0,UEFA Nations League,Eindhoven,Netherlands,False,7.0,1759.0,75.0,1332.0
2024-09-07,Cameroon,Namibia,1.0,0.0,African Cup of Nations qualification,Douala,Cameroon,False,51.0,1458.0,98.0,1221.0
2024-09-08,Bhutan,Bangladesh,1.0,0.0,Friendly,Thimphu,Bhutan,False,182.0,904.0,184.0,897.0
2024-09-08,Saint Vincent and the Grenadines,Montserrat,2.0,0.0,CONCACAF Nations League,Rincon,Bonaire,True,174.0,938.0,176.0,934.0
2024-09-08,Croatia,Poland,1.0,0.0,UEFA Nations League,Osijek,Croatia,False,12.0,1701.0,28.0,1524.0
2024-09-08,Malaysia,Lebanon,1.0,0.0,Merdeka Tournament,Kuala Lumpur,Malaysia,False,134.0,1108.0,116.0,1168.0
2024-09-08,Tajikistan,Philippines,0.0,0.0,Merdeka Tournament,Kuala Lumpur,Malaysia,True,103.0,1212.0,147.0,1053.0
2024-09-08,Portugal,Scotland,2.0,1.0,UEFA Nations League,Lisbon,Portugal,False,8.0,1741.0,48.0,1472.0
2024-09-08,Luxembourg,Belarus,0.0,1.0,UEFA Nations League,Luxembourg,Luxembourg,False,84.0,1277.0,99.0,1220.0
2024-09-08,Denmark,Serbia,2.0,0.0,UEFA Nations League,Copenhagen,Denmark,False,21.0,1608.0,32.0,1507.0
2024-09-08,Switzerland,Spain,1.0,4.0,UEFA Nations League,Geneva,Switzerland,False,15.0,1654.0,3.0,1836.0
2024-09-08,Gibraltar,Liechtenstein,2.0,2.0,UEFA Nations League,Gibraltar,Gibraltar,False,198.0,836.0,199.0,836.0
2024-09-08,Bulgaria,Northern Ireland,1.0,0.0,UEFA Nations League,Plovdiv,Bulgaria,False,82.0,1296.0,74.0,1341.0
2024-09-08,Gambia,Tunisia,1.0,2.0,African Cup of Nations qualification,El Jadida,Morocco,True,132.0,1113.0,41.0,1494.0
2024-09-08,Sweden,Estonia,3.0,0.0,UEFA Nations League,Stockholm,Sweden,False,29.0,1522.0,123.0,1146.0
2024-09-08,Slovakia,Azerbaijan,2.0,0.0,UEFA Nations League,Košice,Slovakia,False,44.0,1479.0,111.0,1180.0
2024-09-09,India,Syria,0.0,3.0,Intercontinental Cup,Hyderabad,India,False,124.0,1139.0,93.0,1247.0
2024-09-09,Madagascar,Comoros,1.0,1.0,African Cup of Nations qualification,Radès,Tunisia,True,105.0,1204.0,119.0,1160.0
2024-09-09,Equatorial Guinea,Togo,2.0,2.0,African Cup of Nations qualification,Malabo,Equatorial Guinea,False,88.0,1260.0,120.0,1159.0
2024-09-09,Niger,Ghana,1.0,1.0,African Cup of Nations qualification,Berkane,Morocco,True,125.0,1139.0,64.0,1381.0
2024-09-09,Angola,Sudan,2.0,1.0,African Cup of Nations qualification,Luanda,Angola,False,90.0,1256.0,121.0,1152.0
2024-09-09,Ethiopia,DR Congo,0.0,2.0,African Cup of Nations qualification,Dar es Salaam,Tanzania,True,143.0,1066.0,60.0,1401.0
2024-09-09,Burundi,Senegal,0.0,1.0,African Cup of Nations qualification,Lilongwe,Malawi,True,139.0,1091.0,19.0,1623.0
2024-09-09,Guatemala,Costa Rica,0.0,0.0,CONCACAF Nations League,Guatemala City,Guatemala,False,107.0,1199.0,49.0,1470.0
2024-09-09,Turkey,Iceland,3.0,1.0,UEFA Nations League,Izmir,Turkey,False,26.0,1534.0,71.0,1353.0
2024-09-09,Morocco,Lesotho,1.0,0.0,African Cup of Nations qualification,Agadir,Morocco,False,14.0,1669.0,149.0,1047.0
2024-09-09,Samoa,Tonga,2.0,1.0,FIFA World Cup qualification,Apia,Samoa,False,192.0,876.0,200.0,833.0
2024-09-09,Puerto Rico,Aruba,1.0,0.0,CONCACAF Nations League,Mayagüez,Puerto Rico,False,157.0,1020.0,194.0,874.0
2024-09-09,France,Belgium,2.0,0.0,UEFA Nations League,Décines-Charpieu,France,False,2.0,1855.0,6.0,1772.0
2024-09-09,Israel,Italy,1.0,2.0,UEFA Nations League,Budapest,Hungary,True,78.0,1313.0,10.0,1714.0
2024-09-09,Norway,Austria,2.0,1.0,UEFA Nations League,Oslo,Norway,False,50.0,1466.0,22.0,1592.0
2024-09-09,Slovenia,Kazakhstan,3.0,0.0,UEFA Nations League,Ljubljana,Slovenia,False,52.0,1457.0,109.0,1194.0
2024-09-09,Montenegro,Wales,1.0,2.0,UEFA Nations League,Nikšić,Montenegro,False,73.0,1345.0,30.0,1521.0
2024-09-09,Grenada,Saint Lucia,1.0,2.0,CONCACAF Nations League,Saint George's,Grenada,False,173.0,954.0,170.0,980.0
2024-09-09,Cyprus,Kosovo,0.0,4.0,UEFA Nations League,Larnaca,Cyprus,False,127.0,1137.0,106.0,1203.0
2024-09-09,Romania,Lithuania,3.0,1.0,UEFA Nations League,Bucharest,Romania,False,45.0,1475.0,135.0,1101.0
2024-09-10,Benin,Libya,2.0,1.0,African Cup of Nations qualification,Abidjan,Ivory Coast,True,91.0,1254.0,117.0,1166.0
2024-09-10,Rwanda,Nigeria,0.0,0.0,African Cup of Nations qualification,Kigali,Rwanda,False,131.0,1114.0,39.0,1499.0
2024-09-10,Cape Verde,Mauritania,2.0,0.0,African Cup of Nations qualification,Praia,Cape Verde,False,65.0,1381.0,112.0,1178.0
2024-09-10,Botswana,Egypt,0.0,4.0,African Cup of Nations qualification,Francistown,Botswana,False,145.0,1064.0,36.0,1502.0
2024-09-10,Mexico,Canada,0.0,0.0,Friendly,Arlington,United States,True,17.0,1635.0,40.0,1495.0
2024-09-10,Macau,Brunei,0.0,1.0,AFC Asian Cup qualification,Taipa,Macau,False,185.0,897.0,190.0,882.0
2024-09-10,Cambodia,Sri Lanka,2.0,2.0,AFC Asian Cup qualification,Phnom Penh,Cambodia,False,180.0,925.0,205.0,820.0
2024-09-10,Vietnam,Thailand,1.0,2.0,Friendly,Hanoi,Vietnam,False,115.0,1168.0,101.0,1219.0
2024-09-10,United States,New Zealand,1.0,1.0,Friendly,Cincinnati,United States,False,16.0,1642.0,94.0,1246.0
2024-09-10,Liberia,Algeria,0.0,3.0,African Cup of Nations qualification,Monrovia,Liberia,False,142.0,1067.0,46.0,1474.0
2024-09-10,Gabon,Central African Republic,2.0,0.0,African Cup of Nations qualification,Franceville,Gabon,False,83.0,1288.0,128.0,1129.0
2024-09-10,Moldova,San Marino,1.0,0.0,Friendly,Chișinău,Moldova,False,152.0,1034.0,210.0,740.0
2024-09-10,Burkina Faso,Malawi,3.0,1.0,African Cup of Nations qualification,Bamako,Mali,True,67.0,1375.0,126.0,1138.0
2024-09-10,Dominican Republic,Dominica,2.0,0.0,CONCACAF Nations League,Piggotts,Antigua and Barbuda,True,150.0,1046.0,181.0,913.0
2024-09-10,Zambia,Sierra Leone,3.0,2.0,African Cup of Nations qualification,Ndola,Zambia,False,92.0,1250.0,122.0,1149.0
2024-09-10,Cuba,Nicaragua,1.0,1.0,CONCACAF Nations League,Santiago,Cuba,False,167.0,985.0,130.0,1120.0
2024-09-10,Honduras,Jamaica,1.0,2.0,CONCACAF Nations League,Tegucigalpa,Honduras,False,79.0,1311.0,59.0,1402.0
2024-09-10,Namibia,Kenya,1.0,2.0,African Cup of Nations qualification,Johannesburg,South Africa,True,98.0,1221.0,108.0,1198.0
2024-09-10,Eswatini,Mali,0.0,1.0,African Cup of Nations qualification,Mbombela,South Africa,True,155.0,1025.0,53.0,1457.0
2024-09-10,South Sudan,South Africa,2.0,3.0,African Cup of Nations qualification,Juba,South Sudan,False,169.0,980.0,57.0,1415.0
2024-09-10,Guinea,Tanzania,1.0,2.0,African Cup of Nations qualification,Yamoussoukro,Ivory Coast,True,77.0,1325.0,113.0,1175.0
2024-09-10,Mozambique,Guinea-Bissau,2.0,1.0,African Cup of Nations qualification,Maputo,Mozambique,False,104.0,1209.0,114.0,1168.0
2024-09-10,Chad,Ivory Coast,0.0,2.0,African Cup of Nations qualification,Yaounde,Cameroon,True,178.0,930.0,38.0,1500.0
2024-09-10,Antigua and Barbuda,Bermuda,0.0,1.0,CONCACAF Nations League,Piggotts,Antigua and Barbuda,False,148.0,1053.0,171.0,971.0
2024-09-10,Czech Republic,Ukraine,3.0,2.0,UEFA Nations League,Prague,Czech Republic,False,47.0,1473.0,25.0,1567.0
2024-09-10,Belize,Anguilla,1.0,0.0,CONCACAF Nations League,Providenciales,Turks and Caicos Islands,True,183.0,901.0,209.0,780.0
2024-09-10,Mongolia,Timor-Leste,2.0,0.0,AFC Asian Cup qualification,Ulaanbaatar,Mongolia,False,189.0,885.0,196.0,843.0
2024-09-10,Colombia,Argentina,2.0,1.0,FIFA World Cup qualification,Barranquilla,Colombia,False,9.0,1727.0,1.0,1901.0
2024-09-10,North Macedonia,Armenia,2.0,0.0,UEFA Nations League,Skopje,North Macedonia,False,72.0,1349.0,97.0,1231.0
2024-09-10,Latvia,Faroe Islands,1.0,0.0,UEFA Nations League,Riga,Latvia,False,137.0,1096.0,138.0,1094.0
2024-09-10,Hungary,Bosnia and Herzegovina,0.0,0.0,UEFA Nations League,Budapest,Hungary,False,31.0,1519.0,75.0,1332.0
2024-09-10,England,Finland,2.0,0.0,UEFA Nations League,London,England,False,4.0,1812.0,63.0,1393.0
2024-09-10,Albania,Georgia,0.0,1.0,UEFA Nations League,Tirana,Albania,False,66.0,1375.0,70.0,1361.0
2024-09-10,Netherlands,Germany,2.0,2.0,UEFA Nations League,Amsterdam,Netherlands,False,7.0,1759.0,13.0,1686.0
2024-09-10,Ecuador,Peru,1.0,0.0,FIFA World Cup qualification,Quito,Ecuador,False,27.0,1530.0,42.0,1490.0
2024-09-10,Republic of Ireland,Greece,0.0,2.0,UEFA Nations League,Dublin,Republic of Ireland,False,58.0,1404.0,54.0,1456.0
2024-09-10,Chile,Bolivia,1.0,2.0,FIFA World Cup qualification,Santiago,Chile,False,43.0,1490.0,89.0,1259.0
2024-09-10,Oman,South Korea,1.0,3.0,FIFA World Cup qualification,Muscat,Oman,False,76.0,1326.0,23.0,1573.0
2024-09-10,Andorra,Malta,0.0,1.0,UEFA Nations League,Andorra la Vella,Andorra,False,164.0,996.0,172.0,971.0
2024-09-10,North Korea,Qatar,2.0,2.0,FIFA World Cup qualification,Vientiane,Laos,True,110.0,1184.0,34.0,1504.0
2024-09-10,Venezuela,Uruguay,0.0,0.0,FIFA World Cup qualification,Maturín,Venezuela,False,37.0,1501.0,11.0,1713.0
2024-09-10,Paraguay,Brazil,1.0,0.0,FIFA World Cup qualification,Asunción,Paraguay,False,62.0,1397.0,5.0,1786.0
2024-09-10,Zimbabwe,Cameroon,0.0,0.0,African Cup of Nations qualification,Kampala,Uganda,True,129.0,1126.0,51.0,1458.0
2024-09-10,Indonesia,Australia,0.0,0.0,FIFA World Cup qualification,Jakarta,Indonesia,False,133.0,1109.0,24.0,1571.0
2024-09-10,Saint Kitts and Nevis,British Virgin Islands,2.0,0.0,CONCACAF Nations League,George Town,Cayman Islands,True,146.0,1060.0,207.0,801.0
2024-09-10,Palestine,Jordan,1.0,3.0,FIFA World Cup qualification,Kuala Lumpur,Malaysia,True,96.0,1231.0,68.0,1374.0
2024-09-10,Kuwait,Iraq,0.0,0.0,FIFA World Cup qualification,Kuwait City,Kuwait,False,136.0,1098.0,55.0,1433.0
2024-09-10,Bahrain,Japan,0.0,5.0,FIFA World Cup qualification,Riffa,Bahrain,False,80.0,1303.0,18.0,1629.0
2024-09-10,Kyrgyzstan,Uzbekistan,2.0,3.0,FIFA World Cup qualification,Bishkek,Kyrgyzstan,False,102.0,1214.0,61.0,1397.0
2024-09-10,United Arab Emirates,Iran,0.0,1.0,FIFA World Cup qualification,Al Ain,United Arab Emirates,False,69.0,1369.0,20.0,1611.0
2024-10-08,Brunei,Timor-Leste,0.0,1.0,ASEAN Championship qualification,Bandar Seri Begawan,Brunei,False,183.0,907.0,196.0,845.0
2024-10-09,Belize,Anguilla,1.0,0.0,CONCACAF Nations League,Belmopan,Belize,False,182.0,913.0,209.0,782.0
2024-10-09,Saint Kitts and Nevis,British Virgin Islands,3.0,1.0,CONCACAF Nations League,Basseterre,Saint Kitts and Nevis,False,141.0,1068.0,208.0,791.0
2024-10-10,DR Congo,Tanzania,1.0,0.0,African Cup of Nations qualification,Kinshasa,DR Congo,False,58.0,1417.0,110.0,1188.0
2024-10-10,Algeria,Togo,5.0,1.0,African Cup of Nations qualification,Annaba,Algeria,False,41.0,1486.0,119.0,1159.0
2024-10-10,Norway,Slovenia,3.0,0.0,UEFA Nations League,Oslo,Norway,False,47.0,1472.0,51.0,1463.0
2024-10-10,Myanmar,Sri Lanka,2.0,0.0,Friendly,Yangon,Myanmar,False,167.0,989.0,200.0,831.0
2024-10-10,Namibia,Zimbabwe,0.0,1.0,African Cup of Nations qualification,Johannesburg,South Africa,True,105.0,1201.0,124.0,1135.0
2024-10-10,Liechtenstein,Hong Kong,1.0,0.0,Friendly,Vaduz,Liechtenstein,False,203.0,827.0,157.0,1018.0
2024-10-10,Cape Verde,Botswana,0.0,1.0,African Cup of Nations qualification,Praia,Cape Verde,False,65.0,1379.0,147.0,1050.0
2024-10-10,Burkina Faso,Burundi,4.0,1.0,African Cup of Nations qualification,Ebimpé,Ivory Coast,True,63.0,1388.0,136.0,1102.0
2024-10-10,England,Greece,1.0,2.0,UEFA Nations League,London,England,False,4.0,1817.0,48.0,1469.0
2024-10-10,Nicaragua,Jamaica,0.0,2.0,CONCACAF Nations League,Managua,Nicaragua,False,131.0,1118.0,61.0,1403.0
2024-10-10,Israel,France,1.0,4.0,UEFA Nations League,Budapest,Hungary,True,79.0,1308.0,2.0,1852.0
2024-10-10,Italy,Belgium,2.0,2.0,UEFA Nations League,Rome,Italy,False,10.0,1726.0,6.0,1768.0
2024-10-10,Finland,Republic of Ireland,1.0,2.0,UEFA Nations League,Helsinki,Finland,False,64.0,1384.0,62.0,1395.0
2024-10-10,Austria,Kazakhstan,4.0,0.0,UEFA Nations League,Salzburg,Austria,False,22.0,1580.0,109.0,1193.0
2024-10-10,Cuba,Trinidad and Tobago,2.0,2.0,CONCACAF Nations League,Santiago,Cuba,False,165.0,992.0,101.0,1213.0
2024-10-10,Ghana,Sudan,0.0,0.0,African Cup of Nations qualification,Accra,Ghana,False,70.0,1360.0,120.0,1154.0
2024-10-10,Saint Vincent and the Grenadines,El Salvador,2.0,3.0,CONCACAF Nations League,Kingstown,Saint Vincent and the Grenadines,False,174.0,946.0,80.0,1307.0
2024-10-10,Oman,Kuwait,4.0,0.0,FIFA World Cup qualification,Muscat,Oman,False,78.0,1309.0,134.0,1112.0
2024-10-10,Qatar,Kyrgyzstan,3.0,1.0,FIFA World Cup qualification,Doha,Qatar,False,44.0,1482.0,106.0,1201.0
2024-10-10,Latvia,North Macedonia,0.0,3.0,UEFA Nations League,Riga,Latvia,False,137.0,1098.0,72.0,1351.0
2024-10-10,Chile,Brazil,1.0,2.0,FIFA World Cup qualification,Santiago,Chile,False,49.0,1468.0,5.0,1772.0
2024-10-10,Venezuela,Argentina,1.0,1.0,FIFA World Cup qualification,Maturín,Venezuela,False,40.0,1489.0,1.0,1889.0
2024-10-10,Gibraltar,San Marino,1.0,0.0,UEFA Nations League,Gibraltar,Gibraltar,False,198.0,842.0,210.0,746.0
2024-10-10,Bolivia,Colombia,1.0,0.0,FIFA World Cup qualification,El Alto,Bolivia,False,83.0,1294.0,9.0,1739.0
2024-10-10,Moldova,Andorra,2.0,0.0,UEFA Nations League,Chișinău,Moldova,False,149.0,1043.0,169.0,982.0
2024-10-10,Ecuador,Paraguay,0.0,0.0,FIFA World Cup qualification,Quito,Ecuador,False,27.0,1535.0,57.0,1424.0
2024-10-10,Fiji,Solomon Islands,1.0,0.0,FIFA World Cup qualification,Suva,Fiji,False,150.0,1038.0,144.0,1064.0
2024-10-10,Papua New Guinea,New Caledonia,1.0,3.0,FIFA World Cup qualification,Suva,Fiji,True,168.0,984.0,160.0,1009.0
2024-10-10,Uzbekistan,Iran,0.0,0.0,FIFA World Cup qualification,Tashkent,Uzbekistan,False,60.0,1413.0,19.0,1623.0
2024-10-10,United Arab Emirates,North Korea,1.0,1.0,FIFA World Cup qualification,Al Ain,United Arab Emirates,False,69.0,1377.0,111.0,1183.0
2024-10-10,Jordan,South Korea,0.0,2.0,FIFA World Cup qualification,Amman,Jordan,False,68.0,1378.0,23.0,1573.0
2024-10-10,Iraq,Palestine,1.0,0.0,FIFA World Cup qualification,Basra,Iraq,False,55.0,1436.0,98.0,1229.0
2024-10-10,Faroe Islands,Armenia,2.0,2.0,UEFA Nations League,Tórshavn,Faroe Islands,False,140.0,1090.0,96.0,1230.0
2024-10-10,Saudi Arabia,Japan,0.0,2.0,FIFA World Cup qualification,Jeddah,Saudi Arabia,False,56.0,1433.0,16.0,1640.0
2024-10-10,Bahrain,Indonesia,2.0,2.0,FIFA World Cup qualification,Riffa,Bahrain,False,76.0,1315.0,129.0,1124.0
2024-10-11,Equatorial Guinea,Liberia,1.0,0.0,African Cup of Nations qualification,Malabo,Equatorial Guinea,False,94.0,1251.0,143.0,1065.0
2024-10-11,Madagascar,Gambia,1.0,1.0,African Cup of Nations qualification,Casablanca,Morocco,True,108.0,1197.0,135.0,1109.0
2024-10-11,Tunisia,Comoros,0.0,1.0,African Cup of Nations qualification,Radès,Tunisia,False,36.0,1505.0,118.0,1160.0
2024-10-11,Gabon,Lesotho,0.0,0.0,African Cup of Nations qualification,Franceville,Gabon,False,84.0,1293.0,153.0,1034.0
2024-10-11,Benin,Rwanda,3.0,0.0,African Cup of Nations qualification,Abidjan,Ivory Coast,True,89.0,1258.0,130.0,1123.0
2024-10-11,Nigeria,Libya,1.0,0.0,African Cup of Nations qualification,Uyo,Nigeria,False,39.0,1498.0,121.0,1154.0
2024-10-11,Egypt,Mauritania,2.0,0.0,African Cup of Nations qualification,Cairo,Egypt,False,31.0,1516.0,112.0,1179.0
2024-10-11,Senegal,Malawi,4.0,0.0,African Cup of Nations qualification,Diamniadio,Senegal,False,21.0,1621.0,133.0,1117.0
2024-10-11,Ivory Coast,Sierra Leone,4.0,1.0,African Cup of Nations qualification,San-Pédro,Ivory Coast,False,33.0,1509.0,125.0,1134.0
2024-10-11,Mozambique,Eswatini,1.0,1.0,African Cup of Nations qualification,Maputo,Mozambique,False,99.0,1226.0,159.0,1012.0
2024-10-11,Mali,Guinea-Bissau,1.0,0.0,African Cup of Nations qualification,Bamako,Mali,False,54.0,1455.0,115.0,1166.0
2024-10-11,Cameroon,Kenya,4.0,1.0,African Cup of Nations qualification,Douala,Cameroon,False,53.0,1459.0,102.0,1209.0
2024-10-11,Uganda,South Sudan,1.0,0.0,African Cup of Nations qualification,Kira,Uganda,False,90.0,1258.0,172.0,968.0
2024-10-11,Angola,Niger,2.0,0.0,African Cup of Nations qualification,Luanda,Angola,False,85.0,1281.0,127.0,1132.0
2024-10-11,Zambia,Chad,0.0,0.0,African Cup of Nations qualification,Ndola,Zambia,False,93.0,1253.0,177.0,932.0
2024-10-11,Suriname,Costa Rica,1.0,1.0,CONCACAF Nations League,Paramaribo,Suriname,False,138.0,1094.0,50.0,1466.0
2024-10-11,Iceland,Wales,2.0,2.0,UEFA Nations League,Reykjavík,Iceland,False,71.0,1356.0,29.0,1527.0
2024-10-11,Czech Republic,Albania,2.0,0.0,UEFA Nations League,Prague,Czech Republic,False,46.0,1473.0,67.0,1378.0
2024-10-11,Grenada,Curaçao,0.0,0.0,CONCACAF Nations League,Gros Islet,Saint Lucia,True,173.0,947.0,88.0,1261.0
2024-10-11,Bosnia and Herzegovina,Germany,1.0,2.0,UEFA Nations League,Zenica,Bosnia and Herzegovina,False,75.0,1332.0,13.0,1692.0
2024-10-11,Hungary,Netherlands,1.0,1.0,UEFA Nations League,Budapest,Hungary,False,32.0,1511.0,7.0,1760.0
2024-10-11,Ukraine,Georgia,1.0,0.0,UEFA Nations League,Poznań,Poland,True,24.0,1548.0,66.0,1378.0
2024-10-11,Aruba,Haiti,1.0,3.0,CONCACAF Nations League,Oranjestad,Aruba,False,194.0,868.0,86.0,1279.0
2024-10-11,Turkey,Montenegro,1.0,0.0,UEFA Nations League,Tekkeköy,Turkey,False,26.0,1539.0,74.0,1333.0
2024-10-11,Estonia,Azerbaijan,3.0,1.0,UEFA Nations League,Tallinn,Estonia,False,122.0,1140.0,113.0,1173.0
2024-10-11,Slovakia,Sweden,2.0,2.0,UEFA Nations League,Bratislava,Slovakia,False,42.0,1486.0,28.0,1528.0
2024-10-11,Peru,Uruguay,1.0,0.0,FIFA World Cup qualification,Lima,Peru,False,43.0,1483.0,11.0,1701.0
2024-10-11,New Zealand,Tahiti,3.0,0.0,FIFA World Cup qualification,Port Vila,Vanuatu,True,95.0,1247.0,158.0,1017.0
2024-10-11,Syria,Tajikistan,1.0,0.0,King's Cup,Songkhla,Thailand,True,92.0,1253.0,103.0,1208.0
2024-10-11,Thailand,Philippines,3.0,1.0,King's Cup,Songkhla,Thailand,False,100.0,1223.0,148.0,1050.0
2024-10-11,Guyana,Guatemala,1.0,3.0,CONCACAF Nations League,Leonora,Guyana,False,156.0,1020.0,107.0,1200.0
2024-10-12,Cayman Islands,British Virgin Islands,1.0,0.0,CONCACAF Nations League,Basseterre,Saint Kitts and Nevis,True,195.0,857.0,208.0,791.0
2024-10-12,United States,Panama,2.0,0.0,Friendly,Austin,United States,False,18.0,1632.0,37.0,1503.0
2024-10-12,Vietnam,India,1.0,1.0,Friendly,Nam Định,Vietnam,False,116.0,1161.0,126.0,1134.0
2024-10-12,Morocco,Central African Republic,5.0,0.0,African Cup of Nations qualification,Oujda,Morocco,False,14.0,1676.0,128.0,1131.0
2024-10-12,Antigua and Barbuda,Dominican Republic,0.0,5.0,CONCACAF Nations League,Hamilton,Bermuda,True,151.0,1035.0,146.0,1058.0
2024-10-12,Bermuda,Dominica,6.0,1.0,CONCACAF Nations League,Hamilton,Bermuda,False,170.0,973.0,181.0,917.0
2024-10-12,Turks and Caicos Islands,Anguilla,2.0,1.0,CONCACAF Nations League,Belmopan,Belize,True,206.0,803.0,209.0,782.0
2024-10-12,Guinea,Ethiopia,4.0,1.0,African Cup of Nations qualification,Ebimpé,Ivory Coast,True,82.0,1298.0,145.0,1063.0
2024-10-12,Croatia,Scotland,2.0,1.0,UEFA Nations League,Zagreb,Croatia,False,12.0,1700.0,52.0,1462.0
2024-10-12,Serbia,Switzerland,2.0,0.0,UEFA Nations League,Leskovac,Serbia,False,35.0,1505.0,15.0,1641.0
2024-10-12,Spain,Denmark,1.0,0.0,UEFA Nations League,Murcia,Spain,False,3.0,1836.0,20.0,1622.0
2024-10-12,Cyprus,Romania,0.0,3.0,UEFA Nations League,Larnaca,Cyprus,False,123.0,1137.0,45.0,1481.0
2024-10-12,Bulgaria,Luxembourg,0.0,0.0,UEFA Nations League,Plovdiv,Bulgaria,False,81.0,1303.0,87.0,1262.0
2024-10-12,Belarus,Northern Ireland,0.0,0.0,UEFA Nations League,Zalaegerszeg,Hungary,True,97.0,1229.0,73.0,1340.0
2024-10-12,Vanuatu,Samoa,4.0,1.0,FIFA World Cup qualification,Port Vila,Vanuatu,False,162.0,1005.0,185.0,901.0
2024-10-12,Poland,Portugal,1.0,3.0,UEFA Nations League,Warsaw,Poland,False,30.0,1525.0,8.0,1752.0
2024-10-12,Lithuania,Kosovo,1.0,2.0,UEFA Nations League,Kaunas,Lithuania,False,139.0,1091.0,104.0,1206.0
2024-10-13,Finland,England,1.0,3.0,UEFA Nations League,Helsinki,Finland,False,64.0,1384.0,4.0,1817.0
2024-10-13,Andorra,San Marino,2.0,0.0,Friendly,Andorra la Vella,Andorra,False,169.0,982.0,210.0,746.0
2024-10-13,Myanmar,Sri Lanka,0.0,0.0,Friendly,Yangon,Myanmar,False,167.0,989.0,200.0,831.0
2024-10-13,Burundi,Burkina Faso,0.0,2.0,African Cup of Nations qualification,Abidjan,Ivory Coast,True,136.0,1102.0,63.0,1388.0
2024-10-13,Saint Vincent and the Grenadines,El Salvador,2.0,1.0,CONCACAF Nations League,Kingstown,Saint Vincent and the Grenadines,False,174.0,946.0,80.0,1307.0
2024-10-13,Austria,Norway,5.0,1.0,UEFA Nations League,Linz,Austria,False,22.0,1580.0,47.0,1472.0
2024-10-13,Kazakhstan,Slovenia,0.0,1.0,UEFA Nations League,Astana,Kazakhstan,False,109.0,1193.0,51.0,1463.0
2024-10-13,Faroe Islands,Latvia,1.0,1.0,UEFA Nations League,Tórshavn,Faroe Islands,False,140.0,1090.0,137.0,1098.0
2024-10-13,Armenia,North Macedonia,0.0,2.0,UEFA Nations League,Yerevan,Armenia,False,96.0,1230.0,72.0,1351.0
2024-10-13,Liechtenstein,Gibraltar,0.0,0.0,UEFA Nations League,Vaduz,Liechtenstein,False,203.0,827.0,198.0,842.0
2024-10-13,Malta,Moldova,1.0,0.0,UEFA Nations League,Ta' Qali,Malta,False,171.0,972.0,149.0,1043.0
2024-10-13,Greece,Republic of Ireland,2.0,0.0,UEFA Nations League,Piraeus,Greece,False,48.0,1469.0,62.0,1395.0
2024-10-14,Curaçao,Grenada,1.0,0.0,CONCACAF Nations League,Gros Islet,Saint Lucia,True,88.0,1261.0,173.0,947.0
2024-10-14,Trinidad and Tobago,Cuba,3.0,1.0,CONCACAF Nations League,Bacolet,Trinidad and Tobago,False,101.0,1213.0,165.0,992.0
2024-10-14,Jamaica,Honduras,0.0,0.0,CONCACAF Nations League,Kingston,Jamaica,False,61.0,1403.0,77.0,1311.0
2024-10-14,Zimbabwe,Namibia,3.0,1.0,African Cup of Nations qualification,Johannesburg,South Africa,True,124.0,1135.0,105.0,1201.0
2024-10-14,Togo,Algeria,0.0,1.0,African Cup of Nations qualification,Lomé,Togo,False,119.0,1159.0,41.0,1486.0
2024-10-14,Eswatini,Mozambique,0.0,3.0,African Cup of Nations qualification,Mbombela,South Africa,True,159.0,1012.0,99.0,1226.0
2024-10-14,Liberia,Equatorial Guinea,1.0,2.0,African Cup of Nations qualification,Monrovia,Liberia,False,143.0,1065.0,94.0,1251.0
2024-10-14,Gambia,Madagascar,1.0,0.0,African Cup of Nations qualification,El Jadida,Morocco,True,135.0,1109.0,108.0,1197.0
2024-10-14,Kenya,Cameroon,0.0,1.0,African Cup of Nations qualification,Kampala,Uganda,True,102.0,1209.0,53.0,1459.0
2024-10-14,New Zealand,Malaysia,4.0,0.0,Friendly,Auckland,New Zealand,False,95.0,1247.0,132.0,1118.0
2024-10-14,Italy,Israel,4.0,1.0,UEFA Nations League,Udine,Italy,False,10.0,1726.0,79.0,1308.0
2024-10-14,Iceland,Turkey,2.0,4.0,UEFA Nations League,Reykjavík,Iceland,False,71.0,1356.0,26.0,1539.0
2024-10-14,Belgium,France,1.0,2.0,UEFA Nations League,Leuven,Belgium,False,6.0,1768.0,2.0,1852.0
2024-10-14,Thailand,Syria,2.0,1.0,King's Cup,Songkhla,Thailand,False,100.0,1223.0,92.0,1253.0
2024-10-14,Tajikistan,Philippines,0.0,3.0,King's Cup,Songkhla,Thailand,True,103.0,1208.0,148.0,1050.0
2024-10-14,Estonia,Sweden,0.0,3.0,UEFA Nations League,Tallinn,Estonia,False,122.0,1140.0,28.0,1528.0
2024-10-14,Wales,Montenegro,1.0,0.0,UEFA Nations League,Cardiff,Wales,False,29.0,1527.0,74.0,1333.0
2024-10-14,Azerbaijan,Slovakia,1.0,3.0,UEFA Nations League,Baku,Azerbaijan,False,113.0,1173.0,42.0,1486.0
2024-10-14,Ukraine,Czech Republic,1.0,1.0,UEFA Nations League,Wrocław,Poland,True,24.0,1548.0,46.0,1473.0
2024-10-14,Georgia,Albania,0.0,1.0,UEFA Nations League,Tbilisi,Georgia,False,66.0,1378.0,67.0,1378.0
2024-10-14,Germany,Netherlands,1.0,0.0,UEFA Nations League,Munich,Germany,False,13.0,1692.0,7.0,1760.0
2024-10-14,Bosnia and Herzegovina,Hungary,0.0,2.0,UEFA Nations League,Zenica,Bosnia and Herzegovina,False,75.0,1332.0,32.0,1511.0
2024-10-14,Aruba,Haiti,3.0,5.0,CONCACAF Nations League,Oranjestad,Aruba,False,194.0,868.0,86.0,1279.0
2024-10-15,Niger,Angola,0.0,1.0,African Cup of Nations qualification,Casablanca,Morocco,True,127.0,1132.0,85.0,1281.0
2024-10-15,Sudan,Ghana,2.0,0.0,African Cup of Nations qualification,Benghazi,Libya,True,120.0,1154.0,70.0,1360.0
2024-10-15,Rwanda,Benin,2.0,1.0,African Cup of Nations qualification,Kigali,Rwanda,False,130.0,1123.0,89.0,1258.0
2024-10-15,Botswana,Cape Verde,1.0,0.0,African Cup of Nations qualification,Francistown,Botswana,False,147.0,1050.0,65.0,1379.0
2024-10-15,Hong Kong,Cambodia,3.0,0.0,Friendly,Hong Kong,Hong Kong,False,157.0,1018.0,180.0,920.0
2024-10-15,Morocco,Central African Republic,4.0,0.0,African Cup of Nations qualification,Oujda,Morocco,False,14.0,1676.0,128.0,1131.0
2024-10-15,Comoros,Tunisia,1.0,1.0,African Cup of Nations qualification,Abidjan,Ivory Coast,True,118.0,1160.0,36.0,1505.0
2024-10-15,Mexico,United States,2.0,0.0,Friendly,Zapopan,Mexico,False,17.0,1636.0,18.0,1632.0
2024-10-15,Chad,Zambia,0.0,1.0,African Cup of Nations qualification,Yaounde,Cameroon,True,177.0,932.0,93.0,1253.0
2024-10-15,Mauritania,Egypt,0.0,1.0,African Cup of Nations qualification,Nouakchott,Mauritania,False,112.0,1179.0,31.0,1516.0
2024-10-15,Canada,Panama,2.0,1.0,Friendly,Toronto,Canada,False,38.0,1502.0,37.0,1503.0
2024-10-15,Malawi,Senegal,0.0,1.0,African Cup of Nations qualification,Lilongwe,Malawi,False,133.0,1117.0,21.0,1621.0
2024-10-15,Ethiopia,Guinea,0.0,3.0,African Cup of Nations qualification,Ebimpé,Ivory Coast,True,145.0,1063.0,82.0,1298.0
2024-10-15,Guinea-Bissau,Mali,0.0,0.0,African Cup of Nations qualification,Bissau,Guinea-Bissau,False,115.0,1166.0,54.0,1455.0
2024-10-15,South Sudan,Uganda,1.0,2.0,African Cup of Nations qualification,Juba,South Sudan,False,172.0,968.0,90.0,1258.0
2024-10-15,Dominican Republic,Antigua and Barbuda,5.0,0.0,CONCACAF Nations League,Hamilton,Bermuda,True,146.0,1058.0,151.0,1035.0
2024-10-15,Costa Rica,Guatemala,3.0,0.0,CONCACAF Nations League,San José,Costa Rica,False,50.0,1466.0,107.0,1200.0
2024-10-15,Suriname,Guyana,5.0,1.0,CONCACAF Nations League,Paramaribo,Suriname,False,138.0,1094.0,156.0,1020.0
2024-10-15,Sierra Leone,Ivory Coast,1.0,0.0,African Cup of Nations qualification,Monrovia,Liberia,True,125.0,1134.0,33.0,1509.0
2024-10-15,Barbados,Bahamas,6.0,2.0,CONCACAF Nations League,Bridgetown,Barbados,False,175.0,944.0,205.0,817.0
2024-10-15,Tanzania,DR Congo,0.0,2.0,African Cup of Nations qualification,Dar es Salaam,Tanzania,False,110.0,1188.0,58.0,1417.0
2024-10-15,Bermuda,Dominica,3.0,2.0,CONCACAF Nations League,Hamilton,Bermuda,False,170.0,973.0,181.0,917.0
2024-10-15,Lesotho,Gabon,0.0,2.0,African Cup of Nations qualification,Durban,South Africa,True,153.0,1034.0,84.0,1293.0
2024-10-15,Belize,Turks and Caicos Islands,3.0,0.0,CONCACAF Nations League,Belmopan,Belize,False,182.0,913.0,206.0,803.0
2024-10-15,Switzerland,Denmark,2.0,2.0,UEFA Nations League,St. Gallen,Switzerland,False,15.0,1641.0,20.0,1622.0
2024-10-15,Colombia,Chile,4.0,0.0,FIFA World Cup qualification,Barranquilla,Colombia,False,9.0,1739.0,49.0,1468.0
2024-10-15,Belarus,Luxembourg,1.0,1.0,UEFA Nations League,Zalaegerszeg,Hungary,True,97.0,1229.0,87.0,1262.0
2024-10-15,Northern Ireland,Bulgaria,5.0,0.0,UEFA Nations League,Belfast,Northern Ireland,False,73.0,1340.0,81.0,1303.0
2024-10-15,Scotland,Portugal,0.0,0.0,UEFA Nations League,Glasgow,Scotland,False,52.0,1462.0,8.0,1752.0
2024-10-15,Kosovo,Cyprus,3.0,0.0,UEFA Nations League,Pristina,Kosovo,False,104.0,1206.0,123.0,1137.0
2024-10-15,Spain,Serbia,3.0,0.0,UEFA Nations League,Cordoba,Spain,False,3.0,1836.0,35.0,1505.0
2024-10-15,Poland,Croatia,3.0,3.0,UEFA Nations League,Warsaw,Poland,False,30.0,1525.0,12.0,1700.0
2024-10-15,Uruguay,Ecuador,0.0,0.0,FIFA World Cup qualification,Montevideo,Uruguay,False,11.0,1701.0,27.0,1535.0
2024-10-15,Lithuania,Romania,1.0,2.0,UEFA Nations League,Kaunas,Lithuania,False,139.0,1091.0,45.0,1481.0
2024-10-15,Argentina,Bolivia,6.0,0.0,FIFA World Cup qualification,Buenos Aires,Argentina,False,1.0,1889.0,83.0,1294.0
2024-10-15,Palestine,Kuwait,2.0,2.0,FIFA World Cup qualification,Al Rayyan,Qatar,True,98.0,1229.0,134.0,1112.0
2024-10-15,Paraguay,Venezuela,2.0,1.0,FIFA World Cup qualification,Asunción,Paraguay,False,57.0,1424.0,40.0,1489.0
2024-10-15,Iran,Qatar,4.0,1.0,FIFA World Cup qualification,Dubai,United Arab Emirates,True,19.0,1623.0,44.0,1482.0
2024-10-15,Kyrgyzstan,North Korea,1.0,0.0,FIFA World Cup qualification,Bishkek,Kyrgyzstan,False,106.0,1201.0,111.0,1183.0
2024-10-15,Jordan,Oman,4.0,0.0,FIFA World Cup qualification,Amman,Jordan,False,68.0,1378.0,78.0,1309.0
2024-10-15,South Korea,Iraq,3.0,2.0,FIFA World Cup qualification,Yongin,South Korea,False,23.0,1573.0,55.0,1436.0
2024-10-15,Japan,Australia,1.0,1.0,FIFA World Cup qualification,Saitama,Japan,False,16.0,1640.0,25.0,1544.0
2024-10-15,Brazil,Peru,4.0,0.0,FIFA World Cup qualification,Brasília,Brazil,False,5.0,1772.0,43.0,1483.0
2024-10-15,Saudi Arabia,Bahrain,0.0,0.0,FIFA World Cup qualification,Jeddah,Saudi Arabia,False,56.0,1433.0,76.0,1315.0
2024-10-15,Timor-Leste,Brunei,0.0,0.0,ASEAN Championship qualification,Chonburi,Thailand,True,196.0,845.0,183.0,907.0
2024-10-15,Saint Kitts and Nevis,Cayman Islands,1.0,1.0,CONCACAF Nations League,Basseterre,Saint Kitts and Nevis,False,141.0,1068.0,195.0,857.0
2024-10-15,Uzbekistan,United Arab Emirates,1.0,0.0,FIFA World Cup qualification,Tashkent,Uzbekistan,False,60.0,1413.0,69.0,1377.0
2024-11-13,Liberia,Togo,1.0,0.0,African Cup of Nations qualification,Monrovia,Liberia,False,149.0,1049.0,123.0,1148.0
2024-11-13,Tajikistan,Nepal,4.0,0.0,Friendly,Dushanbe,Tajikistan,False,105.0,1197.0,176.0,936.0
2024-11-13,Namibia,Cameroon,0.0,0.0,African Cup of Nations qualification,Johannesburg,South Africa,True,113.0,1174.0,49.0,1472.0
2024-11-13,Chad,Sierra Leone,1.0,1.0,African Cup of Nations qualification,Abidjan,Ivory Coast,True,177.0,933.0,121.0,1150.0
2024-11-13,Bangladesh,Maldives,0.0,1.0,Friendly,Dhaka,Bangladesh,False,185.0,897.0,163.0,1003.0
2024-11-14,Armenia,Faroe Islands,0.0,1.0,UEFA Nations League,Yerevan,Armenia,False,99.0,1223.0,138.0,1092.0
2024-11-14,Republic of Ireland,Finland,1.0,0.0,UEFA Nations League,Dublin,Republic of Ireland,False,63.0,1396.0,66.0,1375.0
2024-11-14,Belgium,Italy,0.0,1.0,UEFA Nations League,Brussels,Belgium,False,6.0,1761.0,9.0,1729.0
2024-11-14,Venezuela,Brazil,1.0,1.0,FIFA World Cup qualification,Maturín,Venezuela,False,44.0,1482.0,5.0,1784.0
2024-11-14,Kazakhstan,Austria,0.0,2.0,UEFA Nations League,Almaty,Kazakhstan,False,107.0,1186.0,23.0,1589.0
2024-11-14,Slovenia,Norway,1.0,4.0,UEFA Nations League,Ljubljana,Slovenia,False,52.0,1460.0,48.0,1474.0
2024-11-14,North Macedonia,Latvia,1.0,0.0,UEFA Nations League,Skopje,North Macedonia,False,69.0,1361.0,137.0,1094.0
2024-11-14,Montserrat,Saint Vincent and the Grenadines,1.0,2.0,CONCACAF Nations League,San Salvador,El Salvador,True,180.0,924.0,174.0,955.0
2024-11-14,Malta,Liechtenstein,2.0,0.0,Friendly,Ta' Qali,Malta,False,169.0,980.0,200.0,834.0
2024-11-14,Saint Kitts and Nevis,Cuba,2.0,1.0,CONCACAF Nations League,Basseterre,Saint Kitts and Nevis,False,143.0,1069.0,166.0,990.0
2024-11-14,Costa Rica,Panama,0.0,1.0,CONCACAF Nations League,San José,Costa Rica,False,50.0,1466.0,39.0,1494.0
2024-11-14,Jamaica,United States,0.0,1.0,CONCACAF Nations League,Kingston,Jamaica,False,61.0,1405.0,18.0,1631.0
2024-11-14,Hong Kong,Philippines,3.0,1.0,Friendly,Hong Kong,Hong Kong,False,158.0,1015.0,145.0,1053.0
2024-11-14,Malaysia,Laos,3.0,1.0,Friendly,Bangkok,Thailand,True,133.0,1114.0,187.0,890.0
2024-11-14,Singapore,Myanmar,3.0,2.0,Friendly,Kallang,Singapore,False,162.0,1008.0,165.0,991.0
2024-11-14,Thailand,Lebanon,0.0,0.0,Friendly,Pathum Thani,Thailand,False,96.0,1232.0,115.0,1167.0
2024-11-14,France,Israel,0.0,0.0,UEFA Nations League,Paris,France,False,2.0,1860.0,81.0,1304.0
2024-11-14,Qatar,Uzbekistan,3.0,2.0,FIFA World Cup qualification,Al Rayyan,Qatar,False,46.0,1479.0,58.0,1429.0
2024-11-14,Greece,England,0.0,3.0,UEFA Nations League,Athens,Greece,False,42.0,1487.0,4.0,1808.0
2024-11-14,Australia,Saudi Arabia,0.0,0.0,FIFA World Cup qualification,Melbourne,Australia,False,24.0,1553.0,59.0,1423.0
2024-11-14,Ecuador,Bolivia,4.0,0.0,FIFA World Cup qualification,Guayaquil,Ecuador,False,27.0,1536.0,79.0,1312.0
2024-11-14,Oman,Palestine,1.0,0.0,FIFA World Cup qualification,Muscat,Oman,False,80.0,1306.0,100.0,1218.0
2024-11-14,Papua New Guinea,Fiji,3.0,3.0,FIFA World Cup qualification,Port Moresby,Papua New Guinea,False,171.0,972.0,146.0,1051.0
2024-11-14,Solomon Islands,New Caledonia,2.0,3.0,FIFA World Cup qualification,Port Moresby,Papua New Guinea,True,147.0,1051.0,155.0,1021.0
2024-11-14,United Arab Emirates,Kyrgyzstan,3.0,0.0,FIFA World Cup qualification,Abu Dhabi,United Arab Emirates,False,68.0,1361.0,103.0,1207.0
2024-11-14,Kuwait,South Korea,1.0,3.0,FIFA World Cup qualification,Kuwait City,Kuwait,False,135.0,1106.0,22.0,1590.0
2024-11-14,Iraq,Jordan,0.0,0.0,FIFA World Cup qualification,Basra,Iraq,False,56.0,1434.0,64.0,1381.0
2024-11-14,North Korea,Iran,2.0,3.0,FIFA World Cup qualification,Vientiane,Laos,True,111.0,1175.0,19.0,1628.0
2024-11-14,Lesotho,Central African Republic,1.0,0.0,African Cup of Nations qualification,Bloemfontein,South Africa,True,152.0,1033.0,129.0,1125.0
2024-11-14,Rwanda,Libya,0.0,1.0,African Cup of Nations qualification,Kigali,Rwanda,False,126.0,1130.0,122.0,1149.0
2024-11-14,Benin,Nigeria,1.0,1.0,African Cup of Nations qualification,Abidjan,Ivory Coast,True,95.0,1251.0,36.0,1503.0
2024-11-14,Equatorial Guinea,Algeria,0.0,0.0,African Cup of Nations qualification,Malabo,Equatorial Guinea,False,88.0,1267.0,37.0,1497.0
2024-11-14,Niger,Sudan,4.0,0.0,African Cup of Nations qualification,Lomé,Togo,True,131.0,1115.0,110.0,1176.0
2024-11-14,Burundi,Malawi,0.0,0.0,African Cup of Nations qualification,Abidjan,Ivory Coast,True,139.0,1089.0,134.0,1111.0
2024-11-14,Paraguay,Argentina,2.0,1.0,FIFA World Cup qualification,Asunción,Paraguay,False,55.0,1441.0,1.0,1884.0
2024-11-14,Burkina Faso,Senegal,0.0,1.0,African Cup of Nations qualification,Bamako,Mali,True,62.0,1400.0,20.0,1627.0
2024-11-14,Madagascar,Tunisia,2.0,3.0,African Cup of Nations qualification,Pretoria,South Africa,True,109.0,1180.0,47.0,1479.0
2024-11-15,Scotland,Croatia,1.0,0.0,UEFA Nations League,Glasgow,Scotland,False,51.0,1461.0,12.0,1701.0
2024-11-15,Denmark,Spain,1.0,2.0,UEFA Nations League,Copenhagen,Denmark,False,21.0,1617.0,3.0,1844.0
2024-11-15,Suriname,Canada,0.0,1.0,CONCACAF Nations League,Paramaribo,Suriname,False,136.0,1105.0,35.0,1507.0
2024-11-15,Cyprus,Lithuania,2.0,1.0,UEFA Nations League,Larnaca,Cyprus,False,127.0,1128.0,141.0,1082.0
2024-11-15,Romania,Kosovo,0.0,0.0,UEFA Nations League,Bucharest,Romania,False,43.0,1487.0,101.0,1218.0
2024-11-15,Northern Ireland,Belarus,2.0,0.0,UEFA Nations League,Belfast,Northern Ireland,False,71.0,1345.0,97.0,1231.0
2024-11-15,Puerto Rico,Aruba,5.0,1.0,CONCACAF Nations League,Mayagüez,Puerto Rico,False,153.0,1022.0,195.0,863.0
2024-11-15,San Marino,Gibraltar,1.0,1.0,UEFA Nations League,Serravalle,San Marino,False,210.0,737.0,197.0,848.0
2024-11-15,Barbados,Guyana,1.0,4.0,CONCACAF Nations League,Bridgetown,Barbados,False,173.0,955.0,161.0,1009.0
2024-11-15,Luxembourg,Bulgaria,0.0,1.0,UEFA Nations League,Luxembourg,Luxembourg,False,89.0,1262.0,84.0,1295.0
2024-11-15,Portugal,Poland,5.0,1.0,UEFA Nations League,Porto,Portugal,False,7.0,1753.0,31.0,1523.0
2024-11-15,Switzerland,Serbia,1.0,1.0,UEFA Nations League,Zürich,Switzerland,False,17.0,1631.0,33.0,1511.0
2024-11-15,Honduras,Mexico,2.0,0.0,CONCACAF Nations League,San Pedro Sula,Honduras,False,77.0,1313.0,16.0,1641.0
2024-11-15,Eswatini,Guinea-Bissau,1.0,1.0,African Cup of Nations qualification,Mbombela,South Africa,True,160.0,1009.0,116.0,1166.0
2024-11-15,Peru,Chile,0.0,0.0,FIFA World Cup qualification,Lima,Peru,False,38.0,1494.0,53.0,1455.0
2024-11-15,Samoa,Tahiti,0.0,3.0,FIFA World Cup qualification,Hamilton,New Zealand,True,186.0,891.0,159.0,1010.0
2024-11-15,New Zealand,Vanuatu,8.0,1.0,FIFA World Cup qualification,Hamilton,New Zealand,False,91.0,1258.0,157.0,1016.0
2024-11-15,Indonesia,Japan,0.0,4.0,FIFA World Cup qualification,Jakarta,Indonesia,False,130.0,1119.0,15.0,1645.0
2024-11-15,Saint Lucia,Grenada,0.0,4.0,CONCACAF Nations League,Willemstad,Curaçao,True,164.0,998.0,175.0,947.0
2024-11-15,Gambia,Comoros,1.0,2.0,African Cup of Nations qualification,Berkane,Morocco,True,128.0,1126.0,108.0,1186.0
2024-11-15,Gabon,Morocco,1.0,5.0,African Cup of Nations qualification,Franceville,Gabon,False,85.0,1294.0,13.0,1682.0
2024-11-15,Zambia,Ivory Coast,1.0,0.0,African Cup of Nations qualification,Ndola,Zambia,False,94.0,1252.0,40.0,1494.0
2024-11-15,Russia,Brunei,2.0,1.0,Friendly,Krasnodar,Russia,False,34.0,1509.0,184.0,901.0
2024-11-15,Angola,Ghana,1.0,1.0,African Cup of Nations qualification,Talatona,Angola,False,82.0,1299.0,73.0,1339.0
2024-11-15,Mozambique,Mali,0.0,1.0,African Cup of Nations qualification,Maputo,Mozambique,False,98.0,1229.0,54.0,1455.0
2024-11-15,Zimbabwe,Kenya,1.0,1.0,African Cup of Nations qualification,Polokwane,South Africa,True,117.0,1162.0,106.0,1195.0
2024-11-15,Uganda,South Africa,0.0,2.0,African Cup of Nations qualification,Kampala,Uganda,False,87.0,1270.0,60.0,1416.0
2024-11-15,Uruguay,Colombia,3.0,2.0,FIFA World Cup qualification,Montevideo,Uruguay,False,14.0,1680.0,10.0,1724.0
2024-11-15,Botswana,Mauritania,1.0,1.0,African Cup of Nations qualification,Francistown,Botswana,False,140.0,1088.0,114.0,1168.0
2024-11-15,Cape Verde,Egypt,1.0,1.0,African Cup of Nations qualification,Praia,Cape Verde,False,72.0,1341.0,30.0,1526.0
2024-11-16,Turkey,Wales,0.0,0.0,UEFA Nations League,Kayseri,Turkey,False,26.0,1548.0,29.0,1529.0
2024-11-16,Albania,Czech Republic,0.0,0.0,UEFA Nations League,Tirana,Albania,False,65.0,1379.0,45.0,1480.0
2024-11-16,Georgia,Ukraine,1.0,1.0,UEFA Nations League,Batumi,Georgia,False,67.0,1366.0,25.0,1552.0
2024-11-16,Dominican Republic,Dominica,6.0,1.0,CONCACAF Nations League,Santiago de los Caballeros,Dominican Republic,False,142.0,1072.0,183.0,904.0
2024-11-16,Netherlands,Hungary,4.0,0.0,UEFA Nations League,Amsterdam,Netherlands,False,8.0,1748.0,32.0,1519.0
2024-11-16,Azerbaijan,Estonia,0.0,0.0,UEFA Nations League,Gabala,Azerbaijan,False,118.0,1162.0,124.0,1146.0
2024-11-16,Guinea,DR Congo,1.0,0.0,African Cup of Nations qualification,Abidjan,Ivory Coast,True,78.0,1312.0,57.0,1431.0
2024-11-16,Montenegro,Iceland,0.0,2.0,UEFA Nations League,Nikšić,Montenegro,False,75.0,1323.0,70.0,1353.0
2024-11-16,Bermuda,Antigua and Barbuda,2.0,1.0,CONCACAF Nations League,Santiago de los Caballeros,Dominican Republic,True,167.0,987.0,156.0,1021.0
2024-11-16,Sweden,Slovakia,2.0,1.0,UEFA Nations League,Solna,Sweden,False,28.0,1530.0,41.0,1490.0
2024-11-16,Andorra,Moldova,0.0,1.0,UEFA Nations League,Andorra la Vella,Andorra,False,170.0,978.0,150.0,1041.0
2024-11-16,Ethiopia,Tanzania,0.0,2.0,African Cup of Nations qualification,Kinshasa,DR Congo,True,148.0,1049.0,112.0,1174.0
2024-11-16,Germany,Bosnia and Herzegovina,7.0,0.0,UEFA Nations League,Freiburg,Germany,False,11.0,1704.0,74.0,1324.0
2024-11-16,Nepal,Afghanistan,2.0,0.0,Friendly,Dushanbe,Tajikistan,True,176.0,936.0,151.0,1034.0
2024-11-16,Sri Lanka,Yemen,1.0,0.0,Friendly,Al Khor,Qatar,True,203.0,829.0,154.0,1021.0
2024-11-16,Bangladesh,Maldives,2.0,1.0,Friendly,Dhaka,Bangladesh,False,185.0,897.0,163.0,1003.0
2024-11-17,North Macedonia,Faroe Islands,1.0,0.0,UEFA Nations League,Skopje,North Macedonia,False,69.0,1361.0,138.0,1092.0
2024-11-17,Israel,Belgium,1.0,0.0,UEFA Nations League,Budapest,Hungary,True,81.0,1304.0,6.0,1761.0
2024-11-17,England,Republic of Ireland,5.0,0.0,UEFA Nations League,London,England,False,4.0,1808.0,63.0,1396.0
2024-11-17,Finland,Greece,0.0,2.0,UEFA Nations League,Helsinki,Finland,False,66.0,1375.0,42.0,1487.0
2024-11-17,Norway,Kazakhstan,5.0,0.0,UEFA Nations League,Oslo,Norway,False,48.0,1474.0,107.0,1186.0
2024-11-17,Austria,Slovenia,1.0,1.0,UEFA Nations League,Vienna,Austria,False,23.0,1589.0,52.0,1460.0
2024-11-17,Papua New Guinea,Solomon Islands,1.0,2.0,FIFA World Cup qualification,Port Moresby,Papua New Guinea,False,171.0,972.0,147.0,1051.0
2024-11-17,Italy,France,1.0,3.0,UEFA Nations League,Milan,Italy,False,9.0,1729.0,2.0,1860.0
2024-11-17,El Salvador,Montserrat,1.0,0.0,CONCACAF Nations League,San Salvador,El Salvador,False,83.0,1298.0,180.0,924.0
2024-11-17,Thailand,Laos,1.0,1.0,Friendly,Pathum Thani,Thailand,False,96.0,1232.0,187.0,890.0
2024-11-17,Fiji,New Caledonia,1.0,1.0,FIFA World Cup qualification,Port Moresby,Papua New Guinea,True,146.0,1051.0,155.0,1021.0
2024-11-17,Algeria,Liberia,5.0,1.0,African Cup of Nations qualification,Tizi Ouzou,Algeria,False,37.0,1497.0,149.0,1049.0
2024-11-17,Togo,Equatorial Guinea,3.0,0.0,African Cup of Nations qualification,Lomé,Togo,False,123.0,1148.0,88.0,1267.0
2024-11-17,Latvia,Armenia,1.0,2.0,UEFA Nations League,Riga,Latvia,False,137.0,1094.0,99.0,1223.0
2024-11-18,Cuba,Saint Kitts and Nevis,4.0,0.0,CONCACAF Nations League,Santiago,Cuba,False,166.0,990.0,143.0,1069.0
2024-11-18,Serbia,Denmark,0.0,0.0,UEFA Nations League,Leskovac,Serbia,False,33.0,1511.0,21.0,1617.0
2024-11-18,Spain,Switzerland,3.0,2.0,UEFA Nations League,Santa Cruz de Tenerife,Spain,False,3.0,1844.0,17.0,1631.0
2024-11-18,Kosovo,Lithuania,1.0,0.0,UEFA Nations League,Pristina,Kosovo,False,101.0,1218.0,141.0,1082.0
2024-11-18,Romania,Cyprus,4.0,1.0,UEFA Nations League,Bucharest,Romania,False,43.0,1487.0,127.0,1128.0
2024-11-18,Poland,Scotland,1.0,2.0,UEFA Nations League,Warsaw,Poland,False,31.0,1523.0,51.0,1461.0
2024-11-18,Liechtenstein,San Marino,1.0,3.0,UEFA Nations League,Vaduz,Liechtenstein,False,200.0,834.0,210.0,737.0
2024-11-18,Saint Lucia,Curaçao,1.0,4.0,CONCACAF Nations League,Gros Islet,Saint Lucia,False,164.0,998.0,90.0,1261.0
2024-11-18,Luxembourg,Northern Ireland,2.0,2.0,UEFA Nations League,Luxembourg,Luxembourg,False,89.0,1262.0,71.0,1345.0
2024-11-18,Puerto Rico,Haiti,0.0,3.0,CONCACAF Nations League,Mayagüez,Puerto Rico,False,153.0,1022.0,86.0,1284.0
2024-11-18,Bulgaria,Belarus,1.0,1.0,UEFA Nations League,Sofia,Bulgaria,False,84.0,1295.0,97.0,1231.0
2024-11-18,Croatia,Portugal,1.0,1.0,UEFA Nations League,Split,Croatia,False,12.0,1701.0,7.0,1753.0
2024-11-18,Central African Republic,Gabon,0.0,1.0,African Cup of Nations qualification,Johannesburg,South Africa,True,129.0,1125.0,85.0,1294.0
2024-11-18,Panama,Costa Rica,2.0,2.0,CONCACAF Nations League,Panama City,Panama,False,39.0,1494.0,50.0,1466.0
2024-11-18,India,Malaysia,1.0,1.0,Friendly,Hyderabad,India,False,125.0,1134.0,133.0,1114.0
2024-11-18,New Zealand,Samoa,8.0,0.0,FIFA World Cup qualification,Auckland,New Zealand,False,91.0,1258.0,186.0,891.0
2024-11-18,Tunisia,Gambia,0.0,1.0,African Cup of Nations qualification,Tunis,Tunisia,False,47.0,1479.0,128.0,1126.0
2024-11-18,Comoros,Madagascar,1.0,0.0,African Cup of Nations qualification,Al Hoceima,Morocco,True,108.0,1186.0,109.0,1180.0
2024-11-18,Morocco,Lesotho,7.0,0.0,African Cup of Nations qualification,Oujda,Morocco,False,13.0,1682.0,152.0,1033.0
2024-11-18,Tahiti,Vanuatu,2.0,0.0,FIFA World Cup qualification,Auckland,New Zealand,True,159.0,1010.0,157.0,1016.0
2024-11-18,Nigeria,Rwanda,1.0,2.0,African Cup of Nations qualification,Uyo,Nigeria,False,36.0,1503.0,126.0,1130.0
2024-11-18,Ghana,Niger,1.0,2.0,African Cup of Nations qualification,Accra,Ghana,False,73.0,1339.0,131.0,1115.0
2024-11-18,Sudan,Angola,0.0,0.0,African Cup of Nations qualification,Benghazi,Libya,True,110.0,1176.0,82.0,1299.0
2024-11-18,Malawi,Burkina Faso,3.0,0.0,African Cup of Nations qualification,Lilongwe,Malawi,False,134.0,1111.0,62.0,1400.0
2024-11-18,Libya,Benin,0.0,0.0,African Cup of Nations qualification,Tripoli,Libya,False,122.0,1149.0,95.0,1251.0
2024-11-18,United States,Jamaica,4.0,2.0,CONCACAF Nations League,Saint Louis,United States,False,18.0,1631.0,61.0,1405.0
2024-11-19,Dominican Republic,Bermuda,6.0,1.0,CONCACAF Nations League,Santiago de los Caballeros,Dominican Republic,False,142.0,1072.0,167.0,987.0
2024-11-19,Malta,Andorra,0.0,0.0,UEFA Nations League,Ta' Qali,Malta,False,169.0,980.0,170.0,978.0
2024-11-19,Sweden,Azerbaijan,6.0,0.0,UEFA Nations League,Solna,Sweden,False,28.0,1530.0,118.0,1162.0
2024-11-19,Slovakia,Estonia,1.0,0.0,UEFA Nations League,Trnava,Slovakia,False,41.0,1490.0,124.0,1146.0
2024-11-19,Wales,Iceland,4.0,1.0,UEFA Nations League,Cardiff,Wales,False,29.0,1529.0,70.0,1353.0
2024-11-19,Argentina,Peru,1.0,0.0,FIFA World Cup qualification,Buenos Aires,Argentina,False,1.0,1884.0,38.0,1494.0
2024-11-19,Albania,Ukraine,1.0,2.0,UEFA Nations League,Tirana,Albania,False,65.0,1379.0,25.0,1552.0
2024-11-19,Hungary,Germany,1.0,1.0,UEFA Nations League,Budapest,Hungary,False,32.0,1519.0,11.0,1704.0
2024-11-19,Montenegro,Turkey,3.0,1.0,UEFA Nations League,Podgorica,Montenegro,False,75.0,1323.0,26.0,1548.0
2024-11-19,Czech Republic,Georgia,2.0,1.0,UEFA Nations League,Olomouc,Czech Republic,False,45.0,1480.0,67.0,1366.0
2024-11-19,Myanmar,Lebanon,2.0,3.0,Friendly,Yangon,Myanmar,False,165.0,991.0,115.0,1167.0
2024-11-19,Canada,Suriname,3.0,0.0,CONCACAF Nations League,Toronto,Canada,False,35.0,1507.0,136.0,1105.0
2024-11-19,Mexico,Honduras,4.0,0.0,CONCACAF Nations League,Toluca,Mexico,False,16.0,1641.0,77.0,1313.0
2024-11-19,Gibraltar,Moldova,1.0,1.0,Friendly,Gibraltar,Gibraltar,False,197.0,848.0,150.0,1041.0
2024-11-19,Hong Kong,Mauritius,1.0,0.0,Friendly,Hong Kong,Hong Kong,False,158.0,1015.0,178.0,928.0
2024-11-19,Russia,Syria,4.0,0.0,Friendly,Volgograd,Russia,False,34.0,1509.0,93.0,1252.0
2024-11-19,Sri Lanka,Yemen,0.0,2.0,Friendly,Al Khor,Qatar,True,203.0,829.0,154.0,1021.0
2024-11-19,Tajikistan,Afghanistan,3.0,1.0,Friendly,Dushanbe,Tajikistan,False,105.0,1197.0,151.0,1034.0
2024-11-19,Bolivia,Paraguay,2.0,2.0,FIFA World Cup qualification,El Alto,Bolivia,False,79.0,1312.0,55.0,1441.0
2024-11-19,Bosnia and Herzegovina,Netherlands,1.0,1.0,UEFA Nations League,Zenica,Bosnia and Herzegovina,False,74.0,1324.0,8.0,1748.0
2024-11-19,Guyana,Barbados,5.0,3.0,CONCACAF Nations League,Georgetown,Guyana,False,161.0,1009.0,173.0,955.0
2024-11-19,Colombia,Ecuador,0.0,1.0,FIFA World Cup qualification,Barranquilla,Colombia,False,10.0,1724.0,27.0,1536.0
2024-11-19,Oman,Iraq,0.0,1.0,FIFA World Cup qualification,Muscat,Oman,False,80.0,1306.0,56.0,1434.0
2024-11-19,Chile,Venezuela,4.0,2.0,FIFA World Cup qualification,Santiago,Chile,False,53.0,1455.0,44.0,1482.0
2024-11-19,Indonesia,Saudi Arabia,2.0,0.0,FIFA World Cup qualification,Jakarta,Indonesia,False,130.0,1119.0,59.0,1423.0
2024-11-19,Bahrain,Australia,2.0,2.0,FIFA World Cup qualification,Riffa,Bahrain,False,76.0,1314.0,24.0,1553.0
2024-11-19,Antigua and Barbuda,Dominica,0.0,0.0,CONCACAF Nations League,Santiago de los Caballeros,Dominican Republic,True,156.0,1021.0,183.0,904.0
2024-11-19,Palestine,South Korea,1.0,1.0,FIFA World Cup qualification,Amman,Jordan,True,100.0,1218.0,22.0,1590.0
2024-11-19,United Arab Emirates,Qatar,5.0,0.0,FIFA World Cup qualification,Abu Dhabi,United Arab Emirates,False,68.0,1361.0,46.0,1479.0
2024-11-19,Kyrgyzstan,Iran,2.0,3.0,FIFA World Cup qualification,Bishkek,Kyrgyzstan,False,103.0,1207.0,19.0,1628.0
2024-11-19,North Korea,Uzbekistan,0.0,1.0,FIFA World Cup qualification,Vientiane,Laos,True,111.0,1175.0,58.0,1429.0
2024-11-19,Egypt,Botswana,1.0,1.0,African Cup of Nations qualification,Cairo,Egypt,False,30.0,1526.0,140.0,1088.0
2024-11-19,Mauritania,Cape Verde,1.0,0.0,African Cup of Nations qualification,Nouakchott,Mauritania,False,114.0,1168.0,72.0,1341.0
2024-11-19,Cameroon,Zimbabwe,2.0,1.0,African Cup of Nations qualification,Yaoundé,Cameroon,False,49.0,1472.0,117.0,1162.0
2024-11-19,Kuwait,Jordan,1.0,1.0,FIFA World Cup qualification,Kuwait City,Kuwait,False,135.0,1106.0,64.0,1381.0
2024-11-19,DR Congo,Ethiopia,1.0,2.0,African Cup of Nations qualification,Kinshasa,DR Congo,False,57.0,1431.0,148.0,1049.0
2024-11-19,Sierra Leone,Zambia,0.0,2.0,African Cup of Nations qualification,Monrovia,Liberia,True,121.0,1150.0,94.0,1252.0
2024-11-19,Tanzania,Guinea,1.0,0.0,African Cup of Nations qualification,Dar es Salaam,Tanzania,False,112.0,1174.0,78.0,1312.0
2024-11-19,Mali,Eswatini,6.0,0.0,African Cup of Nations qualification,Bamako,Mali,False,54.0,1455.0,160.0,1009.0
2024-11-19,Guinea-Bissau,Mozambique,1.0,2.0,African Cup of Nations qualification,Bissau,Guinea-Bissau,False,116.0,1166.0,98.0,1229.0
2024-11-19,Kenya,Namibia,0.0,0.0,African Cup of Nations qualification,Polokwane,South Africa,True,106.0,1195.0,113.0,1174.0
2024-11-19,South Africa,South Sudan,3.0,0.0,African Cup of Nations qualification,Cape Town,South Africa,False,60.0,1416.0,172.0,956.0
2024-11-19,Senegal,Burundi,2.0,0.0,African Cup of Nations qualification,Dakar,Senegal,False,20.0,1627.0,139.0,1089.0
2024-11-19,Brazil,Uruguay,1.0,1.0,FIFA World Cup qualification,Salvador,Brazil,False,5.0,1784.0,14.0,1680.0
2024-11-19,Ivory Coast,Chad,4.0,0.0,African Cup of Nations qualification,Abidjan,Ivory Coast,False,40.0,1494.0,177.0,933.0
2024-12-08,Hong Kong,Mongolia,3.0,0.0,EAFF Championship qualification,Hong Kong,Hong Kong,False,156.0,1025.0,187.0,884.0
2024-12-08,Cambodia,Malaysia,2.0,2.0,ASEAN Championship,Phnom Penh,Cambodia,False,180.0,921.0,132.0,1117.0
2024-12-08,Timor-Leste,Thailand,0.0,10.0,ASEAN Championship,Hanoi,Vietnam,True,196.0,851.0,97.0,1228.0
2024-12-09,Myanmar,Indonesia,0.0,1.0,ASEAN Championship,Yangon,Myanmar,False,167.0,986.0,125.0,1135.0
2024-12-09,Laos,Vietnam,1.0,4.0,ASEAN Championship,Vientiane,Laos,False,186.0,890.0,116.0,1161.0
2024-12-09,Solomon Islands,Vanuatu,4.0,1.0,MSG Prime Minister's Cup,Honiara,Solomon Islands,False,148.0,1049.0,163.0,996.0
2024-12-11,Singapore,Cambodia,2.0,1.0,ASEAN Championship,Singapore,Singapore,False,161.0,1008.0,180.0,921.0
2024-12-11,Malaysia,Timor-Leste,3.0,2.0,ASEAN Championship,Kuala Lumpur,Malaysia,False,132.0,1117.0,196.0,851.0
2024-12-12,Philippines,Myanmar,1.0,1.0,ASEAN Championship,Manila,Philippines,False,149.0,1048.0,167.0,986.0
2024-12-12,Indonesia,Laos,3.0,3.0,ASEAN Championship,Surakarta,Indonesia,False,125.0,1135.0,186.0,890.0
2024-12-12,Fiji,Vanuatu,1.0,1.0,MSG Prime Minister's Cup,Honiara,Solomon Islands,True,147.0,1049.0,163.0,996.0
2024-12-14,Macau,Guam,1.0,2.0,EAFF Championship qualification,Hong Kong,Hong Kong,True,193.0,872.0,203.0,822.0
2024-12-14,Timor-Leste,Singapore,0.0,3.0,ASEAN Championship,Hanoi,Vietnam,True,196.0,851.0,161.0,1008.0
2024-12-14,Thailand,Malaysia,1.0,0.0,ASEAN Championship,Bangkok,Thailand,False,97.0,1228.0,132.0,1117.0
2024-12-15,Laos,Philippines,1.0,1.0,ASEAN Championship,Vientiane,Laos,False,186.0,890.0,149.0,1048.0
2024-12-15,Vietnam,Indonesia,1.0,0.0,ASEAN Championship,Việt Trì,Vietnam,False,116.0,1161.0,125.0,1135.0
2024-12-15,Papua New Guinea,Fiji,1.0,1.0,MSG Prime Minister's Cup,Honiara,Solomon Islands,True,172.0,963.0,147.0,1049.0
2024-12-17,Cambodia,Timor-Leste,2.0,1.0,ASEAN Championship,Phnom Penh,Cambodia,False,180.0,921.0,196.0,851.0
2024-12-17,Singapore,Thailand,2.0,4.0,ASEAN Championship,Singapore,Singapore,False,161.0,1008.0,97.0,1228.0
2024-12-17,Hong Kong,Guam,5.0,0.0,EAFF Championship qualification,Hong Kong,Hong Kong,False,156.0,1025.0,203.0,822.0
2024-12-18,Myanmar,Laos,3.0,2.0,ASEAN Championship,Yangon,Myanmar,False,167.0,986.0,186.0,890.0
2024-12-18,Philippines,Vietnam,1.0,1.0,ASEAN Championship,Manila,Philippines,False,149.0,1048.0,116.0,1161.0
2024-12-18,Solomon Islands,Papua New Guinea,2.0,3.0,MSG Prime Minister's Cup,Honiara,Solomon Islands,False,148.0,1049.0,172.0,963.0
2024-12-20,Thailand,Cambodia,3.0,2.0,ASEAN Championship,Bangkok,Thailand,False,97.0,1231.0,180.0,920.0
2024-12-20,Malaysia,Singapore,0.0,0.0,ASEAN Championship,Kuala Lumpur,Malaysia,False,132.0,1116.0,160.0,1012.0
2024-12-21,Kuwait,Oman,1.0,1.0,Gulf Cup,Kuwait City,Kuwait,False,134.0,1109.0,80.0,1307.0
2024-12-21,Indonesia,Philippines,0.0,1.0,ASEAN Championship,Surakarta,Indonesia,False,127.0,1133.0,150.0,1047.0
2024-12-21,Vietnam,Myanmar,5.0,0.0,ASEAN Championship,Việt Trì,Vietnam,False,114.0,1165.0,169.0,981.0
2024-12-21,Qatar,United Arab Emirates,1.0,1.0,Gulf Cup,Sulaibikhat,Kuwait,True,48.0,1475.0,63.0,1386.0
2024-12-21,Solomon Islands,Fiji,1.0,3.0,MSG Prime Minister's Cup,Honiara,Solomon Islands,False,147.0,1051.0,148.0,1048.0
2024-12-21,Vanuatu,Papua New Guinea,1.0,2.0,MSG Prime Minister's Cup,Honiara,Solomon Islands,True,164.0,994.0,172.0,964.0
2024-12-22,Iraq,Yemen,1.0,0.0,Gulf Cup,Sulaibikhat,Kuwait,True,56.0,1443.0,158.0,1018.0
2024-12-22,Saudi Arabia,Bahrain,2.0,3.0,Gulf Cup,Kuwait City,Kuwait,True,59.0,1407.0,81.0,1306.0
2024-12-24,Oman,Qatar,2.0,1.0,Gulf Cup,Sulaibikhat,Kuwait,True,80.0,1307.0,48.0,1475.0
2024-12-24,Kuwait,United Arab Emirates,2.0,1.0,Gulf Cup,Kuwait City,Kuwait,False,134.0,1109.0,63.0,1386.0
2024-12-25,Yemen,Saudi Arabia,2.0,3.0,Gulf Cup,Sulaibikhat,Kuwait,True,158.0,1018.0,59.0,1407.0
2024-12-25,Bahrain,Iraq,2.0,0.0,Gulf Cup,Kuwait City,Kuwait,True,81.0,1306.0,56.0,1443.0
2024-12-26,Singapore,Vietnam,0.0,2.0,ASEAN Championship,Singapore,Singapore,False,160.0,1012.0,114.0,1165.0
2024-12-27,Philippines,Thailand,2.0,1.0,ASEAN Championship,Manila,Philippines,False,150.0,1047.0,97.0,1231.0
2024-12-27,Kuwait,Qatar,1.0,1.0,Gulf Cup,Kuwait City,Kuwait,False,134.0,1109.0,48.0,1475.0
2024-12-27,United Arab Emirates,Oman,1.0,1.0,Gulf Cup,Sulaibikhat,Kuwait,True,63.0,1386.0,80.0,1307.0
2024-12-28,Iraq,Saudi Arabia,1.0,3.0,Gulf Cup,Kuwait City,Kuwait,True,56.0,1443.0,59.0,1407.0
2024-12-28,Bahrain,Yemen,1.0,2.0,Gulf Cup,Sulaibikhat,Kuwait,True,81.0,1306.0,158.0,1018.0
2024-12-29,Vietnam,Singapore,3.0,1.0,ASEAN Championship,Việt Trì,Vietnam,False,114.0,1165.0,160.0,1012.0
2024-12-30,Thailand,Philippines,3.0,1.0,ASEAN Championship,Bangkok,Thailand,False,97.0,1231.0,150.0,1047.0
2024-12-31,Oman,Saudi Arabia,2.0,1.0,Gulf Cup,Sulaibikhat,Kuwait,True,80.0,1307.0,59.0,1407.0
2024-12-31,Kuwait,Bahrain,0.0,1.0,Gulf Cup,Kuwait City,Kuwait,False,134.0,1109.0,81.0,1306.0
2025-01-02,Vietnam,Thailand,2.0,1.0,ASEAN Championship,Việt Trì,Vietnam,False,114.0,1165.0,97.0,1231.0
2025-01-04,Oman,Bahrain,1.0,2.0,Gulf Cup,Kuwait City,Kuwait,True,80.0,1307.0,81.0,1306.0
2025-01-04,Burkina Faso,Kenya,1.0,1.0,Mapinduzi Cup,Gombani,Zanzibar,True,66.0,1374.0,108.0,1190.0
2025-01-05,Thailand,Vietnam,2.0,3.0,ASEAN Championship,Bangkok,Thailand,False,97.0,1231.0,114.0,1165.0
2025-01-07,Tanzania,Kenya,0.0,2.0,Mapinduzi Cup,Gombani,Zanzibar,True,106.0,1199.0,108.0,1190.0
2025-01-09,Tanzania,Burkina Faso,0.0,2.0,Mapinduzi Cup,Gombani,Zanzibar,True,106.0,1199.0,66.0,1374.0
2025-01-18,United States,Venezuela,3.0,1.0,Friendly,Fort Lauderdale,United States,False,16.0,1645.0,47.0,1476.0
2025-01-22,United States,Costa Rica,3.0,0.0,Friendly,Orlando,United States,False,16.0,1645.0,54.0,1455.0
2025-01-22,Uzbekistan,Jordan,0.0,0.0,Friendly,Doha,Qatar,True,58.0,1425.0,64.0,1376.0
2025-02-07,Jamaica,Trinidad and Tobago,1.0,0.0,Friendly,Montego Bay,Jamaica,False,62.0,1391.0,102.0,1215.0
2025-02-08,Chile,Panama,6.0,1.0,Friendly,Santiago,Chile,False,50.0,1469.0,36.0,1504.0
2025-02-10,Jamaica,Trinidad and Tobago,1.0,1.0,Friendly,Kingston,Jamaica,False,62.0,1391.0,102.0,1215.0
2025-02-13,Oman,Sudan,0.0,0.0,Friendly,Muscat,Oman,False,80.0,1307.0,113.0,1165.0
2025-03-09,Saint Vincent and the Grenadines,Grenada,1.0,1.0,Friendly,Kingston,Saint Vincent and the Grenadines,False,173.0,962.0,174.0,955.0
2025-03-13,Oman,Sudan,0.0,0.0,Friendly,Muscat,Oman,False,80.0,1307.0,113.0,1165.0
2025-03-14,Jordan,North Korea,1.0,1.0,Friendly,Amman,Jordan,False,64.0,1376.0,115.0,1164.0
2025-03-16,Honduras,Guatemala,1.0,2.0,Friendly,Fort Lauderdale,United States,True,75.0,1326.0,105.0,1201.0
2025-03-19,Eswatini,Cameroon,0.0,0.0,FIFA World Cup qualification,Mbombela,South Africa,True,159.0,1015.0,49.0,1471.0
2025-03-19,Hong Kong,Macau,2.0,0.0,Friendly,Hong Kong,Hong Kong,False,155.0,1029.0,193.0,869.0
2025-03-19,India,Maldives,3.0,0.0,Friendly,Shillong,India,False,126.0,1134.0,162.0,1001.0
2025-03-19,Vietnam,Cambodia,2.0,1.0,Friendly,Thu Dau Mot,Vietnam,False,114.0,1165.0,180.0,920.0
2025-03-19,Central African Republic,Madagascar,1.0,4.0,FIFA World Cup qualification,Casablanca,Morocco,True,135.0,1102.0,116.0,1162.0
2025-03-19,Kazakhstan,Curaçao,2.0,0.0,Friendly,Antalya,Turkey,True,110.0,1180.0,91.0,1265.0
2025-03-19,Russia,Grenada,5.0,0.0,Friendly,Moscow,Russia,False,34.0,1512.0,174.0,955.0
2025-03-19,Liberia,Tunisia,0.0,1.0,FIFA World Cup qualification,Monrovia,Liberia,False,145.0,1063.0,52.0,1464.0
2025-03-20,Italy,Germany,1.0,2.0,UEFA Nations League,Milan,Italy,False,9.0,1732.0,10.0,1704.0
2025-03-20,Croatia,France,2.0,0.0,UEFA Nations League,Split,Croatia,False,13.0,1692.0,2.0,1860.0
2025-03-20,Denmark,Portugal,1.0,0.0,UEFA Nations League,Copenhagen,Denmark,False,21.0,1611.0,6.0,1756.0
2025-03-20,Netherlands,Spain,2.0,2.0,UEFA Nations League,Rotterdam,Netherlands,False,7.0,1748.0,3.0,1853.0
2025-03-20,Brazil,Colombia,2.0,1.0,FIFA World Cup qualification,Brasília,Brazil,False,5.0,1776.0,12.0,1694.0
2025-03-20,Greece,Scotland,0.0,1.0,UEFA Nations League,Piraeus,Greece,False,39.0,1490.0,45.0,1480.0
2025-03-20,Turkey,Hungary,3.0,1.0,UEFA Nations League,Istanbul,Turkey,False,28.0,1537.0,30.0,1518.0
2025-03-20,Austria,Serbia,1.0,1.0,UEFA Nations League,Vienna,Austria,False,22.0,1590.0,32.0,1514.0
2025-03-20,Bulgaria,Republic of Ireland,1.0,2.0,UEFA Nations League,Plovdiv,Bulgaria,False,82.0,1301.0,60.0,1400.0
2025-03-20,United States,Panama,0.0,1.0,CONCACAF Nations League,Inglewood,United States,False,16.0,1645.0,36.0,1504.0
2025-03-20,Kosovo,Iceland,2.0,1.0,UEFA Nations League,Pristina,Kosovo,False,99.0,1220.0,70.0,1355.0
2025-03-20,Slovakia,Slovenia,0.0,0.0,UEFA Nations League,Bratislava,Slovakia,False,41.0,1486.0,55.0,1454.0
2025-03-20,Laos,Sri Lanka,1.0,2.0,Friendly,Vientiane,Laos,False,186.0,890.0,200.0,833.0
2025-03-20,Tajikistan,Belarus,0.0,5.0,Friendly,Dushanbe,Tajikistan,False,104.0,1203.0,98.0,1226.0
2025-03-20,Paraguay,Chile,1.0,0.0,FIFA World Cup qualification,Asunción,Paraguay,False,53.0,1458.0,50.0,1469.0
2025-03-20,Ukraine,Belgium,3.0,1.0,UEFA Nations League,Murcia,Spain,True,25.0,1555.0,8.0,1741.0
2025-03-20,Armenia,Georgia,0.0,3.0,UEFA Nations League,Yerevan,Armenia,False,100.0,1219.0,68.0,1362.0
2025-03-20,Peru,Bolivia,3.0,1.0,FIFA World Cup qualification,Lima,Peru,False,40.0,1488.0,79.0,1309.0
2025-03-20,Canada,Mexico,0.0,2.0,CONCACAF Nations League,Inglewood,United States,True,31.0,1516.0,19.0,1627.0
2025-03-20,Iran,United Arab Emirates,2.0,0.0,FIFA World Cup qualification,Tehran,Iran,False,18.0,1635.0,63.0,1386.0
2025-03-20,Jordan,Palestine,3.0,1.0,FIFA World Cup qualification,Amman,Jordan,False,64.0,1376.0,101.0,1216.0
2025-03-20,South Korea,Oman,1.0,1.0,FIFA World Cup qualification,Goyang,South Korea,False,23.0,1585.0,80.0,1307.0
2025-03-20,Iraq,Kuwait,2.0,2.0,FIFA World Cup qualification,Basra,Iraq,False,56.0,1443.0,134.0,1109.0
2025-03-20,Japan,Bahrain,2.0,0.0,FIFA World Cup qualification,Saitama,Japan,False,15.0,1653.0,81.0,1306.0
2025-03-20,Australia,Indonesia,5.0,1.0,FIFA World Cup qualification,Sydney,Australia,False,26.0,1544.0,127.0,1133.0
2025-03-20,Uzbekistan,Kyrgyzstan,1.0,0.0,FIFA World Cup qualification,Tashkent,Uzbekistan,False,58.0,1425.0,107.0,1194.0
2025-03-20,Zimbabwe,Benin,2.0,2.0,FIFA World Cup qualification,Durban,South Africa,True,121.0,1151.0,94.0,1251.0
2025-03-20,Libya,Angola,1.0,1.0,FIFA World Cup qualification,Benghazi,Libya,False,118.0,1158.0,85.0,1296.0
2025-03-20,Sierra Leone,Guinea-Bissau,3.0,1.0,FIFA World Cup qualification,Monrovia,Liberia,True,129.0,1132.0,120.0,1152.0
2025-03-20,Gambia,Kenya,3.0,3.0,FIFA World Cup qualification,Ebimpé,Ivory Coast,True,125.0,1135.0,108.0,1190.0
2025-03-20,Gabon,Seychelles,3.0,0.0,FIFA World Cup qualification,Franceville,Gabon,False,84.0,1298.0,201.0,831.0
2025-03-20,Mozambique,Uganda,3.0,1.0,FIFA World Cup qualification,Cairo,Egypt,True,96.0,1233.0,88.0,1270.0
2025-03-20,Malawi,Namibia,0.0,1.0,FIFA World Cup qualification,Lilongwe,Malawi,False,131.0,1129.0,111.0,1179.0
2025-03-20,Comoros,Mali,0.0,3.0,FIFA World Cup qualification,Berkane,Morocco,True,103.0,1209.0,51.0,1466.0
2025-03-20,Lebanon,Timor-Leste,4.0,0.0,Friendly,Al-Khor,Qatar,False,112.0,1171.0,197.0,847.0
2025-03-20,Cape Verde,Mauritius,1.0,0.0,FIFA World Cup qualification,Praia,Cape Verde,False,72.0,1329.0,179.0,923.0
2025-03-20,Qatar,North Korea,5.0,1.0,FIFA World Cup qualification,Al Rayyan,Qatar,False,48.0,1475.0,115.0,1164.0
2025-03-21,Cuba,Trinidad and Tobago,1.0,2.0,Gold Cup qualification,Santiago,Cuba,False,163.0,994.0,102.0,1215.0
2025-03-21,Burkina Faso,Djibouti,4.0,1.0,FIFA World Cup qualification,El Jadida,Morocco,True,66.0,1374.0,191.0,877.0
2025-03-21,Belize,Costa Rica,0.0,7.0,Gold Cup qualification,Belmopan,Belize,False,178.0,925.0,54.0,1455.0
2025-03-21,Guyana,Guatemala,3.0,2.0,Gold Cup qualification,Wildey,Barbados,True,154.0,1031.0,105.0,1201.0
2025-03-21,Saint Vincent and the Grenadines,Jamaica,1.0,1.0,Gold Cup qualification,Kingstown,Saint Vincent and the Grenadines,False,173.0,962.0,62.0,1391.0
2025-03-21,Bermuda,Honduras,3.0,5.0,Gold Cup qualification,Hamilton,Bermuda,False,166.0,988.0,75.0,1326.0
2025-03-21,New Zealand,Fiji,7.0,0.0,FIFA World Cup qualification,Wellington,New Zealand,False,89.0,1270.0,148.0,1048.0
2025-03-21,Singapore,Nepal,0.0,1.0,Friendly,Kallang,Singapore,False,160.0,1012.0,175.0,939.0
2025-03-21,Northern Ireland,Switzerland,1.0,1.0,Friendly,Belfast,Northern Ireland,False,71.0,1350.0,20.0,1625.0
2025-03-21,Thailand,Afghanistan,2.0,0.0,Friendly,Bangkok,Thailand,False,97.0,1231.0,156.0,1025.0
2025-03-21,New Caledonia,Tahiti,3.0,0.0,FIFA World Cup qualification,Wellington,New Zealand,True,152.0,1034.0,153.0,1031.0
2025-03-21,Ecuador,Venezuela,2.0,1.0,FIFA World Cup qualification,Quito,Ecuador,False,24.0,1560.0,47.0,1476.0
2025-03-21,Uruguay,Argentina,0.0,1.0,FIFA World Cup qualification,Montevideo,Uruguay,False,11.0,1696.0,1.0,1867.0
2025-03-21,Puerto Rico,Dominican Republic,2.0,2.0,Friendly,Bayamón,Puerto Rico,False,157.0,1023.0,141.0,1083.0
2025-03-21,Burundi,Ivory Coast,0.0,1.0,FIFA World Cup qualification,Meknes,Morocco,True,139.0,1087.0,46.0,1478.0
2025-03-21,Ghana,Chad,5.0,0.0,FIFA World Cup qualification,Accra,Ghana,False,77.0,1321.0,176.0,935.0
2025-03-21,Ethiopia,Egypt,0.0,2.0,FIFA World Cup qualification,Casablanca,Morocco,True,146.0,1060.0,33.0,1513.0
2025-03-21,Guinea,Somalia,0.0,0.0,FIFA World Cup qualification,Ebimpé,Ivory Coast,True,78.0,1312.0,202.0,830.0
2025-03-21,Rwanda,Nigeria,0.0,2.0,FIFA World Cup qualification,Kigali,Rwanda,False,124.0,1136.0,44.0,1482.0
2025-03-21,Morocco,Niger,2.0,1.0,FIFA World Cup qualification,Oujda,Morocco,False,14.0,1688.0,122.0,1146.0
2025-03-21,Botswana,Algeria,1.0,3.0,FIFA World Cup qualification,Francistown,Botswana,False,136.0,1099.0,37.0,1496.0
2025-03-21,South Africa,Lesotho,0.0,3.0,FIFA World Cup qualification,Polokwane,South Africa,False,57.0,1429.0,149.0,1047.0
2025-03-21,Malta,Finland,0.0,1.0,FIFA World Cup qualification,Ta' Qali,Malta,False,168.0,984.0,69.0,1362.0
2025-03-21,Andorra,Latvia,0.0,1.0,FIFA World Cup qualification,Andorra la Vella,Andorra,False,171.0,972.0,140.0,1084.0
2025-03-21,Poland,Lithuania,1.0,0.0,FIFA World Cup qualification,Warsaw,Poland,False,35.0,1511.0,142.0,1070.0
2025-03-21,England,Albania,2.0,0.0,FIFA World Cup qualification,London,England,False,4.0,1814.0,65.0,1376.0
2025-03-21,Cyprus,San Marino,2.0,0.0,FIFA World Cup qualification,Larnaca,Cyprus,False,130.0,1131.0,210.0,747.0
2025-03-21,Romania,Bosnia and Herzegovina,0.0,1.0,FIFA World Cup qualification,Bucharest,Romania,False,38.0,1494.0,74.0,1327.0
2025-03-21,DR Congo,South Sudan,1.0,0.0,FIFA World Cup qualification,Kinshasa,DR Congo,False,61.0,1396.0,170.0,974.0
2025-03-22,Moldova,Norway,0.0,5.0,FIFA World Cup qualification,Chișinău,Moldova,False,151.0,1046.0,43.0,1484.0
2025-03-22,Azerbaijan,Haiti,0.0,3.0,Friendly,Sumqayit,Azerbaijan,False,117.0,1159.0,86.0,1288.0
2025-03-22,Luxembourg,Sweden,1.0,0.0,Friendly,Luxembourg,Luxembourg,False,92.0,1256.0,27.0,1540.0
2025-03-22,Togo,Mauritania,2.0,2.0,FIFA World Cup qualification,Lomé,Togo,False,119.0,1152.0,109.0,1183.0
2025-03-22,Sudan,Senegal,0.0,0.0,FIFA World Cup qualification,Benghazi,Libya,True,113.0,1165.0,17.0,1637.0
2025-03-22,Liechtenstein,North Macedonia,0.0,3.0,FIFA World Cup qualification,Vaduz,Liechtenstein,False,204.0,822.0,67.0,1369.0
2025-03-22,Wales,Kazakhstan,3.0,1.0,FIFA World Cup qualification,Cardiff,Wales,False,29.0,1534.0,110.0,1180.0
2025-03-22,Montenegro,Gibraltar,3.0,1.0,FIFA World Cup qualification,Nikšić,Montenegro,False,73.0,1327.0,196.0,849.0
2025-03-22,Czech Republic,Faroe Islands,2.0,1.0,FIFA World Cup qualification,Hradec Králové,Czech Republic,False,42.0,1485.0,137.0,1097.0
2025-03-22,Israel,Estonia,2.0,1.0,FIFA World Cup qualification,Debrecen,Hungary,True,76.0,1322.0,123.0,1143.0
2025-03-23,Belgium,Ukraine,3.0,0.0,UEFA Nations League,Genk,Belgium,False,8.0,1741.0,25.0,1555.0
2025-03-23,Hungary,Turkey,0.0,3.0,UEFA Nations League,Budapest,Hungary,False,30.0,1518.0,28.0,1537.0
2025-03-23,United States,Canada,1.0,2.0,CONCACAF Nations League,Inglewood,United States,False,16.0,1645.0,31.0,1516.0
2025-03-23,Panama,Mexico,1.0,2.0,CONCACAF Nations League,Inglewood,United States,True,36.0,1504.0,19.0,1627.0
2025-03-23,Germany,Italy,3.0,3.0,UEFA Nations League,Dortmund,Germany,False,10.0,1704.0,9.0,1732.0
2025-03-23,Portugal,Denmark,5.0,2.0,UEFA Nations League,Lisbon,Portugal,False,6.0,1756.0,21.0,1611.0
2025-03-23,Spain,Netherlands,3.0,3.0,UEFA Nations League,Valencia,Spain,False,3.0,1853.0,7.0,1748.0
2025-03-23,France,Croatia,2.0,0.0,UEFA Nations League,Paris,France,False,2.0,1860.0,13.0,1692.0
2025-03-23,Eswatini,Mauritius,3.0,3.0,FIFA World Cup qualification,Mbombela,South Africa,True,159.0,1015.0,179.0,923.0
2025-03-23,Georgia,Armenia,6.0,1.0,UEFA Nations League,Tbilisi,Georgia,False,68.0,1362.0,100.0,1219.0
2025-03-23,Iceland,Kosovo,1.0,3.0,UEFA Nations League,Murcia,Spain,True,70.0,1355.0,99.0,1220.0
2025-03-23,Republic of Ireland,Bulgaria,2.0,1.0,UEFA Nations League,Dublin,Republic of Ireland,False,60.0,1400.0,82.0,1301.0
2025-03-23,Slovenia,Slovakia,1.0,0.0,UEFA Nations League,Ljubljana,Slovenia,False,55.0,1454.0,41.0,1486.0
2025-03-23,Kenya,Gabon,1.0,2.0,FIFA World Cup qualification,Nairobi,Kenya,False,108.0,1190.0,84.0,1298.0
2025-03-23,Serbia,Austria,2.0,0.0,UEFA Nations League,Belgrade,Serbia,False,32.0,1514.0,22.0,1590.0
2025-03-23,Scotland,Greece,0.0,3.0,UEFA Nations League,Glasgow,Scotland,False,45.0,1480.0,39.0,1490.0
2025-03-24,Central African Republic,Mali,0.0,0.0,FIFA World Cup qualification,Casablanca,Morocco,True,135.0,1102.0,51.0,1466.0
2025-03-24,New Zealand,New Caledonia,3.0,0.0,FIFA World Cup qualification,Auckland,New Zealand,False,89.0,1270.0,152.0,1034.0
2025-03-24,Guinea-Bissau,Burkina Faso,1.0,2.0,FIFA World Cup qualification,Bissau,Guinea-Bissau,False,120.0,1152.0,66.0,1374.0
2025-03-24,Ethiopia,Djibouti,6.0,1.0,FIFA World Cup qualification,El Jadida,Morocco,True,146.0,1060.0,191.0,877.0
2025-03-24,Ivory Coast,Gambia,1.0,0.0,FIFA World Cup qualification,Abidjan,Ivory Coast,False,46.0,1478.0,125.0,1135.0
2025-03-24,Namibia,Equatorial Guinea,1.0,1.0,FIFA World Cup qualification,Johannesburg,South Africa,True,111.0,1179.0,93.0,1256.0
2025-03-24,Tunisia,Malawi,2.0,0.0,FIFA World Cup qualification,Radès,Tunisia,False,52.0,1464.0,131.0,1129.0
2025-03-24,Poland,Malta,2.0,0.0,FIFA World Cup qualification,Warsaw,Poland,False,35.0,1511.0,168.0,984.0
2025-03-24,Madagascar,Ghana,0.0,3.0,FIFA World Cup qualification,Al Hoceima,Morocco,True,116.0,1162.0,77.0,1321.0
2025-03-24,Bosnia and Herzegovina,Cyprus,2.0,1.0,FIFA World Cup qualification,Zenica,Bosnia and Herzegovina,False,74.0,1327.0,130.0,1131.0
2025-03-24,San Marino,Romania,1.0,5.0,FIFA World Cup qualification,Serravalle,San Marino,False,210.0,747.0,38.0,1494.0
2025-03-24,England,Latvia,3.0,0.0,FIFA World Cup qualification,London,England,False,4.0,1814.0,140.0,1084.0
2025-03-24,Albania,Andorra,3.0,0.0,FIFA World Cup qualification,Tirana,Albania,False,65.0,1376.0,171.0,972.0
2025-03-24,Lithuania,Finland,2.0,2.0,FIFA World Cup qualification,Kaunas,Lithuania,False,142.0,1070.0,69.0,1362.0
2025-03-25,Vietnam,Laos,5.0,0.0,AFC Asian Cup qualification,Thu Dau Mot,Vietnam,False,114.0,1165.0,186.0,890.0
2025-03-25,Syria,Pakistan,2.0,0.0,AFC Asian Cup qualification,Al Hofuf,Saudi Arabia,True,95.0,1249.0,198.0,843.0
2025-03-25,Myanmar,Afghanistan,2.0,1.0,AFC Asian Cup qualification,Yangon,Myanmar,False,169.0,981.0,156.0,1025.0
2025-03-25,Thailand,Sri Lanka,1.0,0.0,AFC Asian Cup qualification,Bangkok,Thailand,False,97.0,1231.0,200.0,833.0
2025-03-25,Lebanon,Brunei,5.0,0.0,AFC Asian Cup qualification,Al Wakrah,Qatar,True,112.0,1171.0,184.0,900.0
2025-03-25,India,Bangladesh,0.0,0.0,AFC Asian Cup qualification,Shillong,India,False,126.0,1134.0,185.0,899.0
2025-03-25,Malaysia,Nepal,2.0,0.0,AFC Asian Cup qualification,Johor,Malaysia,False,132.0,1116.0,175.0,939.0
2025-03-25,Bhutan,Yemen,0.0,0.0,AFC Asian Cup qualification,Thimphu,Bhutan,False,182.0,904.0,158.0,1018.0
2025-03-25,Philippines,Maldives,4.0,1.0,AFC Asian Cup qualification,Capas,Philippines,False,150.0,1047.0,162.0,1001.0
2025-03-25,Tajikistan,Timor-Leste,1.0,0.0,AFC Asian Cup qualification,Dushanbe,Tajikistan,False,104.0,1203.0,197.0,847.0
2025-03-25,Singapore,Hong Kong,0.0,0.0,AFC Asian Cup qualification,Kallang,Singapore,False,160.0,1012.0,155.0,1029.0
2025-03-25,Costa Rica,Belize,6.0,1.0,Gold Cup qualification,San José,Costa Rica,False,54.0,1455.0,178.0,925.0
2025-03-25,Bolivia,Uruguay,0.0,0.0,FIFA World Cup qualification,El Alto,Bolivia,False,79.0,1309.0,11.0,1696.0
2025-03-25,Cambodia,Aruba,1.0,2.0,Friendly,Phnom Penh,Cambodia,False,180.0,920.0,195.0,858.0
2025-03-25,Colombia,Paraguay,2.0,2.0,FIFA World Cup qualification,Barranquilla,Colombia,False,12.0,1694.0,53.0,1458.0
2025-03-25,Switzerland,Luxembourg,3.0,1.0,Friendly,Sankt Gallen,Switzerland,False,20.0,1625.0,92.0,1256.0
2025-03-25,Jamaica,Saint Vincent and the Grenadines,3.0,0.0,Gold Cup qualification,Kingston,Jamaica,False,62.0,1391.0,173.0,962.0
2025-03-25,Dominican Republic,Puerto Rico,2.0,0.0,Friendly,Santiago de los Caballeros,Dominican Republic,False,141.0,1083.0,157.0,1023.0
2025-03-25,Guatemala,Guyana,2.0,0.0,Gold Cup qualification,Guatemala City,Guatemala,False,105.0,1201.0,154.0,1031.0
2025-03-25,Russia,Zambia,5.0,0.0,Friendly,Moscow,Russia,False,34.0,1512.0,87.0,1279.0
2025-03-25,Azerbaijan,Belarus,0.0,2.0,Friendly,Masazir,Azerbaijan,False,117.0,1159.0,98.0,1226.0
2025-03-25,Trinidad and Tobago,Cuba,4.0,0.0,Gold Cup qualification,Couva,Trinidad and Tobago,False,102.0,1215.0,163.0,994.0
2025-03-25,Argentina,Brazil,4.0,1.0,FIFA World Cup qualification,Buenos Aires,Argentina,False,1.0,1867.0,5.0,1776.0
2025-03-25,Rwanda,Lesotho,1.0,1.0,FIFA World Cup qualification,Kigali,Rwanda,False,124.0,1136.0,149.0,1047.0
2025-03-25,Venezuela,Peru,1.0,0.0,FIFA World Cup qualification,Maturín,Venezuela,False,47.0,1476.0,40.0,1488.0
2025-03-25,Sweden,Northern Ireland,5.0,1.0,Friendly,Solna,Sweden,False,27.0,1540.0,71.0,1350.0
2025-03-25,Chile,Ecuador,0.0,0.0,FIFA World Cup qualification,Santiago,Chile,False,50.0,1469.0,24.0,1560.0
2025-03-25,Burundi,Seychelles,5.0,0.0,FIFA World Cup qualification,Meknes,Morocco,True,139.0,1087.0,201.0,831.0
2025-03-25,Senegal,Togo,2.0,0.0,FIFA World Cup qualification,Diamniadio,Senegal,False,17.0,1637.0,119.0,1152.0
2025-03-25,Mauritania,DR Congo,0.0,2.0,FIFA World Cup qualification,Nouadhibou,Mauritania,False,109.0,1183.0,61.0,1396.0
2025-03-25,Egypt,Sierra Leone,1.0,0.0,FIFA World Cup qualification,Cairo,Egypt,False,33.0,1513.0,129.0,1132.0
2025-03-25,Indonesia,Bahrain,1.0,0.0,FIFA World Cup qualification,Jakarta,Indonesia,False,127.0,1133.0,81.0,1306.0
2025-03-25,Japan,Saudi Arabia,0.0,0.0,FIFA World Cup qualification,Saitama,Japan,False,15.0,1653.0,59.0,1407.0
2025-03-25,Kuwait,Oman,0.0,1.0,FIFA World Cup qualification,Kuwait City,Kuwait,False,134.0,1109.0,80.0,1307.0
2025-03-25,Palestine,Iraq,2.0,1.0,FIFA World Cup qualification,Amman,Jordan,True,101.0,1216.0,56.0,1443.0
2025-03-25,Sudan,South Sudan,1.0,1.0,FIFA World Cup qualification,Benghazi,Libya,True,113.0,1165.0,170.0,974.0
2025-03-25,South Korea,Jordan,1.0,1.0,FIFA World Cup qualification,Suwon,South Korea,False,23.0,1585.0,64.0,1376.0
2025-03-25,North Korea,United Arab Emirates,1.0,2.0,FIFA World Cup qualification,Riyadh,Saudi Arabia,True,115.0,1164.0,63.0,1386.0
2025-03-25,Kyrgyzstan,Qatar,3.0,1.0,FIFA World Cup qualification,Bishkek,Kyrgyzstan,False,107.0,1194.0,48.0,1475.0
2025-03-25,Benin,South Africa,0.0,2.0,FIFA World Cup qualification,Abidjan,Ivory Coast,True,94.0,1251.0,57.0,1429.0
2025-03-25,Honduras,Bermuda,2.0,0.0,Gold Cup qualification,Tegucigalpa,Honduras,False,75.0,1326.0,166.0,988.0
2025-03-25,Montenegro,Faroe Islands,1.0,0.0,FIFA World Cup qualification,Nikšić,Montenegro,False,73.0,1327.0,137.0,1097.0
2025-03-25,Nigeria,Zimbabwe,1.0,1.0,FIFA World Cup qualification,Uyo,Nigeria,False,44.0,1482.0,121.0,1151.0
2025-03-25,Iran,Uzbekistan,2.0,2.0,FIFA World Cup qualification,Tehran,Iran,False,18.0,1635.0,58.0,1425.0
2025-03-25,North Macedonia,Wales,1.0,1.0,FIFA World Cup qualification,Skopje,North Macedonia,False,67.0,1369.0,29.0,1534.0
2025-03-25,Liechtenstein,Kazakhstan,0.0,2.0,FIFA World Cup qualification,Vaduz,Liechtenstein,False,204.0,822.0,110.0,1180.0
2025-03-25,Israel,Norway,2.0,4.0,FIFA World Cup qualification,Debrecen,Hungary,True,76.0,1322.0,43.0,1484.0
2025-03-25,Moldova,Estonia,2.0,3.0,FIFA World Cup qualification,Chișinău,Moldova,False,151.0,1046.0,123.0,1143.0
2025-03-25,Cameroon,Libya,3.0,1.0,FIFA World Cup qualification,Yaounde,Cameroon,False,49.0,1471.0,118.0,1158.0
2025-03-25,Algeria,Mozambique,5.0,1.0,FIFA World Cup qualification,Tizi Ouzou,Algeria,False,37.0,1496.0,96.0,1233.0
2025-03-25,Botswana,Somalia,2.0,0.0,FIFA World Cup qualification,Francistown,Botswana,False,136.0,1099.0,202.0,830.0
2025-03-25,Uganda,Guinea,1.0,0.0,FIFA World Cup qualification,Kira,Uganda,False,88.0,1270.0,78.0,1312.0
2025-03-25,Gibraltar,Czech Republic,0.0,4.0,FIFA World Cup qualification,Faro-Loulé,Portugal,True,196.0,849.0,42.0,1485.0
2025-03-25,Morocco,Tanzania,2.0,0.0,FIFA World Cup qualification,Oujda,Morocco,False,14.0,1688.0,106.0,1199.0
2025-03-25,Angola,Cape Verde,1.0,2.0,FIFA World Cup qualification,Luanda,Angola,False,85.0,1296.0,72.0,1329.0
2025-03-25,Comoros,Chad,1.0,0.0,FIFA World Cup qualification,Berkane,Morocco,True,103.0,1209.0,176.0,935.0
2025-05-09,Dominica,Barbados,0.0,0.0,Friendly,Roseau,Dominica,False,184.0,900.0,176.0,933.0
2025-05-11,Dominica,Barbados,0.0,0.0,Friendly,Roseau,Dominica,False,184.0,900.0,176.0,933.0
2025-05-21,Saint Kitts and Nevis,Saint Vincent and the Grenadines,1.0,3.0,Friendly,Old Road Town,Saint Kitts and Nevis,False,145.0,1065.0,172.0,966.0
2025-05-25,Anguilla,Saint Kitts and Nevis,2.0,4.0,Friendly,Quartier d'Orléans,Saint Martin,True,209.0,769.0,145.0,1065.0
2025-05-25,Saint Vincent and the Grenadines,Saint Kitts and Nevis,3.0,0.0,Friendly,Georgetown,Saint Vincent and the Grenadines,False,172.0,966.0,145.0,1065.0
2025-05-27,Jamaica,Trinidad and Tobago,3.0,2.0,Unity Cup,London,England,True,63.0,1387.0,100.0,1230.0
2025-05-28,Nigeria,Ghana,2.0,1.0,Unity Cup,London,England,True,43.0,1481.0,76.0,1333.0
2025-05-28,Oman,Lebanon,1.0,0.0,Friendly,Muscat,Oman,False,77.0,1324.0,112.0,1178.0
2025-05-29,Malaysia,Cape Verde,1.0,1.0,Friendly,Kuala Lumpur,Malaysia,False,131.0,1124.0,72.0,1344.0
2025-05-30,Saint Vincent and the Grenadines,British Virgin Islands,1.0,1.0,Friendly,Kingstown,Saint Vincent and the Grenadines,False,172.0,966.0,207.0,780.0
2025-05-30,Saudi Arabia,Jordan,2.0,0.0,Friendly,Dammam,Saudi Arabia,False,58.0,1419.0,62.0,1389.0
2025-05-31,Trinidad and Tobago,Ghana,0.0,4.0,Unity Cup,London,England,True,100.0,1230.0,76.0,1333.0
2025-05-31,Jamaica,Nigeria,2.0,2.0,Unity Cup,London,England,True,63.0,1387.0,43.0,1481.0
2025-06-01,Grenada,Anguilla,2.0,0.0,Friendly,Saint George's,Grenada,False,174.0,954.0,209.0,769.0
2025-06-01,El Salvador,Guatemala,1.0,1.0,Friendly,Chattanooga,United States,True,81.0,1301.0,106.0,1197.0
2025-06-01,Puerto Rico,Nicaragua,1.0,1.0,Friendly,Pawtucket,United States,True,157.0,1019.0,133.0,1114.0
2025-06-02,Tunisia,Burkina Faso,2.0,0.0,Friendly,Radès,Tunisia,False,49.0,1474.0,64.0,1385.0
2025-06-03,Malaysia,Cape Verde,0.0,3.0,Friendly,Kuala Lumpur,Malaysia,False,131.0,1124.0,72.0,1344.0
2025-06-04,Bermuda,Cayman Islands,5.0,0.0,FIFA World Cup qualification,Devonshire Parish,Bermuda,False,168.0,978.0,191.0,867.0
2025-06-04,Germany,Portugal,1.0,2.0,UEFA Nations League,Munich,Germany,False,10.0,1717.0,7.0,1750.0
2025-06-04,Thailand,India,2.0,0.0,Friendly,Pathum Thani,Thailand,False,99.0,1234.0,127.0,1132.0
2025-06-04,Barbados,Aruba,1.0,1.0,FIFA World Cup qualification,Wildey,Barbados,False,176.0,933.0,195.0,864.0
2025-06-04,Bangladesh,Bhutan,2.0,0.0,Friendly,Dhaka,Bangladesh,False,183.0,904.0,182.0,907.0
2025-06-04,Montserrat,Belize,1.0,0.0,FIFA World Cup qualification,Couva,Trinidad and Tobago,True,180.0,914.0,179.0,919.0
2025-06-04,Dominica,British Virgin Islands,3.0,0.0,FIFA World Cup qualification,Roseau,Dominica,False,184.0,900.0,207.0,780.0
2025-06-04,Saint Vincent and the Grenadines,Anguilla,6.0,0.0,FIFA World Cup qualification,Kingstown,Saint Vincent and the Grenadines,False,172.0,966.0,209.0,769.0
2025-06-04,Grenada,Bahamas,6.0,0.0,FIFA World Cup qualification,St. George's,Grenada,False,174.0,954.0,204.0,819.0
2025-06-05,Singapore,Maldives,3.0,1.0,Friendly,Bishan,Singapore,False,161.0,1002.0,164.0,986.0
2025-06-05,DR Congo,Mali,1.0,0.0,Friendly,Orléans,France,True,61.0,1407.0,53.0,1460.0
2025-06-05,Hong Kong,Nepal,0.0,0.0,Friendly,Hong Kong,Hong Kong,False,153.0,1033.0,175.0,936.0
2025-06-05,Georgia,Faroe Islands,1.0,0.0,Friendly,Tbilisi,Georgia,False,68.0,1373.0,141.0,1085.0
2025-06-05,Algeria,Rwanda,2.0,0.0,Friendly,Constantine,Algeria,False,36.0,1507.0,130.0,1127.0
2025-06-05,Cambodia,Tajikistan,1.0,2.0,Friendly,Phnom Penh,Cambodia,False,181.0,913.0,104.0,1203.0
2025-06-05,Belarus,Kazakhstan,4.0,1.0,Friendly,Borisov,Belarus,False,98.0,1235.0,113.0,1178.0
2025-06-05,Spain,France,5.0,4.0,UEFA Nations League,Stuttgart,Germany,True,2.0,1855.0,3.0,1853.0
2025-06-05,Chile,Argentina,0.0,1.0,FIFA World Cup qualification,Santiago,Chile,False,52.0,1462.0,1.0,1886.0
2025-06-05,Ecuador,Brazil,0.0,0.0,FIFA World Cup qualification,Guayaquil,Ecuador,False,24.0,1568.0,5.0,1776.0
2025-06-05,United Arab Emirates,Uzbekistan,0.0,0.0,FIFA World Cup qualification,Abu Dhabi,United Arab Emirates,False,65.0,1383.0,57.0,1437.0
2025-06-05,North Korea,Kyrgyzstan,2.0,2.0,FIFA World Cup qualification,Riyadh,Saudi Arabia,True,118.0,1153.0,103.0,1206.0
2025-06-05,Paraguay,Uruguay,2.0,0.0,FIFA World Cup qualification,Asunción,Paraguay,False,48.0,1476.0,13.0,1679.0
2025-06-05,Sri Lanka,Brunei,1.0,0.0,Friendly,Bangkok,Thailand,True,200.0,834.0,185.0,893.0
2025-06-05,Bahrain,Saudi Arabia,0.0,2.0,FIFA World Cup qualification,Riffa,Bahrain,False,84.0,1290.0,58.0,1419.0
2025-06-05,Australia,Japan,1.0,0.0,FIFA World Cup qualification,Perth,Australia,False,26.0,1555.0,15.0,1653.0
2025-06-05,Iraq,South Korea,0.0,2.0,FIFA World Cup qualification,Basra,Iraq,False,59.0,1413.0,23.0,1575.0
2025-06-05,Kuwait,Palestine,0.0,2.0,FIFA World Cup qualification,Kuwait City,Kuwait,False,134.0,1112.0,101.0,1225.0
2025-06-05,Qatar,Iran,1.0,0.0,FIFA World Cup qualification,Al Rayyan,Qatar,False,55.0,1457.0,18.0,1637.0
2025-06-05,Oman,Jordan,0.0,3.0,FIFA World Cup qualification,Muscat,Oman,False,77.0,1324.0,62.0,1389.0
2025-06-06,Niger,Gabon,4.0,3.0,Friendly,Casablanca,Morocco,True,122.0,1143.0,79.0,1310.0
2025-06-06,Poland,Moldova,2.0,0.0,Friendly,Chorzow,Poland,False,34.0,1517.0,154.0,1031.0
2025-06-06,Zimbabwe,Burkina Faso,0.0,2.0,Friendly,Mohammédia,Morocco,True,116.0,1161.0,64.0,1385.0
2025-06-06,Scotland,Iceland,1.0,3.0,Friendly,Glasgow,Scotland,False,44.0,1480.0,74.0,1337.0
2025-06-06,Luxembourg,Slovenia,0.0,1.0,Friendly,Luxembourg,Luxembourg,False,91.0,1262.0,51.0,1463.0
2025-06-06,South Africa,Tanzania,0.0,0.0,Friendly,Polokwane,South Africa,False,56.0,1445.0,107.0,1196.0
2025-06-06,Bulgaria,Cyprus,2.0,2.0,Friendly,Plovdiv,Bulgaria,False,85.0,1289.0,129.0,1128.0
2025-06-06,Kosovo,Armenia,5.0,2.0,Friendly,Pristina,Kosovo,False,97.0,1238.0,102.0,1208.0
2025-06-06,Hungary,Sweden,0.0,2.0,Friendly,Budapest,Hungary,False,37.0,1503.0,28.0,1536.0
2025-06-06,Equatorial Guinea,Gambia,1.0,2.0,Friendly,Marrakech,Morocco,True,92.0,1256.0,126.0,1133.0
2025-06-06,Central African Republic,Mauritania,2.0,1.0,Friendly,Casablanca,Morocco,True,135.0,1102.0,110.0,1180.0
2025-06-06,Uganda,Cameroon,0.0,3.0,Friendly,Marrakech,Morocco,True,89.0,1274.0,50.0,1466.0
2025-06-06,Republic of Ireland,Senegal,1.0,1.0,Friendly,Dublin,Republic of Ireland,False,60.0,1412.0,19.0,1630.0
2025-06-06,Morocco,Tunisia,2.0,0.0,Friendly,Fès,Morocco,False,12.0,1694.0,49.0,1474.0
2025-06-06,Burundi,Guinea-Bissau,1.0,0.0,Friendly,Berrechid,Egypt,True,140.0,1086.0,128.0,1128.0
2025-06-06,Suriname,Puerto Rico,1.0,0.0,FIFA World Cup qualification,Paramaribo,Suriname,False,137.0,1097.0,157.0,1019.0
2025-06-06,Gibraltar,Croatia,0.0,7.0,FIFA World Cup qualification,Faro-Loulé,Portugal,True,196.0,843.0,11.0,1699.0
2025-06-06,Nicaragua,Guyana,1.0,0.0,FIFA World Cup qualification,Managua,Nicaragua,False,133.0,1114.0,152.0,1038.0
2025-06-06,Curaçao,Saint Lucia,4.0,0.0,FIFA World Cup qualification,Willemstad,Curaçao,False,90.0,1265.0,165.0,986.0
2025-06-06,Trinidad and Tobago,Saint Kitts and Nevis,6.0,2.0,FIFA World Cup qualification,Port of Spain,Trinidad and Tobago,False,100.0,1230.0,145.0,1065.0
2025-06-06,Antigua and Barbuda,Cuba,0.0,1.0,FIFA World Cup qualification,Piggotts,Antigua and Barbuda,False,159.0,1011.0,167.0,980.0
2025-06-06,Russia,Nigeria,1.0,1.0,Friendly,Moscow,Russia,False,35.0,1516.0,43.0,1481.0
2025-06-06,Guatemala,Dominican Republic,4.0,2.0,FIFA World Cup qualification,Guatemala City,Guatemala,False,106.0,1197.0,139.0,1087.0
2025-06-06,North Macedonia,Belgium,1.0,1.0,FIFA World Cup qualification,Skopje,North Macedonia,False,67.0,1376.0,8.0,1736.0
2025-06-06,Czech Republic,Montenegro,2.0,0.0,FIFA World Cup qualification,Plzeň,Czech Republic,False,39.0,1491.0,73.0,1337.0
2025-06-06,Colombia,Peru,0.0,0.0,FIFA World Cup qualification,Barranquilla,Colombia,False,14.0,1679.0,42.0,1483.0
2025-06-06,Venezuela,Bolivia,2.0,0.0,FIFA World Cup qualification,Maturín,Venezuela,False,47.0,1477.0,80.0,1308.0
2025-06-06,Estonia,Israel,1.0,3.0,FIFA World Cup qualification,Tallinn,Estonia,False,121.0,1144.0,78.0,1322.0
2025-06-06,Wales,Liechtenstein,3.0,0.0,FIFA World Cup qualification,Cardiff,Wales,False,29.0,1536.0,205.0,814.0
2025-06-06,Norway,Italy,3.0,0.0,FIFA World Cup qualification,Oslo,Norway,False,38.0,1497.0,9.0,1718.0
2025-06-07,Andorra,England,0.0,1.0,FIFA World Cup qualification,Barcelona,Spain,True,173.0,957.0,4.0,1819.0
2025-06-07,Austria,Romania,2.0,1.0,FIFA World Cup qualification,Vienna,Austria,False,22.0,1580.0,45.0,1479.0
2025-06-07,Denmark,Northern Ireland,2.0,1.0,Friendly,Copenhagen,Denmark,False,21.0,1618.0,71.0,1349.0
2025-06-07,Latvia,Azerbaijan,0.0,0.0,Friendly,Riga,Latvia,False,138.0,1092.0,119.0,1151.0
2025-06-07,Mexico,Switzerland,2.0,4.0,Friendly,Salt Lake City,United States,True,17.0,1647.0,20.0,1625.0
2025-06-07,United States,Turkey,1.0,2.0,Friendly,East Hartford,United States,False,16.0,1649.0,27.0,1551.0
2025-06-07,Malta,Lithuania,0.0,0.0,FIFA World Cup qualification,Ta' Qali,Malta,False,169.0,976.0,143.0,1073.0
2025-06-07,Finland,Netherlands,0.0,2.0,FIFA World Cup qualification,Helsinki,Finland,False,69.0,1360.0,6.0,1752.0
2025-06-07,Bosnia and Herzegovina,San Marino,1.0,0.0,FIFA World Cup qualification,Zenica,Bosnia and Herzegovina,False,70.0,1351.0,210.0,741.0
2025-06-07,Greece,Slovakia,4.0,1.0,Friendly,Heraklion,Greece,False,40.0,1490.0,46.0,1478.0
2025-06-07,Belize,Panama,0.0,2.0,FIFA World Cup qualification,Belmopan,Belize,False,179.0,919.0,33.0,1518.0
2025-06-07,Ivory Coast,New Zealand,0.0,1.0,Canadian Shield,Toronto,Canada,True,41.0,1487.0,86.0,1285.0
2025-06-07,Kenya,Chad,0.0,0.0,Friendly,Marrakech,Morocco,True,111.0,1179.0,177.0,925.0
2025-06-07,Cayman Islands,Honduras,0.0,1.0,FIFA World Cup qualification,George Town,Cayman Islands,False,191.0,867.0,75.0,1334.0
2025-06-07,Bahamas,Costa Rica,0.0,8.0,FIFA World Cup qualification,Wildey,Barbados,True,204.0,819.0,54.0,1459.0
2025-06-07,Aruba,Haiti,0.0,5.0,FIFA World Cup qualification,Oranjestad,Aruba,False,195.0,864.0,83.0,1292.0
2025-06-07,British Virgin Islands,Jamaica,0.0,1.0,FIFA World Cup qualification,Road Town,British Virgin Islands,False,207.0,780.0,63.0,1387.0
2025-06-07,Anguilla,El Salvador,0.0,3.0,FIFA World Cup qualification,The Valley,Anguilla,False,209.0,769.0,81.0,1301.0
2025-06-07,Albania,Serbia,0.0,0.0,FIFA World Cup qualification,Tirana,Albania,False,66.0,1376.0,31.0,1524.0
2025-06-07,Canada,Ukraine,4.0,2.0,Canadian Shield,Toronto,Canada,False,30.0,1532.0,25.0,1560.0
2025-06-08,Portugal,Spain,2.0,2.0,UEFA Nations League,Munich,Germany,True,7.0,1750.0,2.0,1855.0
2025-06-08,Germany,France,0.0,2.0,UEFA Nations League,Stuttgart,Germany,False,10.0,1717.0,3.0,1853.0
2025-06-08,Georgia,Cape Verde,1.0,1.0,Friendly,Kutaisi,Georgia,False,68.0,1373.0,72.0,1344.0
2025-06-08,DR Congo,Madagascar,3.0,1.0,Friendly,Orléans,France,True,61.0,1407.0,115.0,1163.0
2025-06-09,Kosovo,Comoros,4.0,2.0,Friendly,Pristina,Kosovo,False,97.0,1238.0,105.0,1203.0
2025-06-09,Morocco,Benin,1.0,0.0,Friendly,Fès,Morocco,False,12.0,1694.0,95.0,1240.0
2025-06-09,Algeria,Rwanda,2.0,0.0,Friendly,Blida,Algeria,False,36.0,1507.0,130.0,1127.0
2025-06-09,Equatorial Guinea,Cameroon,1.0,1.0,Friendly,Marrakech,Morocco,True,92.0,1256.0,50.0,1466.0
2025-06-09,Gabon,Guinea-Bissau,2.0,0.0,Friendly,Mohammédia,Morocco,True,79.0,1310.0,128.0,1128.0
2025-06-09,Liechtenstein,Scotland,0.0,4.0,Friendly,Vaduz,Liechtenstein,False,205.0,814.0,44.0,1480.0
2025-06-09,Montenegro,Armenia,2.0,2.0,Friendly,Nikšić,Montenegro,False,73.0,1337.0,102.0,1208.0
2025-06-09,Italy,Moldova,2.0,0.0,FIFA World Cup qualification,Reggio Emilia,Italy,False,9.0,1718.0,154.0,1031.0
2025-06-09,Kazakhstan,North Macedonia,0.0,1.0,FIFA World Cup qualification,Astana,Kazakhstan,False,113.0,1178.0,67.0,1376.0
2025-06-09,Belgium,Wales,4.0,3.0,FIFA World Cup qualification,Brussels,Belgium,False,8.0,1736.0,29.0,1536.0
2025-06-09,Faroe Islands,Gibraltar,2.0,1.0,FIFA World Cup qualification,Tórshavn,Faroe Islands,False,141.0,1085.0,196.0,843.0
2025-06-09,Croatia,Czech Republic,5.0,1.0,FIFA World Cup qualification,Osijek,Croatia,False,11.0,1699.0,39.0,1491.0
2025-06-09,Estonia,Norway,0.0,1.0,FIFA World Cup qualification,Tallinn,Estonia,False,121.0,1144.0,38.0,1497.0
2025-06-09,Uganda,Gambia,1.0,1.0,Friendly,Marrakech,Morocco,True,89.0,1274.0,126.0,1133.0
2025-06-10,Azerbaijan,Hungary,1.0,2.0,Friendly,Baku,Azerbaijan,False,119.0,1151.0,37.0,1503.0
2025-06-10,Malaysia,Vietnam,4.0,0.0,AFC Asian Cup qualification,Kuala Lumpur,Malaysia,False,131.0,1124.0,109.0,1184.0
2025-06-10,Laos,Nepal,2.0,1.0,AFC Asian Cup qualification,Vientiane,Laos,False,190.0,876.0,175.0,936.0
2025-06-10,Afghanistan,Syria,0.0,1.0,AFC Asian Cup qualification,Al Hofuf,Saudi Arabia,True,160.0,1008.0,93.0,1254.0
2025-06-10,Myanmar,Pakistan,1.0,0.0,AFC Asian Cup qualification,Yangon,Myanmar,False,162.0,995.0,198.0,838.0
2025-06-10,Turkmenistan,Thailand,3.0,1.0,AFC Asian Cup qualification,Ashgabat,Turkmenistan,False,142.0,1076.0,99.0,1234.0
2025-06-10,Yemen,Lebanon,0.0,0.0,AFC Asian Cup qualification,Kuwait City,Kuwait,True,158.0,1018.0,112.0,1178.0
2025-06-10,Hong Kong,India,1.0,0.0,AFC Asian Cup qualification,Kowloon,Hong Kong,False,153.0,1033.0,127.0,1132.0
2025-06-10,Argentina,Colombia,1.0,1.0,FIFA World Cup qualification,Buenos Aires,Argentina,False,1.0,1886.0,14.0,1679.0
2025-06-10,Brunei,Bhutan,2.0,1.0,AFC Asian Cup qualification,Bandar Seri Begawan,Brunei,False,185.0,893.0,182.0,907.0
2025-06-10,Philippines,Tajikistan,2.0,2.0,AFC Asian Cup qualification,Capas,Philippines,False,146.0,1063.0,104.0,1203.0
2025-06-10,Timor-Leste,Maldives,1.0,0.0,AFC Asian Cup qualification,Darwin,Australia,True,197.0,840.0,164.0,986.0
2025-06-10,Burundi,Mauritania,0.0,0.0,Friendly,Mohammédia,Morocco,True,140.0,1086.0,110.0,1180.0
2025-06-10,Bolivia,Chile,2.0,0.0,FIFA World Cup qualification,El Alto,Bolivia,False,80.0,1308.0,52.0,1462.0
2025-06-10,Denmark,Lithuania,5.0,0.0,Friendly,Odense,Denmark,False,21.0,1618.0,143.0,1073.0
2025-06-10,England,Senegal,1.0,3.0,Friendly,London,England,False,4.0,1819.0,19.0,1630.0
2025-06-10,Greece,Bulgaria,4.0,0.0,Friendly,Heraklion,Greece,False,40.0,1490.0,85.0,1289.0
2025-06-10,Israel,Slovakia,1.0,0.0,Friendly,Debrecen,Hungary,True,78.0,1322.0,46.0,1478.0
2025-06-10,Luxembourg,Republic of Ireland,0.0,0.0,Friendly,Luxembourg,Luxembourg,False,91.0,1262.0,60.0,1412.0
2025-06-10,Mexico,Turkey,1.0,0.0,Friendly,Chapel Hill,United States,True,17.0,1647.0,27.0,1551.0
2025-06-10,Niger,Zimbabwe,1.0,1.0,Friendly,Casablanca,Morocco,True,122.0,1143.0,116.0,1161.0
2025-06-10,Northern Ireland,Iceland,1.0,0.0,Friendly,Belfast,Northern Ireland,False,71.0,1349.0,74.0,1337.0
2025-06-10,Slovenia,Bosnia and Herzegovina,2.0,1.0,Friendly,Celje,Slovenia,False,51.0,1463.0,70.0,1351.0
2025-06-10,South Africa,Mozambique,2.0,0.0,Friendly,Polokwane,South Africa,False,56.0,1445.0,96.0,1239.0
2025-06-10,Sweden,Algeria,4.0,3.0,Friendly,Solna,Sweden,False,28.0,1536.0,36.0,1507.0
2025-06-10,United States,Switzerland,0.0,4.0,Friendly,Nashville,United States,False,16.0,1649.0,20.0,1625.0
2025-06-10,Peru,Ecuador,0.0,0.0,FIFA World Cup qualification,Lima,Peru,False,42.0,1483.0,24.0,1568.0
2025-06-10,Chad,Kenya,1.0,2.0,Friendly,Marrakech,Morocco,True,177.0,925.0,111.0,1179.0
2025-06-10,Bangladesh,Singapore,1.0,2.0,AFC Asian Cup qualification,Dhaka,Bangladesh,False,183.0,904.0,161.0,1002.0
2025-06-10,Uruguay,Venezuela,2.0,0.0,FIFA World Cup qualification,Montevideo,Uruguay,False,13.0,1679.0,47.0,1477.0
2025-06-10,El Salvador,Suriname,1.0,1.0,FIFA World Cup qualification,San Salvador,El Salvador,False,81.0,1301.0,137.0,1097.0
2025-06-10,New Zealand,Ukraine,1.0,2.0,Canadian Shield,Toronto,Canada,True,86.0,1285.0,25.0,1560.0
2025-06-10,Serbia,Andorra,3.0,0.0,FIFA World Cup qualification,Leskovac,Serbia,False,31.0,1524.0,173.0,957.0
2025-06-10,Romania,Cyprus,2.0,0.0,FIFA World Cup qualification,Bucharest,Romania,False,45.0,1479.0,129.0,1128.0
2025-06-10,San Marino,Austria,0.0,4.0,FIFA World Cup qualification,Serravalle,San Marino,False,210.0,741.0,22.0,1580.0
2025-06-10,Finland,Poland,2.0,1.0,FIFA World Cup qualification,Helsinki,Finland,False,69.0,1360.0,34.0,1517.0
2025-06-10,Brazil,Paraguay,1.0,0.0,FIFA World Cup qualification,São Paulo,Brazil,False,5.0,1776.0,48.0,1476.0
2025-06-10,Saudi Arabia,Australia,1.0,2.0,FIFA World Cup qualification,Jeddah,Saudi Arabia,False,58.0,1419.0,26.0,1555.0
2025-06-10,Jordan,Iraq,0.0,1.0,FIFA World Cup qualification,Amman,Jordan,False,62.0,1389.0,59.0,1413.0
2025-06-10,Palestine,Oman,1.0,1.0,FIFA World Cup qualification,Amman,Jordan,True,101.0,1225.0,77.0,1324.0
2025-06-10,South Korea,Kuwait,4.0,0.0,FIFA World Cup qualification,Seoul,South Korea,False,23.0,1575.0,134.0,1112.0
2025-06-10,Kyrgyzstan,United Arab Emirates,1.0,1.0,FIFA World Cup qualification,Bishkek,Kyrgyzstan,False,103.0,1206.0,65.0,1383.0
2025-06-10,Iran,North Korea,3.0,0.0,FIFA World Cup qualification,Tehran,Iran,False,18.0,1637.0,118.0,1153.0
2025-06-10,Japan,Indonesia,6.0,0.0,FIFA World Cup qualification,Suita,Japan,False,15.0,1653.0,123.0,1143.0
2025-06-10,Latvia,Albania,1.0,1.0,FIFA World Cup qualification,Riga,Latvia,False,138.0,1092.0,66.0,1376.0
2025-06-10,Netherlands,Malta,8.0,0.0,FIFA World Cup qualification,Groningen,Netherlands,False,6.0,1752.0,169.0,976.0
2025-06-10,Canada,Ivory Coast,0.0,0.0,Canadian Shield,Toronto,Canada,False,30.0,1532.0,41.0,1487.0
2025-06-10,Belarus,Russia,1.0,4.0,Friendly,Minsk,Belarus,False,98.0,1235.0,35.0,1516.0
2025-06-10,Cuba,Bermuda,1.0,2.0,FIFA World Cup qualification,Santiago de Cuba,Cuba,False,167.0,980.0,168.0,978.0
2025-06-10,Honduras,Antigua and Barbuda,2.0,0.0,FIFA World Cup qualification,Tegucigalpa,Honduras,False,75.0,1334.0,159.0,1011.0
2025-06-10,Saint Kitts and Nevis,Grenada,2.0,3.0,FIFA World Cup qualification,Basseterre,Saint Kitts and Nevis,False,145.0,1065.0,174.0,954.0
2025-06-10,Costa Rica,Trinidad and Tobago,2.0,1.0,FIFA World Cup qualification,San José,Costa Rica,False,54.0,1459.0,100.0,1230.0
2025-06-10,Saint Lucia,Barbados,2.0,1.0,FIFA World Cup qualification,Gros Islet,Saint Lucia,False,165.0,986.0,176.0,933.0
2025-06-10,Haiti,Curaçao,1.0,5.0,FIFA World Cup qualification,Oranjestad,Aruba,True,83.0,1292.0,90.0,1265.0
2025-06-10,Guyana,Montserrat,3.0,0.0,FIFA World Cup qualification,Leonora,Guyana,False,152.0,1038.0,180.0,914.0
2025-06-10,Panama,Nicaragua,3.0,0.0,FIFA World Cup qualification,Panama City,Panama,False,33.0,1518.0,133.0,1114.0
2025-06-10,Dominican Republic,Dominica,5.0,0.0,FIFA World Cup qualification,Santo Domingo,Dominican Republic,False,139.0,1087.0,184.0,900.0
2025-06-10,Jamaica,Guatemala,3.0,0.0,FIFA World Cup qualification,Kingston,Jamaica,False,63.0,1387.0,106.0,1197.0
2025-06-10,Uzbekistan,Qatar,3.0,0.0,FIFA World Cup qualification,Tashkent,Uzbekistan,False,57.0,1437.0,55.0,1457.0
2025-06-10,Puerto Rico,Saint Vincent and the Grenadines,2.0,1.0,FIFA World Cup qualification,Mayagüez,Puerto Rico,False,157.0,1019.0,172.0,966.0
2025-06-14,Mexico,Dominican Republic,3.0,2.0,Gold Cup,Inglewood,United States,True,17.0,1647.0,139.0,1087.0
2025-06-15,Haiti,Saudi Arabia,0.0,1.0,Gold Cup,San Diego,United States,True,83.0,1292.0,58.0,1419.0
2025-06-15,Costa Rica,Suriname,4.0,3.0,Gold Cup,San Diego,United States,True,54.0,1459.0,137.0,1097.0
2025-06-15,United States,Trinidad and Tobago,5.0,0.0,Gold Cup,San Jose,United States,False,16.0,1649.0,100.0,1230.0
2025-06-16,Jamaica,Guatemala,0.0,1.0,Gold Cup,Carson,United States,True,63.0,1387.0,106.0,1197.0
2025-06-17,Curaçao,El Salvador,0.0,0.0,Gold Cup,San Jose,United States,True,90.0,1265.0,81.0,1301.0
2025-06-17,Canada,Honduras,6.0,0.0,Gold Cup,Vancouver,Canada,False,30.0,1532.0,75.0,1334.0
2025-06-18,Costa Rica,Dominican Republic,2.0,1.0,Gold Cup,Arlington,United States,True,54.0,1459.0,139.0,1087.0
2025-06-18,Suriname,Mexico,0.0,2.0,Gold Cup,Arlington,United States,True,137.0,1097.0,17.0,1647.0
2025-06-19,Trinidad and Tobago,Haiti,1.0,1.0,Gold Cup,Houston,United States,True,100.0,1230.0,83.0,1292.0
2025-06-19,United States,Saudi Arabia,1.0,0.0,Gold Cup,Austin,United States,False,16.0,1649.0,58.0,1419.0
2025-06-20,Guatemala,Panama,0.0,1.0,Gold Cup,Austin,United States,True,106.0,1197.0,33.0,1518.0
2025-06-21,Curaçao,Canada,1.0,1.0,Gold Cup,Houston,United States,True,90.0,1265.0,30.0,1532.0
2025-06-21,Honduras,El Salvador,2.0,0.0,Gold Cup,Houston,United States,True,75.0,1334.0,81.0,1301.0
2025-06-22,Mexico,Costa Rica,0.0,0.0,Gold Cup,Paradise,United States,True,17.0,1647.0,54.0,1459.0
2025-06-22,Dominican Republic,Suriname,0.0,0.0,Gold Cup,Arlington,United States,True,139.0,1087.0,137.0,1097.0
2025-06-22,Saudi Arabia,Trinidad and Tobago,1.0,1.0,Gold Cup,Paradise,United States,True,58.0,1419.0,100.0,1230.0
2025-06-22,United States,Haiti,2.0,1.0,Gold Cup,Arlington,United States,False,16.0,1649.0,83.0,1292.0
2025-06-24,Honduras,Curaçao,2.0,1.0,Gold Cup,San Jose,United States,True,75.0,1334.0,90.0,1265.0
2025-06-24,Canada,El Salvador,2.0,0.0,Gold Cup,Houston,United States,True,30.0,1532.0,81.0,1301.0
2025-06-24,Panama,Jamaica,4.0,1.0,Gold Cup,Austin,United States,True,33.0,1518.0,63.0,1387.0
2025-06-28,Panama,Honduras,1.0,1.0,Gold Cup,Glendale,United States,True,33.0,1518.0,75.0,1334.0
2025-06-28,Mexico,Saudi Arabia,2.0,0.0,Gold Cup,Glendale,United States,True,17.0,1647.0,58.0,1419.0
2025-06-29,Canada,Guatemala,1.0,1.0,Gold Cup,Minneapolis,United States,True,30.0,1532.0,106.0,1197.0
2025-06-29,United States,Costa Rica,2.0,2.0,Gold Cup,Minneapolis,United States,False,16.0,1649.0,54.0,1459.0
2025-07-02,United States,Guatemala,2.0,1.0,Gold Cup,St. Louis,United States,False,16.0,1649.0,106.0,1197.0
2025-07-02,Mexico,Honduras,1.0,0.0,Gold Cup,Santa Clara,United States,True,17.0,1647.0,75.0,1334.0
2025-07-06,United States,Mexico,1.0,2.0,Gold Cup,Houston,United States,False,16.0,1649.0,17.0,1647.0
2025-08-24,Qatar,Lebanon,2.0,2.0,Friendly,Doha,Qatar,False,53.0,1460.0,112.0,1172.0
2025-09-03,Qatar,Bahrain,2.0,2.0,Friendly,Doha,Qatar,False,53.0,1460.0,89.0,1267.0
2025-09-03,Seychelles,Gabon,0.0,4.0,FIFA World Cup qualification,Saint Pierre,Mauritius,True,203.0,821.0,80.0,1307.0
2025-09-04,Malaysia,Singapore,2.0,1.0,Friendly,Kuala Lumpur,Malaysia,False,125.0,1138.0,159.0,1017.0
2025-09-04,Norway,Finland,1.0,0.0,Friendly,Oslo,Norway,False,33.0,1519.0,69.0,1372.0
2025-09-04,Russia,Jordan,0.0,0.0,Friendly,Moscow,Russia,False,35.0,1519.0,64.0,1388.0
2025-09-04,Saudi Arabia,North Macedonia,2.0,1.0,Friendly,Prague,Czech Republic,True,59.0,1415.0,62.0,1391.0
2025-09-04,United Arab Emirates,Syria,3.0,1.0,Friendly,Dubai,United Arab Emirates,False,65.0,1380.0,91.0,1261.0
2025-09-04,Colombia,Bolivia,3.0,0.0,FIFA World Cup qualification,Barranquilla,Colombia,False,14.0,1679.0,78.0,1316.0
2025-09-04,Gibraltar,Albania,0.0,1.0,Friendly,Gibraltar,Gibraltar,False,199.0,835.0,68.0,1373.0
2025-09-04,Brazil,Chile,3.0,0.0,FIFA World Cup qualification,Rio de Janeiro,Brazil,False,5.0,1778.0,57.0,1442.0
2025-09-04,Uruguay,Peru,3.0,0.0,FIFA World Cup qualification,Montevideo,Uruguay,False,16.0,1671.0,42.0,1490.0
2025-09-04,Mauritius,Cape Verde,0.0,2.0,FIFA World Cup qualification,Saint Pierre,Mauritius,False,177.0,922.0,73.0,1344.0
2025-09-04,Guinea-Bissau,Sierra Leone,1.0,1.0,FIFA World Cup qualification,Bissau,Guinea-Bissau,False,131.0,1120.0,124.0,1140.0
2025-09-04,Angola,Libya,0.0,1.0,FIFA World Cup qualification,Luanda,Angola,False,85.0,1280.0,117.0,1155.0
2025-09-04,Cameroon,Eswatini,3.0,0.0,FIFA World Cup qualification,Yaoundé,Cameroon,False,51.0,1467.0,155.0,1023.0
2025-09-04,Argentina,Venezuela,3.0,0.0,FIFA World Cup qualification,Buenos Aires,Argentina,False,1.0,1885.0,46.0,1477.0
2025-09-04,Paraguay,Ecuador,0.0,0.0,FIFA World Cup qualification,Asunción,Paraguay,False,43.0,1487.0,25.0,1571.0
2025-09-04,Lithuania,Malta,1.0,1.0,FIFA World Cup qualification,Kaunas,Lithuania,False,143.0,1069.0,168.0,977.0
2025-09-04,Algeria,Botswana,3.0,1.0,FIFA World Cup qualification,Tizi Ouzou,Algeria,False,36.0,1504.0,135.0,1101.0
2025-09-04,Netherlands,Poland,1.0,1.0,FIFA World Cup qualification,Rotterdam,Netherlands,False,7.0,1758.0,37.0,1502.0
2025-09-04,Madagascar,Central African Republic,2.0,0.0,FIFA World Cup qualification,Casablanca,Morocco,True,115.0,1163.0,134.0,1108.0
2025-09-04,Mali,Comoros,3.0,0.0,FIFA World Cup qualification,Berkane,Morocco,True,54.0,1455.0,107.0,1199.0
2025-09-04,Luxembourg,Northern Ireland,1.0,3.0,FIFA World Cup qualification,Luxembourg,Luxembourg,False,92.0,1260.0,71.0,1351.0
2025-09-04,Slovakia,Germany,2.0,0.0,FIFA World Cup qualification,Bratislava,Slovakia,False,52.0,1467.0,9.0,1717.0
2025-09-04,Georgia,Turkey,2.0,3.0,FIFA World Cup qualification,Tbilisi,Georgia,False,67.0,1375.0,27.0,1553.0
2025-09-04,Bulgaria,Spain,0.0,3.0,FIFA World Cup qualification,Sofia,Bulgaria,False,84.0,1284.0,2.0,1867.0
2025-09-04,Chad,Ghana,1.0,1.0,FIFA World Cup qualification,N'Djamena,Chad,False,175.0,925.0,76.0,1333.0
2025-09-04,Kazakhstan,Wales,0.0,1.0,FIFA World Cup qualification,Astana,Kazakhstan,False,114.0,1165.0,31.0,1529.0
2025-09-04,Tunisia,Liberia,3.0,0.0,FIFA World Cup qualification,Radès,Tunisia,False,49.0,1471.0,144.0,1068.0
2025-09-04,Iraq,Hong Kong,2.0,1.0,King's Cup,Kanchanaburi,Thailand,True,58.0,1417.0,147.0,1047.0
2025-09-04,Thailand,Fiji,3.0,0.0,King's Cup,Kanchanaburi,Thailand,False,102.0,1222.0,150.0,1043.0
2025-09-04,Suriname,Panama,0.0,0.0,FIFA World Cup qualification,Paramaribo,Suriname,False,136.0,1100.0,30.0,1545.0
2025-09-04,Guatemala,El Salvador,0.0,1.0,FIFA World Cup qualification,Guatemala City,Guatemala,False,100.0,1236.0,87.0,1273.0
2025-09-04,Liechtenstein,Belgium,0.0,6.0,FIFA World Cup qualification,Vaduz,Liechtenstein,False,204.0,812.0,8.0,1736.0
2025-09-05,Somalia,Guinea,0.0,3.0,FIFA World Cup qualification,Kampala,Uganda,True,200.0,832.0,81.0,1293.0
2025-09-05,Australia,New Zealand,1.0,0.0,Soccer Ashes,Canberra,Australia,False,24.0,1579.0,82.0,1289.0
2025-09-05,Romania,Canada,0.0,3.0,Friendly,Bucharest,Romania,False,48.0,1474.0,28.0,1549.0
2025-09-05,Djibouti,Burkina Faso,0.0,6.0,FIFA World Cup qualification,Bissau,Guinea-Bissau,True,191.0,866.0,63.0,1388.0
2025-09-05,South Sudan,DR Congo,1.0,4.0,FIFA World Cup qualification,Juba,South Sudan,False,169.0,976.0,61.0,1412.0
2025-09-05,Mauritania,Togo,2.0,0.0,FIFA World Cup qualification,Nouadhibou,Mauritania,False,111.0,1173.0,120.0,1149.0
2025-09-05,Senegal,Sudan,2.0,0.0,FIFA World Cup qualification,Diamniadio,Senegal,False,18.0,1635.0,110.0,1174.0
2025-09-05,Benin,Zimbabwe,1.0,0.0,FIFA World Cup qualification,Ebimpé,Ivory Coast,True,96.0,1239.0,116.0,1157.0
2025-09-05,Morocco,Niger,5.0,0.0,FIFA World Cup qualification,Rabat,Morocco,False,12.0,1699.0,121.0,1148.0
2025-09-05,Kenya,Gambia,1.0,3.0,FIFA World Cup qualification,Nairobi,Kenya,False,109.0,1179.0,123.0,1141.0
2025-09-05,Ivory Coast,Burundi,1.0,0.0,FIFA World Cup qualification,Abidjan,Ivory Coast,False,45.0,1483.0,139.0,1093.0
2025-09-05,Egypt,Ethiopia,2.0,0.0,FIFA World Cup qualification,Cairo,Egypt,False,34.0,1519.0,146.0,1061.0
2025-09-05,South Africa,Lesotho,3.0,0.0,FIFA World Cup qualification,Bloemfontein,South Africa,False,56.0,1443.0,148.0,1046.0
2025-09-05,Uganda,Mozambique,4.0,0.0,FIFA World Cup qualification,Kampala,Uganda,False,88.0,1269.0,99.0,1236.0
2025-09-05,Italy,Estonia,5.0,0.0,FIFA World Cup qualification,Bergamo,Italy,False,11.0,1703.0,126.0,1131.0
2025-09-05,Montenegro,Czech Republic,0.0,2.0,FIFA World Cup qualification,Podgorica,Montenegro,False,77.0,1327.0,41.0,1492.0
2025-09-05,Slovenia,Sweden,2.0,2.0,FIFA World Cup qualification,Ljubljana,Slovenia,False,50.0,1470.0,29.0,1545.0
2025-09-05,Switzerland,Kosovo,4.0,0.0,FIFA World Cup qualification,Basel,Switzerland,False,19.0,1635.0,95.0,1248.0
2025-09-05,Denmark,Scotland,0.0,0.0,FIFA World Cup qualification,Copenhagen,Denmark,False,21.0,1621.0,47.0,1475.0
2025-09-05,Greece,Belarus,5.0,1.0,FIFA World Cup qualification,Athens,Greece,False,39.0,1498.0,97.0,1237.0
2025-09-05,Ukraine,France,0.0,2.0,FIFA World Cup qualification,Wrocław,Poland,True,26.0,1557.0,3.0,1862.0
2025-09-05,Iceland,Azerbaijan,5.0,0.0,FIFA World Cup qualification,Reykjavík,Iceland,False,74.0,1338.0,122.0,1148.0
2025-09-05,Moldova,Israel,0.0,4.0,FIFA World Cup qualification,Chișinău,Moldova,False,154.0,1028.0,75.0,1337.0
2025-09-05,Faroe Islands,Croatia,0.0,1.0,FIFA World Cup qualification,Tórshavn,Faroe Islands,False,141.0,1090.0,10.0,1708.0
2025-09-05,Bermuda,Jamaica,0.0,4.0,FIFA World Cup qualification,Devonshire Parish,Bermuda,False,162.0,1000.0,70.0,1363.0
2025-09-05,Trinidad and Tobago,Curaçao,0.0,0.0,FIFA World Cup qualification,Port of Spain,Trinidad and Tobago,False,101.0,1229.0,86.0,1277.0
2025-09-05,Haiti,Honduras,0.0,0.0,FIFA World Cup qualification,Willemstad,Curaçao,True,90.0,1261.0,66.0,1380.0
2025-09-05,Namibia,Malawi,1.0,2.0,FIFA World Cup qualification,Francistown,Botswana,True,108.0,1192.0,129.0,1121.0
2025-09-05,Nicaragua,Costa Rica,1.0,1.0,FIFA World Cup qualification,Managua,Nicaragua,False,130.0,1120.0,40.0,1494.0
2025-09-06,United States,South Korea,0.0,2.0,Friendly,Harrison,United States,False,15.0,1671.0,23.0,1587.0
2025-09-06,Republic of Ireland,Hungary,2.0,2.0,FIFA World Cup qualification,Dublin,Republic of Ireland,False,60.0,1413.0,38.0,1501.0
2025-09-06,Mexico,Japan,0.0,0.0,Friendly,Oakland,United States,True,13.0,1690.0,17.0,1641.0
2025-09-06,Nepal,Bangladesh,0.0,0.0,Friendly,Kathmandu,Nepal,False,176.0,923.0,184.0,899.0
2025-09-06,Nigeria,Rwanda,1.0,0.0,FIFA World Cup qualification,Uyo,Nigeria,False,44.0,1484.0,127.0,1125.0
2025-09-06,Austria,Cyprus,1.0,0.0,FIFA World Cup qualification,Linz,Austria,False,22.0,1591.0,128.0,1124.0
2025-09-06,Armenia,Portugal,0.0,5.0,FIFA World Cup qualification,Yerevan,Armenia,False,105.0,1205.0,6.0,1771.0
2025-09-06,San Marino,Bosnia and Herzegovina,0.0,6.0,FIFA World Cup qualification,Serravalle,San Marino,False,210.0,738.0,72.0,1349.0
2025-09-06,Latvia,Serbia,0.0,1.0,FIFA World Cup qualification,Riga,Latvia,False,137.0,1099.0,32.0,1523.0
2025-09-06,England,Andorra,2.0,0.0,FIFA World Cup qualification,London,England,False,4.0,1813.0,174.0,954.0
2025-09-06,Sri Lanka,Maldives,0.0,3.0,South Asian Super Cup,Colombo,Sri Lanka,False,196.0,855.0,171.0,966.0
2025-09-07,Georgia,Bulgaria,3.0,0.0,FIFA World Cup qualification,Tbilisi,Georgia,False,67.0,1375.0,84.0,1284.0
2025-09-07,Central African Republic,Comoros,0.0,2.0,FIFA World Cup qualification,Meknes,Morocco,True,134.0,1108.0,107.0,1199.0
2025-09-07,Germany,Northern Ireland,3.0,1.0,FIFA World Cup qualification,Cologne,Germany,False,9.0,1717.0,71.0,1351.0
2025-09-07,Luxembourg,Slovakia,0.0,1.0,FIFA World Cup qualification,Luxembourg,Luxembourg,False,92.0,1260.0,52.0,1467.0
2025-09-07,Turkey,Spain,0.0,6.0,FIFA World Cup qualification,Konya,Turkey,False,27.0,1553.0,2.0,1867.0
2025-09-07,Lithuania,Netherlands,2.0,3.0,FIFA World Cup qualification,Kaunas,Lithuania,False,143.0,1069.0,7.0,1758.0
2025-09-07,Poland,Finland,3.0,1.0,FIFA World Cup qualification,Chorzów,Poland,False,37.0,1502.0,69.0,1372.0
2025-09-07,North Macedonia,Liechtenstein,5.0,0.0,FIFA World Cup qualification,Skopje,North Macedonia,False,62.0,1391.0,204.0,812.0
2025-09-07,Qatar,Russia,1.0,4.0,Friendly,Doha,Qatar,False,53.0,1460.0,35.0,1519.0
2025-09-07,Fiji,Hong Kong,0.0,8.0,King's Cup,Kanchanaburi,Thailand,True,150.0,1043.0,147.0,1047.0
2025-09-07,Thailand,Iraq,0.0,1.0,King's Cup,Kanchanaburi,Thailand,False,102.0,1222.0,58.0,1417.0
2025-09-07,Belgium,Kazakhstan,6.0,0.0,FIFA World Cup qualification,Anderlecht,Belgium,False,8.0,1736.0,114.0,1165.0
2025-09-08,Czech Republic,Saudi Arabia,1.0,1.0,Friendly,Hradec Králové,Czech Republic,False,41.0,1492.0,59.0,1415.0
2025-09-08,Malaysia,Palestine,1.0,0.0,Friendly,Johor,Malaysia,False,125.0,1138.0,98.0,1236.0
2025-09-08,Syria,Kuwait,2.0,2.0,Friendly,Doha,Qatar,True,91.0,1261.0,138.0,1099.0
2025-09-08,United Arab Emirates,Bahrain,1.0,0.0,Friendly,Dubai,United Arab Emirates,False,65.0,1380.0,89.0,1267.0
2025-09-08,Zambia,Morocco,0.0,2.0,FIFA World Cup qualification,Ndola,Zambia,False,83.0,1285.0,12.0,1699.0
2025-09-08,Libya,Eswatini,2.0,0.0,FIFA World Cup qualification,Benghazi,Libya,False,117.0,1155.0,155.0,1023.0
2025-09-08,Equatorial Guinea,Tunisia,0.0,1.0,FIFA World Cup qualification,Malabo,Equatorial Guinea,False,93.0,1252.0,49.0,1471.0
2025-09-08,Mozambique,Botswana,2.0,0.0,FIFA World Cup qualification,Maputo,Mozambique,False,99.0,1236.0,135.0,1101.0
2025-09-08,Guinea,Algeria,0.0,0.0,FIFA World Cup qualification,Casablanca,Morocco,True,81.0,1293.0,36.0,1504.0
2025-09-08,Guinea-Bissau,Djibouti,2.0,0.0,FIFA World Cup qualification,Bissau,Guinea-Bissau,False,131.0,1120.0,191.0,866.0
2025-09-08,Uganda,Somalia,2.0,0.0,FIFA World Cup qualification,Kampala,Uganda,False,88.0,1269.0,200.0,832.0
2025-09-08,Indonesia,Lebanon,0.0,0.0,Friendly,Surabaya,Indonesia,False,118.0,1155.0,112.0,1172.0
2025-09-08,Malawi,Liberia,2.0,2.0,FIFA World Cup qualification,Lilongwe,Malawi,False,129.0,1121.0,144.0,1068.0
2025-09-08,Greece,Denmark,0.0,3.0,FIFA World Cup qualification,Athens,Greece,False,39.0,1498.0,21.0,1621.0
2025-09-08,Ghana,Mali,1.0,0.0,FIFA World Cup qualification,Accra,Ghana,False,76.0,1333.0,54.0,1455.0
2025-09-08,Switzerland,Slovenia,3.0,0.0,FIFA World Cup qualification,Basel,Switzerland,False,19.0,1635.0,50.0,1470.0
2025-09-08,Belarus,Scotland,0.0,2.0,FIFA World Cup qualification,Zalaegerszeg,Hungary,True,97.0,1237.0,47.0,1475.0
2025-09-08,Gibraltar,Faroe Islands,0.0,1.0,FIFA World Cup qualification,Gibraltar,Gibraltar,False,199.0,835.0,141.0,1090.0
2025-09-08,Kosovo,Sweden,2.0,0.0,FIFA World Cup qualification,Pristina,Kosovo,False,95.0,1248.0,29.0,1545.0
2025-09-08,Croatia,Montenegro,4.0,0.0,FIFA World Cup qualification,Zagreb,Croatia,False,10.0,1708.0,77.0,1327.0
2025-09-08,Madagascar,Chad,3.0,1.0,FIFA World Cup qualification,Casablanca,Morocco,True,115.0,1163.0,175.0,925.0
2025-09-08,El Salvador,Suriname,1.0,2.0,FIFA World Cup qualification,San Salvador,El Salvador,False,87.0,1273.0,136.0,1100.0
2025-09-08,Panama,Guatemala,1.0,1.0,FIFA World Cup qualification,Panama City,Panama,False,30.0,1545.0,100.0,1236.0
2025-09-08,Israel,Italy,4.0,5.0,FIFA World Cup qualification,Debrecen,Hungary,True,75.0,1337.0,11.0,1703.0
2025-09-09,Ecuador,Argentina,1.0,0.0,FIFA World Cup qualification,Guayaquil,Ecuador,False,25.0,1571.0,1.0,1885.0
2025-09-09,Malta,San Marino,3.0,1.0,Friendly,Ta' Qali,Malta,False,168.0,977.0,210.0,738.0
2025-09-09,Mexico,South Korea,2.0,2.0,Friendly,Nashville,United States,True,13.0,1690.0,23.0,1587.0
2025-09-09,New Zealand,Australia,1.0,3.0,Soccer Ashes,Auckland,New Zealand,False,82.0,1289.0,24.0,1579.0
2025-09-09,Sri Lanka,Maldives,1.0,1.0,Friendly,Colombo,Sri Lanka,False,196.0,855.0,171.0,966.0
2025-09-09,United States,Japan,2.0,0.0,Friendly,Columbus,United States,False,15.0,1671.0,17.0,1641.0
2025-09-09,Wales,Canada,0.0,1.0,Friendly,Cardiff,Wales,False,31.0,1529.0,28.0,1549.0
2025-09-09,Jordan,Dominican Republic,3.0,0.0,Friendly,Amman,Jordan,False,64.0,1388.0,142.0,1077.0
2025-09-09,Singapore,Myanmar,1.0,1.0,Friendly,Singapore,Singapore,False,159.0,1017.0,160.0,1004.0
2025-09-09,Burkina Faso,Egypt,0.0,0.0,FIFA World Cup qualification,Ouagadougou,Burkina Faso,False,63.0,1388.0,34.0,1519.0
2025-09-09,Venezuela,Colombia,3.0,6.0,FIFA World Cup qualification,Maturín,Venezuela,False,46.0,1477.0,14.0,1679.0
2025-09-09,Chile,Uruguay,0.0,0.0,FIFA World Cup qualification,Santiago,Chile,False,57.0,1442.0,16.0,1671.0
2025-09-09,Peru,Paraguay,0.0,1.0,FIFA World Cup qualification,Lima,Peru,False,42.0,1490.0,43.0,1487.0
2025-09-09,Sierra Leone,Ethiopia,2.0,0.0,FIFA World Cup qualification,Monrovia,Liberia,True,124.0,1140.0,146.0,1061.0
2025-09-09,Togo,Sudan,1.0,0.0,FIFA World Cup qualification,Lomé,Togo,False,120.0,1149.0,110.0,1174.0
2025-09-09,DR Congo,Senegal,2.0,3.0,FIFA World Cup qualification,Kinshasa,DR Congo,False,61.0,1412.0,18.0,1635.0
2025-09-09,Mauritania,South Sudan,0.0,0.0,FIFA World Cup qualification,Nouadhibou,Mauritania,False,111.0,1173.0,169.0,976.0
2025-09-09,Estonia,Andorra,0.0,0.0,Friendly,Tallinn,Estonia,False,126.0,1131.0,174.0,954.0
2025-09-09,Bolivia,Brazil,1.0,0.0,FIFA World Cup qualification,El Alto,Bolivia,False,78.0,1316.0,5.0,1778.0
2025-09-09,Zimbabwe,Rwanda,0.0,1.0,FIFA World Cup qualification,Johannesburg,South Africa,True,116.0,1157.0,127.0,1125.0
2025-09-09,South Africa,Nigeria,1.0,1.0,FIFA World Cup qualification,Bloemfontein,South Africa,False,56.0,1443.0,44.0,1484.0
2025-09-09,Benin,Lesotho,4.0,0.0,FIFA World Cup qualification,Abidjan,Ivory Coast,True,96.0,1239.0,148.0,1046.0
2025-09-09,Cape Verde,Cameroon,1.0,0.0,FIFA World Cup qualification,Praia,Cape Verde,False,73.0,1344.0,51.0,1467.0
2025-09-09,Armenia,Republic of Ireland,2.0,1.0,FIFA World Cup qualification,Yerevan,Armenia,False,105.0,1205.0,60.0,1413.0
2025-09-09,Kenya,Seychelles,5.0,0.0,FIFA World Cup qualification,Nairobi,Kenya,False,109.0,1179.0,203.0,821.0
2025-09-09,Gabon,Ivory Coast,0.0,0.0,FIFA World Cup qualification,Franceville,Gabon,False,80.0,1307.0,45.0,1483.0
2025-09-09,Gambia,Burundi,2.0,0.0,FIFA World Cup qualification,Nairobi,Kenya,True,123.0,1141.0,139.0,1093.0
2025-09-09,France,Iceland,2.0,1.0,FIFA World Cup qualification,Paris,France,False,3.0,1862.0,74.0,1338.0
2025-09-09,Tanzania,Niger,0.0,1.0,FIFA World Cup qualification,Unguja,Tanzania,False,103.0,1209.0,121.0,1148.0
2025-09-09,Hungary,Portugal,2.0,3.0,FIFA World Cup qualification,Budapest,Hungary,False,38.0,1501.0,6.0,1771.0
2025-09-09,Jamaica,Trinidad and Tobago,2.0,0.0,FIFA World Cup qualification,Kingston,Jamaica,False,70.0,1363.0,101.0,1229.0
2025-09-09,Azerbaijan,Ukraine,1.0,1.0,FIFA World Cup qualification,Baku,Azerbaijan,False,122.0,1148.0,26.0,1557.0
2025-09-09,Norway,Moldova,11.0,1.0,FIFA World Cup qualification,Oslo,Norway,False,33.0,1519.0,154.0,1028.0
2025-09-09,Albania,Latvia,1.0,0.0,FIFA World Cup qualification,Tirana,Albania,False,68.0,1373.0,137.0,1099.0
2025-09-09,Serbia,England,0.0,5.0,FIFA World Cup qualification,Belgrade,Serbia,False,32.0,1523.0,4.0,1813.0
2025-09-09,Cyprus,Romania,2.0,2.0,FIFA World Cup qualification,Nicosia,Cyprus,False,128.0,1124.0,48.0,1474.0
2025-09-09,Curaçao,Bermuda,3.0,2.0,FIFA World Cup qualification,Willemstad,Curaçao,False,86.0,1277.0,162.0,1000.0
2025-09-09,Costa Rica,Haiti,3.0,3.0,FIFA World Cup qualification,San José,Costa Rica,False,40.0,1494.0,90.0,1261.0
2025-09-09,Honduras,Nicaragua,2.0,0.0,FIFA World Cup qualification,Tegucigalpa,Honduras,False,66.0,1380.0,130.0,1120.0
2025-09-09,Angola,Mauritius,3.0,1.0,FIFA World Cup qualification,Luanda,Angola,False,85.0,1280.0,177.0,922.0
2025-09-09,Bosnia and Herzegovina,Austria,1.0,2.0,FIFA World Cup qualification,Zenica,Bosnia and Herzegovina,False,72.0,1349.0,22.0,1591.0
2025-10-05,Saint Vincent and the Grenadines,Cuba,7.0,0.0,Friendly,Arnos Vale,Saint Vincent and the Grenadines,False,172.0,962.0,167.0,980.0
2025-10-08,Qatar,Oman,0.0,0.0,FIFA World Cup qualification,Al Rayyan,Qatar,False,53.0,1454.0,78.0,1320.0
2025-10-08,Saudi Arabia,Indonesia,3.0,2.0,FIFA World Cup qualification,Jeddah,Saudi Arabia,False,59.0,1421.0,119.0,1158.0
2025-10-08,Ethiopia,Guinea-Bissau,1.0,0.0,FIFA World Cup qualification,Kigali,Rwanda,True,147.0,1046.0,130.0,1127.0
2025-10-08,Mauritius,Cameroon,0.0,2.0,FIFA World Cup qualification,Saint Pierre,Mauritius,False,179.0,912.0,52.0,1455.0
2025-10-08,Djibouti,Egypt,0.0,3.0,FIFA World Cup qualification,Casablanca,Morocco,True,193.0,856.0,35.0,1519.0
2025-10-08,Libya,Cape Verde,3.0,3.0,FIFA World Cup qualification,Tripoli,Libya,False,112.0,1180.0,70.0,1363.0
2025-10-08,Eswatini,Angola,2.0,2.0,FIFA World Cup qualification,Lobamba,Eswatini,False,159.0,1010.0,89.0,1269.0
2025-10-08,Saint Vincent and the Grenadines,Cuba,1.0,0.0,Friendly,Arnos Vale,Saint Vincent and the Grenadines,False,172.0,962.0,167.0,980.0
2025-10-08,Tanzania,Zambia,0.0,1.0,FIFA World Cup qualification,Unguja,Tanzania,False,107.0,1199.0,85.0,1273.0
2025-10-08,Comoros,Madagascar,1.0,2.0,FIFA World Cup qualification,Abidjan,Ivory Coast,True,105.0,1202.0,108.0,1188.0
2025-10-08,Central African Republic,Ghana,0.0,5.0,FIFA World Cup qualification,El Jadida,Morocco,True,140.0,1081.0,75.0,1341.0
2025-10-08,Chad,Mali,0.0,2.0,FIFA World Cup qualification,N'Djamena,Chad,False,175.0,926.0,56.0,1446.0
2025-10-08,Gibraltar,New Caledonia,0.0,2.0,Friendly,Gibraltar,Gibraltar,False,200.0,827.0,150.0,1040.0
2025-10-08,Sierra Leone,Burkina Faso,0.0,1.0,FIFA World Cup qualification,Monrovia,Liberia,True,122.0,1150.0,64.0,1385.0
2025-10-09,England,Wales,3.0,0.0,Friendly,London,England,False,4.0,1820.0,30.0,1529.0
2025-10-09,Poland,New Zealand,1.0,0.0,Friendly,Chorzów,Poland,False,36.0,1517.0,83.0,1284.0
2025-10-09,Romania,Moldova,2.0,1.0,Friendly,Bucharest,Romania,False,51.0,1463.0,156.0,1019.0
2025-10-09,Morocco,Bahrain,1.0,0.0,Friendly,Rabat,Morocco,False,11.0,1706.0,88.0,1269.0
2025-10-09,Botswana,Uganda,0.0,1.0,FIFA World Cup qualification,Francistown,Botswana,False,139.0,1087.0,82.0,1288.0
2025-10-09,Burundi,Kenya,0.0,1.0,FIFA World Cup qualification,Bujumbura,Burundi,False,141.0,1077.0,111.0,1182.0
2025-10-09,Algeria,Somalia,3.0,0.0,FIFA World Cup qualification,Bir El Djir,Algeria,False,38.0,1501.0,201.0,825.0
2025-10-09,Malawi,Equatorial Guinea,3.0,0.0,FIFA World Cup qualification,Lilongwe,Malawi,False,126.0,1134.0,95.0,1249.0
2025-10-09,Mozambique,Guinea,1.0,2.0,FIFA World Cup qualification,Maputo,Mozambique,False,97.0,1234.0,81.0,1299.0
2025-10-09,Scotland,Greece,3.0,1.0,FIFA World Cup qualification,Glasgow,Scotland,False,43.0,1485.0,40.0,1495.0
2025-10-09,Belarus,Denmark,0.0,6.0,FIFA World Cup qualification,Zalaegerszeg,Hungary,True,100.0,1224.0,20.0,1628.0
2025-10-09,Malta,Netherlands,0.0,4.0,FIFA World Cup qualification,Ta' Qali,Malta,False,166.0,982.0,7.0,1754.0
2025-10-09,Finland,Lithuania,2.0,1.0,FIFA World Cup qualification,Helsinki,Finland,False,71.0,1359.0,145.0,1065.0
2025-10-09,Austria,San Marino,10.0,0.0,FIFA World Cup qualification,Vienna,Austria,False,22.0,1602.0,210.0,733.0
2025-10-09,Cyprus,Bosnia and Herzegovina,2.0,2.0,FIFA World Cup qualification,Larnaca,Cyprus,False,128.0,1128.0,73.0,1344.0
2025-10-09,Singapore,India,1.0,1.0,AFC Asian Cup qualification,Kallang,Singapore,False,158.0,1013.0,134.0,1114.0
2025-10-09,Grenada,British Virgin Islands,4.0,1.0,Friendly,St. George's,Grenada,False,168.0,978.0,208.0,768.0
2025-10-09,Tajikistan,Maldives,2.0,0.0,AFC Asian Cup qualification,Hisor,Tajikistan,False,104.0,1206.0,171.0,969.0
2025-10-09,Timor-Leste,Philippines,1.0,4.0,AFC Asian Cup qualification,Darwin,Australia,True,194.0,855.0,143.0,1066.0
2025-10-09,Brunei,Yemen,0.0,2.0,AFC Asian Cup qualification,Bandar Seri Begawan,Brunei,False,183.0,901.0,154.0,1021.0
2025-10-09,Lebanon,Bhutan,2.0,0.0,AFC Asian Cup qualification,Doha,Qatar,True,113.0,1172.0,186.0,889.0
2025-10-09,Honduras,Costa Rica,0.0,0.0,FIFA World Cup qualification,San Pedro Sula,Honduras,False,65.0,1384.0,47.0,1481.0
2025-10-09,Bangladesh,Hong Kong,3.0,4.0,AFC Asian Cup qualification,Dhaka,Bangladesh,False,184.0,899.0,146.0,1047.0
2025-10-09,Sri Lanka,Turkmenistan,1.0,0.0,AFC Asian Cup qualification,Colombo,Sri Lanka,False,197.0,852.0,138.0,1088.0
2025-10-09,Faroe Islands,Montenegro,4.0,0.0,FIFA World Cup qualification,Tórshavn,Faroe Islands,False,136.0,1094.0,80.0,1314.0
2025-10-09,Pakistan,Afghanistan,0.0,0.0,AFC Asian Cup qualification,Islamabad,Pakistan,False,199.0,829.0,161.0,999.0
2025-10-09,Laos,Malaysia,0.0,3.0,AFC Asian Cup qualification,Vientiane,Laos,False,185.0,890.0,123.0,1148.0
2025-10-09,Vietnam,Nepal,3.0,1.0,AFC Asian Cup qualification,Ho Chi Minh City,Vietnam,False,114.0,1170.0,176.0,923.0
2025-10-09,Liberia,Namibia,3.0,1.0,FIFA World Cup qualification,Monrovia,Liberia,False,144.0,1066.0,109.0,1184.0
2025-10-09,Nicaragua,Haiti,0.0,3.0,FIFA World Cup qualification,Managua,Nicaragua,False,132.0,1121.0,87.0,1269.0
2025-10-09,Czech Republic,Croatia,0.0,0.0,FIFA World Cup qualification,Prague,Czech Republic,False,39.0,1500.0,9.0,1714.0
2025-10-09,Syria,Myanmar,5.0,1.0,AFC Asian Cup qualification,Al Hofuf,Saudi Arabia,True,92.0,1259.0,160.0,1004.0
2025-10-10,Chile,Peru,2.0,1.0,Friendly,Santiago,Chile,False,57.0,1442.0,48.0,1469.0
2025-10-10,Canada,Australia,0.0,1.0,Friendly,Montreal,Canada,False,26.0,1558.0,25.0,1583.0
2025-10-10,Russia,Iran,2.0,1.0,Friendly,Volgograd,Russia,False,33.0,1522.0,21.0,1623.0
2025-10-10,Japan,Paraguay,2.0,2.0,Kirin Cup,Osaka,Japan,False,19.0,1640.0,37.0,1501.0
2025-10-10,South Africa,Zimbabwe,0.0,0.0,FIFA World Cup qualification,Durban,South Africa,False,55.0,1449.0,125.0,1134.0
2025-10-10,Jordan,Bolivia,0.0,1.0,Friendly,Istanbul,Turkey,True,62.0,1391.0,77.0,1332.0
2025-10-10,South Sudan,Senegal,0.0,5.0,FIFA World Cup qualification,Juba,South Sudan,False,169.0,977.0,18.0,1645.0
2025-10-10,Uruguay,Dominican Republic,1.0,0.0,Friendly,Kuala Lumpur,Malaysia,True,15.0,1674.0,142.0,1074.0
2025-10-10,Togo,DR Congo,0.0,1.0,FIFA World Cup qualification,Lomé,Togo,False,120.0,1151.0,60.0,1408.0
2025-10-10,Sudan,Mauritania,0.0,0.0,FIFA World Cup qualification,Dar es Salaam,Tanzania,True,116.0,1164.0,110.0,1183.0
2025-10-10,Lesotho,Nigeria,1.0,2.0,FIFA World Cup qualification,Polokwane,South Africa,True,153.0,1034.0,45.0,1484.0
2025-10-10,South Korea,Brazil,0.0,5.0,Friendly,Seoul,South Korea,False,23.0,1593.0,6.0,1762.0
2025-10-10,Argentina,Venezuela,1.0,0.0,Friendly,Miami Gardens,United States,True,3.0,1870.0,49.0,1465.0
2025-10-10,Uzbekistan,Kuwait,2.0,0.0,Friendly,Tashkent,Uzbekistan,False,54.0,1453.0,135.0,1100.0
2025-10-10,Rwanda,Benin,0.0,1.0,FIFA World Cup qualification,Kigali,Rwanda,False,127.0,1134.0,93.0,1257.0
2025-10-10,El Salvador,Panama,0.0,1.0,FIFA World Cup qualification,San Salvador,El Salvador,False,90.0,1268.0,29.0,1530.0
2025-10-10,Gambia,Gabon,3.0,4.0,FIFA World Cup qualification,Nairobi,Kenya,True,115.0,1166.0,79.0,1314.0
2025-10-10,Northern Ireland,Slovakia,2.0,0.0,FIFA World Cup qualification,Belfast,Northern Ireland,False,72.0,1356.0,42.0,1492.0
2025-10-10,Germany,Luxembourg,4.0,0.0,FIFA World Cup qualification,Sinsheim,Germany,False,12.0,1704.0,96.0,1243.0
2025-10-10,Kosovo,Slovenia,0.0,0.0,FIFA World Cup qualification,Pristina,Kosovo,False,91.0,1262.0,50.0,1463.0
2025-10-10,Sweden,Switzerland,0.0,2.0,FIFA World Cup qualification,Solna,Sweden,False,32.0,1525.0,17.0,1648.0
2025-10-10,United States,Ecuador,1.0,1.0,Friendly,Austin,United States,False,16.0,1670.0,24.0,1588.0
2025-10-10,Suriname,Guatemala,1.0,1.0,FIFA World Cup qualification,Paramaribo,Suriname,False,131.0,1125.0,98.0,1231.0
2025-10-10,Iceland,Ukraine,3.0,5.0,FIFA World Cup qualification,Reykjavík,Iceland,False,74.0,1343.0,28.0,1543.0
2025-10-10,Belgium,North Macedonia,0.0,0.0,FIFA World Cup qualification,Gent,Belgium,False,8.0,1740.0,63.0,1388.0
2025-10-10,Bermuda,Trinidad and Tobago,0.0,3.0,FIFA World Cup qualification,Devonshire Parish,Bermuda,False,165.0,989.0,102.0,1221.0
2025-10-10,Curaçao,Jamaica,2.0,0.0,FIFA World Cup qualification,Willemstad,Curaçao,False,84.0,1282.0,69.0,1377.0
2025-10-10,Seychelles,Ivory Coast,0.0,7.0,FIFA World Cup qualification,Saint Pierre,Mauritius,True,203.0,812.0,44.0,1484.0
2025-10-10,France,Azerbaijan,3.0,0.0,FIFA World Cup qualification,Paris,France,False,2.0,1871.0,124.0,1148.0
2025-10-10,Kazakhstan,Liechtenstein,4.0,0.0,FIFA World Cup qualification,Astana,Kazakhstan,False,118.0,1158.0,204.0,808.0
2025-10-11,Grenada,Cuba,2.0,0.0,Friendly,St. George's,Grenada,False,168.0,978.0,167.0,980.0
2025-10-11,Iraq,Indonesia,1.0,0.0,FIFA World Cup qualification,Jeddah,Saudi Arabia,True,58.0,1422.0,119.0,1158.0
2025-10-11,Bulgaria,Turkey,1.0,6.0,FIFA World Cup qualification,Sofia,Bulgaria,False,86.0,1272.0,27.0,1556.0
2025-10-11,Mexico,Colombia,0.0,4.0,Friendly,Arlington,United States,True,14.0,1688.0,13.0,1692.0
2025-10-11,Spain,Georgia,2.0,0.0,FIFA World Cup qualification,Elche,Spain,False,1.0,1875.0,68.0,1377.0
2025-10-11,United Arab Emirates,Oman,2.0,1.0,FIFA World Cup qualification,Al Rayyan,Qatar,True,67.0,1380.0,78.0,1320.0
2025-10-11,Hungary,Armenia,2.0,0.0,FIFA World Cup qualification,Budapest,Hungary,False,41.0,1492.0,103.0,1220.0
2025-10-11,Portugal,Republic of Ireland,1.0,0.0,FIFA World Cup qualification,Lisbon,Portugal,False,5.0,1780.0,61.0,1398.0
2025-10-11,Latvia,Andorra,2.0,2.0,FIFA World Cup qualification,Riga,Latvia,False,137.0,1089.0,174.0,955.0
2025-10-11,Serbia,Albania,0.0,1.0,FIFA World Cup qualification,Leskovac,Serbia,False,34.0,1521.0,66.0,1381.0
2025-10-11,Norway,Israel,5.0,0.0,FIFA World Cup qualification,Oslo,Norway,False,31.0,1526.0,76.0,1337.0
2025-10-11,Estonia,Italy,1.0,3.0,FIFA World Cup qualification,Tallinn,Estonia,False,129.0,1127.0,10.0,1710.0
2025-10-12,Djibouti,Sierra Leone,1.0,2.0,FIFA World Cup qualification,Casablanca,Morocco,True,193.0,856.0,122.0,1150.0
2025-10-12,Zambia,Niger,0.0,1.0,FIFA World Cup qualification,Ndola,Zambia,False,85.0,1273.0,117.0,1160.0
2025-10-12,Egypt,Guinea-Bissau,1.0,0.0,FIFA World Cup qualification,Cairo,Egypt,False,35.0,1519.0,130.0,1127.0
2025-10-12,Denmark,Greece,3.0,1.0,FIFA World Cup qualification,Copenhagen,Denmark,False,20.0,1628.0,40.0,1495.0
2025-10-12,Malta,Bosnia and Herzegovina,1.0,4.0,Friendly,Ta' Qali,Malta,False,166.0,982.0,73.0,1344.0
2025-10-12,Chad,Central African Republic,2.0,3.0,FIFA World Cup qualification,N'Djamena,Chad,False,175.0,926.0,140.0,1081.0
2025-10-12,Lithuania,Poland,0.0,2.0,FIFA World Cup qualification,Kaunas,Lithuania,False,145.0,1065.0,36.0,1517.0
2025-10-12,Burkina Faso,Ethiopia,3.0,1.0,FIFA World Cup qualification,Ouagadougou,Burkina Faso,False,64.0,1385.0,147.0,1046.0
2025-10-12,Scotland,Belarus,2.0,1.0,FIFA World Cup qualification,Glasgow,Scotland,False,43.0,1485.0,100.0,1224.0
2025-10-12,Mali,Madagascar,4.0,1.0,FIFA World Cup qualification,Bamako,Mali,False,56.0,1446.0,108.0,1188.0
2025-10-12,Croatia,Gibraltar,3.0,0.0,FIFA World Cup qualification,Varaždin,Croatia,False,9.0,1714.0,200.0,827.0
2025-10-12,Faroe Islands,Czech Republic,2.0,1.0,FIFA World Cup qualification,Tórshavn,Faroe Islands,False,136.0,1094.0,39.0,1500.0
2025-10-12,Ghana,Comoros,1.0,0.0,FIFA World Cup qualification,Accra,Ghana,False,75.0,1341.0,105.0,1202.0
2025-10-12,San Marino,Cyprus,0.0,4.0,FIFA World Cup qualification,Serravalle,San Marino,False,210.0,733.0,128.0,1128.0
2025-10-12,Netherlands,Finland,4.0,0.0,FIFA World Cup qualification,Amsterdam,Netherlands,False,7.0,1754.0,71.0,1359.0
2025-10-12,Romania,Austria,1.0,0.0,FIFA World Cup qualification,Bucharest,Romania,False,51.0,1463.0,22.0,1602.0
2025-10-13,Tunisia,Namibia,3.0,0.0,FIFA World Cup qualification,Radès,Tunisia,False,46.0,1483.0,109.0,1184.0
2025-10-13,Equatorial Guinea,Liberia,1.0,1.0,FIFA World Cup qualification,Malabo,Equatorial Guinea,False,95.0,1249.0,144.0,1066.0
2025-10-13,Uzbekistan,Uruguay,1.0,2.0,Friendly,Malacca City,Malaysia,True,54.0,1453.0,15.0,1674.0
2025-10-13,South Sudan,Togo,0.0,0.0,FIFA World Cup qualification,Juba,South Sudan,False,169.0,977.0,120.0,1151.0
2025-10-13,Lesotho,Zimbabwe,1.0,0.0,FIFA World Cup qualification,Polokwane,South Africa,True,153.0,1034.0,125.0,1134.0
2025-10-13,Cape Verde,Eswatini,3.0,0.0,FIFA World Cup qualification,Praia,Cape Verde,False,70.0,1363.0,159.0,1010.0
2025-10-13,Cameroon,Angola,0.0,0.0,FIFA World Cup qualification,Yaoundé,Cameroon,False,52.0,1455.0,89.0,1269.0
2025-10-13,Mauritius,Libya,0.0,0.0,FIFA World Cup qualification,Saint Pierre,Mauritius,False,179.0,912.0,112.0,1180.0
2025-10-13,Montenegro,Liechtenstein,2.0,1.0,Friendly,Podgorica,Montenegro,False,80.0,1314.0,204.0,808.0
2025-10-13,Honduras,Haiti,3.0,0.0,FIFA World Cup qualification,Tegucigalpa,Honduras,False,65.0,1384.0,87.0,1269.0
2025-10-13,Slovenia,Switzerland,0.0,0.0,FIFA World Cup qualification,Ljubljana,Slovenia,False,50.0,1463.0,17.0,1648.0
2025-10-13,Sweden,Kosovo,0.0,1.0,FIFA World Cup qualification,Gothenburg,Sweden,False,32.0,1525.0,91.0,1262.0
2025-10-13,Iceland,France,2.0,2.0,FIFA World Cup qualification,Reykjavík,Iceland,False,74.0,1343.0,2.0,1871.0
2025-10-13,Ukraine,Azerbaijan,2.0,1.0,FIFA World Cup qualification,Kraków,Poland,True,28.0,1543.0,124.0,1148.0
2025-10-13,Wales,Belgium,2.0,4.0,FIFA World Cup qualification,Cardiff,Wales,False,30.0,1529.0,8.0,1740.0
2025-10-13,North Macedonia,Kazakhstan,1.0,1.0,FIFA World Cup qualification,Skopje,North Macedonia,False,63.0,1388.0,118.0,1158.0
2025-10-13,Slovakia,Luxembourg,2.0,0.0,FIFA World Cup qualification,Trnava,Slovakia,False,42.0,1492.0,96.0,1243.0
2025-10-13,Costa Rica,Nicaragua,4.0,1.0,FIFA World Cup qualification,San José,Costa Rica,False,47.0,1481.0,132.0,1121.0
2025-10-13,Northern Ireland,Germany,0.0,1.0,FIFA World Cup qualification,Belfast,Northern Ireland,False,72.0,1356.0,12.0,1704.0
2025-10-14,Russia,Bolivia,3.0,0.0,Friendly,Moscow,Russia,False,33.0,1522.0,77.0,1332.0
2025-10-14,Puerto Rico,Argentina,0.0,6.0,Friendly,Fort Lauderdale,United States,True,155.0,1020.0,3.0,1870.0
2025-10-14,Norway,New Zealand,1.0,1.0,Friendly,Oslo,Norway,False,31.0,1526.0,83.0,1284.0
2025-10-14,Japan,Brazil,3.0,2.0,Kirin Cup,Tokyo,Japan,False,19.0,1640.0,6.0,1762.0
2025-10-14,South Korea,Paraguay,2.0,0.0,Friendly,Seoul,South Korea,False,23.0,1593.0,37.0,1501.0
2025-10-14,Canada,Colombia,0.0,0.0,Friendly,Harrison,United States,True,26.0,1558.0,13.0,1692.0
2025-10-14,Iran,Tanzania,2.0,0.0,Friendly,Dubai,United Arab Emirates,True,21.0,1623.0,107.0,1199.0
2025-10-14,United States,Australia,2.0,1.0,Friendly,Denver,United States,False,16.0,1670.0,25.0,1583.0
2025-10-14,Mexico,Ecuador,1.0,1.0,Friendly,Zapopan,Mexico,False,14.0,1688.0,24.0,1588.0
2025-10-14,Qatar,United Arab Emirates,2.0,1.0,FIFA World Cup qualification,Al Rayyan,Qatar,False,53.0,1454.0,67.0,1380.0
2025-10-14,South Africa,Rwanda,3.0,0.0,FIFA World Cup qualification,Mbombela,South Africa,False,55.0,1449.0,127.0,1134.0
2025-10-14,Senegal,Mauritania,4.0,0.0,FIFA World Cup qualification,Diamniadio,Senegal,False,18.0,1645.0,110.0,1183.0
2025-10-14,DR Congo,Sudan,1.0,0.0,FIFA World Cup qualification,Kinshasa,DR Congo,False,60.0,1408.0,116.0,1164.0
2025-10-14,Nigeria,Benin,4.0,0.0,FIFA World Cup qualification,Uyo,Nigeria,False,45.0,1484.0,93.0,1257.0
2025-10-14,Seychelles,Gambia,0.0,7.0,FIFA World Cup qualification,Saint Pierre,Mauritius,True,203.0,812.0,115.0,1166.0
2025-10-14,Ivory Coast,Kenya,3.0,0.0,FIFA World Cup qualification,Ebimpé,Ivory Coast,False,44.0,1484.0,111.0,1182.0
2025-10-14,Gabon,Burundi,2.0,0.0,FIFA World Cup qualification,Franceville,Gabon,False,79.0,1314.0,141.0,1077.0
2025-10-14,Algeria,Uganda,2.0,1.0,FIFA World Cup qualification,Tizi Ouzou,Algeria,False,38.0,1501.0,82.0,1288.0
2025-10-14,Guinea,Botswana,2.0,2.0,FIFA World Cup qualification,Casablanca,Morocco,True,81.0,1299.0,139.0,1087.0
2025-10-14,Albania,Jordan,4.0,2.0,Friendly,Tirana,Albania,False,66.0,1381.0,62.0,1391.0
2025-10-14,Spain,Bulgaria,4.0,0.0,FIFA World Cup qualification,Valladolid,Spain,False,1.0,1875.0,86.0,1272.0
2025-10-14,Somalia,Mozambique,0.0,1.0,FIFA World Cup qualification,Bir El Djir,Algeria,True,201.0,825.0,97.0,1234.0
2025-10-14,Hong Kong,Bangladesh,1.0,1.0,AFC Asian Cup qualification,Kowloon,Hong Kong,False,146.0,1047.0,184.0,899.0
2025-10-14,Turkey,Georgia,4.0,1.0,FIFA World Cup qualification,Izmit,Turkey,False,27.0,1556.0,68.0,1377.0
2025-10-14,Bhutan,Lebanon,0.0,4.0,AFC Asian Cup qualification,Al Wakrah,Qatar,True,186.0,889.0,113.0,1172.0
2025-10-14,Philippines,Timor-Leste,3.0,1.0,AFC Asian Cup qualification,Capas,Philippines,False,143.0,1066.0,194.0,855.0
2025-10-14,Maldives,Tajikistan,0.0,3.0,AFC Asian Cup qualification,Malé,Maldives,False,171.0,969.0,104.0,1206.0
2025-10-14,Republic of Ireland,Armenia,1.0,0.0,FIFA World Cup qualification,Dublin,Republic of Ireland,False,61.0,1398.0,103.0,1220.0
2025-10-14,Andorra,Serbia,1.0,3.0,FIFA World Cup qualification,Encamp,Andorra,False,174.0,955.0,34.0,1521.0
2025-10-14,Italy,Israel,3.0,0.0,FIFA World Cup qualification,Udine,Italy,False,10.0,1710.0,76.0,1337.0
2025-10-14,Estonia,Moldova,1.0,1.0,FIFA World Cup qualification,Tallinn,Estonia,False,129.0,1127.0,156.0,1019.0
2025-10-14,Yemen,Brunei,9.0,0.0,AFC Asian Cup qualification,Kuwait City,Kuwait,True,154.0,1021.0,183.0,901.0
2025-10-14,Latvia,England,0.0,5.0,FIFA World Cup qualification,Riga,Latvia,False,137.0,1089.0,4.0,1820.0
2025-10-14,Jamaica,Bermuda,4.0,0.0,FIFA World Cup qualification,Kingston,Jamaica,False,69.0,1377.0,165.0,989.0
2025-10-14,Saudi Arabia,Iraq,0.0,0.0,FIFA World Cup qualification,Jeddah,Saudi Arabia,False,59.0,1421.0,58.0,1422.0
2025-10-14,Turkmenistan,Sri Lanka,2.0,1.0,AFC Asian Cup qualification,Arkadag,Turkmenistan,False,138.0,1088.0,197.0,852.0
2025-10-14,Afghanistan,Pakistan,1.0,1.0,AFC Asian Cup qualification,Al Farwaniyah,Kuwait,True,161.0,999.0,199.0,829.0
2025-10-14,Vietnam,Nepal,1.0,0.0,AFC Asian Cup qualification,Ho Chi Minh City,Vietnam,False,114.0,1170.0,176.0,923.0
2025-10-14,Malaysia,Laos,5.0,1.0,AFC Asian Cup qualification,Kuala Lumpur,Malaysia,False,123.0,1148.0,185.0,890.0
2025-10-14,Panama,Suriname,1.0,1.0,FIFA World Cup qualification,Panama City,Panama,False,29.0,1530.0,131.0,1125.0
2025-10-14,El Salvador,Guatemala,0.0,1.0,FIFA World Cup qualification,San Salvador,El Salvador,False,90.0,1268.0,98.0,1231.0
2025-10-14,Curaçao,Trinidad and Tobago,1.0,1.0,FIFA World Cup qualification,Willemstad,Curaçao,False,84.0,1282.0,102.0,1221.0
2025-10-14,Portugal,Hungary,2.0,2.0,FIFA World Cup qualification,Lisbon,Portugal,False,5.0,1780.0,41.0,1492.0
2025-10-14,India,Singapore,1.0,2.0,AFC Asian Cup qualification,Margao,India,False,134.0,1114.0,158.0,1013.0
2025-10-14,Myanmar,Syria,0.0,3.0,AFC Asian Cup qualification,Yangon,Myanmar,False,160.0,1004.0,92.0,1259.0
2025-11-12,Tunisia,Mauritania,1.0,1.0,Friendly,Radès,Tunisia,False,43.0,1491.0,113.0,1179.0
2025-11-12,Russia,Peru,1.0,1.0,Friendly,Saint Petersburg,Russia,False,30.0,1531.0,49.0,1464.0
2025-11-12,Cuba,Saint Lucia,3.0,0.0,CONCACAF Series,Santiago de los Caballeros,Dominican Republic,True,169.0,975.0,164.0,991.0
2025-11-12,Dominican Republic,Saint Vincent and the Grenadines,2.0,0.0,CONCACAF Series,Santiago de los Caballeros,Dominican Republic,False,143.0,1074.0,171.0,962.0
2025-11-12,Antigua and Barbuda,Aruba,0.0,0.0,CONCACAF Series,North Sound,Antigua and Barbuda,False,160.0,992.0,194.0,861.0
2025-11-12,Bahamas,Anguilla,1.0,2.0,CONCACAF Series,George Town,Cayman Islands,True,203.0,807.0,209.0,759.0
2025-11-12,Cayman Islands,British Virgin Islands,1.0,2.0,CONCACAF Series,George Town,Cayman Islands,False,195.0,853.0,208.0,765.0
2025-11-13,Bangladesh,Nepal,2.0,2.0,Friendly,Dhaka,Bangladesh,False,183.0,894.0,180.0,909.0
2025-11-13,Czech Republic,San Marino,1.0,0.0,Friendly,Karviná,Czech Republic,False,44.0,1485.0,210.0,728.0
2025-11-13,Hong Kong,Cambodia,1.0,1.0,Friendly,Hong Kong,Hong Kong,False,148.0,1053.0,179.0,910.0
2025-11-13,Lithuania,Israel,0.0,0.0,Friendly,Kaunas,Lithuania,False,146.0,1056.0,78.0,1325.0
2025-11-13,Republic of Ireland,Portugal,2.0,0.0,FIFA World Cup qualification,Dublin,Republic of Ireland,False,62.0,1401.0,5.0,1778.0
2025-11-13,Cameroon,DR Congo,0.0,1.0,FIFA World Cup qualification,Rabat,Morocco,True,54.0,1454.0,60.0,1421.0
2025-11-13,United Arab Emirates,Iraq,1.0,1.0,FIFA World Cup qualification,Abu Dhabi,United Arab Emirates,False,67.0,1380.0,57.0,1429.0
2025-11-13,Nigeria,Gabon,4.0,1.0,FIFA World Cup qualification,Rabat,Morocco,True,41.0,1495.0,77.0,1330.0
2025-11-13,France,Ukraine,4.0,0.0,FIFA World Cup qualification,Paris,France,False,3.0,1863.0,27.0,1555.0
2025-11-13,North Macedonia,Latvia,0.0,0.0,Friendly,Skopje,North Macedonia,False,65.0,1391.0,139.0,1084.0
2025-11-13,Algeria,Zimbabwe,3.0,1.0,Friendly,Jeddah,Saudi Arabia,True,35.0,1510.0,129.0,1126.0
2025-11-13,Thailand,Singapore,3.0,2.0,Friendly,Pathum Thani,Thailand,False,96.0,1235.0,155.0,1030.0
2025-11-13,Canada,Ecuador,0.0,0.0,Friendly,Toronto,Canada,False,28.0,1555.0,23.0,1590.0
2025-11-13,Armenia,Hungary,0.0,1.0,FIFA World Cup qualification,Yerevan,Armenia,False,104.0,1205.0,37.0,1505.0
2025-11-13,Andorra,Albania,0.0,1.0,FIFA World Cup qualification,Encamp,Andorra,False,172.0,955.0,61.0,1401.0
2025-11-13,Moldova,Italy,0.0,2.0,FIFA World Cup qualification,Chișinău,Moldova,False,156.0,1020.0,9.0,1717.0
2025-11-13,England,Serbia,2.0,0.0,FIFA World Cup qualification,London,England,False,4.0,1824.0,36.0,1508.0
2025-11-13,Iran,Cape Verde,0.0,0.0,Al Ain International Cup,Al Ain,United Arab Emirates,True,21.0,1618.0,71.0,1364.0
2025-11-13,Papua New Guinea,Solomon Islands,1.0,0.0,MSG Prime Minister's Cup,Port Moresby,Papua New Guinea,False,170.0,969.0,149.0,1046.0
2025-11-13,Bermuda,Curaçao,0.0,7.0,FIFA World Cup qualification,Devonshire Parish,Bermuda,False,168.0,977.0,82.0,1296.0
2025-11-13,Azerbaijan,Iceland,0.0,2.0,FIFA World Cup qualification,Baku,Azerbaijan,False,123.0,1142.0,74.0,1345.0
2025-11-13,Trinidad and Tobago,Jamaica,1.0,1.0,FIFA World Cup qualification,Port of Spain,Trinidad and Tobago,False,100.0,1230.0,68.0,1367.0
2025-11-13,Haiti,Costa Rica,1.0,0.0,FIFA World Cup qualification,Willemstad,Curaçao,True,88.0,1268.0,45.0,1484.0
2025-11-13,Nicaragua,Honduras,2.0,0.0,FIFA World Cup qualification,Managua,Nicaragua,False,133.0,1107.0,64.0,1396.0
2025-11-13,Norway,Estonia,4.0,1.0,FIFA World Cup qualification,Oslo,Norway,False,29.0,1532.0,130.0,1122.0
2025-11-13,Suriname,El Salvador,4.0,0.0,FIFA World Cup qualification,Paramaribo,Suriname,False,126.0,1136.0,94.0,1248.0
2025-11-13,Guatemala,Panama,2.0,3.0,FIFA World Cup qualification,Guatemala City,Guatemala,False,95.0,1242.0,31.0,1528.0
2025-11-14,Burkina Faso,Niger,3.0,2.0,Friendly,Mohammedia,Morocco,True,63.0,1398.0,108.0,1187.0
2025-11-14,Saudi Arabia,Ivory Coast,1.0,0.0,Friendly,Jeddah,Saudi Arabia,False,58.0,1427.0,42.0,1492.0
2025-11-14,Angola,Argentina,0.0,2.0,Friendly,Luanda,Angola,False,89.0,1267.0,2.0,1872.0
2025-11-14,Australia,Venezuela,0.0,1.0,Friendly,Houston,United States,True,25.0,1584.0,50.0,1463.0
2025-11-14,South Korea,Bolivia,2.0,0.0,Friendly,Daejeon,South Korea,False,22.0,1594.0,76.0,1335.0
2025-11-14,Morocco,Mozambique,1.0,0.0,Friendly,Tangier,Morocco,False,12.0,1710.0,101.0,1228.0
2025-11-14,Comoros,Namibia,1.0,0.0,Friendly,Iconi,Comoros,False,112.0,1180.0,116.0,1163.0
2025-11-14,Uganda,Chad,2.0,1.0,Friendly,Berrechid,Morocco,True,83.0,1288.0,178.0,914.0
2025-11-14,Japan,Ghana,2.0,0.0,Kirin Cup,Toyota,Japan,False,19.0,1645.0,73.0,1356.0
2025-11-14,Poland,Netherlands,1.0,1.0,FIFA World Cup qualification,Warsaw,Poland,False,33.0,1524.0,6.0,1760.0
2025-11-14,Luxembourg,Germany,0.0,2.0,FIFA World Cup qualification,Luxembourg,Luxembourg,False,97.0,1232.0,10.0,1713.0
2025-11-14,Slovakia,Northern Ireland,1.0,0.0,FIFA World Cup qualification,Košice,Slovakia,False,46.0,1483.0,69.0,1366.0
2025-11-14,Finland,Malta,0.0,1.0,FIFA World Cup qualification,Helsinki,Finland,False,72.0,1360.0,166.0,979.0
2025-11-14,Croatia,Faroe Islands,3.0,1.0,FIFA World Cup qualification,Rijeka,Croatia,False,11.0,1710.0,127.0,1132.0
2025-11-14,Gibraltar,Montenegro,1.0,2.0,FIFA World Cup qualification,Gibraltar,Gibraltar,False,200.0,823.0,81.0,1298.0
2025-11-14,Uzbekistan,Egypt,2.0,0.0,Al Ain International Cup,Al Ain,United Arab Emirates,True,55.0,1452.0,32.0,1525.0
2025-11-14,Tunisia,Jordan,3.0,2.0,Friendly,Radès,Tunisia,False,43.0,1491.0,66.0,1381.0
2025-11-14,Oman,Sudan,2.0,0.0,Friendly,Seeb,Oman,False,79.0,1312.0,119.0,1157.0
2025-11-15,Lesotho,Malawi,0.0,0.0,Friendly,Bloemfontein,South Africa,True,144.0,1070.0,128.0,1130.0
2025-11-15,Greece,Scotland,3.0,2.0,FIFA World Cup qualification,Piraeus,Greece,False,48.0,1473.0,38.0,1504.0
2025-11-15,Libya,Mauritania,1.0,0.0,Friendly,Benina,Libya,False,114.0,1178.0,113.0,1179.0
2025-11-15,Kuwait,Tanzania,4.0,3.0,Friendly,Cairo,Egypt,True,135.0,1097.0,107.0,1187.0
2025-11-15,Brazil,Senegal,2.0,0.0,Friendly,London,England,True,7.0,1759.0,18.0,1651.0
2025-11-15,Russia,Chile,0.0,2.0,Friendly,Sochi,Russia,False,30.0,1531.0,56.0,1447.0
2025-11-15,Mexico,Uruguay,0.0,0.0,Friendly,Torreón,Mexico,False,14.0,1683.0,15.0,1678.0
2025-11-15,South Africa,Zambia,3.0,1.0,Friendly,Gqeberha,South Africa,False,59.0,1423.0,87.0,1269.0
2025-11-15,United States,Paraguay,2.0,1.0,Friendly,Chester,United States,False,16.0,1673.0,39.0,1498.0
2025-11-15,Slovenia,Kosovo,0.0,2.0,FIFA World Cup qualification,Ljubljana,Slovenia,False,51.0,1463.0,84.0,1285.0
2025-11-15,Colombia,New Zealand,2.0,1.0,Friendly,Fort Lauderdale,United States,True,13.0,1696.0,85.0,1283.0
2025-11-15,Guinea,Liberia,2.0,0.0,Friendly,Casablanca,Morocco,True,80.0,1305.0,138.0,1084.0
2025-11-15,Denmark,Belarus,2.0,2.0,FIFA World Cup qualification,Copenhagen,Denmark,False,20.0,1641.0,103.0,1213.0
2025-11-15,Switzerland,Sweden,4.0,1.0,FIFA World Cup qualification,Geneva,Switzerland,False,17.0,1653.0,40.0,1497.0
2025-11-15,Turkey,Bulgaria,2.0,0.0,FIFA World Cup qualification,Bursa,Turkey,False,26.0,1570.0,91.0,1263.0
2025-11-15,Kazakhstan,Belgium,1.0,1.0,FIFA World Cup qualification,Astana,Kazakhstan,False,115.0,1168.0,8.0,1740.0
2025-11-15,Bahamas,British Virgin Islands,0.0,6.0,CONCACAF Series,George Town,Cayman Islands,True,203.0,807.0,208.0,765.0
2025-11-15,Cyprus,Austria,0.0,2.0,FIFA World Cup qualification,Limassol,Cyprus,False,125.0,1137.0,24.0,1587.0
2025-11-15,Bosnia and Herzegovina,Romania,3.0,1.0,FIFA World Cup qualification,Zenica,Bosnia and Herzegovina,False,75.0,1341.0,47.0,1480.0
2025-11-15,Liechtenstein,Wales,0.0,1.0,FIFA World Cup qualification,Vaduz,Liechtenstein,False,206.0,802.0,34.0,1519.0
2025-11-15,Georgia,Spain,0.0,4.0,FIFA World Cup qualification,Tbilisi,Georgia,False,70.0,1366.0,1.0,1881.0
2025-11-15,Barbados,Aruba,0.0,3.0,CONCACAF Series,North Sound,Antigua and Barbuda,True,175.0,920.0,194.0,861.0
2025-11-15,Cayman Islands,Anguilla,4.0,0.0,CONCACAF Series,George Town,Cayman Islands,False,195.0,853.0,209.0,759.0
2025-11-15,Saint Vincent and the Grenadines,Saint Lucia,3.0,1.0,CONCACAF Series,Santiago de los Caballeros,Dominican Republic,True,171.0,962.0,164.0,991.0
2025-11-16,Azerbaijan,France,1.0,3.0,FIFA World Cup qualification,Baku,Azerbaijan,False,123.0,1142.0,3.0,1863.0
2025-11-16,Hungary,Republic of Ireland,2.0,3.0,FIFA World Cup qualification,Budapest,Hungary,False,37.0,1505.0,62.0,1401.0
2025-11-16,Ukraine,Iceland,2.0,0.0,FIFA World Cup qualification,Warsaw,Poland,True,27.0,1555.0,74.0,1345.0
2025-11-16,Portugal,Armenia,9.0,1.0,FIFA World Cup qualification,Porto,Portugal,False,5.0,1778.0,104.0,1205.0
2025-11-16,Italy,Norway,1.0,4.0,FIFA World Cup qualification,Milan,Italy,False,9.0,1717.0,29.0,1532.0
2025-11-16,Moldova,Israel,1.0,4.0,FIFA World Cup qualification,Chișinău,Moldova,False,156.0,1020.0,78.0,1325.0
2025-11-16,Albania,England,0.0,2.0,FIFA World Cup qualification,Tirana,Albania,False,61.0,1401.0,4.0,1824.0
2025-11-16,Serbia,Latvia,2.0,1.0,FIFA World Cup qualification,Leskovac,Serbia,False,36.0,1508.0,139.0,1084.0
2025-11-16,Nigeria,DR Congo,1.0,1.0,FIFA World Cup qualification,Rabat,Morocco,True,41.0,1495.0,60.0,1421.0
2025-11-17,Qatar,Zimbabwe,1.0,2.0,Friendly,Ar-Rayyan,Qatar,False,52.0,1462.0,129.0,1126.0
2025-11-17,Comoros,Namibia,4.0,0.0,Friendly,Iconi,Comoros,False,112.0,1180.0,116.0,1163.0
2025-11-17,Mozambique,Chad,2.0,2.0,Friendly,Berrechid,Morocco,True,101.0,1228.0,178.0,914.0
2025-11-17,Madagascar,Equatorial Guinea,2.0,0.0,Friendly,Antalya,Turkey,True,106.0,1193.0,99.0,1230.0
2025-11-17,Finland,Andorra,4.0,0.0,Friendly,Tampere,Finland,False,72.0,1360.0,172.0,955.0
2025-11-17,Bahrain,Somalia,1.0,2.0,Friendly,Riffa,Bahrain,False,90.0,1267.0,202.0,819.0
2025-11-17,Northern Ireland,Luxembourg,1.0,0.0,FIFA World Cup qualification,Belfast,Northern Ireland,False,69.0,1366.0,97.0,1232.0
2025-11-17,Germany,Slovakia,6.0,0.0,FIFA World Cup qualification,Leipzig,Germany,False,10.0,1713.0,46.0,1483.0
2025-11-17,Malta,Poland,2.0,3.0,FIFA World Cup qualification,Ta' Qali,Malta,False,166.0,979.0,33.0,1524.0
2025-11-17,Czech Republic,Gibraltar,6.0,0.0,FIFA World Cup qualification,Olomouc,Czech Republic,False,44.0,1485.0,200.0,823.0
2025-11-17,Montenegro,Croatia,2.0,3.0,FIFA World Cup qualification,Podgorica,Montenegro,False,81.0,1298.0,11.0,1710.0
2025-11-17,Cape Verde,Egypt,1.0,1.0,Al Ain International Cup,Al Ain,United Arab Emirates,True,71.0,1364.0,32.0,1525.0
2025-11-17,Vanuatu,Fiji,2.0,0.0,MSG Prime Minister's Cup,Port Moresby,Papua New Guinea,True,161.0,992.0,154.0,1035.0
2025-11-17,Netherlands,Lithuania,4.0,0.0,FIFA World Cup qualification,Amsterdam,Netherlands,False,6.0,1760.0,146.0,1056.0
2025-11-18,Mali,Jordan,3.0,2.0,Friendly,Radès,Tunisia,True,53.0,1456.0,66.0,1381.0
2025-11-18,Japan,Bolivia,3.0,0.0,Kirin Cup,Tokyo,Japan,False,19.0,1645.0,76.0,1335.0
2025-11-18,Benin,Burkina Faso,0.0,3.0,Friendly,Mohammedia,Morocco,True,92.0,1259.0,63.0,1398.0
2025-11-18,Kenya,Senegal,0.0,8.0,Friendly,Antalya,Turkey,True,109.0,1186.0,18.0,1651.0
2025-11-18,Oman,Ivory Coast,0.0,2.0,Friendly,Seeb,Oman,False,79.0,1312.0,42.0,1492.0
2025-11-18,Saudi Arabia,Algeria,0.0,2.0,Friendly,Jeddah,Saudi Arabia,False,58.0,1427.0,35.0,1510.0
2025-11-18,Kuwait,Gambia,2.0,2.0,Friendly,Cairo,Egypt,True,135.0,1097.0,117.0,1162.0
2025-11-18,Cyprus,Estonia,2.0,4.0,Friendly,Limassol,Cyprus,False,125.0,1137.0,130.0,1122.0
2025-11-18,Morocco,Uganda,4.0,0.0,Friendly,Tangier,Morocco,False,12.0,1710.0,83.0,1288.0
2025-11-18,Angola,Zambia,3.0,2.0,Friendly,Luanda,Angola,False,89.0,1267.0,87.0,1269.0
2025-11-18,Guinea,Niger,1.0,1.0,Friendly,Mohammedia,Morocco,True,80.0,1305.0,108.0,1187.0
2025-11-18,Maldives,Philippines,0.0,2.0,AFC Asian Cup qualification,Malé,Maldives,False,173.0,955.0,141.0,1081.0
2025-11-18,Brunei,Lebanon,0.0,3.0,AFC Asian Cup qualification,Bandar Seri Begawan,Brunei,False,185.0,882.0,110.0,1185.0
2025-11-18,Yemen,Bhutan,7.0,1.0,AFC Asian Cup qualification,Kuwait City,Kuwait,True,152.0,1040.0,189.0,877.0
2025-11-18,Bangladesh,India,1.0,0.0,AFC Asian Cup qualification,Dhaka,Bangladesh,False,183.0,894.0,136.0,1097.0
2025-11-18,Hong Kong,Singapore,1.0,2.0,AFC Asian Cup qualification,Kowloon,Hong Kong,False,148.0,1053.0,155.0,1030.0
2025-11-18,Sri Lanka,Thailand,0.0,4.0,AFC Asian Cup qualification,Colombo,Sri Lanka,False,193.0,862.0,96.0,1235.0
2025-11-18,Pakistan,Syria,0.0,5.0,AFC Asian Cup qualification,Islamabad,Pakistan,False,198.0,837.0,86.0,1274.0
2025-11-18,Malaysia,Nepal,1.0,0.0,AFC Asian Cup qualification,Kuala Lumpur,Malaysia,False,118.0,1162.0,180.0,909.0
2025-11-18,Canada,Venezuela,2.0,0.0,Friendly,Fort Lauderdale,United States,True,28.0,1555.0,50.0,1463.0
2025-11-18,Chile,Peru,2.0,1.0,Friendly,Sochi,Russia,True,56.0,1447.0,49.0,1464.0
2025-11-18,Timor-Leste,Tajikistan,0.0,5.0,AFC Asian Cup qualification,Darwin,Australia,True,197.0,840.0,102.0,1220.0
2025-11-18,Colombia,Australia,3.0,0.0,Friendly,New York,United States,True,13.0,1696.0,25.0,1584.0
2025-11-18,Lesotho,Malawi,0.0,1.0,Friendly,Bloemfontein,South Africa,True,144.0,1070.0,128.0,1130.0
2025-11-18,Brazil,Tunisia,1.0,1.0,Friendly,Lille,France,True,7.0,1759.0,43.0,1491.0
2025-11-18,Trinidad and Tobago,Bermuda,2.0,2.0,FIFA World Cup qualification,Port of Spain,Trinidad and Tobago,False,100.0,1230.0,168.0,977.0
2025-11-18,Romania,San Marino,7.0,1.0,FIFA World Cup qualification,Ploiești,Romania,False,47.0,1480.0,210.0,728.0
2025-11-18,Spain,Turkey,2.0,2.0,FIFA World Cup qualification,Seville,Spain,False,1.0,1881.0,26.0,1570.0
2025-11-18,Belarus,Greece,0.0,0.0,FIFA World Cup qualification,Zalaegerszeg,Hungary,True,103.0,1213.0,48.0,1473.0
2025-11-18,Scotland,Denmark,4.0,2.0,FIFA World Cup qualification,Glasgow,Scotland,False,38.0,1504.0,20.0,1641.0
2025-11-18,Sweden,Slovenia,1.0,1.0,FIFA World Cup qualification,Solna,Sweden,False,40.0,1497.0,51.0,1463.0
2025-11-18,United States,Uruguay,5.0,1.0,Friendly,Tampa,United States,False,16.0,1673.0,15.0,1678.0
2025-11-18,Iraq,United Arab Emirates,2.0,1.0,FIFA World Cup qualification,Basra,Iraq,False,57.0,1429.0,67.0,1380.0
2025-11-18,Bulgaria,Georgia,2.0,1.0,FIFA World Cup qualification,Sofia,Bulgaria,False,91.0,1263.0,70.0,1366.0
2025-11-18,Haiti,Nicaragua,2.0,0.0,FIFA World Cup qualification,Willemstad,Curaçao,True,88.0,1268.0,133.0,1107.0
2025-11-18,Mexico,Paraguay,1.0,2.0,Friendly,San Antonio,United States,True,14.0,1683.0,39.0,1498.0
2025-11-18,South Korea,Ghana,1.0,0.0,Friendly,Seoul,South Korea,False,22.0,1594.0,73.0,1356.0
2025-11-18,Austria,Bosnia and Herzegovina,1.0,1.0,FIFA World Cup qualification,Vienna,Austria,False,24.0,1587.0,75.0,1341.0
2025-11-18,Kosovo,Switzerland,1.0,1.0,FIFA World Cup qualification,Pristina,Kosovo,False,84.0,1285.0,17.0,1653.0
2025-11-18,Wales,North Macedonia,7.0,1.0,FIFA World Cup qualification,Cardiff,Wales,False,34.0,1519.0,65.0,1391.0
2025-11-18,Saint Kitts and Nevis,Belize,2.0,6.0,CONCACAF Series,Basseterre,Saint Kitts and Nevis,False,151.0,1042.0,181.0,904.0
2025-11-18,Antigua and Barbuda,Guyana,1.0,4.0,CONCACAF Series,North Sound,Antigua and Barbuda,False,160.0,992.0,153.0,1037.0
2025-11-18,Iran,Uzbekistan,0.0,0.0,Al Ain International Cup,Al Ain,United Arab Emirates,True,21.0,1618.0,55.0,1452.0
2025-11-18,Guatemala,Suriname,3.0,1.0,FIFA World Cup qualification,Guatemala City,Guatemala,False,95.0,1242.0,126.0,1136.0
2025-11-18,Panama,El Salvador,3.0,0.0,FIFA World Cup qualification,Panama City,Panama,False,31.0,1528.0,94.0,1248.0
2025-11-18,Jamaica,Curaçao,0.0,0.0,FIFA World Cup qualification,Kingston,Jamaica,False,68.0,1367.0,82.0,1296.0
2025-11-18,Costa Rica,Honduras,0.0,0.0,FIFA World Cup qualification,San José,Costa Rica,False,45.0,1484.0,64.0,1396.0
2025-11-18,Faroe Islands,Kazakhstan,1.0,0.0,Friendly,Pula,Croatia,True,127.0,1132.0,115.0,1168.0
2025-11-18,Belgium,Liechtenstein,7.0,0.0,FIFA World Cup qualification,Liège,Belgium,False,8.0,1740.0,206.0,802.0
2025-11-18,Ecuador,New Zealand,2.0,0.0,Friendly,Harrison,United States,True,23.0,1590.0,85.0,1283.0
2025-11-19,Laos,Vietnam,0.0,2.0,AFC Asian Cup qualification,Vientiane,Laos,False,187.0,877.0,110.0,1184.0
2025-11-20,Vanuatu,Solomon Islands,2.0,1.0,MSG Prime Minister's Cup,Port Moresby,Papua New Guinea,True,160.0,997.0,152.0,1040.0
2025-11-20,Papua New Guinea,Fiji,2.0,0.0,MSG Prime Minister's Cup,Port Moresby,Papua New Guinea,False,170.0,975.0,155.0,1030.0
2025-11-23,Papua New Guinea,Vanuatu,2.0,2.0,MSG Prime Minister's Cup,Port Moresby,Papua New Guinea,False,170.0,975.0,160.0,997.0
2025-11-25,Mauritania,Kuwait,0.0,2.0,Arab Cup qualification,Al Rayyan,Qatar,True,114.0,1174.0,135.0,1103.0
2025-11-25,Syria,South Sudan,2.0,0.0,Arab Cup qualification,Doha,Qatar,True,87.0,1278.0,168.0,979.0
2025-11-25,Palestine,Libya,0.0,0.0,Arab Cup qualification,Al Rayyan,Qatar,True,96.0,1231.0,111.0,1183.0
2025-11-26,Oman,Somalia,0.0,0.0,Arab Cup qualification,Doha,Qatar,True,79.0,1312.0,200.0,827.0
2025-11-26,Bahrain,Djibouti,1.0,0.0,Arab Cup qualification,Al Rayyan,Qatar,True,91.0,1259.0,196.0,848.0
2025-11-26,Sudan,Lebanon,2.0,1.0,Arab Cup qualification,Al Rayyan,Qatar,True,118.0,1154.0,107.0,1191.0
2025-11-26,Comoros,Yemen,4.0,4.0,Arab Cup qualification,Doha,Qatar,True,108.0,1190.0,148.0,1049.0
2025-12-01,Tunisia,Syria,0.0,1.0,Arab Cup,Al Rayyan,Qatar,True,40.0,1497.0,87.0,1278.0
2025-12-01,Qatar,Palestine,0.0,1.0,Arab Cup,Al Khor,Qatar,False,51.0,1462.0,96.0,1231.0
2025-12-02,Egypt,Kuwait,1.0,1.0,Arab Cup,Lusail,Qatar,True,34.0,1521.0,135.0,1103.0
2025-12-02,Morocco,Comoros,3.0,1.0,Arab Cup,Al Rayyan,Qatar,True,11.0,1713.0,108.0,1190.0
2025-12-02,Saudi Arabia,Oman,2.0,1.0,Arab Cup,Al Rayyan,Qatar,True,60.0,1429.0,79.0,1312.0
2025-12-03,Jordan,United Arab Emirates,2.0,1.0,Arab Cup,Al Khor,Qatar,True,66.0,1378.0,67.0,1370.0
2025-12-03,Algeria,Sudan,0.0,0.0,Arab Cup,Al Rayyan,Qatar,True,35.0,1516.0,118.0,1154.0
2025-12-03,Iraq,Bahrain,2.0,1.0,Arab Cup,Doha,Qatar,True,58.0,1439.0,91.0,1259.0
2025-12-04,Palestine,Tunisia,2.0,2.0,Arab Cup,Lusail,Qatar,True,96.0,1231.0,40.0,1497.0
2025-12-04,Qatar,Syria,1.0,1.0,Arab Cup,Al Rayyan,Qatar,False,51.0,1462.0,87.0,1278.0
2025-12-05,Oman,Morocco,0.0,0.0,Arab Cup,Al Rayyan,Qatar,True,79.0,1312.0,11.0,1713.0
2025-12-05,Comoros,Saudi Arabia,1.0,3.0,Arab Cup,Al Khor,Qatar,True,108.0,1190.0,60.0,1429.0
2025-12-06,Kuwait,Jordan,1.0,3.0,Arab Cup,Al Rayyan,Qatar,True,135.0,1103.0,66.0,1378.0
2025-12-06,United Arab Emirates,Egypt,1.0,1.0,Arab Cup,Lusail,Qatar,True,67.0,1370.0,34.0,1521.0
2025-12-06,Bahrain,Algeria,1.0,5.0,Arab Cup,Al Rayyan,Qatar,True,91.0,1259.0,35.0,1516.0
2025-12-06,Sudan,Iraq,0.0,2.0,Arab Cup,Doha,Qatar,True,118.0,1154.0,58.0,1439.0
2025-12-07,Qatar,Tunisia,0.0,3.0,Arab Cup,Al Khor,Qatar,False,51.0,1462.0,40.0,1497.0
2025-12-07,Syria,Palestine,0.0,0.0,Arab Cup,Al Rayyan,Qatar,True,87.0,1278.0,96.0,1231.0
2025-12-08,Morocco,Saudi Arabia,1.0,0.0,Arab Cup,Lusail,Qatar,True,11.0,1713.0,60.0,1429.0
2025-12-08,Oman,Comoros,2.0,1.0,Arab Cup,Doha,Qatar,True,79.0,1312.0,108.0,1190.0
2025-12-09,Egypt,Jordan,0.0,3.0,Arab Cup,Al Khor,Qatar,True,34.0,1521.0,66.0,1378.0
2025-12-09,United Arab Emirates,Kuwait,3.0,1.0,Arab Cup,Doha,Qatar,True,67.0,1370.0,135.0,1103.0
2025-12-09,Algeria,Iraq,2.0,0.0,Arab Cup,Al Rayyan,Qatar,True,35.0,1516.0,58.0,1439.0
2025-12-09,Bahrain,Sudan,3.0,1.0,Arab Cup,Al Rayyan,Qatar,True,91.0,1259.0,118.0,1154.0
2025-12-11,Morocco,Syria,1.0,0.0,Arab Cup,Al Rayyan,Qatar,True,11.0,1713.0,87.0,1278.0
2025-12-11,Palestine,Saudi Arabia,1.0,2.0,Arab Cup,Lusail,Qatar,True,96.0,1231.0,60.0,1429.0
2025-12-12,Jordan,Iraq,1.0,0.0,Arab Cup,Al Rayyan,Qatar,True,66.0,1378.0,58.0,1439.0
2025-12-12,Algeria,United Arab Emirates,1.0,1.0,Arab Cup,Al Khor,Qatar,True,35.0,1516.0,67.0,1370.0
2025-12-15,Morocco,United Arab Emirates,3.0,0.0,Arab Cup,Al Rayyan,Qatar,True,11.0,1713.0,67.0,1370.0
2025-12-15,Saudi Arabia,Jordan,0.0,1.0,Arab Cup,Al Khor,Qatar,True,60.0,1429.0,66.0,1378.0
2025-12-18,Jordan,Morocco,2.0,3.0,Arab Cup,Lusail,Qatar,True,66.0,1378.0,11.0,1713.0
2025-12-21,Morocco,Comoros,2.0,0.0,African Cup of Nations,Rabat,Morocco,False,11.0,1713.0,108.0,1190.0
2025-12-22,Mali,Zambia,1.0,1.0,African Cup of Nations,Casablanca,Morocco,True,53.0,1455.0,91.0,1258.0
2025-12-22,South Africa,Angola,2.0,1.0,African Cup of Nations,Marrakesh,Morocco,True,61.0,1427.0,89.0,1272.0
2025-12-22,Egypt,Zimbabwe,2.0,1.0,African Cup of Nations,Agadir,Morocco,True,35.0,1515.0,129.0,1124.0
2025-12-23,DR Congo,Benin,1.0,0.0,African Cup of Nations,Rabat,Morocco,True,56.0,1444.0,92.0,1256.0
2025-12-23,Senegal,Botswana,3.0,0.0,African Cup of Nations,Tangier,Morocco,True,19.0,1648.0,138.0,1085.0
2025-12-23,Nigeria,Tanzania,2.0,1.0,African Cup of Nations,Fez,Morocco,True,38.0,1502.0,112.0,1181.0
2025-12-23,Tunisia,Uganda,3.0,1.0,African Cup of Nations,Rabat,Morocco,True,41.0,1495.0,85.0,1288.0
2025-12-24,Cameroon,Gabon,1.0,0.0,African Cup of Nations,Agadir,Morocco,True,57.0,1440.0,78.0,1321.0
2025-12-24,Ivory Coast,Mozambique,1.0,0.0,African Cup of Nations,Marrakesh,Morocco,True,42.0,1490.0,102.0,1223.0
2025-12-24,Algeria,Sudan,3.0,0.0,African Cup of Nations,Rabat,Morocco,True,34.0,1518.0,117.0,1154.0
2025-12-24,Burkina Faso,Equatorial Guinea,2.0,1.0,African Cup of Nations,Casablanca,Morocco,True,62.0,1405.0,97.0,1229.0
2025-12-26,Zambia,Comoros,0.0,0.0,African Cup of Nations,Casablanca,Morocco,True,91.0,1258.0,109.0,1186.0
2025-12-26,Morocco,Mali,1.0,1.0,African Cup of Nations,Rabat,Morocco,False,11.0,1716.0,53.0,1455.0
2025-12-26,Angola,Zimbabwe,1.0,1.0,African Cup of Nations,Marrakesh,Morocco,True,89.0,1272.0,129.0,1124.0
2025-12-26,Egypt,South Africa,1.0,0.0,African Cup of Nations,Agadir,Morocco,True,35.0,1515.0,61.0,1427.0
2025-12-27,Uganda,Tanzania,1.0,1.0,African Cup of Nations,Rabat,Morocco,True,85.0,1288.0,112.0,1181.0
2025-12-27,Nigeria,Tunisia,3.0,2.0,African Cup of Nations,Fez,Morocco,True,38.0,1502.0,41.0,1495.0
2025-12-27,Benin,Botswana,1.0,0.0,African Cup of Nations,Rabat,Morocco,True,92.0,1256.0,138.0,1085.0
2025-12-27,Senegal,DR Congo,1.0,1.0,African Cup of Nations,Tangier,Morocco,True,19.0,1648.0,56.0,1444.0
2025-12-28,Equatorial Guinea,Sudan,0.0,1.0,African Cup of Nations,Casablanca,Morocco,True,97.0,1229.0,117.0,1154.0
2025-12-28,Algeria,Burkina Faso,1.0,0.0,African Cup of Nations,Rabat,Morocco,True,34.0,1518.0,62.0,1405.0
2025-12-28,Gabon,Mozambique,2.0,3.0,African Cup of Nations,Agadir,Morocco,True,78.0,1321.0,102.0,1223.0
2025-12-28,Ivory Coast,Cameroon,1.0,1.0,African Cup of Nations,Marrakesh,Morocco,True,42.0,1490.0,57.0,1440.0
2025-12-29,Angola,Egypt,0.0,0.0,African Cup of Nations,Agadir,Morocco,True,89.0,1272.0,35.0,1515.0
2025-12-29,Zimbabwe,South Africa,2.0,3.0,African Cup of Nations,Marrakesh,Morocco,True,129.0,1124.0,61.0,1427.0
2025-12-29,Morocco,Zambia,3.0,0.0,African Cup of Nations,Rabat,Morocco,False,11.0,1716.0,91.0,1258.0
2025-12-29,Comoros,Mali,0.0,0.0,African Cup of Nations,Casablanca,Morocco,True,109.0,1186.0,53.0,1455.0
2025-12-30,Uganda,Nigeria,1.0,3.0,African Cup of Nations,Fez,Morocco,True,85.0,1288.0,38.0,1502.0
2025-12-30,Tanzania,Tunisia,1.0,1.0,African Cup of Nations,Rabat,Morocco,True,112.0,1181.0,41.0,1495.0
2025-12-30,Benin,Senegal,0.0,3.0,African Cup of Nations,Tangier,Morocco,True,92.0,1256.0,19.0,1648.0
2025-12-30,Botswana,DR Congo,0.0,3.0,African Cup of Nations,Rabat,Morocco,True,138.0,1085.0,56.0,1444.0
2025-12-31,Equatorial Guinea,Algeria,1.0,3.0,African Cup of Nations,Rabat,Morocco,True,97.0,1229.0,34.0,1518.0
2025-12-31,Sudan,Burkina Faso,0.0,2.0,African Cup of Nations,Casablanca,Morocco,True,117.0,1154.0,62.0,1405.0
2025-12-31,Gabon,Ivory Coast,2.0,3.0,African Cup of Nations,Marrakesh,Morocco,True,78.0,1321.0,42.0,1490.0
2025-12-31,Mozambique,Cameroon,1.0,2.0,African Cup of Nations,Agadir,Morocco,True,102.0,1223.0,57.0,1440.0
2026-01-03,Senegal,Sudan,3.0,1.0,African Cup of Nations,Tangier,Morocco,True,19.0,1648.0,117.0,1154.0
2026-01-03,Mali,Tunisia,1.0,1.0,African Cup of Nations,Casablanca,Morocco,True,53.0,1455.0,41.0,1495.0
2026-01-04,Morocco,Tanzania,1.0,0.0,African Cup of Nations,Rabat,Morocco,False,11.0,1716.0,112.0,1181.0
2026-01-04,South Africa,Cameroon,1.0,2.0,African Cup of Nations,Rabat,Morocco,True,61.0,1427.0,57.0,1440.0
2026-01-05,Egypt,Benin,3.0,1.0,African Cup of Nations,Agadir,Morocco,True,35.0,1515.0,92.0,1256.0
2026-01-05,Nigeria,Mozambique,4.0,0.0,African Cup of Nations,Fez,Morocco,True,38.0,1502.0,102.0,1223.0
2026-01-06,Algeria,DR Congo,1.0,0.0,African Cup of Nations,Rabat,Morocco,True,34.0,1518.0,56.0,1444.0
2026-01-06,Ivory Coast,Burkina Faso,3.0,0.0,African Cup of Nations,Marrakesh,Morocco,True,42.0,1490.0,62.0,1405.0
2026-01-09,Mali,Senegal,0.0,1.0,African Cup of Nations,Tangier,Morocco,True,53.0,1455.0,19.0,1648.0
2026-01-09,Morocco,Cameroon,2.0,0.0,African Cup of Nations,Rabat,Morocco,False,11.0,1716.0,57.0,1440.0
2026-01-10,Algeria,Nigeria,0.0,2.0,African Cup of Nations,Marrakesh,Morocco,True,34.0,1518.0,38.0,1502.0
2026-01-10,Egypt,Ivory Coast,3.0,2.0,African Cup of Nations,Agadir,Morocco,True,35.0,1515.0,42.0,1490.0
2026-01-14,Senegal,Egypt,1.0,0.0,African Cup of Nations,Tangier,Morocco,True,19.0,1648.0,35.0,1515.0
2026-01-14,Morocco,Nigeria,0.0,0.0,African Cup of Nations,Rabat,Morocco,False,11.0,1716.0,38.0,1502.0
2026-01-17,Egypt,Nigeria,0.0,0.0,African Cup of Nations,Casablanca,Morocco,True,35.0,1515.0,38.0,1502.0
2026-01-18,Morocco,Senegal,3.0,0.0,African Cup of Nations,Rabat,Morocco,False,11.0,1716.0,19.0,1648.0
2026-01-18,Bolivia,Panama,1.0,1.0,Friendly,Tarija,Bolivia,False,76.0,1330.0,30.0,1540.0
2026-01-18,Grenada,Jamaica,0.0,1.0,Friendly,St. George's,Grenada,False,164.0,990.0,70.0,1362.0
2026-01-22,Panama,Mexico,0.0,1.0,Friendly,Panama City,Panama,False,33.0,1539.0,16.0,1676.0
2026-01-25,Bolivia,Mexico,0.0,1.0,Friendly,Santa Cruz,Bolivia,False,76.0,1331.0,16.0,1676.0
2026-02-25,Mexico,Iceland,4.0,0.0,Friendly,Querétaro,Mexico,False,16.0,1676.0,74.0,1345.0
2026-03-15,Bolivia,Trinidad and Tobago,3.0,0.0,Friendly,Santa Cruz,Bolivia,False,76.0,1331.0,97.0,1227.0
2026-03-25,Kazakhstan,Namibia,2.0,0.0,FIFA Series,Astana,Kazakhstan,False,114.0,1173.0,118.0,1153.0
2026-03-25,Equatorial Guinea,Kyrgyzstan,1.0,0.0,Friendly,Antalya,Turkey,True,107.0,1190.0,103.0,1201.0
2026-03-25,Puerto Rico,Guam,4.0,0.0,FIFA Series,Bayamón,Puerto Rico,False,156.0,1020.0,201.0,823.0
2026-03-25,Bermuda,DR Congo,0.0,2.0,Friendly,Zapopan,Mexico,True,169.0,977.0,48.0,1468.0
2026-03-26,Cyprus,Belarus,0.0,1.0,Friendly,Nicosia,Cyprus,False,128.0,1128.0,98.0,1227.0
2026-03-26,Brazil,France,1.0,2.0,Friendly,Foxborough,United States,True,5.0,1760.0,3.0,1870.0
2026-03-26,Colombia,Croatia,1.0,2.0,Friendly,Orlando,United States,True,14.0,1701.0,11.0,1717.0
2026-03-26,Moldova,Lithuania,0.0,2.0,Friendly,Chișinău,Moldova,False,158.0,1013.0,146.0,1056.0
2026-03-26,Ukraine,Sweden,1.0,3.0,FIFA World Cup qualification,Valencia,Spain,True,30.0,1557.0,42.0,1487.0
2026-03-26,New Caledonia,Jamaica,0.0,1.0,FIFA World Cup qualification,Zapopan,Mexico,True,150.0,1043.0,70.0,1362.0
2026-03-26,Bolivia,Suriname,2.0,1.0,FIFA World Cup qualification,Guadalupe,Mexico,True,76.0,1331.0,123.0,1141.0
2026-03-26,Italy,Northern Ireland,2.0,0.0,FIFA World Cup qualification,Bergamo,Italy,False,13.0,1702.0,69.0,1366.0
2026-03-26,Wales,Bosnia and Herzegovina,1.0,1.0,FIFA World Cup qualification,Cardiff,Wales,False,35.0,1530.0,71.0,1362.0
2026-03-26,Vietnam,Bangladesh,3.0,0.0,Friendly,Hanoi,Vietnam,False,108.0,1190.0,180.0,911.0
2026-03-26,Poland,Albania,2.0,1.0,FIFA World Cup qualification,Warsaw,Poland,False,34.0,1532.0,63.0,1401.0
2026-03-26,Georgia,Israel,2.0,2.0,Friendly,Tbilisi,Georgia,False,73.0,1348.0,77.0,1328.0
2026-03-26,Slovakia,Kosovo,3.0,4.0,FIFA World Cup qualification,Bratislava,Slovakia,False,44.0,1486.0,79.0,1309.0
2026-03-26,Aruba,Macau,4.0,1.0,FIFA Series,Kigali,Rwanda,True,191.0,868.0,193.0,865.0
2026-03-26,Czech Republic,Republic of Ireland,2.0,2.0,FIFA World Cup qualification,Prague,Czech Republic,False,43.0,1487.0,59.0,1436.0
2026-03-26,Denmark,North Macedonia,4.0,0.0,FIFA World Cup qualification,Copenhagen,Denmark,False,21.0,1617.0,66.0,1379.0
2026-03-26,Turkey,Romania,1.0,0.0,FIFA World Cup qualification,Istanbul,Turkey,False,25.0,1583.0,49.0,1466.0
2026-03-26,Tanzania,Liechtenstein,0.0,1.0,FIFA Series,Kigali,Rwanda,True,110.0,1186.0,205.0,800.0
2026-03-26,Bahamas,Anguilla,1.0,3.0,CONCACAF Series,George Town,Cayman Islands,True,206.0,797.0,209.0,760.0
2026-03-26,Cayman Islands,British Virgin Islands,1.0,1.0,CONCACAF Series,George Town,Cayman Islands,False,195.0,852.0,208.0,777.0
2026-03-26,Dominican Republic,El Salvador,2.0,2.0,CONCACAF Series,Santiago de los Caballeros,Dominican Republic,False,142.0,1077.0,99.0,1227.0
2026-03-27,Guinea,Togo,2.0,2.0,"Morocco, Capital of African Football",Rabat,Morocco,True,80.0,1307.0,124.0,1140.0
2026-03-27,Argentina,Mauritania,2.0,1.0,Friendly,Buenos Aires,Argentina,False,2.0,1873.0,115.0,1171.0
2026-03-27,Austria,Ghana,5.0,1.0,Friendly,Vienna,Austria,False,24.0,1586.0,72.0,1351.0
2026-03-27,Greece,Paraguay,0.0,1.0,Friendly,Athens,Greece,False,46.0,1480.0,40.0,1502.0
2026-03-27,Algeria,Guatemala,7.0,0.0,Friendly,Genoa,Switzerland,True,28.0,1561.0,94.0,1246.0
2026-03-27,England,Uruguay,1.0,1.0,Friendly,London,England,False,4.0,1834.0,17.0,1673.0
2026-03-27,South Africa,Panama,1.0,1.0,Friendly,Durban,South Africa,False,60.0,1433.0,33.0,1539.0
2026-03-27,Montenegro,Andorra,2.0,0.0,Friendly,Podgorica,Montenegro,False,82.0,1297.0,172.0,949.0
2026-03-27,Morocco,Ecuador,1.0,1.0,Friendly,Madrid,Spain,True,8.0,1737.0,23.0,1592.0
2026-03-27,Netherlands,Norway,2.0,1.0,Friendly,Amsterdam,Netherlands,False,7.0,1756.0,32.0,1553.0
2026-03-27,Saudi Arabia,Egypt,0.0,4.0,Friendly,Jeddah,Saudi Arabia,False,61.0,1429.0,31.0,1557.0
2026-03-27,Spain,Serbia,3.0,0.0,Friendly,Villarreal,Spain,False,1.0,1877.0,39.0,1506.0
2026-03-27,Libya,Niger,0.0,0.0,"Morocco, Capital of African Football",Casablanca,Morocco,True,112.0,1183.0,111.0,1185.0
2026-03-27,Switzerland,Germany,3.0,4.0,Friendly,Basel,Switzerland,False,18.0,1655.0,10.0,1724.0
2026-03-27,Russia,Nicaragua,3.0,1.0,Friendly,Krasnodar,Russia,False,36.0,1525.0,131.0,1117.0
2026-03-27,Uzbekistan,Gabon,3.0,1.0,FIFA Series,Tashkent,Uzbekistan,False,52.0,1462.0,86.0,1276.0
2026-03-27,Costa Rica,Jordan,2.0,2.0,Friendly,Antalya,Turkey,True,51.0,1464.0,64.0,1389.0
2026-03-27,Liberia,Benin,0.0,1.0,"Morocco, Capital of African Football",Casablanca,Morocco,True,140.0,1081.0,92.0,1250.0
2026-03-27,Indonesia,Saint Kitts and Nevis,4.0,0.0,FIFA Series,Jakarta,Indonesia,False,122.0,1145.0,154.0,1035.0
2026-03-27,Australia,Cameroon,1.0,0.0,FIFA Series,Sydney,Australia,False,27.0,1574.0,45.0,1482.0
2026-03-27,Azerbaijan,Saint Lucia,6.0,1.0,FIFA Series,Sumgait,Azerbaijan,False,127.0,1133.0,167.0,980.0
2026-03-27,Chile,Cape Verde,4.0,2.0,FIFA Series,Auckland,New Zealand,True,55.0,1458.0,67.0,1370.0
2026-03-27,Solomon Islands,Bulgaria,2.0,10.0,FIFA Series,Jakarta,Indonesia,True,152.0,1040.0,87.0,1272.0
2026-03-27,Kenya,Estonia,1.0,1.0,FIFA Series,Kigali,Rwanda,True,113.0,1180.0,129.0,1123.0
2026-03-27,Rwanda,Grenada,4.0,0.0,FIFA Series,Kigali,Rwanda,False,130.0,1118.0,164.0,990.0
2026-03-27,Venezuela,Trinidad and Tobago,4.0,1.0,FIFA Series,Tashkent,Uzbekistan,True,50.0,1465.0,97.0,1227.0
2026-03-27,Guyana,Dominica,2.0,0.0,CONCACAF Series,Santiago de los Caballeros,Dominican Republic,True,151.0,1042.0,183.0,901.0
2026-03-27,Iran,Nigeria,1.0,2.0,Friendly,Antalya,Turkey,True,20.0,1617.0,26.0,1582.0
2026-03-27,New Zealand,Finland,0.0,2.0,FIFA Series,Auckland,New Zealand,False,85.0,1279.0,75.0,1342.0
2026-03-28,Mexico,Portugal,0.0,0.0,Friendly,Mexico City,Mexico,False,16.0,1676.0,6.0,1760.0
2026-03-28,Scotland,Japan,0.0,1.0,Friendly,Glasgow,Scotland,False,38.0,1507.0,19.0,1650.0
2026-03-28,Burkina Faso,Guinea-Bissau,5.0,0.0,Friendly,Ouagadougou,Burkina Faso,False,62.0,1413.0,133.0,1108.0
2026-03-28,Canada,Iceland,2.0,2.0,Friendly,Toronto,Canada,False,29.0,1559.0,74.0,1345.0
2026-03-28,Hungary,Slovenia,1.0,0.0,Friendly,Budapest,Hungary,False,41.0,1496.0,57.0,1447.0
2026-03-28,Ivory Coast,South Korea,4.0,0.0,Friendly,Milton Keynes,England,True,37.0,1522.0,22.0,1599.0
2026-03-28,San Marino,Faroe Islands,1.0,2.0,Friendly,Serravalle,San Marino,False,210.0,726.0,125.0,1135.0
2026-03-28,American Samoa,Guam,0.0,6.0,FIFA Series,Bayamón,Puerto Rico,True,184.0,883.0,201.0,823.0
2026-03-28,Senegal,Peru,2.0,0.0,Friendly,Paris,France,True,12.0,1707.0,53.0,1460.0
2026-03-28,Kyrgyzstan,Madagascar,2.0,5.0,Friendly,Antalya,Turkey,True,103.0,1201.0,104.0,1199.0
2026-03-28,Botswana,Zimbabwe,0.0,3.0,Mukuru 4 Nations,Francistown,Botswana,False,144.0,1062.0,132.0,1114.0
2026-03-28,Namibia,Comoros,0.0,0.0,FIFA Series,Astana,Kazakhstan,True,118.0,1153.0,106.0,1193.0
2026-03-28,United States,Belgium,2.0,5.0,Friendly,Atlanta,United States,False,15.0,1682.0,9.0,1731.0
2026-03-28,Haiti,Tunisia,0.0,1.0,Friendly,Toronto,Canada,True,83.0,1294.0,47.0,1479.0
2026-03-29,Aruba,Liechtenstein,4.0,1.0,FIFA Series,Kigali,Rwanda,True,191.0,868.0,205.0,800.0
2026-03-29,Armenia,Belarus,1.0,2.0,Friendly,Yerevan,Armenia,False,105.0,1196.0,98.0,1227.0
2026-03-29,Colombia,France,1.0,3.0,Friendly,Landover,United States,True,14.0,1701.0,3.0,1870.0
2026-03-29,Lithuania,Georgia,0.0,2.0,Friendly,Kaunas,Lithuania,False,146.0,1056.0,73.0,1348.0
2026-03-29,Dominican Republic,Cuba,1.0,1.0,CONCACAF Series,Santiago de los Caballeros,Dominican Republic,False,142.0,1077.0,166.0,980.0
2026-03-29,Macau,Tanzania,0.0,6.0,FIFA Series,Kigali,Rwanda,True,193.0,865.0,110.0,1186.0
2026-03-29,Barbados,Saint Vincent and the Grenadines,2.0,3.0,CONCACAF Series,Rincon,Bonaire,True,178.0,914.0,171.0,964.0
2026-03-29,British Virgin Islands,Anguilla,4.0,0.0,CONCACAF Series,George Town,Cayman Islands,True,208.0,777.0,209.0,760.0
2026-03-29,Cayman Islands,Bahamas,1.0,0.0,CONCACAF Series,George Town,Cayman Islands,False,195.0,852.0,206.0,797.0
2026-03-30,Cape Verde,Finland,1.0,1.0,FIFA Series,Auckland,New Zealand,True,67.0,1370.0,75.0,1342.0
2026-03-30,Cyprus,Moldova,3.0,2.0,Friendly,Nicosia,Cyprus,False,128.0,1128.0,158.0,1013.0
2026-03-30,Germany,Ghana,2.0,1.0,Friendly,Stuttgart,Germany,False,10.0,1724.0,72.0,1351.0
2026-03-30,Azerbaijan,Sierra Leone,1.0,1.0,FIFA Series,Sumgait,Azerbaijan,False,127.0,1133.0,120.0,1149.0
2026-03-30,Indonesia,Bulgaria,0.0,1.0,FIFA Series,Jakarta,Indonesia,False,122.0,1145.0,87.0,1272.0
2026-03-30,Rwanda,Estonia,2.0,0.0,FIFA Series,Kigali,Rwanda,False,130.0,1118.0,129.0,1123.0
2026-03-30,Saint Kitts and Nevis,Solomon Islands,4.0,2.0,FIFA Series,Jakarta,Indonesia,True,154.0,1035.0,152.0,1040.0
2026-03-30,Grenada,Kenya,0.0,3.0,FIFA Series,Kigali,Rwanda,True,164.0,990.0,113.0,1180.0
2026-03-30,Gabon,Trinidad and Tobago,2.0,2.0,FIFA Series,Tashkent,Uzbekistan,True,86.0,1276.0,97.0,1227.0
2026-03-30,Uzbekistan,Venezuela,0.0,0.0,FIFA Series,Tashkent,Uzbekistan,False,52.0,1462.0,50.0,1465.0
2026-03-30,Guyana,Belize,3.0,1.0,CONCACAF Series,Santiago de los Caballeros,Dominican Republic,True,151.0,1042.0,181.0,911.0
2026-03-30,New Zealand,Chile,4.0,1.0,FIFA Series,Auckland,New Zealand,False,85.0,1279.0,55.0,1458.0
2026-03-31,England,Japan,0.0,1.0,Friendly,London,England,False,4.0,1834.0,19.0,1650.0
2026-03-31,Argentina,Zambia,5.0,0.0,Friendly,Buenos Aires,Argentina,False,2.0,1873.0,91.0,1257.0
2026-03-31,Austria,South Korea,1.0,0.0,Friendly,Vienna,Austria,False,24.0,1586.0,22.0,1599.0
2026-03-31,Benin,Guinea,1.0,0.0,"Morocco, Capital of African Football",Casablanca,Morocco,True,92.0,1250.0,80.0,1307.0
2026-03-31,Brazil,Croatia,3.0,1.0,Friendly,Orlando,United States,True,5.0,1760.0,11.0,1717.0
2026-03-31,Burkina Faso,Guinea-Bissau,1.0,1.0,Friendly,Ouagadougou,Burkina Faso,False,62.0,1413.0,133.0,1108.0
2026-03-31,Canada,Tunisia,0.0,0.0,Friendly,Toronto,Canada,False,29.0,1559.0,47.0,1479.0
2026-03-31,Costa Rica,Iran,0.0,5.0,Friendly,Antalya,Turkey,True,51.0,1464.0,20.0,1617.0
2026-03-31,Equatorial Guinea,Madagascar,1.0,1.0,Friendly,Manavgat,Turkey,True,107.0,1190.0,104.0,1199.0
2026-03-31,Morocco,Paraguay,2.0,1.0,Friendly,Lens,France,True,8.0,1737.0,40.0,1502.0
2026-03-31,Hungary,Greece,0.0,0.0,Friendly,Budapest,Hungary,False,41.0,1496.0,46.0,1480.0
2026-03-31,Ivory Coast,Scotland,1.0,0.0,Friendly,Liverpool,England,True,37.0,1522.0,38.0,1507.0
2026-03-31,Jordan,Nigeria,2.0,2.0,Friendly,Antalya,Turkey,True,64.0,1389.0,26.0,1582.0
2026-03-31,Liberia,Libya,2.0,2.0,"Morocco, Capital of African Football",Casablanca,Morocco,True,140.0,1081.0,112.0,1183.0
2026-03-31,Botswana,Malawi,1.0,0.0,Mukuru 4 Nations,Francistown,Botswana,False,144.0,1062.0,126.0,1134.0
2026-03-31,Mexico,Belgium,1.0,1.0,Friendly,Chicago,United States,True,16.0,1676.0,9.0,1731.0
2026-03-31,Montenegro,Slovenia,2.0,3.0,Friendly,Podgorica,Montenegro,False,82.0,1297.0,57.0,1447.0
2026-03-31,Algeria,Uruguay,0.0,0.0,Friendly,Turin,Italy,True,28.0,1561.0,17.0,1673.0
2026-03-31,Haiti,Iceland,1.0,1.0,Friendly,Toronto,Canada,True,83.0,1294.0,74.0,1345.0
2026-03-31,Netherlands,Ecuador,1.0,1.0,Friendly,Eindhoven,Netherlands,False,7.0,1756.0,23.0,1592.0
2026-03-31,Niger,Togo,0.0,1.0,"Morocco, Capital of African Football",Casablanca,Morocco,True,111.0,1185.0,124.0,1140.0
2026-03-31,Norway,Switzerland,0.0,0.0,Friendly,Oslo,Norway,False,32.0,1553.0,18.0,1655.0
2026-03-31,Spain,Egypt,0.0,0.0,Friendly,Barcelona,Spain,False,1.0,1877.0,31.0,1557.0
2026-03-31,Russia,Mali,0.0,0.0,Friendly,Saint Petersburg,Russia,False,36.0,1525.0,54.0,1458.0
2026-03-31,Republic of Ireland,North Macedonia,0.0,0.0,Friendly,Dublin,Republic of Ireland,False,59.0,1436.0,66.0,1379.0
2026-03-31,San Marino,Andorra,0.0,0.0,Friendly,Serravalle,San Marino,False,210.0,726.0,172.0,949.0
2026-03-31,Senegal,Gambia,3.0,1.0,Friendly,Diamniadio,Senegal,False,12.0,1707.0,116.0,1162.0
2026-03-31,Serbia,Saudi Arabia,2.0,1.0,Friendly,Backa Topola,Serbia,False,39.0,1506.0,61.0,1429.0
2026-03-31,Slovakia,Romania,2.0,0.0,Friendly,Bratislava,Slovakia,False,44.0,1486.0,49.0,1466.0
2026-03-31,South Africa,Panama,1.0,2.0,Friendly,Cape Town,South Africa,False,60.0,1433.0,33.0,1539.0
2026-03-31,Ukraine,Albania,1.0,0.0,Friendly,Valencia,Spain,True,30.0,1557.0,63.0,1401.0
2026-03-31,Wales,Northern Ireland,1.0,1.0,Friendly,Cardiff,Wales,False,35.0,1530.0,69.0,1366.0
2026-03-31,DR Congo,Jamaica,1.0,0.0,FIFA World Cup qualification,Zapopan,Mexico,True,48.0,1468.0,70.0,1362.0
2026-03-31,Iraq,Bolivia,2.0,1.0,FIFA World Cup qualification,Guadalupe,Mexico,True,58.0,1437.0,76.0,1331.0
2026-03-31,Bosnia and Herzegovina,Italy,1.0,1.0,FIFA World Cup qualification,Zenica,Bosnia and Herzegovina,False,71.0,1362.0,13.0,1702.0
2026-03-31,Sweden,Poland,3.0,2.0,FIFA World Cup qualification,Solna,Sweden,False,42.0,1487.0,34.0,1532.0
2026-03-31,Kosovo,Turkey,0.0,1.0,FIFA World Cup qualification,Pristina,Kosovo,False,79.0,1309.0,25.0,1583.0
2026-03-31,Czech Republic,Denmark,2.0,2.0,FIFA World Cup qualification,Prague,Czech Republic,False,43.0,1487.0,21.0,1617.0
2026-03-31,Peru,Honduras,2.0,2.0,Friendly,Madrid,Spain,True,53.0,1460.0,65.0,1380.0
2026-03-31,United States,Portugal,0.0,2.0,Friendly,Atlanta,United States,False,15.0,1682.0,6.0,1760.0
2026-03-31,Australia,Curaçao,5.0,1.0,FIFA Series,Melbourne,Australia,False,27.0,1574.0,81.0,1303.0
2026-03-31,Kazakhstan,Comoros,1.0,0.0,FIFA Series,Astana,Kazakhstan,False,114.0,1173.0,106.0,1193.0
