date,team,score,suf_score,rank,rank_suf,total_points,result,rank_dif,points_by_rank,team_points
2023-01-09,Sweden,2.0,0.0,23.0,56.0,1558.0,0,-33.0,0.05357142857142857,3
2023-01-09,Oman,3.0,2.0,75.0,154.0,1321.0,0,-79.0,0.01948051948051948,3
2023-01-09,Iraq,2.0,0.0,68.0,49.0,1342.0,0,19.0,0.061224489795918366,3
2023-01-09,Vietnam,2.0,0.0,96.0,151.0,1229.0,0,-55.0,0.019867549668874173,3
2023-01-10,United Arab Emirates,0.0,1.0,70.0,148.0,1338.0,1,-78.0,0.0,0
2023-01-10,Qatar,1.0,2.0,60.0,85.0,1394.0,1,-25.0,0.0,0
2023-01-10,Thailand,3.0,0.0,111.0,145.0,1173.0,0,-34.0,0.020689655172413793,3
2023-01-12,Finland,0.0,1.0,56.0,109.0,1406.0,1,-53.0,0.0,0
2023-01-12,Sweden,2.0,1.0,23.0,63.0,1558.0,0,-40.0,0.047619047619047616,3
2023-01-12,Iraq,5.0,0.0,68.0,154.0,1342.0,0,-86.0,0.01948051948051948,3
2023-01-12,Saudi Arabia,1.0,2.0,49.0,75.0,1438.0,1,-26.0,0.0,0
2023-01-13,Qatar,1.0,1.0,60.0,70.0,1394.0,2,-10.0,0.014285714285714285,1
2023-01-13,Vietnam,2.0,2.0,96.0,111.0,1229.0,2,-15.0,0.009009009009009009,1
2023-01-13,Bahrain,1.0,1.0,85.0,148.0,1280.0,2,-63.0,0.006756756756756757,1
2023-01-16,Iraq,2.0,1.0,68.0,60.0,1342.0,0,8.0,0.05,3
2023-01-16,Bahrain,0.0,1.0,85.0,75.0,1280.0,1,10.0,0.0,0
2023-01-16,Thailand,1.0,0.0,111.0,96.0,1173.0,0,15.0,0.03125,3
2023-01-19,Iraq,3.0,2.0,68.0,75.0,1342.0,0,-7.0,0.04,3
2023-01-25,United States,1.0,2.0,13.0,29.0,1653.0,1,-16.0,0.0,0
2023-01-28,United States,0.0,0.0,13.0,17.0,1653.0,2,-4.0,0.058823529411764705,1
2023-02-22,Grenada,1.0,1.0,173.0,166.0,964.0,2,7.0,0.006024096385542169,1
2023-02-26,Grenada,2.0,2.0,173.0,166.0,964.0,2,7.0,0.006024096385542169,1
2023-03-03,Grenada,1.0,2.0,173.0,172.0,964.0,1,1.0,0.0,0
2023-03-05,Grenada,2.0,0.0,173.0,172.0,964.0,0,1.0,0.01744186046511628,3
2023-03-11,Jamaica,0.0,1.0,64.0,104.0,1379.0,1,-40.0,0.0,0
2023-03-12,Guatemala,1.0,1.0,119.0,61.0,1158.0,2,58.0,0.01639344262295082,1
2023-03-14,Jamaica,0.0,0.0,64.0,104.0,1379.0,2,-40.0,0.009615384615384616,1
2023-03-15,Bangladesh,1.0,1.0,192.0,124.0,884.0,2,68.0,0.008064516129032258,1
2023-03-19,Ethiopia,1.0,0.0,138.0,137.0,1091.0,0,1.0,0.021897810218978103,3
2023-03-20,Fiji,1.0,2.0,163.0,164.0,989.0,1,-1.0,0.0,0
2023-03-21,Maldives,1.0,0.0,156.0,195.0,1021.0,0,-39.0,0.015384615384615385,3
2023-03-21,Tahiti,0.0,2.0,162.0,161.0,995.0,1,1.0,0.0,0
2023-03-22,Honduras,1.0,0.0,81.0,74.0,1301.0,0,7.0,0.04054054054054054,3
2023-03-22,India,1.0,0.0,106.0,159.0,1192.0,0,-53.0,0.018867924528301886,3
2023-03-22,Nepal,2.0,0.0,175.0,187.0,957.0,0,-12.0,0.016042780748663103,3
2023-03-22,Republic of Ireland,3.0,2.0,48.0,133.0,1439.0,0,-85.0,0.022556390977443608,3
2023-03-22,Benin,1.0,1.0,91.0,137.0,1247.0,2,-46.0,0.0072992700729927005,1
2023-03-23,Zambia,3.0,1.0,88.0,147.0,1265.0,0,-59.0,0.02040816326530612,3
2023-03-23,Solomon Islands,2.0,0.0,136.0,164.0,1096.0,0,-28.0,0.018292682926829267,3
2023-03-23,Algeria,2.0,1.0,40.0,122.0,1487.0,0,-82.0,0.02459016393442623,3
2023-03-23,Ghana,1.0,0.0,58.0,117.0,1400.0,0,-59.0,0.02564102564102564,3
2023-03-23,Madagascar,0.0,3.0,102.0,132.0,1201.0,1,-30.0,0.0,0
2023-03-23,Iran,1.0,1.0,24.0,37.0,1552.0,2,-13.0,0.02702702702702703,1
2023-03-23,Malaysia,1.0,0.0,145.0,135.0,1067.0,0,10.0,0.022222222222222223,3
2023-03-23,Hungary,1.0,0.0,36.0,109.0,1493.0,0,-73.0,0.027522935779816515,3
2023-03-23,Hong Kong,1.0,1.0,146.0,160.0,1062.0,2,-14.0,0.00625,1
2023-03-23,Argentina,2.0,0.0,2.0,61.0,1838.0,0,-59.0,0.04918032786885246,3
2023-03-23,Denmark,3.0,1.0,18.0,56.0,1608.0,0,-38.0,0.05357142857142857,3
2023-03-23,Gabon,1.0,0.0,79.0,128.0,1305.0,0,-49.0,0.0234375,3
2023-03-23,San Marino,0.0,2.0,211.0,59.0,763.0,1,152.0,0.0,0
2023-03-23,Italy,1.0,2.0,8.0,5.0,1724.0,1,3.0,0.0,0
2023-03-23,North Macedonia,2.0,1.0,65.0,167.0,1355.0,0,-102.0,0.017964071856287425,3
2023-03-23,British Virgin Islands,1.0,3.0,209.0,170.0,809.0,1,39.0,0.0,0
2023-03-23,Barbados,0.0,1.0,166.0,168.0,982.0,1,-2.0,0.0,0
2023-03-23,Slovakia,0.0,0.0,54.0,92.0,1426.0,2,-38.0,0.010869565217391304,1
2023-03-23,Bosnia and Herzegovina,3.0,0.0,57.0,63.0,1404.0,0,-6.0,0.047619047619047616,3
2023-03-23,Portugal,4.0,0.0,9.0,198.0,1703.0,0,-189.0,0.015151515151515152,3
2023-03-23,Kazakhstan,1.0,2.0,115.0,62.0,1163.0,1,53.0,0.0,0
2023-03-23,Suriname,0.0,2.0,139.0,15.0,1077.0,1,124.0,0.0,0
2023-03-24,Uzbekistan,1.0,0.0,77.0,82.0,1313.0,0,-5.0,0.036585365853658534,3
2023-03-24,Japan,1.0,1.0,20.0,16.0,1593.0,2,4.0,0.0625,1
2023-03-24,Australia,3.0,1.0,27.0,41.0,1534.0,0,-14.0,0.07317073170731707,3
2023-03-24,Kuwait,2.0,0.0,148.0,134.0,1057.0,0,14.0,0.022388059701492536,3
2023-03-24,Saudi Arabia,1.0,2.0,49.0,55.0,1438.0,1,-6.0,0.0,0
2023-03-24,Tahiti,2.0,1.0,162.0,161.0,995.0,0,1.0,0.018633540372670808,3
2023-03-24,Nigeria,0.0,1.0,35.0,118.0,1494.0,1,-83.0,0.0,0
2023-03-24,Mali,2.0,0.0,45.0,126.0,1449.0,0,-81.0,0.023809523809523808,3
2023-03-24,Burkina Faso,1.0,0.0,50.0,127.0,1435.0,0,-77.0,0.023622047244094488,3
2023-03-24,Cameroon,1.0,1.0,33.0,113.0,1499.0,2,-80.0,0.008849557522123894,1
2023-03-24,Guinea,2.0,0.0,83.0,138.0,1290.0,0,-55.0,0.021739130434782608,3
2023-03-24,DR Congo,3.0,1.0,73.0,103.0,1334.0,0,-30.0,0.02912621359223301,3
2023-03-24,Uganda,0.0,1.0,89.0,130.0,1261.0,1,-41.0,0.0,0
2023-03-24,Cape Verde,0.0,0.0,72.0,143.0,1336.0,2,-71.0,0.006993006993006993,1
2023-03-24,Ivory Coast,3.0,1.0,47.0,129.0,1441.0,0,-82.0,0.023255813953488372,3
2023-03-24,South Korea,2.0,2.0,25.0,17.0,1539.0,2,8.0,0.058823529411764705,1
2023-03-24,Egypt,2.0,0.0,39.0,124.0,1490.0,0,-85.0,0.024193548387096774,3
2023-03-24,Nicaragua,4.0,1.0,142.0,178.0,1072.0,0,-36.0,0.016853932584269662,3
2023-03-24,Sweden,0.0,3.0,23.0,4.0,1558.0,1,19.0,0.0,0
2023-03-24,Moldova,1.0,1.0,174.0,123.0,959.0,2,51.0,0.008130081300813009,1
2023-03-24,Senegal,5.0,1.0,19.0,114.0,1604.0,0,-95.0,0.02631578947368421,3
2023-03-24,Gibraltar,0.0,3.0,200.0,51.0,858.0,1,149.0,0.0,0
2023-03-24,France,4.0,0.0,3.0,6.0,1823.0,0,-3.0,0.5,3
2023-03-24,Czech Republic,3.0,1.0,38.0,22.0,1491.0,0,16.0,0.13636363636363635,3
2023-03-24,Austria,4.0,1.0,34.0,121.0,1497.0,0,-87.0,0.024793388429752067,3
2023-03-24,Belize,1.0,2.0,176.0,119.0,951.0,1,57.0,0.0,0
2023-03-24,South Africa,2.0,2.0,67.0,150.0,1350.0,2,-83.0,0.006666666666666667,1
2023-03-24,Serbia,2.0,0.0,29.0,144.0,1526.0,0,-115.0,0.020833333333333332,3
2023-03-24,Grenada,1.0,7.0,173.0,13.0,964.0,1,160.0,0.0,0
2023-03-24,Bahamas,0.0,3.0,203.0,104.0,855.0,1,99.0,0.0,0
2023-03-24,Equatorial Guinea,2.0,0.0,98.0,149.0,1216.0,0,-51.0,0.020134228187919462,3
2023-03-24,Anguilla,1.0,2.0,210.0,172.0,791.0,1,38.0,0.0,0
2023-03-24,Tunisia,3.0,0.0,30.0,120.0,1526.0,0,-90.0,0.025,3
2023-03-24,Bulgaria,0.0,1.0,71.0,69.0,1337.0,1,2.0,0.0,0
2023-03-25,Spain,3.0,0.0,10.0,43.0,1693.0,0,-33.0,0.06976744186046512,3
2023-03-25,Bhutan,1.0,2.0,185.0,187.0,911.0,1,-2.0,0.0,0
2023-03-25,Georgia,6.0,1.0,78.0,183.0,1306.0,0,-105.0,0.01639344262295082,3
2023-03-25,Germany,2.0,0.0,14.0,21.0,1647.0,0,-7.0,0.14285714285714285,3
2023-03-25,United Arab Emirates,0.0,0.0,70.0,108.0,1338.0,2,-38.0,0.009259259259259259,1
2023-03-25,Morocco,2.0,1.0,11.0,1.0,1672.0,0,10.0,3.0,3
2023-03-25,Thailand,1.0,3.0,111.0,90.0,1173.0,1,21.0,0.0,0
2023-03-25,Indonesia,3.0,1.0,151.0,141.0,1034.0,0,10.0,0.02127659574468085,3
2023-03-25,Bahrain,1.0,2.0,85.0,93.0,1280.0,1,-8.0,0.0,0
2023-03-25,Bangladesh,1.0,0.0,192.0,199.0,884.0,0,-7.0,0.01507537688442211,3
2023-03-25,Scotland,3.0,0.0,42.0,110.0,1477.0,0,-68.0,0.02727272727272727,3
2023-03-25,Croatia,1.0,1.0,7.0,28.0,1728.0,2,-21.0,0.03571428571428571,1
2023-03-25,Belarus,0.0,5.0,97.0,12.0,1222.0,1,85.0,0.0,0
2023-03-25,Myanmar,1.0,1.0,159.0,94.0,1006.0,2,65.0,0.010638297872340425,1
2023-03-25,Andorra,0.0,2.0,153.0,52.0,1031.0,1,101.0,0.0,0
2023-03-25,Israel,1.0,1.0,76.0,107.0,1316.0,2,-31.0,0.009345794392523364,1
2023-03-25,Montserrat,0.0,4.0,179.0,87.0,941.0,1,92.0,0.0,0
2023-03-25,Armenia,1.0,2.0,95.0,44.0,1232.0,1,51.0,0.0,0
2023-03-25,Curaçao,0.0,2.0,86.0,53.0,1279.0,1,33.0,0.0,0
2023-03-25,Bermuda,0.0,2.0,169.0,171.0,977.0,1,-2.0,0.0,0
2023-03-26,England,2.0,0.0,5.0,26.0,1774.0,0,-21.0,0.11538461538461539,3
2023-03-26,Fiji,0.0,2.0,163.0,136.0,989.0,1,27.0,0.0,0
2023-03-26,Macau,0.0,1.0,182.0,160.0,922.0,1,22.0,0.0,0
2023-03-26,Slovenia,2.0,0.0,62.0,211.0,1389.0,0,-149.0,0.014218009478672985,3
2023-03-26,Lesotho,0.0,2.0,147.0,88.0,1061.0,1,59.0,0.0,0
2023-03-26,Malta,0.0,2.0,167.0,8.0,979.0,1,159.0,0.0,0
2023-03-26,Russia,2.0,0.0,37.0,68.0,1491.0,0,-31.0,0.04411764705882353,3
2023-03-26,Kazakhstan,3.0,2.0,115.0,18.0,1163.0,0,97.0,0.16666666666666666,3
2023-03-26,Liechtenstein,0.0,7.0,198.0,63.0,860.0,1,135.0,0.0,0
2023-03-26,Luxembourg,0.0,6.0,92.0,9.0,1245.0,1,83.0,0.0,0
2023-03-26,Puerto Rico,5.0,1.0,170.0,194.0,974.0,0,-24.0,0.015463917525773196,3
2023-03-26,Mexico,2.0,2.0,15.0,64.0,1636.0,2,-49.0,0.015625,1
2023-03-26,Antigua and Barbuda,1.0,2.0,131.0,166.0,1117.0,1,-35.0,0.0,0
2023-03-26,Northern Ireland,0.0,1.0,59.0,56.0,1397.0,1,3.0,0.0,0
2023-03-26,Slovakia,2.0,0.0,54.0,57.0,1426.0,0,-3.0,0.05263157894736842,3
2023-03-27,Greece,0.0,0.0,51.0,144.0,1434.0,2,-93.0,0.006944444444444444,1
2023-03-27,North Macedonia,1.0,0.0,65.0,123.0,1355.0,0,-58.0,0.024390243902439025,3
2023-03-27,Oman,2.0,0.0,75.0,100.0,1321.0,0,-25.0,0.03,3
2023-03-27,Guinea-Bissau,0.0,1.0,118.0,35.0,1159.0,1,83.0,0.0,0
2023-03-27,Angola,1.0,1.0,117.0,58.0,1159.0,2,59.0,0.017241379310344827,1
2023-03-27,Niger,0.0,1.0,122.0,40.0,1149.0,1,82.0,0.0,0
2023-03-27,Netherlands,3.0,0.0,6.0,200.0,1741.0,0,-194.0,0.015,3
2023-03-27,Sudan,1.0,0.0,128.0,79.0,1127.0,0,49.0,0.0379746835443038,3
2023-03-27,Ethiopia,2.0,3.0,138.0,83.0,1091.0,1,55.0,0.0,0
2023-03-27,Central African Republic,2.0,0.0,132.0,102.0,1117.0,0,30.0,0.029411764705882353,3
2023-03-27,Republic of Ireland,0.0,1.0,48.0,3.0,1439.0,1,45.0,0.0,0
2023-03-27,Chile,3.0,2.0,31.0,46.0,1507.0,0,-15.0,0.06521739130434782,3
2023-03-27,Poland,1.0,0.0,22.0,66.0,1560.0,0,-44.0,0.045454545454545456,3
2023-03-27,United States,1.0,0.0,13.0,74.0,1653.0,0,-61.0,0.04054054054054054,3
2023-03-27,Sweden,5.0,0.0,23.0,121.0,1558.0,0,-98.0,0.024793388429752067,3
2023-03-27,Hungary,3.0,0.0,36.0,71.0,1493.0,0,-35.0,0.04225352112676056,3
2023-03-27,Montenegro,0.0,2.0,69.0,29.0,1339.0,1,40.0,0.0,0
2023-03-27,Austria,2.0,1.0,34.0,109.0,1497.0,0,-75.0,0.027522935779816515,3
2023-03-27,Dominican Republic,2.0,0.0,152.0,176.0,1032.0,0,-24.0,0.017045454545454544,3
2023-03-27,Moldova,0.0,0.0,174.0,38.0,959.0,2,136.0,0.02631578947368421,1
2023-03-27,Saint Kitts and Nevis,2.0,0.0,140.0,202.0,1077.0,0,-62.0,0.01485148514851485,3
2023-03-27,Saint Lucia,3.0,1.0,172.0,184.0,965.0,0,-12.0,0.016304347826086956,3
2023-03-27,Saint Vincent and the Grenadines,1.0,1.0,178.0,203.0,945.0,2,-25.0,0.0049261083743842365,1
2023-03-27,Trinidad and Tobago,1.0,1.0,104.0,142.0,1195.0,2,-38.0,0.007042253521126761,1
2023-03-28,Armenia,2.0,2.0,95.0,110.0,1232.0,2,-15.0,0.00909090909090909,1
2023-03-28,Australia,1.0,2.0,27.0,41.0,1534.0,1,-14.0,0.0,0
2023-03-28,Bahrain,1.0,0.0,85.0,90.0,1280.0,0,-5.0,0.03333333333333333,3
2023-03-28,Bangladesh,0.0,1.0,192.0,199.0,884.0,1,-7.0,0.0,0
2023-03-28,Germany,2.0,3.0,14.0,4.0,1647.0,1,10.0,0.0,0
2023-03-28,India,2.0,0.0,106.0,94.0,1192.0,0,12.0,0.031914893617021274,3
2023-03-28,Indonesia,2.0,2.0,151.0,141.0,1034.0,2,10.0,0.0070921985815602835,1
2023-03-28,Namibia,2.0,1.0,113.0,33.0,1164.0,0,80.0,0.09090909090909091,3
2023-03-28,Japan,1.0,2.0,20.0,17.0,1593.0,1,3.0,0.0,0
2023-03-28,Jordan,4.0,0.0,84.0,134.0,1290.0,0,-50.0,0.022388059701492536,3
2023-03-28,United Arab Emirates,2.0,0.0,70.0,111.0,1338.0,0,-41.0,0.02702702702702703,3
2023-03-28,Malaysia,2.0,0.0,145.0,146.0,1067.0,0,-1.0,0.02054794520547945,3
2023-03-28,Morocco,0.0,0.0,11.0,21.0,1672.0,2,-10.0,0.047619047619047616,1
2023-03-28,Nepal,1.0,1.0,175.0,185.0,957.0,2,-10.0,0.005405405405405406,1
2023-03-28,Saudi Arabia,1.0,2.0,49.0,82.0,1438.0,1,-33.0,0.0,0
2023-03-28,Uzbekistan,1.0,1.0,77.0,55.0,1313.0,2,22.0,0.01818181818181818,1
2023-03-28,Eswatini,0.0,1.0,143.0,72.0,1071.0,1,71.0,0.0,0
2023-03-28,South Korea,1.0,2.0,25.0,16.0,1539.0,1,9.0,0.0,0
2023-03-28,Argentina,7.0,0.0,2.0,86.0,1838.0,0,-84.0,0.03488372093023256,3
2023-03-28,Togo,1.0,1.0,127.0,50.0,1129.0,2,77.0,0.02,1
2023-03-28,Kuwait,2.0,1.0,148.0,108.0,1057.0,0,40.0,0.027777777777777776,3
2023-03-28,Iran,2.0,1.0,24.0,101.0,1552.0,0,-77.0,0.0297029702970297,3
2023-03-28,Scotland,2.0,0.0,42.0,10.0,1477.0,0,32.0,0.3,3
2023-03-28,Turkey,0.0,2.0,44.0,7.0,1465.0,1,37.0,0.0,0
2023-03-28,Comoros,0.0,2.0,129.0,47.0,1123.0,1,82.0,0.0,0
2023-03-28,Mauritania,1.0,1.0,103.0,73.0,1198.0,2,30.0,0.0136986301369863,1
2023-03-28,Botswana,2.0,3.0,149.0,98.0,1054.0,1,51.0,0.0,0
2023-03-28,Libya,0.0,1.0,120.0,30.0,1157.0,1,90.0,0.0,0
2023-03-28,Liberia,1.0,2.0,150.0,67.0,1050.0,1,83.0,0.0,0
2023-03-28,Mozambique,0.0,1.0,114.0,19.0,1164.0,1,95.0,0.0,0
2023-03-28,Malawi,0.0,4.0,124.0,39.0,1145.0,1,85.0,0.0,0
2023-03-28,Wales,1.0,0.0,28.0,133.0,1530.0,0,-105.0,0.022556390977443608,3
2023-03-28,Gambia,1.0,0.0,126.0,45.0,1138.0,0,81.0,0.06666666666666667,3
2023-03-28,Canada,4.0,1.0,53.0,81.0,1432.0,0,-28.0,0.037037037037037035,3
2023-03-28,Switzerland,3.0,0.0,12.0,76.0,1655.0,0,-64.0,0.039473684210526314,3
2023-03-28,Romania,2.0,1.0,52.0,97.0,1433.0,0,-45.0,0.030927835051546393,3
2023-03-28,Costa Rica,0.0,1.0,32.0,61.0,1500.0,1,-29.0,0.0,0
2023-03-28,Haiti,3.0,1.0,87.0,169.0,1269.0,0,-82.0,0.01775147928994083,3
2023-03-28,Guyana,0.0,0.0,171.0,179.0,969.0,2,-8.0,0.00558659217877095,1
2023-03-28,Tanzania,0.0,1.0,130.0,89.0,1120.0,1,41.0,0.0,0
2023-03-28,Kosovo,1.0,1.0,107.0,153.0,1187.0,2,-46.0,0.006535947712418301,1
2023-03-28,Georgia,1.0,1.0,78.0,43.0,1306.0,2,35.0,0.023255813953488372,1
2023-03-29,Rwanda,1.0,1.0,137.0,91.0,1094.0,2,46.0,0.01098901098901099,1
2023-03-31,Nepal,2.0,1.0,175.0,187.0,957.0,0,-12.0,0.016042780748663103,3
2023-04-19,United States,1.0,1.0,13.0,15.0,1654.0,2,-2.0,0.06666666666666667,1
2023-06-07,Mexico,2.0,0.0,15.0,116.0,1632.0,0,-101.0,0.02586206896551724,3
2023-06-09,Luxembourg,0.0,1.0,91.0,172.0,1246.0,1,-81.0,0.0,0
2023-06-10,Mexico,2.0,2.0,15.0,42.0,1632.0,2,-27.0,0.023809523809523808,1
2023-06-10,Panama,3.0,2.0,58.0,140.0,1399.0,0,-82.0,0.02142857142857143,3
2023-06-11,Chile,3.0,0.0,31.0,165.0,1511.0,0,-134.0,0.01818181818181818,3
2023-06-11,Mauritius,3.0,0.0,180.0,195.0,932.0,0,-15.0,0.015384615384615385,3
2023-06-11,Guatemala,0.0,1.0,116.0,104.0,1165.0,1,12.0,0.0,0
2023-06-11,Uzbekistan,3.0,0.0,74.0,73.0,1318.0,0,1.0,0.0410958904109589,3
2023-06-11,Tajikistan,1.0,1.0,109.0,137.0,1182.0,2,-28.0,0.0072992700729927005,1
2023-06-12,Germany,3.0,3.0,14.0,30.0,1647.0,2,-16.0,0.03333333333333333,1
2023-06-12,Morocco,0.0,0.0,11.0,71.0,1678.0,2,-60.0,0.014084507042253521,1
2023-06-13,Iran,6.0,1.0,24.0,155.0,1553.0,0,-131.0,0.01935483870967742,3
2023-06-13,Curaçao,0.0,0.0,88.0,39.0,1272.0,2,49.0,0.02564102564102564,1
2023-06-14,Togo,2.0,0.0,129.0,150.0,1130.0,0,-21.0,0.02,3
2023-06-14,DR Congo,1.0,0.0,70.0,89.0,1339.0,0,-19.0,0.033707865168539325,3
2023-06-14,Indonesia,0.0,0.0,149.0,93.0,1046.0,2,56.0,0.010752688172043012,1
2023-06-14,Malaysia,4.0,1.0,138.0,134.0,1082.0,0,4.0,0.022388059701492536,3
2023-06-14,Mozambique,1.0,1.0,119.0,127.0,1155.0,2,-8.0,0.007874015748031496,1
2023-06-14,Uruguay,4.0,1.0,16.0,140.0,1631.0,0,-124.0,0.02142857142857143,3
2023-06-14,Netherlands,2.0,4.0,6.0,7.0,1731.0,1,-1.0,0.0,0
2023-06-14,Oman,1.0,1.0,73.0,109.0,1334.0,2,-36.0,0.009174311926605505,1
2023-06-14,Pakistan,0.0,1.0,195.0,102.0,861.0,1,93.0,0.0,0
2023-06-14,Mauritius,1.0,3.0,180.0,193.0,932.0,1,-13.0,0.0,0
2023-06-14,South Sudan,2.0,3.0,163.0,120.0,993.0,1,43.0,0.0,0
2023-06-14,Guinea,1.0,2.0,79.0,35.0,1306.0,1,44.0,0.0,0
2023-06-14,Uzbekistan,2.0,0.0,74.0,137.0,1318.0,0,-63.0,0.021897810218978103,3
2023-06-15,Costa Rica,0.0,1.0,39.0,116.0,1491.0,1,-77.0,0.0,0
2023-06-15,Panama,0.0,2.0,58.0,47.0,1399.0,1,11.0,0.0,0
2023-06-15,United States,3.0,0.0,13.0,15.0,1654.0,0,-2.0,0.2,3
2023-06-15,Cambodia,0.0,1.0,176.0,192.0,949.0,1,-16.0,0.0,0
2023-06-15,Japan,6.0,0.0,20.0,75.0,1589.0,0,-55.0,0.04,3
2023-06-15,Argentina,2.0,0.0,1.0,29.0,1841.0,0,-28.0,0.10344827586206896,3
2023-06-15,Jamaica,1.0,2.0,63.0,61.0,1382.0,1,2.0,0.0,0
2023-06-15,Philippines,1.0,0.0,136.0,174.0,1098.0,0,-38.0,0.017241379310344827,3
2023-06-15,Vietnam,1.0,0.0,95.0,147.0,1230.0,0,-52.0,0.02040816326530612,3
2023-06-15,Spain,2.0,1.0,10.0,8.0,1683.0,0,2.0,0.375,3
2023-06-15,Honduras,0.0,1.0,80.0,55.0,1300.0,1,25.0,0.0,0
2023-06-16,Chile,5.0,0.0,31.0,151.0,1511.0,0,-120.0,0.019867549668874173,3
2023-06-16,Colombia,1.0,0.0,17.0,67.0,1617.0,0,-50.0,0.04477611940298507,3
2023-06-16,South Korea,0.0,1.0,27.0,21.0,1536.0,1,6.0,0.0,0
2023-06-16,Poland,1.0,0.0,23.0,14.0,1554.0,0,9.0,0.21428571428571427,3
2023-06-16,Singapore,2.0,2.0,158.0,159.0,1014.0,2,-1.0,0.006289308176100629,1
2023-06-16,Gibraltar,0.0,3.0,201.0,2.0,855.0,1,199.0,0.0,0
2023-06-16,Curaçao,1.0,1.0,88.0,139.0,1272.0,2,-51.0,0.007194244604316547,1
2023-06-16,Sweden,4.0,1.0,22.0,100.0,1559.0,0,-78.0,0.03,3
2023-06-16,Malta,0.0,4.0,172.0,5.0,973.0,1,167.0,0.0,0
2023-06-16,Greece,2.0,1.0,52.0,49.0,1433.0,0,3.0,0.061224489795918366,3
2023-06-16,Serbia,3.0,2.0,25.0,84.0,1542.0,0,-59.0,0.03571428571428571,3
2023-06-16,Kyrgyzstan,1.0,5.0,96.0,24.0,1225.0,1,72.0,0.0,0
2023-06-16,North Macedonia,2.0,3.0,65.0,30.0,1363.0,1,35.0,0.0,0
2023-06-16,Latvia,2.0,3.0,132.0,43.0,1111.0,1,89.0,0.0,0
2023-06-16,Finland,2.0,0.0,56.0,59.0,1405.0,0,-3.0,0.05084745762711865,3
2023-06-16,Wales,2.0,4.0,26.0,97.0,1539.0,1,-71.0,0.0,0
2023-06-16,Andorra,1.0,2.0,153.0,12.0,1031.0,1,141.0,0.0,0
2023-06-16,Belarus,1.0,2.0,98.0,78.0,1210.0,1,20.0,0.0,0
2023-06-16,Kosovo,0.0,0.0,107.0,46.0,1186.0,2,61.0,0.021739130434782608,1
2023-06-16,Denmark,1.0,0.0,19.0,62.0,1595.0,0,-43.0,0.04838709677419355,3
2023-06-16,San Marino,0.0,3.0,211.0,112.0,759.0,1,99.0,0.0,0
2023-06-17,Brazil,4.0,1.0,3.0,79.0,1834.0,0,-76.0,0.0379746835443038,3
2023-06-17,Guyana,1.0,1.0,170.0,175.0,976.0,2,-5.0,0.005714285714285714,1
2023-06-17,Norway,1.0,2.0,44.0,36.0,1464.0,1,8.0,0.0,0
2023-06-17,Ecuador,1.0,0.0,41.0,83.0,1478.0,0,-42.0,0.03614457831325301,3
2023-06-17,Lithuania,1.0,1.0,146.0,76.0,1069.0,2,70.0,0.013157894736842105,1
2023-06-17,Cyprus,1.0,2.0,111.0,77.0,1179.0,1,34.0,0.0,0
2023-06-17,Faroe Islands,0.0,3.0,125.0,38.0,1139.0,1,87.0,0.0,0
2023-06-17,Albania,2.0,0.0,68.0,171.0,1345.0,0,-103.0,0.017543859649122806,3
2023-06-17,Belgium,1.0,1.0,4.0,32.0,1793.0,2,-28.0,0.03125,1
2023-06-17,Luxembourg,2.0,0.0,91.0,199.0,1246.0,0,-108.0,0.01507537688442211,3
2023-06-17,Suriname,0.0,0.0,141.0,166.0,1076.0,2,-25.0,0.006024096385542169,1
2023-06-17,Montenegro,0.0,0.0,69.0,33.0,1343.0,2,36.0,0.030303030303030304,1
2023-06-17,Botswana,1.0,0.0,152.0,121.0,1037.0,0,31.0,0.024793388429752067,3
2023-06-17,Iceland,1.0,2.0,64.0,51.0,1369.0,1,13.0,0.0,0
2023-06-17,Azerbaijan,1.0,1.0,124.0,108.0,1142.0,2,16.0,0.009259259259259259,1
2023-06-17,Uzbekistan,5.0,1.0,74.0,109.0,1318.0,0,-35.0,0.027522935779816515,3
2023-06-17,Benin,1.0,1.0,92.0,18.0,1240.0,2,74.0,0.05555555555555555,1
2023-06-17,Turkmenistan,0.0,2.0,137.0,73.0,1095.0,1,64.0,0.0,0
2023-06-17,Djibouti,3.0,1.0,193.0,195.0,875.0,0,-2.0,0.015384615384615385,3
2023-06-17,Zambia,3.0,0.0,86.0,45.0,1281.0,0,41.0,0.06666666666666667,3
2023-06-17,Lesotho,0.0,1.0,150.0,131.0,1046.0,1,19.0,0.0,0
2023-06-17,Equatorial Guinea,1.0,0.0,94.0,28.0,1233.0,0,66.0,0.10714285714285714,3
2023-06-17,Portugal,3.0,0.0,9.0,57.0,1707.0,0,-48.0,0.05263157894736842,3
2023-06-17,Central African Republic,1.0,2.0,122.0,118.0,1146.0,1,4.0,0.0,0
2023-06-17,South Africa,2.0,1.0,66.0,11.0,1350.0,0,55.0,0.2727272727272727,3
2023-06-18,Croatia,0.0,0.0,7.0,10.0,1730.0,2,-3.0,0.1,1
2023-06-18,Mauritius,1.0,0.0,180.0,102.0,932.0,0,78.0,0.029411764705882353,3
2023-06-18,Panama,0.0,1.0,58.0,15.0,1399.0,1,43.0,0.0,0
2023-06-18,United States,2.0,0.0,13.0,47.0,1654.0,0,-34.0,0.06382978723404255,3
2023-06-18,Egypt,3.0,0.0,35.0,163.0,1501.0,0,-128.0,0.018404907975460124,3
2023-06-18,Guatemala,0.0,1.0,116.0,55.0,1165.0,1,61.0,0.0,0
2023-06-18,Paraguay,2.0,0.0,48.0,140.0,1441.0,0,-92.0,0.02142857142857143,3
2023-06-18,Singapore,1.0,1.0,158.0,134.0,1014.0,2,24.0,0.007462686567164179,1
2023-06-18,Netherlands,2.0,3.0,6.0,8.0,1731.0,1,-2.0,0.0,0
2023-06-18,Madagascar,0.0,0.0,110.0,60.0,1181.0,2,50.0,0.016666666666666666,1
2023-06-18,Eswatini,0.0,2.0,144.0,129.0,1070.0,1,15.0,0.0,0
2023-06-18,Tanzania,1.0,0.0,130.0,123.0,1126.0,0,7.0,0.024390243902439025,3
2023-06-18,Uganda,1.0,2.0,89.0,34.0,1257.0,1,55.0,0.0,0
2023-06-18,Gabon,0.0,2.0,82.0,70.0,1297.0,1,12.0,0.0,0
2023-06-18,Rwanda,0.0,2.0,135.0,119.0,1101.0,1,16.0,0.0,0
2023-06-18,Cape Verde,3.0,1.0,71.0,50.0,1337.0,0,21.0,0.06,3
2023-06-18,Sierra Leone,2.0,3.0,117.0,40.0,1162.0,1,77.0,0.0,0
2023-06-19,France,1.0,0.0,2.0,52.0,1838.0,0,-50.0,0.057692307692307696,3
2023-06-19,Hong Kong,0.0,1.0,147.0,114.0,1057.0,1,33.0,0.0,0
2023-06-19,Ukraine,1.0,0.0,30.0,172.0,1530.0,0,-142.0,0.01744186046511628,3
2023-06-19,Jamaica,1.0,2.0,63.0,84.0,1382.0,1,-21.0,0.0,0
2023-06-19,Macau,0.0,2.0,182.0,160.0,918.0,1,22.0,0.0,0
2023-06-19,Republic of Ireland,3.0,0.0,49.0,201.0,1436.0,0,-152.0,0.014925373134328358,3
2023-06-19,Belarus,2.0,1.0,98.0,107.0,1210.0,0,-9.0,0.028037383177570093,3
2023-06-19,Indonesia,0.0,2.0,149.0,1.0,1046.0,1,148.0,0.0,0
2023-06-19,Turkey,2.0,0.0,43.0,26.0,1466.0,0,17.0,0.11538461538461539,3
2023-06-19,Finland,6.0,0.0,56.0,211.0,1405.0,0,-155.0,0.014218009478672985,3
2023-06-19,Northern Ireland,0.0,1.0,62.0,112.0,1386.0,1,-50.0,0.0,0
2023-06-19,Slovenia,1.0,1.0,59.0,19.0,1398.0,2,40.0,0.05263157894736842,1
2023-06-19,Israel,2.0,1.0,78.0,153.0,1307.0,0,-75.0,0.0196078431372549,3
2023-06-19,Switzerland,2.0,2.0,12.0,46.0,1664.0,2,-34.0,0.021739130434782608,1
2023-06-19,Armenia,2.0,1.0,97.0,132.0,1224.0,0,-35.0,0.022727272727272728,3
2023-06-19,England,7.0,0.0,5.0,65.0,1792.0,0,-60.0,0.046153846153846156,3
2023-06-20,Vietnam,1.0,0.0,95.0,90.0,1230.0,0,5.0,0.03333333333333333,3
2023-06-20,Algeria,1.0,1.0,34.0,28.0,1504.0,2,6.0,0.03571428571428571,1
2023-06-20,Bolivia,0.0,0.0,83.0,31.0,1296.0,2,52.0,0.03225806451612903,1
2023-06-20,Brazil,2.0,4.0,3.0,18.0,1834.0,1,-15.0,0.0,0
2023-06-20,Japan,4.0,1.0,20.0,21.0,1589.0,0,-1.0,0.14285714285714285,3
2023-06-20,Germany,0.0,2.0,14.0,17.0,1647.0,1,-3.0,0.0,0
2023-06-20,Haiti,0.0,0.0,87.0,104.0,1276.0,2,-17.0,0.009615384615384616,1
2023-06-20,South Korea,1.0,1.0,27.0,75.0,1536.0,2,-48.0,0.013333333333333334,1
2023-06-20,Malaysia,10.0,0.0,138.0,159.0,1082.0,0,-21.0,0.018867924528301886,3
2023-06-20,Montenegro,1.0,4.0,69.0,38.0,1343.0,1,31.0,0.0,0
2023-06-20,Ecuador,3.0,1.0,41.0,39.0,1478.0,0,2.0,0.07692307692307693,3
2023-06-20,Uruguay,2.0,0.0,16.0,165.0,1631.0,0,-149.0,0.01818181818181818,3
2023-06-20,Scotland,2.0,0.0,36.0,77.0,1501.0,0,-41.0,0.03896103896103896,3
2023-06-20,Faroe Islands,1.0,3.0,125.0,68.0,1139.0,1,57.0,0.0,0
2023-06-20,Norway,3.0,1.0,44.0,111.0,1464.0,0,-67.0,0.02702702702702703,3
2023-06-20,Austria,2.0,0.0,32.0,22.0,1508.0,0,10.0,0.13636363636363635,3
2023-06-20,Estonia,0.0,3.0,108.0,4.0,1182.0,1,104.0,0.0,0
2023-06-20,Hungary,2.0,0.0,33.0,146.0,1504.0,0,-113.0,0.02054794520547945,3
2023-06-20,Bulgaria,1.0,1.0,76.0,25.0,1316.0,2,51.0,0.04,1
2023-06-20,Kyrgyzstan,0.0,1.0,96.0,73.0,1225.0,1,23.0,0.0,0
2023-06-20,Moldova,3.0,2.0,171.0,23.0,973.0,0,148.0,0.13043478260869565,3
2023-06-20,Liechtenstein,0.0,1.0,199.0,51.0,856.0,1,148.0,0.0,0
2023-06-20,Uzbekistan,0.0,1.0,74.0,24.0,1318.0,1,50.0,0.0,0
2023-06-20,Burundi,3.0,2.0,145.0,106.0,1070.0,0,39.0,0.02830188679245283,3
2023-06-20,Ethiopia,0.0,0.0,142.0,127.0,1073.0,2,15.0,0.007874015748031496,1
2023-06-20,Sudan,0.0,3.0,128.0,105.0,1133.0,1,23.0,0.0,0
2023-06-20,Iceland,0.0,1.0,64.0,9.0,1369.0,1,55.0,0.0,0
2023-06-20,Bosnia and Herzegovina,0.0,2.0,57.0,91.0,1403.0,1,-34.0,0.0,0
2023-06-21,Kuwait,3.0,1.0,143.0,174.0,1072.0,0,-31.0,0.017241379310344827,3
2023-06-21,India,4.0,0.0,101.0,195.0,1201.0,0,-94.0,0.015384615384615385,3
2023-06-22,Lebanon,2.0,0.0,99.0,192.0,1203.0,0,-93.0,0.015625,3
2023-06-22,Maldives,2.0,0.0,154.0,185.0,1025.0,0,-31.0,0.016216216216216217,3
2023-06-24,Pakistan,0.0,4.0,195.0,143.0,861.0,1,52.0,0.0,0
2023-06-24,India,2.0,0.0,101.0,174.0,1201.0,0,-73.0,0.017241379310344827,3
2023-06-24,United States,1.0,1.0,13.0,63.0,1654.0,2,-50.0,0.015873015873015872,1
2023-06-25,Bangladesh,3.0,1.0,192.0,154.0,884.0,0,38.0,0.01948051948051948,3
2023-06-25,Bhutan,1.0,4.0,185.0,99.0,906.0,1,86.0,0.0,0
2023-06-25,Trinidad and Tobago,3.0,0.0,104.0,139.0,1198.0,0,-35.0,0.02158273381294964,3
2023-06-25,Haiti,2.0,1.0,87.0,61.0,1276.0,0,26.0,0.04918032786885246,3
2023-06-25,Mexico,4.0,0.0,15.0,80.0,1632.0,0,-65.0,0.0375,3
2023-06-26,Costa Rica,1.0,2.0,39.0,58.0,1491.0,1,-19.0,0.0,0
2023-06-27,Nepal,1.0,0.0,174.0,195.0,963.0,0,-21.0,0.015384615384615385,3
2023-06-27,India,1.0,1.0,101.0,143.0,1201.0,2,-42.0,0.006993006993006993,1
2023-06-27,Guatemala,1.0,0.0,116.0,165.0,1165.0,0,-49.0,0.01818181818181818,3
2023-06-28,Lebanon,1.0,0.0,99.0,154.0,1203.0,0,-55.0,0.01948051948051948,3
2023-06-28,Bhutan,1.0,3.0,185.0,192.0,906.0,1,-7.0,0.0,0
2023-06-28,Jamaica,4.0,1.0,63.0,104.0,1382.0,0,-41.0,0.028846153846153848,3
2023-06-28,United States,6.0,0.0,13.0,139.0,1654.0,0,-126.0,0.02158273381294964,3
2023-06-29,Qatar,1.0,1.0,58.0,81.0,1394.0,2,-23.0,0.012345679012345678,1
2023-06-29,Haiti,1.0,3.0,87.0,14.0,1276.0,1,73.0,0.0,0
2023-06-30,El Salvador,0.0,0.0,76.0,42.0,1318.0,2,34.0,0.023809523809523808,1
2023-07-01,India,0.0,0.0,100.0,102.0,1205.0,2,-2.0,0.00980392156862745,1
2023-07-01,Kuwait,1.0,0.0,141.0,192.0,1084.0,0,-51.0,0.015625,3
2023-07-01,Guatemala,0.0,0.0,116.0,45.0,1167.0,2,71.0,0.022222222222222223,1
2023-07-02,United States,6.0,0.0,11.0,101.0,1673.0,0,-90.0,0.0297029702970297,3
2023-07-02,Jamaica,5.0,0.0,63.0,136.0,1368.0,0,-73.0,0.022058823529411766,3
2023-07-02,Honduras,2.0,1.0,81.0,87.0,1296.0,0,-6.0,0.034482758620689655,3
2023-07-02,Mexico,0.0,1.0,14.0,58.0,1639.0,1,-44.0,0.0,0
2023-07-04,India,1.0,1.0,100.0,141.0,1205.0,2,-41.0,0.0070921985815602835,1
2023-07-04,Panama,2.0,2.0,57.0,76.0,1399.0,2,-19.0,0.013157894736842105,1
2023-07-04,Canada,4.0,2.0,45.0,166.0,1454.0,0,-121.0,0.018072289156626505,3
2023-07-05,Eswatini,0.0,1.0,146.0,147.0,1059.0,1,-1.0,0.0,0
2023-07-05,South Africa,1.0,1.0,62.0,112.0,1369.0,2,-50.0,0.008928571428571428,1
2023-07-06,Seychelles,0.0,3.0,196.0,130.0,860.0,1,66.0,0.0,0
2023-07-06,Zambia,0.0,1.0,84.0,126.0,1290.0,1,-42.0,0.0,0
2023-07-07,Mauritius,0.0,2.0,180.0,152.0,936.0,1,28.0,0.0,0
2023-07-07,Mozambique,1.0,1.0,117.0,114.0,1166.0,2,3.0,0.008771929824561403,1
2023-07-08,Panama,4.0,0.0,57.0,58.0,1399.0,0,-1.0,0.05172413793103448,3
2023-07-08,Mexico,2.0,0.0,14.0,42.0,1639.0,0,-28.0,0.07142857142857142,3
2023-07-08,South Africa,2.0,1.0,62.0,147.0,1369.0,0,-85.0,0.02040816326530612,3
2023-07-08,Namibia,1.0,2.0,112.0,146.0,1175.0,1,-34.0,0.0,0
2023-07-09,Guatemala,0.0,1.0,116.0,63.0,1167.0,1,53.0,0.0,0
2023-07-09,United States,2.0,2.0,11.0,45.0,1673.0,2,-34.0,0.022222222222222223,1
2023-07-09,Zambia,2.0,1.0,84.0,130.0,1290.0,0,-46.0,0.023076923076923078,3
2023-07-09,Malawi,2.0,0.0,126.0,196.0,1133.0,0,-70.0,0.015306122448979591,3
2023-07-10,Angola,0.0,1.0,114.0,180.0,1171.0,1,-66.0,0.0,0
2023-07-10,Mozambique,0.0,1.0,117.0,152.0,1166.0,1,-35.0,0.0,0
2023-07-11,Seychelles,2.0,4.0,196.0,84.0,860.0,1,112.0,0.0,0
2023-07-11,Namibia,0.0,0.0,112.0,147.0,1175.0,2,-35.0,0.006802721088435374,1
2023-07-11,South Africa,2.0,1.0,62.0,146.0,1369.0,0,-84.0,0.02054794520547945,3
2023-07-11,Malawi,2.0,0.0,126.0,130.0,1133.0,0,-4.0,0.023076923076923078,3
2023-07-12,Jamaica,0.0,3.0,63.0,14.0,1368.0,1,49.0,0.0,0
2023-07-12,United States,1.0,1.0,11.0,57.0,1673.0,2,-46.0,0.017543859649122806,1
2023-07-12,Mauritius,0.0,1.0,180.0,117.0,936.0,1,63.0,0.0,0
2023-07-12,Angola,4.0,2.0,114.0,152.0,1171.0,0,-38.0,0.019736842105263157,3
2023-07-14,Malawi,1.0,1.0,126.0,152.0,1133.0,2,-26.0,0.006578947368421052,1
2023-07-14,South Africa,1.0,2.0,62.0,84.0,1369.0,1,-22.0,0.0,0
2023-07-16,Lesotho,0.0,1.0,152.0,84.0,1035.0,1,68.0,0.0,0
2023-07-16,South Africa,0.0,0.0,62.0,126.0,1369.0,2,-64.0,0.007936507936507936,1
2023-07-16,Mexico,1.0,0.0,14.0,57.0,1639.0,0,-43.0,0.05263157894736842,3
2023-08-02,Ethiopia,2.0,0.0,142.0,168.0,1074.0,0,-26.0,0.017857142857142856,3
2023-08-24,Madagascar,1.0,0.0,108.0,194.0,1186.0,0,-86.0,0.015463917525773196,3
2023-08-26,Madagascar,1.0,1.0,108.0,180.0,1186.0,2,-72.0,0.005555555555555556,1
2023-08-27,Bolivia,1.0,2.0,83.0,45.0,1295.0,1,38.0,0.0,0
2023-08-28,Mauritius,1.0,0.0,180.0,194.0,936.0,0,-14.0,0.015463917525773196,3
2023-08-28,Tahiti,9.0,1.0,162.0,188.0,995.0,0,-26.0,0.015957446808510637,3
2023-08-31,Tahiti,3.0,0.0,162.0,188.0,995.0,0,-26.0,0.015957446808510637,3
2023-08-31,Madagascar,4.0,2.0,108.0,130.0,1186.0,0,-22.0,0.023076923076923078,3
2023-09-02,Comoros,0.0,2.0,130.0,180.0,1120.0,1,-50.0,0.0,0
2023-09-03,Bangladesh,0.0,0.0,189.0,157.0,892.0,2,32.0,0.006369426751592357,1
2023-09-03,Guatemala,0.0,0.0,107.0,79.0,1187.0,2,28.0,0.012658227848101266,1
2023-09-04,Mozambique,3.0,2.0,117.0,93.0,1164.0,0,24.0,0.03225806451612903,3
2023-09-06,Oman,2.0,1.0,73.0,96.0,1332.0,0,-23.0,0.03125,3
2023-09-06,Macau,0.0,1.0,182.0,185.0,914.0,1,-3.0,0.0,0
2023-09-06,Syria,2.0,2.0,94.0,136.0,1242.0,2,-42.0,0.007352941176470588,1
2023-09-06,Libya,1.0,1.0,127.0,91.0,1131.0,2,36.0,0.01098901098901099,1
2023-09-06,Malta,1.0,0.0,171.0,198.0,973.0,0,-27.0,0.015151515151515152,3
2023-09-07,Qatar,1.0,2.0,59.0,105.0,1396.0,1,-46.0,0.0,0
2023-09-07,Guatemala,2.0,0.0,107.0,75.0,1187.0,0,32.0,0.04,3
2023-09-07,Colombia,1.0,0.0,17.0,57.0,1625.0,0,-40.0,0.05263157894736842,3
2023-09-07,Argentina,1.0,0.0,1.0,40.0,1844.0,0,-39.0,0.075,3
2023-09-07,Austria,1.0,1.0,29.0,164.0,1528.0,2,-135.0,0.006097560975609756,1
2023-09-07,Bahrain,1.0,3.0,86.0,137.0,1282.0,1,-51.0,0.0,0
2023-09-07,Bangladesh,1.0,1.0,189.0,157.0,892.0,2,32.0,0.006369426751592357,1
2023-09-07,Bulgaria,0.0,1.0,77.0,22.0,1315.0,1,55.0,0.0,0
2023-09-07,Trinidad and Tobago,1.0,0.0,102.0,88.0,1200.0,0,14.0,0.03409090909090909,3
2023-09-07,Paraguay,0.0,0.0,49.0,21.0,1443.0,2,28.0,0.047619047619047616,1
2023-09-07,Norway,6.0,0.0,44.0,82.0,1458.0,0,-38.0,0.036585365853658534,3
2023-09-07,Cambodia,1.0,1.0,176.0,149.0,943.0,2,27.0,0.006711409395973154,1
2023-09-07,Wales,0.0,0.0,35.0,28.0,1506.0,2,7.0,0.03571428571428571,1
2023-09-07,Netherlands,3.0,0.0,7.0,50.0,1731.0,0,-43.0,0.06,3
2023-09-07,Angola,0.0,0.0,116.0,108.0,1169.0,2,8.0,0.009259259259259259,1
2023-09-07,Iraq,2.0,2.0,70.0,99.0,1345.0,2,-29.0,0.010101010101010102,1
2023-09-07,Niger,0.0,2.0,128.0,92.0,1130.0,1,36.0,0.0,0
2023-09-07,Tunisia,3.0,0.0,31.0,147.0,1517.0,0,-116.0,0.02040816326530612,3
2023-09-07,France,2.0,0.0,2.0,53.0,1844.0,0,-51.0,0.05660377358490566,3
2023-09-07,Czech Republic,1.0,1.0,37.0,65.0,1504.0,2,-28.0,0.015384615384615385,1
2023-09-07,Algeria,0.0,0.0,33.0,124.0,1511.0,2,-91.0,0.008064516129032258,1
2023-09-07,Serbia,1.0,2.0,25.0,36.0,1539.0,1,-11.0,0.0,0
2023-09-07,Lithuania,2.0,2.0,144.0,71.0,1070.0,2,73.0,0.014084507042253521,1
2023-09-07,Kazakhstan,0.0,1.0,104.0,55.0,1198.0,1,49.0,0.0,0
2023-09-07,Denmark,4.0,0.0,19.0,208.0,1597.0,0,-189.0,0.014423076923076924,3
2023-09-07,Slovenia,4.0,2.0,61.0,64.0,1391.0,0,-3.0,0.046875,3
2023-09-07,Ghana,2.0,1.0,60.0,126.0,1391.0,0,-66.0,0.023809523809523808,3
2023-09-07,Poland,2.0,0.0,26.0,129.0,1537.0,0,-103.0,0.023255813953488372,3
2023-09-07,Thailand,2.0,1.0,113.0,100.0,1174.0,0,13.0,0.03,3
2023-09-08,Grenada,1.0,1.0,174.0,143.0,961.0,2,31.0,0.006993006993006993,1
2023-09-08,Jamaica,1.0,0.0,58.0,79.0,1410.0,0,-21.0,0.0379746835443038,3
2023-09-08,Barbados,2.0,3.0,166.0,179.0,984.0,1,-13.0,0.0,0
2023-09-08,Dominican Republic,0.0,2.0,152.0,141.0,1037.0,1,11.0,0.0,0
2023-09-08,Brazil,5.0,1.0,3.0,83.0,1828.0,0,-80.0,0.03614457831325301,3
2023-09-08,Belize,1.0,2.0,177.0,178.0,940.0,1,-1.0,0.0,0
2023-09-08,Uruguay,3.0,1.0,16.0,32.0,1633.0,0,-16.0,0.09375,3
2023-09-08,Haiti,0.0,0.0,87.0,172.0,1273.0,2,-85.0,0.005813953488372093,1
2023-09-08,Costa Rica,3.0,1.0,46.0,54.0,1454.0,0,-8.0,0.05555555555555555,3
2023-09-08,Indonesia,2.0,0.0,150.0,138.0,1047.0,0,12.0,0.021739130434782608,3
2023-09-08,Myanmar,0.0,0.0,160.0,175.0,1000.0,2,-15.0,0.005714285714285714,1
2023-09-08,Singapore,0.0,2.0,158.0,110.0,1015.0,1,48.0,0.0,0
2023-09-08,Egypt,1.0,0.0,34.0,142.0,1510.0,0,-108.0,0.02112676056338028,3
2023-09-08,Mali,4.0,0.0,51.0,167.0,1438.0,0,-116.0,0.017964071856287425,3
2023-09-08,Georgia,1.0,7.0,78.0,10.0,1313.0,1,68.0,0.0,0
2023-09-08,Bosnia and Herzegovina,2.0,1.0,62.0,200.0,1381.0,0,-138.0,0.015,3
2023-09-08,Burkina Faso,0.0,0.0,56.0,146.0,1419.0,2,-90.0,0.00684931506849315,1
2023-09-08,Turkey,1.0,1.0,41.0,90.0,1484.0,2,-49.0,0.011111111111111112,1
2023-09-08,Luxembourg,3.0,1.0,89.0,67.0,1263.0,0,22.0,0.04477611940298507,3
2023-09-08,Slovakia,0.0,1.0,47.0,9.0,1447.0,1,38.0,0.0,0
2023-09-08,Cyprus,0.0,3.0,118.0,30.0,1164.0,1,88.0,0.0,0
2023-09-08,Croatia,5.0,0.0,6.0,134.0,1743.0,0,-128.0,0.022388059701492536,3
2023-09-09,United States,3.0,0.0,11.0,74.0,1674.0,0,-63.0,0.04054054054054054,3
2023-09-09,Kosovo,2.0,2.0,109.0,13.0,1180.0,2,96.0,0.07692307692307693,1
2023-09-09,Antigua and Barbuda,1.0,5.0,132.0,168.0,1108.0,1,-36.0,0.0,0
2023-09-09,Bahamas,1.0,6.0,197.0,163.0,853.0,1,34.0,0.0,0
2023-09-09,British Virgin Islands,3.0,1.0,206.0,202.0,804.0,0,4.0,0.01485148514851485,3
2023-09-09,Mexico,2.0,2.0,12.0,27.0,1666.0,2,-15.0,0.037037037037037035,1
2023-09-09,South Africa,0.0,0.0,63.0,114.0,1368.0,2,-51.0,0.008771929824561403,1
2023-09-09,Malawi,2.0,2.0,123.0,81.0,1141.0,2,42.0,0.012345679012345678,1
2023-09-09,North Macedonia,1.0,1.0,68.0,8.0,1351.0,2,60.0,0.125,1
2023-09-09,Comoros,1.0,1.0,130.0,84.0,1120.0,2,46.0,0.011904761904761904,1
2023-09-09,DR Congo,2.0,0.0,69.0,131.0,1350.0,0,-62.0,0.022900763358778626,3
2023-09-09,Rwanda,1.0,1.0,139.0,18.0,1089.0,2,121.0,0.05555555555555555,1
2023-09-09,Ukraine,1.0,1.0,24.0,4.0,1541.0,2,20.0,0.25,1
2023-09-09,Azerbaijan,0.0,1.0,121.0,5.0,1143.0,1,116.0,0.0,0
2023-09-09,Estonia,0.0,5.0,111.0,23.0,1179.0,1,88.0,0.0,0
2023-09-09,Andorra,0.0,0.0,154.0,98.0,1022.0,2,56.0,0.01020408163265306,1
2023-09-09,Mauritania,2.0,1.0,101.0,85.0,1205.0,0,16.0,0.03529411764705882,3
2023-09-09,Ivory Coast,1.0,0.0,52.0,151.0,1433.0,0,-99.0,0.019867549668874173,3
2023-09-09,Germany,1.0,4.0,15.0,20.0,1636.0,1,-5.0,0.0,0
2023-09-09,Romania,1.0,1.0,48.0,76.0,1444.0,2,-28.0,0.013157894736842105,1
2023-09-10,Republic of Ireland,1.0,2.0,53.0,7.0,1426.0,1,46.0,0.0,0
2023-09-10,Saint Lucia,2.0,0.0,170.0,145.0,979.0,0,25.0,0.020689655172413793,3
2023-09-10,Hungary,1.0,1.0,36.0,37.0,1505.0,2,-1.0,0.02702702702702703,1
2023-09-10,El Salvador,2.0,3.0,75.0,102.0,1325.0,1,-27.0,0.0,0
2023-09-10,Guatemala,1.0,1.0,107.0,45.0,1187.0,2,62.0,0.022222222222222223,1
2023-09-10,Togo,3.0,2.0,122.0,66.0,1141.0,0,56.0,0.045454545454545456,3
2023-09-10,Faroe Islands,0.0,1.0,129.0,164.0,1126.0,1,-35.0,0.0,0
2023-09-10,Kazakhstan,1.0,0.0,104.0,64.0,1198.0,0,40.0,0.046875,3
2023-09-10,Greece,5.0,0.0,50.0,198.0,1441.0,0,-148.0,0.015151515151515152,3
2023-09-10,Thailand,2.0,2.0,113.0,70.0,1174.0,2,43.0,0.014285714285714285,1
2023-09-10,Lebanon,1.0,0.0,100.0,99.0,1206.0,0,1.0,0.030303030303030304,3
2023-09-10,San Marino,0.0,4.0,208.0,61.0,753.0,1,147.0,0.0,0
2023-09-10,Lithuania,1.0,3.0,144.0,25.0,1070.0,1,119.0,0.0,0
2023-09-10,Finland,0.0,1.0,55.0,19.0,1419.0,1,36.0,0.0,0
2023-09-10,Montenegro,2.0,1.0,71.0,77.0,1343.0,0,-6.0,0.03896103896103896,3
2023-09-10,Albania,2.0,0.0,65.0,26.0,1357.0,0,39.0,0.11538461538461539,3
2023-09-11,Kuwait,1.0,3.0,137.0,97.0,1090.0,1,40.0,0.0,0
2023-09-11,Nicaragua,5.0,1.0,141.0,166.0,1076.0,0,-25.0,0.018072289156626505,3
2023-09-11,Cayman Islands,1.0,2.0,193.0,199.0,860.0,1,-6.0,0.0,0
2023-09-11,Cambodia,4.0,0.0,176.0,182.0,943.0,0,-6.0,0.016483516483516484,3
2023-09-11,Hong Kong,10.0,0.0,149.0,190.0,1050.0,0,-41.0,0.015789473684210527,3
2023-09-11,Portugal,9.0,0.0,9.0,89.0,1718.0,0,-80.0,0.033707865168539325,3
2023-09-11,Dominican Republic,3.0,0.0,152.0,179.0,1037.0,0,-27.0,0.01675977653631285,3
2023-09-11,Vietnam,2.0,0.0,95.0,96.0,1238.0,0,-1.0,0.03125,3
2023-09-11,Guinea-Bissau,2.0,1.0,112.0,120.0,1179.0,0,-8.0,0.025,3
2023-09-11,Armenia,0.0,1.0,90.0,6.0,1253.0,1,84.0,0.0,0
2023-09-11,Latvia,0.0,2.0,134.0,35.0,1096.0,1,99.0,0.0,0
2023-09-11,Iceland,1.0,0.0,67.0,62.0,1353.0,0,5.0,0.04838709677419355,3
2023-09-11,Slovakia,3.0,0.0,47.0,200.0,1447.0,0,-153.0,0.015,3
2023-09-11,Myanmar,1.0,0.0,160.0,175.0,1000.0,0,-15.0,0.017142857142857144,3
2023-09-12,Saint Vincent and the Grenadines,4.0,3.0,178.0,173.0,938.0,0,5.0,0.017341040462427744,3
2023-09-12,Guyana,3.0,2.0,168.0,197.0,982.0,0,-29.0,0.015228426395939087,3
2023-09-12,Puerto Rico,5.0,0.0,163.0,132.0,994.0,0,31.0,0.022727272727272728,3
2023-09-12,Turks and Caicos Islands,0.0,3.0,202.0,184.0,839.0,1,18.0,0.0,0
2023-09-12,Bolivia,0.0,3.0,83.0,1.0,1295.0,1,82.0,0.0,0
2023-09-12,Ecuador,2.0,1.0,40.0,16.0,1486.0,0,24.0,0.1875,3
2023-09-12,Jamaica,2.0,2.0,58.0,87.0,1410.0,2,-29.0,0.011494252873563218,1
2023-09-12,Venezuela,1.0,0.0,57.0,49.0,1417.0,0,8.0,0.061224489795918366,3
2023-09-12,Azerbaijan,2.0,1.0,121.0,82.0,1143.0,0,39.0,0.036585365853658534,3
2023-09-12,Bahrain,1.0,1.0,86.0,138.0,1282.0,2,-52.0,0.007246376811594203,1
2023-09-12,Egypt,1.0,3.0,34.0,31.0,1510.0,1,3.0,0.0,0
2023-09-12,Germany,2.0,1.0,15.0,2.0,1636.0,0,13.0,1.5,3
2023-09-12,Qatar,1.0,1.0,59.0,38.0,1396.0,2,21.0,0.02631578947368421,1
2023-09-12,Ghana,3.0,1.0,60.0,148.0,1391.0,0,-88.0,0.02027027027027027,3
2023-09-12,Peru,0.0,1.0,21.0,3.0,1561.0,1,18.0,0.0,0
2023-09-12,Cuba,1.0,0.0,172.0,143.0,968.0,0,29.0,0.02097902097902098,3
2023-09-12,Honduras,4.0,0.0,79.0,174.0,1309.0,0,-95.0,0.017241379310344827,3
2023-09-12,Chile,0.0,0.0,32.0,17.0,1511.0,2,15.0,0.058823529411764705,1
2023-09-12,Iran,4.0,0.0,22.0,116.0,1557.0,0,-94.0,0.02586206896551724,3
2023-09-12,Japan,4.0,2.0,20.0,41.0,1596.0,0,-21.0,0.07317073170731707,3
2023-09-12,Kenya,0.0,1.0,105.0,167.0,1191.0,1,-62.0,0.0,0
2023-09-12,Philippines,2.0,1.0,135.0,157.0,1096.0,0,-22.0,0.01910828025477707,3
2023-09-12,Scotland,1.0,3.0,30.0,4.0,1520.0,1,26.0,0.0,0
2023-09-12,Senegal,0.0,1.0,18.0,33.0,1613.0,1,-15.0,0.0,0
2023-09-12,South Africa,1.0,0.0,63.0,69.0,1368.0,0,-6.0,0.043478260869565216,3
2023-09-12,United Arab Emirates,4.0,1.0,72.0,46.0,1336.0,0,26.0,0.06521739130434782,3
2023-09-12,United States,4.0,0.0,11.0,73.0,1674.0,0,-62.0,0.0410958904109589,3
2023-09-12,Italy,2.0,1.0,8.0,24.0,1727.0,0,-16.0,0.125,3
2023-09-12,Morocco,1.0,0.0,14.0,56.0,1656.0,0,-42.0,0.05357142857142857,3
2023-09-12,Norway,2.0,1.0,44.0,78.0,1458.0,0,-34.0,0.038461538461538464,3
2023-09-12,Malta,0.0,2.0,171.0,68.0,973.0,1,103.0,0.0,0
2023-09-12,Belgium,5.0,0.0,5.0,111.0,1789.0,0,-106.0,0.02702702702702703,3
2023-09-12,Sweden,1.0,3.0,23.0,29.0,1547.0,1,-6.0,0.0,0
2023-09-12,Switzerland,3.0,0.0,13.0,154.0,1661.0,0,-141.0,0.01948051948051948,3
2023-09-12,Israel,1.0,0.0,76.0,98.0,1324.0,0,-22.0,0.030612244897959183,3
2023-09-12,Romania,2.0,0.0,48.0,109.0,1444.0,0,-61.0,0.027522935779816515,3
2023-09-12,South Korea,1.0,0.0,28.0,54.0,1529.0,0,-26.0,0.05555555555555555,3
2023-09-12,Cameroon,3.0,0.0,42.0,140.0,1471.0,0,-98.0,0.02142857142857143,3
2023-09-12,Spain,6.0,0.0,10.0,118.0,1703.0,0,-108.0,0.025423728813559324,3
2023-09-12,Mexico,3.0,3.0,12.0,74.0,1666.0,2,-62.0,0.013513513513513514,1
2023-10-08,Papua New Guinea,1.0,3.0,162.0,133.0,1003.0,1,29.0,0.0,0
2023-10-08,New Caledonia,4.0,0.0,163.0,168.0,996.0,0,-5.0,0.017857142857142856,3
2023-10-11,Wales,4.0,0.0,33.0,198.0,1511.0,0,-165.0,0.015151515151515152,3
2023-10-11,Solomon Islands,1.0,0.0,133.0,168.0,1098.0,0,-35.0,0.017857142857142856,3
2023-10-11,New Caledonia,3.0,1.0,163.0,162.0,996.0,0,1.0,0.018518518518518517,3
2023-10-12,Indonesia,6.0,0.0,147.0,191.0,1053.0,0,-44.0,0.015706806282722512,3
2023-10-12,Suriname,1.0,1.0,145.0,87.0,1063.0,2,58.0,0.011494252873563218,1
2023-10-12,Grenada,1.0,4.0,173.0,56.0,959.0,1,117.0,0.0,0
2023-10-12,Cuba,0.0,0.0,169.0,77.0,981.0,2,92.0,0.012987012987012988,1
2023-10-12,Afghanistan,1.0,0.0,158.0,183.0,1014.0,0,-25.0,0.01639344262295082,3
2023-10-12,Argentina,1.0,0.0,1.0,52.0,1851.0,0,-51.0,0.057692307692307696,3
2023-10-12,Maldives,1.0,1.0,155.0,189.0,1022.0,2,-34.0,0.005291005291005291,1
2023-10-12,Hong Kong,4.0,0.0,148.0,184.0,1052.0,0,-36.0,0.016304347826086956,3
2023-10-12,Cambodia,0.0,0.0,177.0,197.0,949.0,2,-20.0,0.005076142131979695,1
2023-10-12,Bolivia,1.0,2.0,83.0,38.0,1288.0,1,45.0,0.0,0
2023-10-12,Chile,2.0,0.0,36.0,22.0,1505.0,0,14.0,0.13636363636363635,3
2023-10-12,Brazil,1.0,1.0,3.0,53.0,1838.0,2,-50.0,0.018867924528301886,1
2023-10-12,Colombia,2.0,2.0,16.0,17.0,1630.0,2,-1.0,0.058823529411764705,1
2023-10-12,Montenegro,3.0,2.0,68.0,101.0,1349.0,0,-33.0,0.0297029702970297,3
2023-10-12,Dominica,1.0,1.0,182.0,205.0,911.0,2,-23.0,0.004878048780487805,1
2023-10-12,Russia,1.0,0.0,39.0,41.0,1496.0,0,-2.0,0.07317073170731707,3
2023-10-12,Nepal,1.0,1.0,175.0,186.0,954.0,2,-11.0,0.005376344086021506,1
2023-10-12,Singapore,2.0,1.0,157.0,201.0,1016.0,0,-44.0,0.014925373134328358,3
2023-10-12,Yemen,3.0,0.0,156.0,202.0,1020.0,0,-46.0,0.01485148514851485,3
2023-10-12,Algeria,5.0,1.0,34.0,71.0,1510.0,0,-37.0,0.04225352112676056,3
2023-10-12,Bahrain,2.0,0.0,86.0,96.0,1274.0,0,-10.0,0.03125,3
2023-10-12,Egypt,1.0,0.0,35.0,82.0,1509.0,0,-47.0,0.036585365853658534,3
2023-10-12,Georgia,8.0,0.0,79.0,112.0,1299.0,0,-33.0,0.026785714285714284,3
2023-10-12,Belarus,0.0,0.0,105.0,47.0,1198.0,2,58.0,0.02127659574468085,1
2023-10-12,Myanmar,5.0,1.0,161.0,185.0,1004.0,0,-24.0,0.016216216216216217,3
2023-10-12,Sweden,3.0,1.0,23.0,159.0,1539.0,0,-136.0,0.018867924528301886,3
2023-10-12,Andorra,0.0,3.0,153.0,111.0,1025.0,1,42.0,0.0,0
2023-10-12,Albania,3.0,0.0,62.0,37.0,1377.0,0,25.0,0.08108108108108109,3
2023-10-12,Faroe Islands,0.0,2.0,131.0,30.0,1107.0,1,101.0,0.0,0
2023-10-12,Spain,2.0,0.0,10.0,31.0,1711.0,0,-21.0,0.0967741935483871,3
2023-10-12,Latvia,2.0,0.0,136.0,91.0,1090.0,0,45.0,0.03296703296703297,3
2023-10-12,Cyprus,0.0,4.0,120.0,43.0,1156.0,1,77.0,0.0,0
2023-10-12,Croatia,0.0,1.0,6.0,42.0,1748.0,1,-36.0,0.0,0
2023-10-13,England,1.0,0.0,4.0,27.0,1794.0,0,-23.0,0.1111111111111111,3
2023-10-13,Curaçao,1.0,2.0,90.0,45.0,1259.0,1,45.0,0.0,0
2023-10-13,Equatorial Guinea,0.0,0.0,92.0,58.0,1249.0,2,34.0,0.017241379310344827,1
2023-10-13,DR Congo,1.0,1.0,64.0,104.0,1370.0,2,-40.0,0.009615384615384616,1
2023-10-13,Belize,0.0,1.0,180.0,174.0,932.0,1,6.0,0.0,0
2023-10-13,Barbados,0.0,5.0,172.0,151.0,970.0,1,21.0,0.0,0
2023-10-13,Montserrat,0.0,3.0,179.0,138.0,940.0,1,41.0,0.0,0
2023-10-13,Trinidad and Tobago,3.0,2.0,98.0,103.0,1217.0,0,-5.0,0.02912621359223301,3
2023-10-13,Japan,4.0,1.0,19.0,44.0,1605.0,0,-25.0,0.06818181818181818,3
2023-10-13,Guinea,1.0,0.0,81.0,106.0,1293.0,0,-25.0,0.02830188679245283,3
2023-10-13,Iraq,0.0,0.0,69.0,61.0,1347.0,2,8.0,0.01639344262295082,1
2023-10-13,Portugal,3.0,2.0,8.0,48.0,1729.0,0,-40.0,0.0625,3
2023-10-13,Angola,1.0,1.0,117.0,113.0,1168.0,2,4.0,0.008849557522123894,1
2023-10-13,South Korea,4.0,0.0,26.0,29.0,1533.0,0,-3.0,0.10344827586206896,3
2023-10-13,Mali,1.0,0.0,49.0,89.0,1442.0,0,-40.0,0.033707865168539325,3
2023-10-13,Iceland,1.0,1.0,67.0,85.0,1352.0,2,-18.0,0.011764705882352941,1
2023-10-13,Austria,2.0,3.0,25.0,5.0,1537.0,1,20.0,0.0,0
2023-10-13,Liechtenstein,0.0,2.0,199.0,63.0,844.0,1,136.0,0.0,0
2023-10-13,Netherlands,1.0,2.0,7.0,2.0,1743.0,1,5.0,0.0,0
2023-10-13,Republic of Ireland,0.0,2.0,55.0,51.0,1416.0,1,4.0,0.0,0
2023-10-13,South Africa,0.0,0.0,65.0,144.0,1368.0,2,-79.0,0.006944444444444444,1
2023-10-13,Nigeria,2.0,2.0,40.0,57.0,1489.0,2,-17.0,0.017543859649122806,1
2023-10-13,Estonia,0.0,2.0,115.0,121.0,1172.0,1,-6.0,0.0,0
2023-10-13,Vietnam,0.0,2.0,95.0,75.0,1243.0,1,20.0,0.0,0
2023-10-14,Niger,3.0,0.0,128.0,194.0,1120.0,0,-66.0,0.015463917525773196,3
2023-10-14,Sierra Leone,1.0,1.0,124.0,94.0,1144.0,2,30.0,0.010638297872340425,1
2023-10-14,Puerto Rico,1.0,3.0,160.0,165.0,1008.0,1,-5.0,0.0,0
2023-10-14,Bahamas,1.0,4.0,200.0,137.0,842.0,1,63.0,0.0,0
2023-10-14,Ivory Coast,1.0,1.0,50.0,13.0,1438.0,2,37.0,0.07692307692307693,1
2023-10-14,Liberia,2.0,3.0,150.0,126.0,1048.0,1,24.0,0.0,0
2023-10-14,Mauritania,2.0,1.0,99.0,108.0,1207.0,0,-9.0,0.027777777777777776,3
2023-10-14,Mexico,2.0,0.0,12.0,60.0,1661.0,0,-48.0,0.05,3
2023-10-14,United States,1.0,3.0,11.0,15.0,1679.0,1,-4.0,0.0,0
2023-10-14,Bulgaria,0.0,2.0,78.0,143.0,1301.0,1,-65.0,0.0,0
2023-10-14,Hungary,2.0,1.0,32.0,28.0,1518.0,0,4.0,0.10714285714285714,3
2023-10-14,Northern Ireland,3.0,0.0,74.0,207.0,1333.0,0,-133.0,0.014492753623188406,3
2023-10-14,Slovenia,3.0,0.0,59.0,54.0,1405.0,0,5.0,0.05555555555555555,3
2023-10-14,Denmark,3.0,1.0,18.0,100.0,1607.0,0,-82.0,0.03,3
2023-10-14,Papua New Guinea,0.0,1.0,162.0,168.0,1003.0,1,-6.0,0.0,0
2023-10-14,New Caledonia,0.0,1.0,163.0,133.0,996.0,1,30.0,0.0,0
2023-10-14,Ukraine,2.0,0.0,24.0,66.0,1538.0,0,-42.0,0.045454545454545456,3
2023-10-14,Italy,4.0,0.0,9.0,171.0,1727.0,0,-162.0,0.017543859649122806,3
2023-10-15,Honduras,4.0,0.0,77.0,169.0,1306.0,0,-92.0,0.01775147928994083,3
2023-10-15,Haiti,2.0,3.0,87.0,56.0,1271.0,1,31.0,0.0,0
2023-10-15,Suriname,4.0,0.0,145.0,173.0,1063.0,0,-28.0,0.017341040462427744,3
2023-10-15,Kyrgyzstan,0.0,1.0,96.0,132.0,1229.0,1,-36.0,0.0,0
2023-10-15,Sudan,1.0,1.0,130.0,122.0,1109.0,2,8.0,0.00819672131147541,1
2023-10-15,Georgia,4.0,0.0,79.0,120.0,1299.0,0,-41.0,0.025,3
2023-10-15,Norway,0.0,1.0,43.0,10.0,1471.0,1,33.0,0.0,0
2023-10-15,Wales,2.0,1.0,33.0,6.0,1511.0,0,27.0,0.5,3
2023-10-15,Turkey,4.0,0.0,42.0,136.0,1475.0,0,-94.0,0.022058823529411766,3
2023-10-15,Czech Republic,1.0,0.0,37.0,131.0,1500.0,0,-94.0,0.022900763358778626,3
2023-10-15,Poland,1.0,1.0,30.0,159.0,1525.0,2,-129.0,0.006289308176100629,1
2023-10-15,Switzerland,3.0,3.0,14.0,105.0,1654.0,2,-91.0,0.009523809523809525,1
2023-10-15,Romania,4.0,0.0,47.0,153.0,1448.0,0,-106.0,0.0196078431372549,3
2023-10-16,Dominican Republic,5.0,2.0,151.0,172.0,1036.0,0,-21.0,0.01744186046511628,3
2023-10-16,Nicaragua,3.0,0.0,138.0,179.0,1089.0,0,-41.0,0.01675977653631285,3
2023-10-16,Turks and Caicos Islands,2.0,2.0,203.0,205.0,825.0,2,-2.0,0.004878048780487805,1
2023-10-16,Algeria,1.0,1.0,34.0,35.0,1510.0,2,-1.0,0.02857142857142857,1
2023-10-16,Botswana,2.0,1.0,149.0,144.0,1051.0,0,5.0,0.020833333333333332,3
2023-10-16,Kenya,2.0,2.0,109.0,39.0,1184.0,2,70.0,0.02564102564102564,1
2023-10-16,Luxembourg,0.0,1.0,85.0,48.0,1274.0,1,37.0,0.0,0
2023-10-16,Senegal,1.0,0.0,20.0,41.0,1597.0,0,-21.0,0.07317073170731707,3
2023-10-16,Gibraltar,0.0,4.0,198.0,55.0,845.0,1,143.0,0.0,0
2023-10-16,Greece,0.0,1.0,51.0,7.0,1437.0,1,44.0,0.0,0
2023-10-16,Azerbaijan,0.0,1.0,121.0,25.0,1148.0,1,96.0,0.0,0
2023-10-16,Belgium,1.0,1.0,5.0,23.0,1793.0,2,-18.0,0.043478260869565216,1
2023-10-16,Iceland,4.0,0.0,67.0,199.0,1352.0,0,-132.0,0.01507537688442211,3
2023-10-16,Bosnia and Herzegovina,0.0,5.0,63.0,8.0,1370.0,1,55.0,0.0,0
2023-10-16,Mozambique,2.0,3.0,113.0,40.0,1179.0,1,73.0,0.0,0
2023-10-17,Ecuador,0.0,0.0,38.0,16.0,1498.0,2,22.0,0.0625,1
2023-10-17,Venezuela,3.0,0.0,53.0,36.0,1423.0,0,17.0,0.08333333333333333,3
2023-10-17,Guyana,3.0,1.0,165.0,160.0,994.0,0,5.0,0.01875,3
2023-10-17,Bahrain,1.0,0.0,86.0,132.0,1274.0,0,-46.0,0.022727272727272728,3
2023-10-17,Bermuda,1.0,1.0,174.0,180.0,958.0,2,-6.0,0.005555555555555556,1
2023-10-17,Curaçao,5.0,3.0,90.0,98.0,1259.0,0,-8.0,0.030612244897959183,3
2023-10-17,Panama,3.0,0.0,45.0,103.0,1452.0,0,-58.0,0.02912621359223301,3
2023-10-17,Peru,0.0,2.0,22.0,1.0,1552.0,1,21.0,0.0,0
2023-10-17,Antigua and Barbuda,2.0,2.0,137.0,200.0,1089.0,2,-63.0,0.005,1
2023-10-17,Uruguay,2.0,0.0,17.0,3.0,1627.0,0,14.0,1.0,3
2023-10-17,Bhutan,2.0,0.0,184.0,148.0,906.0,0,36.0,0.02027027027027027,3
2023-10-17,Angola,0.0,0.0,117.0,64.0,1168.0,2,53.0,0.015625,1
2023-10-17,Albania,2.0,0.0,62.0,78.0,1377.0,0,-16.0,0.038461538461538464,3
2023-10-17,Bangladesh,2.0,1.0,189.0,155.0,894.0,0,34.0,0.01935483870967742,3
2023-10-17,Pakistan,1.0,0.0,197.0,177.0,848.0,0,20.0,0.01694915254237288,3
2023-10-17,Sri Lanka,1.0,1.0,202.0,156.0,825.0,2,46.0,0.00641025641025641,1
2023-10-17,Macau,0.0,0.0,185.0,161.0,904.0,2,24.0,0.006211180124223602,1
2023-10-17,Laos,0.0,1.0,186.0,175.0,900.0,1,11.0,0.0,0
2023-10-17,Brunei,0.0,6.0,191.0,147.0,888.0,1,44.0,0.0,0
2023-10-17,Mongolia,0.0,1.0,183.0,158.0,909.0,1,25.0,0.0,0
2023-10-17,Paraguay,1.0,0.0,52.0,83.0,1432.0,0,-31.0,0.03614457831325301,3
2023-10-17,Australia,2.0,0.0,27.0,104.0,1532.0,0,-77.0,0.028846153846153848,3
2023-10-17,Guam,0.0,1.0,201.0,157.0,838.0,1,44.0,0.0,0
2023-10-17,Benin,1.0,2.0,94.0,108.0,1245.0,1,-14.0,0.0,0
2023-10-17,Mexico,2.0,2.0,12.0,15.0,1661.0,2,-3.0,0.06666666666666667,1
2023-10-17,Mali,3.0,1.0,49.0,57.0,1442.0,0,-8.0,0.05263157894736842,3
2023-10-17,Finland,1.0,2.0,54.0,100.0,1418.0,1,-46.0,0.0,0
2023-10-17,Libya,1.0,1.0,126.0,128.0,1134.0,2,-2.0,0.0078125,1
2023-10-17,South Korea,6.0,0.0,26.0,95.0,1533.0,0,-69.0,0.031578947368421054,3
2023-10-17,Estonia,1.0,1.0,115.0,112.0,1172.0,2,3.0,0.008928571428571428,1
2023-10-17,Guinea,1.0,1.0,81.0,88.0,1293.0,2,-7.0,0.011363636363636364,1
2023-10-17,France,4.0,1.0,2.0,31.0,1841.0,0,-29.0,0.0967741935483871,3
2023-10-17,Cape Verde,1.0,2.0,71.0,129.0,1337.0,1,-58.0,0.0,0
2023-10-17,North Macedonia,3.0,1.0,66.0,91.0,1363.0,0,-25.0,0.03296703296703297,3
2023-10-17,Somalia,0.0,2.0,194.0,124.0,855.0,1,70.0,0.0,0
2023-10-17,Burkina Faso,2.0,1.0,58.0,99.0,1409.0,0,-41.0,0.030303030303030304,3
2023-10-17,Ivory Coast,1.0,1.0,50.0,65.0,1438.0,2,-15.0,0.015384615384615385,1
2023-10-17,United Arab Emirates,2.0,1.0,70.0,101.0,1342.0,0,-31.0,0.0297029702970297,3
2023-10-17,Sudan,1.0,0.0,130.0,181.0,1109.0,0,-51.0,0.016574585635359115,3
2023-10-17,San Marino,1.0,2.0,207.0,18.0,750.0,1,189.0,0.0,0
2023-10-17,Northern Ireland,0.0,1.0,74.0,59.0,1333.0,1,15.0,0.0,0
2023-10-17,Syria,1.0,2.0,93.0,135.0,1246.0,1,-42.0,0.0,0
2023-10-17,Serbia,3.0,1.0,28.0,68.0,1529.0,0,-40.0,0.04411764705882353,3
2023-10-17,Lithuania,2.0,2.0,143.0,32.0,1072.0,2,111.0,0.03125,1
2023-10-17,England,3.0,1.0,4.0,9.0,1794.0,0,-5.0,0.3333333333333333,3
2023-10-17,Morocco,3.0,0.0,13.0,150.0,1658.0,0,-137.0,0.02,3
2023-10-17,Zambia,3.0,0.0,82.0,89.0,1290.0,0,-7.0,0.033707865168539325,3
2023-10-17,United States,4.0,0.0,11.0,60.0,1679.0,0,-49.0,0.05,3
2023-10-17,Malta,1.0,3.0,171.0,24.0,972.0,1,147.0,0.0,0
2023-10-23,United Arab Emirates,1.0,0.0,70.0,135.0,1342.0,0,-65.0,0.022222222222222223,3
2023-11-11,Guatemala,0.0,0.0,107.0,55.0,1189.0,2,52.0,0.01818181818181818,1
2023-11-12,Kosovo,1.0,0.0,105.0,71.0,1191.0,0,34.0,0.04225352112676056,3
2023-11-15,DR Congo,2.0,0.0,65.0,101.0,1366.0,0,-36.0,0.0297029702970297,3
2023-11-15,Rwanda,0.0,0.0,140.0,125.0,1087.0,2,15.0,0.008,1
2023-11-15,Ethiopia,0.0,0.0,143.0,122.0,1073.0,2,21.0,0.00819672131147541,1
2023-11-15,Belgium,1.0,0.0,5.0,29.0,1794.0,0,-24.0,0.10344827586206896,3
2023-11-15,Israel,1.0,1.0,71.0,14.0,1336.0,2,57.0,0.07142857142857142,1
2023-11-15,Equatorial Guinea,0.0,3.0,91.0,114.0,1250.0,1,-23.0,0.0,0
2023-11-16,Saint Kitts and Nevis,0.0,0.0,147.0,166.0,1058.0,2,-19.0,0.006024096385542169,1
2023-11-16,British Virgin Islands,1.0,2.0,204.0,184.0,814.0,1,20.0,0.0,0
2023-11-16,Costa Rica,0.0,3.0,46.0,44.0,1452.0,1,2.0,0.0,0
2023-11-16,Bolivia,2.0,0.0,85.0,26.0,1271.0,0,59.0,0.11538461538461539,3
2023-11-16,Venezuela,0.0,0.0,49.0,36.0,1446.0,2,13.0,0.027777777777777776,1
2023-11-16,Colombia,2.0,1.0,17.0,3.0,1627.0,0,14.0,1.0,3
2023-11-16,Argentina,0.0,2.0,1.0,15.0,1861.0,1,-14.0,0.0,0
2023-11-16,Chile,0.0,0.0,37.0,53.0,1504.0,2,-16.0,0.018867924528301886,1
2023-11-16,United States,3.0,0.0,11.0,99.0,1676.0,0,-88.0,0.030303030303030304,3
2023-11-16,Kuwait,0.0,1.0,136.0,102.0,1097.0,1,34.0,0.0,0
2023-11-16,Syria,1.0,0.0,92.0,115.0,1239.0,0,-23.0,0.02608695652173913,3
2023-11-16,South Korea,5.0,0.0,24.0,155.0,1540.0,0,-131.0,0.01935483870967742,3
2023-11-16,Malaysia,4.0,3.0,137.0,97.0,1097.0,0,40.0,0.030927835051546393,3
2023-11-16,Iran,4.0,0.0,21.0,150.0,1567.0,0,-129.0,0.02,3
2023-11-16,Turkmenistan,1.0,3.0,141.0,73.0,1086.0,1,68.0,0.0,0
2023-11-16,Iraq,5.0,1.0,68.0,145.0,1350.0,0,-77.0,0.020689655172413793,3
2023-11-16,Qatar,8.0,1.0,61.0,154.0,1394.0,0,-93.0,0.01948051948051948,3
2023-11-16,Philippines,0.0,2.0,138.0,94.0,1096.0,1,44.0,0.0,0
2023-11-16,Japan,5.0,0.0,18.0,158.0,1613.0,0,-140.0,0.0189873417721519,3
2023-11-16,Tajikistan,1.0,1.0,109.0,82.0,1187.0,2,27.0,0.012195121951219513,1
2023-11-16,Saudi Arabia,4.0,0.0,57.0,193.0,1409.0,0,-136.0,0.015544041450777202,3
2023-11-16,Norway,2.0,0.0,42.0,135.0,1470.0,0,-93.0,0.022222222222222223,3
2023-11-16,Yemen,0.0,2.0,156.0,83.0,1024.0,1,73.0,0.0,0
2023-11-16,Lebanon,0.0,0.0,104.0,96.0,1198.0,2,8.0,0.010416666666666666,1
2023-11-16,Australia,7.0,0.0,27.0,183.0,1531.0,0,-156.0,0.01639344262295082,3
2023-11-16,Egypt,6.0,0.0,35.0,189.0,1512.0,0,-154.0,0.015873015873015872,3
2023-11-16,Sudan,1.0,1.0,130.0,119.0,1109.0,2,11.0,0.008403361344537815,1
2023-11-16,Cape Verde,0.0,0.0,74.0,116.0,1327.0,2,-42.0,0.008620689655172414,1
2023-11-16,Burundi,3.0,2.0,142.0,117.0,1080.0,0,25.0,0.02564102564102564,3
2023-11-16,Gabon,2.0,1.0,86.0,110.0,1271.0,0,-24.0,0.02727272727272727,3
2023-11-16,Botswana,2.0,3.0,148.0,113.0,1056.0,1,35.0,0.0,0
2023-11-16,Algeria,3.0,1.0,33.0,196.0,1513.0,0,-163.0,0.015306122448979591,3
2023-11-16,Nigeria,1.0,1.0,40.0,153.0,1490.0,2,-113.0,0.006535947712418301,1
2023-11-16,Cyprus,1.0,3.0,124.0,8.0,1141.0,1,116.0,0.0,0
2023-11-16,Georgia,2.0,2.0,76.0,34.0,1312.0,2,42.0,0.029411764705882353,1
2023-11-16,Estonia,0.0,2.0,118.0,25.0,1159.0,1,93.0,0.0,0
2023-11-16,Azerbaijan,3.0,0.0,120.0,23.0,1156.0,0,97.0,0.13043478260869565,3
2023-11-16,Bulgaria,2.0,2.0,84.0,30.0,1279.0,2,54.0,0.03333333333333333,1
2023-11-16,Montenegro,2.0,0.0,70.0,134.0,1344.0,0,-64.0,0.022388059701492536,3
2023-11-16,Liechtenstein,0.0,2.0,200.0,6.0,838.0,1,194.0,0.0,0
2023-11-16,Luxembourg,4.0,1.0,87.0,63.0,1267.0,0,24.0,0.047619047619047616,3
2023-11-16,Slovakia,4.0,2.0,50.0,67.0,1445.0,0,-17.0,0.04477611940298507,3
2023-11-16,United Arab Emirates,4.0,0.0,69.0,173.0,1349.0,0,-104.0,0.017341040462427744,3
2023-11-16,Curaçao,1.0,1.0,89.0,77.0,1262.0,2,12.0,0.012987012987012988,1
2023-11-17,Montserrat,2.0,1.0,180.0,149.0,929.0,0,31.0,0.020134228187919462,3
2023-11-17,Barbados,0.0,4.0,174.0,133.0,957.0,1,41.0,0.0,0
2023-11-17,Honduras,2.0,0.0,78.0,12.0,1305.0,0,66.0,0.25,3
2023-11-17,Guinea,2.0,1.0,80.0,90.0,1297.0,0,-10.0,0.03333333333333333,3
2023-11-17,Eswatini,0.0,1.0,146.0,126.0,1063.0,1,20.0,0.0,0
2023-11-17,Cameroon,3.0,0.0,43.0,177.0,1467.0,0,-134.0,0.01694915254237288,3
2023-11-17,Ivory Coast,9.0,0.0,52.0,195.0,1439.0,0,-143.0,0.015384615384615385,3
2023-11-17,Liberia,0.0,1.0,151.0,123.0,1042.0,1,28.0,0.0,0
2023-11-17,Bermuda,3.0,1.0,172.0,175.0,965.0,0,-3.0,0.017142857142857144,3
2023-11-17,Burkina Faso,1.0,1.0,56.0,110.0,1411.0,2,-54.0,0.00909090909090909,1
2023-11-17,Solomon Islands,1.0,0.0,131.0,190.0,1108.0,0,-59.0,0.015789473684210527,3
2023-11-17,Poland,1.0,1.0,31.0,41.0,1519.0,2,-10.0,0.024390243902439025,1
2023-11-17,Mali,3.0,1.0,47.0,179.0,1450.0,0,-132.0,0.01675977653631285,3
2023-11-17,Greece,2.0,0.0,51.0,103.0,1443.0,0,-52.0,0.02912621359223301,3
2023-11-17,Comoros,4.0,2.0,128.0,127.0,1126.0,0,1.0,0.023622047244094488,3
2023-11-17,Italy,5.0,2.0,9.0,66.0,1718.0,0,-57.0,0.045454545454545456,3
2023-11-17,Moldova,1.0,1.0,157.0,59.0,1018.0,2,98.0,0.01694915254237288,1
2023-11-17,England,2.0,0.0,4.0,171.0,1808.0,0,-167.0,0.017543859649122806,3
2023-11-17,Finland,4.0,0.0,62.0,75.0,1388.0,0,-13.0,0.04,3
2023-11-17,Denmark,2.0,1.0,19.0,54.0,1612.0,0,-35.0,0.05555555555555555,3
2023-11-17,Kazakhstan,3.0,1.0,98.0,207.0,1220.0,0,-109.0,0.014492753623188406,3
2023-11-17,Ghana,1.0,0.0,60.0,108.0,1395.0,0,-48.0,0.027777777777777776,3
2023-11-18,Antigua and Barbuda,2.0,3.0,139.0,164.0,1090.0,1,-25.0,0.0,0
2023-11-18,Jamaica,1.0,2.0,55.0,45.0,1421.0,1,10.0,0.0,0
2023-11-18,France,14.0,0.0,2.0,198.0,1853.0,0,-196.0,0.015151515151515152,3
2023-11-18,South Africa,2.0,1.0,64.0,93.0,1366.0,0,-29.0,0.03225806451612903,3
2023-11-18,Niger,0.0,1.0,129.0,121.0,1123.0,1,8.0,0.0,0
2023-11-18,Germany,2.0,3.0,16.0,38.0,1643.0,1,-22.0,0.0,0
2023-11-18,Senegal,4.0,0.0,20.0,167.0,1601.0,0,-147.0,0.017964071856287425,3
2023-11-18,Switzerland,1.0,1.0,14.0,105.0,1645.0,2,-91.0,0.009523809523809525,1
2023-11-18,Armenia,1.0,1.0,95.0,28.0,1234.0,2,67.0,0.03571428571428571,1
2023-11-18,Latvia,0.0,2.0,132.0,10.0,1102.0,1,122.0,0.0,0
2023-11-18,Belarus,1.0,0.0,100.0,159.0,1213.0,0,-59.0,0.018867924528301886,3
2023-11-18,Netherlands,1.0,0.0,7.0,58.0,1739.0,0,-51.0,0.05172413793103448,3
2023-11-18,Israel,1.0,2.0,71.0,48.0,1336.0,1,23.0,0.0,0
2023-11-18,New Caledonia,7.0,0.0,162.0,194.0,999.0,0,-32.0,0.015463917525773196,3
2023-11-19,Cyprus,1.0,0.0,124.0,134.0,1141.0,0,-10.0,0.022388059701492536,3
2023-11-19,Sierra Leone,0.0,2.0,122.0,35.0,1145.0,1,87.0,0.0,0
2023-11-19,Sudan,1.0,0.0,130.0,65.0,1109.0,0,65.0,0.046153846153846156,3
2023-11-19,Zimbabwe,1.0,1.0,125.0,40.0,1139.0,2,85.0,0.025,1
2023-11-19,Burundi,1.0,2.0,142.0,86.0,1080.0,1,56.0,0.0,0
2023-11-19,Spain,3.0,1.0,8.0,76.0,1726.0,0,-68.0,0.039473684210526314,3
2023-11-19,Mozambique,0.0,2.0,113.0,33.0,1177.0,1,80.0,0.0,0
2023-11-19,Belgium,5.0,0.0,5.0,120.0,1794.0,0,-115.0,0.025,3
2023-11-19,Sweden,2.0,0.0,23.0,118.0,1546.0,0,-95.0,0.025423728813559324,3
2023-11-19,Hungary,3.0,1.0,30.0,70.0,1522.0,0,-40.0,0.04285714285714286,3
2023-11-19,Serbia,2.0,2.0,29.0,84.0,1525.0,2,-55.0,0.011904761904761904,1
2023-11-19,Portugal,2.0,0.0,6.0,67.0,1740.0,0,-61.0,0.04477611940298507,3
2023-11-19,Bosnia and Herzegovina,1.0,2.0,63.0,50.0,1368.0,1,13.0,0.0,0
2023-11-19,Liechtenstein,0.0,1.0,200.0,87.0,838.0,1,113.0,0.0,0
2023-11-19,Scotland,3.0,3.0,34.0,42.0,1512.0,2,-8.0,0.023809523809523808,1
2023-11-20,Liberia,3.0,0.0,151.0,91.0,1042.0,0,60.0,0.03296703296703297,3
2023-11-20,Gambia,0.0,2.0,117.0,52.0,1161.0,1,65.0,0.0,0
2023-11-20,Djibouti,0.0,1.0,189.0,110.0,889.0,1,79.0,0.0,0
2023-11-20,Trinidad and Tobago,2.0,1.0,99.0,11.0,1217.0,0,88.0,0.2727272727272727,3
2023-11-20,Chad,0.0,3.0,179.0,108.0,930.0,1,71.0,0.0,0
2023-11-20,Dominica,2.0,0.0,184.0,201.0,910.0,0,-17.0,0.014925373134328358,3
2023-11-20,Aruba,5.0,1.0,192.0,194.0,865.0,0,-2.0,0.015463917525773196,3
2023-11-20,Montserrat,4.0,2.0,180.0,174.0,929.0,0,6.0,0.017241379310344827,3
2023-11-20,Panama,3.0,1.0,44.0,46.0,1461.0,0,-2.0,0.06521739130434782,3
2023-11-20,Mali,1.0,1.0,47.0,127.0,1450.0,2,-80.0,0.007874015748031496,1
2023-11-20,Seychelles,0.0,5.0,195.0,110.0,854.0,1,85.0,0.0,0
2023-11-20,Curaçao,1.0,1.0,89.0,77.0,1262.0,2,12.0,0.012987012987012988,1
2023-11-20,Northern Ireland,2.0,0.0,75.0,19.0,1325.0,0,56.0,0.15789473684210525,3
2023-11-20,Slovenia,2.0,1.0,54.0,98.0,1428.0,0,-44.0,0.030612244897959183,3
2023-11-20,San Marino,1.0,2.0,207.0,62.0,747.0,1,145.0,0.0,0
2023-11-20,Samoa,10.0,0.0,190.0,186.0,894.0,0,4.0,0.016129032258064516,3
2023-11-20,Czech Republic,3.0,0.0,41.0,157.0,1490.0,0,-116.0,0.01910828025477707,3
2023-11-20,Albania,0.0,0.0,59.0,135.0,1397.0,2,-76.0,0.007407407407407408,1
2023-11-20,Ukraine,0.0,0.0,22.0,9.0,1549.0,2,13.0,0.1111111111111111,1
2023-11-20,Russia,8.0,0.0,39.0,169.0,1498.0,0,-130.0,0.01775147928994083,3
2023-11-20,North Macedonia,1.0,1.0,66.0,4.0,1358.0,2,62.0,0.25,1
2023-11-21,Peru,1.0,1.0,26.0,49.0,1533.0,2,-23.0,0.02040816326530612,1
2023-11-21,Uruguay,3.0,0.0,15.0,85.0,1644.0,0,-70.0,0.03529411764705882,3
2023-11-21,Paraguay,0.0,1.0,53.0,17.0,1437.0,1,36.0,0.0,0
2023-11-21,Ecuador,1.0,0.0,36.0,37.0,1508.0,0,-1.0,0.08108108108108109,3
2023-11-21,Canada,2.0,3.0,45.0,55.0,1455.0,1,-10.0,0.0,0
2023-11-21,Puerto Rico,6.0,1.0,164.0,199.0,993.0,0,-35.0,0.01507537688442211,3
2023-11-21,Guyana,6.0,0.0,160.0,139.0,1010.0,0,21.0,0.02158273381294964,3
2023-11-21,Saint Vincent and the Grenadines,3.0,0.0,175.0,181.0,954.0,0,-6.0,0.016574585635359115,3
2023-11-21,Nepal,0.0,2.0,173.0,156.0,964.0,1,17.0,0.0,0
2023-11-21,Nicaragua,0.0,0.0,133.0,149.0,1100.0,2,-16.0,0.006711409395973154,1
2023-11-21,India,0.0,3.0,102.0,61.0,1199.0,1,41.0,0.0,0
2023-11-21,Myanmar,1.0,6.0,158.0,115.0,1012.0,1,43.0,0.0,0
2023-11-21,Syria,0.0,5.0,92.0,18.0,1239.0,1,74.0,0.0,0
2023-11-21,Singapore,1.0,3.0,155.0,112.0,1033.0,1,43.0,0.0,0
2023-11-21,Afghanistan,0.0,4.0,154.0,136.0,1034.0,1,18.0,0.0,0
2023-11-21,Kyrgyzstan,1.0,0.0,97.0,72.0,1224.0,0,25.0,0.041666666666666664,3
2023-11-21,Uzbekistan,2.0,2.0,73.0,21.0,1333.0,2,52.0,0.047619047619047616,1
2023-11-21,Hong Kong,2.0,2.0,150.0,141.0,1045.0,2,9.0,0.0070921985815602835,1
2023-11-21,Philippines,1.0,1.0,138.0,145.0,1096.0,2,-7.0,0.006896551724137931,1
2023-11-21,Vietnam,0.0,1.0,94.0,68.0,1236.0,1,26.0,0.0,0
2023-11-21,Pakistan,1.0,6.0,193.0,109.0,865.0,1,84.0,0.0,0
2023-11-21,Jordan,0.0,2.0,82.0,57.0,1284.0,1,25.0,0.0,0
2023-11-21,Bahrain,0.0,2.0,83.0,69.0,1281.0,1,14.0,0.0,0
2023-11-21,Brazil,0.0,1.0,3.0,1.0,1812.0,1,2.0,0.0,0
2023-11-21,Mexico,2.0,0.0,12.0,78.0,1664.0,0,-66.0,0.038461538461538464,3
2023-11-21,Lesotho,0.0,0.0,153.0,93.0,1034.0,2,60.0,0.010752688172043012,1
2023-11-21,Somalia,0.0,1.0,196.0,90.0,852.0,1,106.0,0.0,0
2023-11-21,Tanzania,0.0,2.0,121.0,13.0,1146.0,1,108.0,0.0,0
2023-11-21,Niger,2.0,1.0,129.0,81.0,1123.0,0,48.0,0.037037037037037035,3
2023-11-21,Mauritius,0.0,0.0,177.0,116.0,943.0,2,61.0,0.008620689655172414,1
2023-11-21,Libya,1.0,1.0,126.0,43.0,1138.0,2,83.0,0.023255813953488372,1
2023-11-21,South Sudan,0.0,0.0,167.0,101.0,987.0,2,66.0,0.009900990099009901,1
2023-11-21,Rwanda,2.0,0.0,140.0,64.0,1087.0,0,76.0,0.046875,3
2023-11-21,Togo,0.0,0.0,119.0,20.0,1158.0,2,99.0,0.05,1
2023-11-21,Botswana,1.0,0.0,148.0,80.0,1056.0,0,68.0,0.0375,3
2023-11-21,Ethiopia,0.0,3.0,143.0,56.0,1073.0,1,87.0,0.0,0
2023-11-21,Eswatini,0.0,2.0,146.0,74.0,1063.0,1,72.0,0.0,0
2023-11-21,Palestine,0.0,1.0,96.0,27.0,1224.0,1,69.0,0.0,0
2023-11-21,Gibraltar,0.0,6.0,198.0,7.0,842.0,1,191.0,0.0,0
2023-11-21,Malawi,0.0,1.0,123.0,32.0,1144.0,1,91.0,0.0,0
2023-11-21,Austria,2.0,0.0,25.0,16.0,1535.0,0,9.0,0.1875,3
2023-11-21,Poland,2.0,0.0,31.0,132.0,1519.0,0,-101.0,0.022727272727272728,3
2023-11-21,Republic of Ireland,1.0,1.0,58.0,103.0,1407.0,2,-45.0,0.009708737864077669,1
2023-11-21,Fiji,0.0,0.0,170.0,163.0,980.0,2,7.0,0.006134969325153374,1
2023-11-21,Greece,2.0,2.0,51.0,2.0,1443.0,2,49.0,0.5,1
2023-11-21,Wales,1.0,1.0,28.0,38.0,1529.0,2,-10.0,0.02631578947368421,1
2023-11-21,Croatia,1.0,0.0,10.0,95.0,1712.0,0,-85.0,0.031578947368421054,3
2023-11-21,Andorra,0.0,2.0,159.0,71.0,1012.0,1,88.0,0.0,0
2023-11-21,Kosovo,0.0,1.0,105.0,100.0,1191.0,1,5.0,0.0,0
2023-11-21,Romania,1.0,0.0,48.0,14.0,1447.0,0,34.0,0.21428571428571427,3
2023-11-21,Tonga,1.0,2.0,194.0,185.0,862.0,1,9.0,0.0,0
2023-11-21,Bangladesh,1.0,1.0,183.0,104.0,913.0,2,79.0,0.009615384615384616,1
2023-11-21,Comoros,1.0,0.0,128.0,60.0,1126.0,0,68.0,0.05,3
2023-11-23,Vanuatu,1.0,1.0,168.0,165.0,985.0,2,3.0,0.006060606060606061,1
2023-11-23,Solomon Islands,11.0,0.0,131.0,186.0,1108.0,0,-55.0,0.016129032258064516,3
2023-11-24,Cook Islands,0.0,8.0,185.0,162.0,899.0,1,23.0,0.0,0
2023-11-27,Tahiti,2.0,1.0,163.0,190.0,995.0,0,-27.0,0.015789473684210527,3
2023-11-27,Cook Islands,0.0,3.0,185.0,165.0,899.0,1,20.0,0.0,0
2023-11-28,New Caledonia,1.0,0.0,162.0,168.0,999.0,0,-6.0,0.017857142857142856,3
2023-11-28,Solomon Islands,2.0,0.0,131.0,170.0,1108.0,0,-39.0,0.01764705882352941,3
2023-11-30,American Samoa,2.0,6.0,188.0,196.0,894.0,1,-8.0,0.0,0
2023-11-30,Samoa,3.0,0.0,187.0,185.0,896.0,0,2.0,0.016216216216216217,3
2023-11-30,Tahiti,2.0,0.0,164.0,165.0,995.0,0,-1.0,0.01818181818181818,3
2023-12-01,Vanuatu,2.0,4.0,168.0,170.0,985.0,1,-2.0,0.0,0
2023-12-02,Solomon Islands,2.0,2.0,132.0,160.0,1112.0,2,-28.0,0.00625,1
2023-12-16,Mexico,2.0,3.0,14.0,15.0,1655.0,1,-1.0,0.0,0
2024-01-01,Japan,5.0,0.0,17.0,113.0,1620.0,0,-96.0,0.02654867256637168,3
2024-01-02,Indonesia,0.0,4.0,146.0,120.0,1064.0,1,26.0,0.0,0
2024-01-04,Tajikistan,2.0,1.0,106.0,150.0,1195.0,0,-44.0,0.02,3
2024-01-04,Saudi Arabia,1.0,0.0,56.0,107.0,1421.0,0,-51.0,0.028037383177570093,3
2024-01-05,Indonesia,1.0,2.0,146.0,120.0,1064.0,1,26.0,0.0,0
2024-01-05,Iran,2.0,1.0,21.0,57.0,1565.0,0,-36.0,0.05263157894736842,3
2024-01-05,Kyrgyzstan,1.0,1.0,98.0,91.0,1224.0,2,7.0,0.01098901098901099,1
2024-01-05,Qatar,1.0,2.0,58.0,87.0,1407.0,1,-29.0,0.0,0
2024-01-05,Togo,0.0,3.0,118.0,30.0,1166.0,1,88.0,0.0,0
2024-01-06,Mozambique,2.0,0.0,111.0,148.0,1181.0,0,-37.0,0.02027027027027027,3
2024-01-06,DR Congo,0.0,0.0,67.0,117.0,1357.0,2,-50.0,0.008547008547008548,1
2024-01-06,Iraq,0.0,1.0,63.0,23.0,1366.0,1,40.0,0.0,0
2024-01-06,Bahrain,0.0,2.0,86.0,25.0,1277.0,1,61.0,0.0,0
2024-01-06,Ivory Coast,5.0,1.0,49.0,127.0,1448.0,0,-78.0,0.023622047244094488,3
2024-01-06,Tunisia,0.0,0.0,28.0,105.0,1523.0,2,-77.0,0.009523809523809525,1
2024-01-06,Mali,6.0,2.0,51.0,103.0,1446.0,0,-52.0,0.02912621359223301,3
2024-01-06,United Arab Emirates,0.0,1.0,64.0,74.0,1364.0,1,-10.0,0.0,0
2024-01-07,Uzbekistan,1.0,0.0,68.0,99.0,1345.0,0,-31.0,0.030303030303030304,3
2024-01-07,Egypt,2.0,0.0,33.0,121.0,1519.0,0,-88.0,0.024793388429752067,3
2024-01-08,Nigeria,0.0,2.0,42.0,80.0,1474.0,1,-38.0,0.0,0
2024-01-08,Botswana,1.0,1.0,145.0,111.0,1064.0,2,34.0,0.009009009009009009,1
2024-01-08,Syria,2.0,2.0,91.0,130.0,1245.0,2,-39.0,0.007692307692307693,1
2024-01-08,Senegal,1.0,0.0,20.0,129.0,1594.0,0,-109.0,0.023255813953488372,3
2024-01-08,Ghana,0.0,0.0,61.0,115.0,1384.0,2,-54.0,0.008695652173913044,1
2024-01-09,Saudi Arabia,0.0,0.0,56.0,99.0,1421.0,2,-43.0,0.010101010101010102,1
2024-01-09,Japan,6.0,1.0,17.0,87.0,1620.0,0,-70.0,0.034482758620689655,3
2024-01-09,Kyrgyzstan,2.0,1.0,98.0,94.0,1224.0,0,4.0,0.031914893617021274,3
2024-01-09,Zambia,1.0,1.0,84.0,46.0,1285.0,2,38.0,0.021739130434782608,1
2024-01-09,Burundi,0.0,4.0,139.0,30.0,1087.0,1,109.0,0.0,0
2024-01-09,Indonesia,0.0,5.0,146.0,21.0,1064.0,1,125.0,0.0,0
2024-01-09,Equatorial Guinea,1.0,1.0,88.0,192.0,1268.0,2,-104.0,0.005208333333333333,1
2024-01-10,South Africa,0.0,0.0,66.0,148.0,1357.0,2,-82.0,0.006756756756756757,1
2024-01-10,DR Congo,1.0,2.0,67.0,57.0,1357.0,1,10.0,0.0,0
2024-01-10,Bahrain,0.0,3.0,86.0,117.0,1277.0,1,-31.0,0.0,0
2024-01-10,Saudi Arabia,2.0,0.0,56.0,150.0,1421.0,0,-94.0,0.02,3
2024-01-10,Tunisia,2.0,0.0,28.0,73.0,1523.0,0,-45.0,0.0410958904109589,3
2024-01-11,Morocco,3.0,1.0,13.0,127.0,1662.0,0,-114.0,0.023622047244094488,3
2024-01-12,Qatar,3.0,0.0,58.0,107.0,1407.0,0,-49.0,0.028037383177570093,3
2024-01-12,Kuwait,1.0,3.0,136.0,120.0,1098.0,1,16.0,0.0,0
2024-01-12,Sweden,2.0,1.0,26.0,122.0,1530.0,0,-96.0,0.02459016393442623,3
2024-01-13,Ivory Coast,2.0,0.0,49.0,103.0,1448.0,0,-54.0,0.02912621359223301,3
2024-01-13,Australia,2.0,0.0,25.0,102.0,1539.0,0,-77.0,0.029411764705882353,3
2024-01-13,Uzbekistan,0.0,0.0,68.0,91.0,1345.0,2,-23.0,0.01098901098901099,1
2024-01-13,Guatemala,0.0,1.0,108.0,71.0,1190.0,1,37.0,0.0,0
2024-01-14,United Arab Emirates,3.0,1.0,64.0,150.0,1364.0,0,-86.0,0.02,3
2024-01-14,Iran,4.0,1.0,21.0,99.0,1565.0,0,-78.0,0.030303030303030304,3
2024-01-14,Japan,4.0,2.0,17.0,94.0,1620.0,0,-77.0,0.031914893617021274,3
2024-01-14,Nigeria,1.0,1.0,42.0,88.0,1474.0,2,-46.0,0.011363636363636364,1
2024-01-14,Egypt,2.0,2.0,33.0,111.0,1519.0,2,-78.0,0.009009009009009009,1
2024-01-14,Ghana,1.0,2.0,61.0,73.0,1384.0,1,-12.0,0.0,0
2024-01-15,Malaysia,0.0,4.0,130.0,87.0,1123.0,1,43.0,0.0,0
2024-01-15,South Korea,3.0,1.0,23.0,86.0,1551.0,0,-63.0,0.03488372093023256,3
2024-01-15,Indonesia,1.0,3.0,146.0,63.0,1064.0,1,83.0,0.0,0
2024-01-15,Senegal,3.0,0.0,20.0,126.0,1594.0,0,-106.0,0.023809523809523808,3
2024-01-15,Algeria,1.0,1.0,30.0,117.0,1520.0,2,-87.0,0.008547008547008548,1
2024-01-15,Cameroon,1.0,1.0,46.0,80.0,1463.0,2,-34.0,0.0125,1
2024-01-16,Thailand,2.0,0.0,113.0,98.0,1177.0,0,15.0,0.030612244897959183,3
2024-01-16,Saudi Arabia,2.0,1.0,56.0,74.0,1421.0,0,-18.0,0.04054054054054054,3
2024-01-16,Burkina Faso,1.0,0.0,57.0,105.0,1411.0,0,-48.0,0.02857142857142857,3
2024-01-16,Tunisia,0.0,1.0,28.0,115.0,1523.0,1,-87.0,0.0,0
2024-01-16,Mali,2.0,0.0,51.0,66.0,1446.0,0,-15.0,0.045454545454545456,3
2024-01-17,Qatar,1.0,0.0,58.0,106.0,1407.0,0,-48.0,0.02830188679245283,3
2024-01-17,Morocco,3.0,0.0,13.0,121.0,1662.0,0,-108.0,0.024793388429752067,3
2024-01-17,DR Congo,1.0,1.0,67.0,84.0,1357.0,2,-17.0,0.011904761904761904,1
2024-01-17,Honduras,0.0,2.0,76.0,71.0,1314.0,1,5.0,0.0,0
2024-01-18,Palestine,1.0,1.0,99.0,64.0,1218.0,2,35.0,0.015625,1
2024-01-18,Syria,0.0,1.0,91.0,25.0,1245.0,1,66.0,0.0,0
2024-01-18,India,0.0,3.0,102.0,68.0,1201.0,1,34.0,0.0,0
2024-01-18,Ivory Coast,0.0,1.0,49.0,42.0,1448.0,1,7.0,0.0,0
2024-01-18,Egypt,2.0,2.0,33.0,61.0,1519.0,2,-28.0,0.01639344262295082,1
2024-01-18,Equatorial Guinea,4.0,2.0,88.0,103.0,1268.0,0,-15.0,0.02912621359223301,3
2024-01-19,Hong Kong,0.0,1.0,150.0,21.0,1043.0,1,129.0,0.0,0
2024-01-19,Iraq,2.0,1.0,63.0,17.0,1366.0,0,46.0,0.17647058823529413,3
2024-01-19,Vietnam,0.0,1.0,94.0,146.0,1236.0,1,-52.0,0.0,0
2024-01-19,Cape Verde,3.0,0.0,73.0,111.0,1330.0,0,-38.0,0.02702702702702703,3
2024-01-19,Senegal,3.0,1.0,20.0,46.0,1594.0,0,-26.0,0.06521739130434782,3
2024-01-19,Guinea,1.0,0.0,80.0,126.0,1290.0,0,-46.0,0.023809523809523808,3
2024-01-19,Kuwait,0.0,2.0,136.0,92.0,1098.0,1,44.0,0.0,0
2024-01-20,Bahrain,1.0,0.0,86.0,130.0,1277.0,0,-44.0,0.023076923076923078,3
2024-01-20,Algeria,2.0,2.0,30.0,57.0,1520.0,2,-27.0,0.017543859649122806,1
2024-01-20,Jordan,2.0,2.0,87.0,23.0,1273.0,2,64.0,0.043478260869565216,1
2024-01-20,United States,0.0,1.0,12.0,54.0,1665.0,1,-42.0,0.0,0
2024-01-20,Mauritania,2.0,3.0,105.0,117.0,1195.0,1,-12.0,0.0,0
2024-01-20,Tunisia,1.0,1.0,28.0,51.0,1523.0,2,-23.0,0.0196078431372549,1
2024-01-21,Oman,0.0,0.0,74.0,113.0,1325.0,2,-39.0,0.008849557522123894,1
2024-01-21,Kyrgyzstan,0.0,2.0,98.0,56.0,1224.0,1,42.0,0.0,0
2024-01-21,South Africa,4.0,0.0,66.0,115.0,1357.0,0,-49.0,0.02608695652173913,3
2024-01-21,Morocco,1.0,1.0,13.0,67.0,1662.0,2,-54.0,0.014925373134328358,1
2024-01-21,Zambia,1.0,1.0,84.0,121.0,1285.0,2,-37.0,0.008264462809917356,1
2024-01-22,Tajikistan,2.0,1.0,106.0,107.0,1195.0,0,-1.0,0.028037383177570093,3
2024-01-22,Guinea-Bissau,0.0,1.0,103.0,42.0,1198.0,1,61.0,0.0,0
2024-01-22,Ivory Coast,0.0,4.0,49.0,88.0,1448.0,1,-39.0,0.0,0
2024-01-22,Cape Verde,2.0,2.0,73.0,33.0,1330.0,2,40.0,0.030303030303030304,1
2024-01-22,Mozambique,2.0,2.0,111.0,61.0,1181.0,2,50.0,0.01639344262295082,1
2024-01-23,Syria,1.0,0.0,91.0,102.0,1245.0,0,-11.0,0.029411764705882353,3
2024-01-23,Hong Kong,0.0,3.0,150.0,99.0,1043.0,1,51.0,0.0,0
2024-01-23,Iran,2.0,1.0,21.0,64.0,1565.0,0,-43.0,0.046875,3
2024-01-23,Australia,1.0,1.0,25.0,68.0,1539.0,2,-43.0,0.014705882352941176,1
2024-01-23,Angola,2.0,0.0,117.0,57.0,1168.0,0,60.0,0.05263157894736842,3
2024-01-23,Mauritania,1.0,0.0,105.0,30.0,1195.0,0,75.0,0.1,3
2024-01-23,Guinea,0.0,2.0,80.0,20.0,1290.0,1,60.0,0.0,0
2024-01-23,Gambia,2.0,3.0,126.0,46.0,1140.0,1,80.0,0.0,0
2024-01-24,Iraq,3.0,2.0,63.0,94.0,1366.0,0,-31.0,0.031914893617021274,3
2024-01-24,Japan,3.0,1.0,17.0,146.0,1620.0,0,-129.0,0.02054794520547945,3
2024-01-24,Namibia,0.0,0.0,115.0,51.0,1168.0,2,64.0,0.0196078431372549,1
2024-01-24,South Africa,0.0,0.0,66.0,28.0,1357.0,2,38.0,0.03571428571428571,1
2024-01-24,Tanzania,0.0,0.0,121.0,67.0,1155.0,2,54.0,0.014925373134328358,1
2024-01-24,Zambia,0.0,1.0,84.0,13.0,1285.0,1,71.0,0.0,0
2024-01-25,South Korea,3.0,3.0,23.0,130.0,1551.0,2,-107.0,0.007692307692307693,1
2024-01-25,Jordan,0.0,1.0,87.0,86.0,1273.0,1,1.0,0.0,0
2024-01-25,Saudi Arabia,0.0,0.0,56.0,113.0,1421.0,2,-57.0,0.008849557522123894,1
2024-01-25,Kyrgyzstan,1.0,1.0,98.0,74.0,1224.0,2,24.0,0.013513513513513514,1
2024-01-27,Angola,3.0,0.0,117.0,115.0,1168.0,0,2.0,0.02608695652173913,3
2024-01-27,Nigeria,2.0,0.0,42.0,46.0,1474.0,0,-4.0,0.06521739130434782,3
2024-01-28,Australia,4.0,0.0,25.0,146.0,1539.0,0,-121.0,0.02054794520547945,3
2024-01-28,Tajikistan,1.0,1.0,106.0,64.0,1195.0,2,42.0,0.015625,1
2024-01-28,Egypt,1.0,1.0,33.0,67.0,1519.0,2,-34.0,0.014925373134328358,1
2024-01-28,Equatorial Guinea,0.0,1.0,88.0,80.0,1268.0,1,8.0,0.0,0
2024-01-29,Cape Verde,1.0,0.0,73.0,105.0,1330.0,0,-32.0,0.02857142857142857,3
2024-01-29,Ivory Coast,1.0,1.0,49.0,20.0,1448.0,2,29.0,0.05,1
2024-01-29,Iraq,2.0,3.0,63.0,87.0,1366.0,1,-24.0,0.0,0
2024-01-29,Qatar,2.0,1.0,58.0,99.0,1407.0,0,-41.0,0.030303030303030304,3
2024-01-30,Uzbekistan,2.0,1.0,68.0,113.0,1345.0,0,-45.0,0.02654867256637168,3
2024-01-30,Saudi Arabia,1.0,1.0,56.0,23.0,1421.0,2,33.0,0.043478260869565216,1
2024-01-30,Morocco,0.0,2.0,13.0,66.0,1662.0,1,-53.0,0.0,0
2024-01-30,Mali,2.0,1.0,51.0,57.0,1446.0,0,-6.0,0.05263157894736842,3
2024-01-31,Bahrain,1.0,3.0,86.0,17.0,1277.0,1,69.0,0.0,0
2024-01-31,Iran,1.0,1.0,21.0,91.0,1565.0,2,-70.0,0.01098901098901099,1
2024-02-02,Australia,1.0,2.0,25.0,23.0,1539.0,1,2.0,0.0,0
2024-02-02,Tajikistan,0.0,1.0,106.0,87.0,1195.0,1,19.0,0.0,0
2024-02-02,DR Congo,3.0,1.0,67.0,80.0,1357.0,0,-13.0,0.0375,3
2024-02-02,Nigeria,1.0,0.0,42.0,117.0,1474.0,0,-75.0,0.02564102564102564,3
2024-02-03,Qatar,1.0,1.0,58.0,68.0,1407.0,2,-10.0,0.014705882352941176,1
2024-02-03,Ivory Coast,2.0,1.0,49.0,51.0,1448.0,0,-2.0,0.058823529411764705,3
2024-02-03,Iran,2.0,1.0,21.0,17.0,1565.0,0,4.0,0.17647058823529413,3
2024-02-03,Costa Rica,2.0,0.0,52.0,78.0,1438.0,0,-26.0,0.038461538461538464,3
2024-02-03,Cape Verde,0.0,0.0,73.0,66.0,1330.0,2,7.0,0.015151515151515152,1
2024-02-06,Jordan,2.0,0.0,87.0,23.0,1273.0,0,64.0,0.13043478260869565,3
2024-02-07,Qatar,3.0,2.0,58.0,21.0,1407.0,0,37.0,0.14285714285714285,3
2024-02-07,Ivory Coast,1.0,0.0,49.0,67.0,1448.0,0,-18.0,0.04477611940298507,3
2024-02-07,Nigeria,1.0,1.0,42.0,66.0,1474.0,2,-24.0,0.015151515151515152,1
2024-02-10,Qatar,3.0,1.0,58.0,87.0,1407.0,0,-29.0,0.034482758620689655,3
2024-02-10,South Africa,0.0,0.0,66.0,67.0,1357.0,2,-1.0,0.014925373134328358,1
2024-02-11,Ivory Coast,2.0,1.0,49.0,42.0,1448.0,0,7.0,0.07142857142857142,3
2024-03-01,Trinidad and Tobago,0.0,1.0,96.0,57.0,1228.0,1,39.0,0.0,0
2024-03-03,Trinidad and Tobago,0.0,0.0,96.0,57.0,1228.0,2,39.0,0.017543859649122806,1
2024-03-14,Kazakhstan,2.0,0.0,100.0,141.0,1215.0,0,-41.0,0.02127659574468085,3
2024-03-18,Solomon Islands,2.0,1.0,131.0,168.0,1114.0,0,-37.0,0.017857142857142856,3
2024-03-20,Tonga,1.0,4.0,196.0,186.0,856.0,1,10.0,0.0,0
2024-03-20,San Marino,1.0,3.0,210.0,147.0,742.0,1,63.0,0.0,0
2024-03-20,Somalia,0.0,3.0,198.0,149.0,846.0,1,49.0,0.0,0
2024-03-20,Djibouti,0.0,2.0,192.0,152.0,883.0,1,40.0,0.0,0
2024-03-21,South Africa,1.0,1.0,58.0,164.0,1410.0,2,-106.0,0.006097560975609756,1
2024-03-21,Guinea,6.0,0.0,76.0,170.0,1320.0,0,-94.0,0.01764705882352941,3
2024-03-21,Panama,0.0,3.0,44.0,15.0,1476.0,1,29.0,0.0,0
2024-03-21,Gibraltar,0.0,1.0,201.0,138.0,841.0,1,63.0,0.0,0
2024-03-21,Poland,5.0,1.0,30.0,123.0,1520.0,0,-93.0,0.024390243902439025,3
2024-03-21,Wales,4.0,1.0,29.0,60.0,1522.0,0,-31.0,0.05,3
2024-03-21,Cape Verde,1.0,0.0,65.0,157.0,1377.0,0,-92.0,0.01910828025477707,3
2024-03-21,Georgia,2.0,0.0,77.0,85.0,1312.0,0,-8.0,0.03529411764705882,3
2024-03-21,Greece,5.0,0.0,49.0,100.0,1454.0,0,-51.0,0.03,3
2024-03-21,Qatar,3.0,0.0,37.0,137.0,1499.0,0,-100.0,0.021897810218978103,3
2024-03-21,Afghanistan,0.0,0.0,158.0,117.0,1018.0,2,41.0,0.008547008547008548,1
2024-03-21,Myanmar,1.0,1.0,162.0,89.0,1000.0,2,73.0,0.011235955056179775,1
2024-03-21,Japan,1.0,0.0,18.0,114.0,1614.0,0,-96.0,0.02631578947368421,3
2024-03-21,South Korea,1.0,1.0,22.0,101.0,1566.0,2,-79.0,0.009900990099009901,1
2024-03-21,Israel,1.0,4.0,75.0,73.0,1323.0,1,2.0,0.0,0
2024-03-21,Bosnia and Herzegovina,1.0,2.0,71.0,24.0,1343.0,1,47.0,0.0,0
2024-03-21,Saudi Arabia,1.0,0.0,53.0,99.0,1441.0,0,-46.0,0.030303030303030304,3
2024-03-21,United States,3.0,1.0,13.0,57.0,1662.0,0,-44.0,0.05263157894736842,3
2024-03-21,Belize,1.0,1.0,182.0,160.0,919.0,2,22.0,0.00625,1
2024-03-21,Hong Kong,0.0,2.0,154.0,66.0,1023.0,1,88.0,0.0,0
2024-03-21,Oman,2.0,0.0,80.0,132.0,1308.0,0,-52.0,0.022727272727272728,3
2024-03-21,Iraq,1.0,0.0,59.0,139.0,1409.0,0,-80.0,0.02158273381294964,3
2024-03-21,Pakistan,0.0,3.0,195.0,70.0,857.0,1,125.0,0.0,0
2024-03-21,Bahrain,5.0,0.0,82.0,175.0,1297.0,0,-93.0,0.017142857142857144,3
2024-03-21,United Arab Emirates,2.0,1.0,69.0,151.0,1356.0,0,-82.0,0.019867549668874173,3
2024-03-21,Australia,2.0,0.0,23.0,115.0,1555.0,0,-92.0,0.02608695652173913,3
2024-03-21,Iran,5.0,0.0,20.0,141.0,1608.0,0,-121.0,0.02127659574468085,3
2024-03-21,Indonesia,1.0,0.0,142.0,105.0,1073.0,0,37.0,0.02857142857142857,3
2024-03-21,Cyprus,1.0,1.0,125.0,136.0,1143.0,2,-11.0,0.007352941176470588,1
2024-03-21,Ecuador,2.0,0.0,31.0,108.0,1519.0,0,-77.0,0.027777777777777776,3
2024-03-21,Ethiopia,1.0,2.0,145.0,148.0,1069.0,1,-3.0,0.0,0
2024-03-21,Malta,2.0,2.0,172.0,55.0,967.0,2,117.0,0.01818181818181818,1
2024-03-21,Montenegro,2.0,0.0,72.0,95.0,1343.0,0,-23.0,0.031578947368421054,3
2024-03-21,Portugal,5.0,2.0,7.0,26.0,1745.0,0,-19.0,0.11538461538461539,3
2024-03-21,Solomon Islands,0.0,2.0,131.0,168.0,1114.0,1,-37.0,0.0,0
2024-03-21,Venezuela,1.0,2.0,52.0,9.0,1447.0,1,43.0,0.0,0
2024-03-21,Palestine,5.0,0.0,97.0,183.0,1227.0,0,-86.0,0.01639344262295082,3
2024-03-22,Comoros,4.0,0.0,121.0,92.0,1156.0,0,29.0,0.03260869565217391,3
2024-03-22,Algeria,3.0,2.0,43.0,86.0,1480.0,0,-43.0,0.03488372093023256,3
2024-03-22,Azerbaijan,1.0,0.0,113.0,190.0,1174.0,0,-77.0,0.015789473684210527,3
2024-03-22,Bulgaria,1.0,0.0,83.0,119.0,1290.0,0,-36.0,0.025210084033613446,3
2024-03-22,Equatorial Guinea,2.0,0.0,79.0,179.0,1310.0,0,-100.0,0.01675977653631285,3
2024-03-22,Brunei,0.0,2.0,194.0,171.0,871.0,1,23.0,0.0,0
2024-03-22,Albania,0.0,3.0,64.0,42.0,1383.0,1,22.0,0.0,0
2024-03-22,Egypt,1.0,0.0,36.0,103.0,1500.0,0,-67.0,0.02912621359223301,3
2024-03-22,Anguilla,0.0,0.0,209.0,206.0,786.0,2,3.0,0.0048543689320388345,1
2024-03-22,Argentina,3.0,0.0,1.0,81.0,1855.0,0,-80.0,0.037037037037037035,3
2024-03-22,Armenia,0.0,1.0,94.0,102.0,1237.0,1,-8.0,0.0,0
2024-03-22,Burkina Faso,1.0,2.0,61.0,120.0,1400.0,1,-59.0,0.0,0
2024-03-22,Sri Lanka,0.0,0.0,204.0,165.0,822.0,2,39.0,0.006060606060606061,1
2024-03-22,Central African Republic,6.0,0.0,129.0,184.0,1121.0,0,-55.0,0.016304347826086956,3
2024-03-22,Senegal,3.0,0.0,17.0,84.0,1621.0,0,-67.0,0.03571428571428571,3
2024-03-22,Hungary,1.0,0.0,27.0,35.0,1525.0,0,-8.0,0.08571428571428572,3
2024-03-22,Mauritania,0.0,2.0,106.0,47.0,1194.0,1,59.0,0.0,0
2024-03-22,Morocco,1.0,0.0,12.0,93.0,1663.0,0,-81.0,0.03225806451612903,3
2024-03-22,Netherlands,4.0,0.0,6.0,34.0,1745.0,0,-28.0,0.08823529411764706,3
2024-03-22,Nigeria,2.0,1.0,28.0,67.0,1522.0,0,-39.0,0.04477611940298507,3
2024-03-22,North Macedonia,1.0,1.0,68.0,155.0,1362.0,2,-87.0,0.0064516129032258064,1
2024-03-22,Niger,1.0,2.0,128.0,116.0,1128.0,1,12.0,0.0,0
2024-03-22,Peru,2.0,0.0,33.0,134.0,1513.0,0,-101.0,0.022388059701492536,3
2024-03-22,Romania,1.0,1.0,45.0,74.0,1473.0,2,-29.0,0.013513513513513514,1
2024-03-22,Spain,0.0,1.0,8.0,14.0,1733.0,1,-6.0,0.0,0
2024-03-22,Chad,1.0,0.0,181.0,177.0,920.0,0,4.0,0.01694915254237288,3
2024-03-22,Liechtenstein,0.0,4.0,203.0,135.0,833.0,1,68.0,0.0,0
2024-03-22,Norway,1.0,2.0,46.0,40.0,1472.0,1,6.0,0.0,0
2024-03-23,Denmark,0.0,0.0,21.0,19.0,1601.0,2,2.0,0.05263157894736842,1
2024-03-23,Tunisia,0.0,0.0,41.0,10.0,1491.0,2,31.0,0.1,1
2024-03-23,Canada,2.0,0.0,50.0,96.0,1454.0,0,-46.0,0.03125,3
2024-03-23,Costa Rica,3.0,1.0,54.0,78.0,1438.0,0,-24.0,0.038461538461538464,3
2024-03-23,Dominican Republic,2.0,0.0,150.0,193.0,1041.0,0,-43.0,0.015544041450777202,3
2024-03-23,England,0.0,1.0,3.0,5.0,1800.0,1,-2.0,0.0,0
2024-03-23,France,0.0,2.0,2.0,16.0,1845.0,1,-14.0,0.0,0
2024-03-23,Republic of Ireland,0.0,0.0,62.0,4.0,1400.0,2,58.0,0.25,1
2024-03-23,Slovakia,0.0,2.0,48.0,25.0,1466.0,1,23.0,0.0,0
2024-03-23,Samoa,1.0,0.0,186.0,185.0,897.0,0,1.0,0.016216216216216217,3
2024-03-23,Ivory Coast,2.0,2.0,39.0,98.0,1495.0,2,-59.0,0.01020408163265306,1
2024-03-24,Ecuador,0.0,2.0,31.0,9.0,1519.0,1,22.0,0.0,0
2024-03-24,Jamaica,1.0,0.0,57.0,44.0,1422.0,0,13.0,0.06818181818181818,3
2024-03-24,United States,2.0,0.0,13.0,15.0,1662.0,0,-2.0,0.2,3
2024-03-24,Belize,3.0,0.0,182.0,160.0,919.0,0,22.0,0.01875,3
2024-03-24,Guatemala,0.0,0.0,108.0,52.0,1188.0,2,56.0,0.019230769230769232,1
2024-03-24,San Marino,0.0,0.0,210.0,147.0,742.0,2,63.0,0.006802721088435374,1
2024-03-24,Ethiopia,2.0,1.0,145.0,148.0,1069.0,0,-3.0,0.02027027027027027,3
2024-03-25,Bermuda,1.0,5.0,171.0,76.0,972.0,1,95.0,0.0,0
2024-03-25,Central African Republic,4.0,0.0,129.0,165.0,1121.0,0,-36.0,0.01818181818181818,3
2024-03-25,Bolivia,1.0,0.0,86.0,164.0,1285.0,0,-78.0,0.018292682926829267,3
2024-03-25,Azerbaijan,1.0,1.0,113.0,83.0,1174.0,2,30.0,0.012048192771084338,1
2024-03-25,Cape Verde,1.0,0.0,65.0,79.0,1377.0,0,-14.0,0.0379746835443038,3
2024-03-25,Tanzania,3.0,0.0,119.0,190.0,1161.0,0,-71.0,0.015789473684210527,3
2024-03-25,Montenegro,1.0,0.0,72.0,68.0,1343.0,0,4.0,0.04411764705882353,3
2024-03-25,Cyprus,0.0,1.0,125.0,32.0,1143.0,1,93.0,0.0,0
2024-03-25,Sweden,1.0,0.0,26.0,64.0,1531.0,0,-38.0,0.046875,3
2024-03-25,Comoros,0.0,0.0,121.0,93.0,1156.0,2,28.0,0.010752688172043012,1
2024-03-25,Sri Lanka,2.0,0.0,204.0,184.0,822.0,0,20.0,0.016304347826086956,3
2024-03-26,Syria,7.0,0.0,89.0,162.0,1266.0,0,-73.0,0.018518518518518517,3
2024-03-26,Kuwait,1.0,2.0,137.0,37.0,1094.0,1,100.0,0.0,0
2024-03-26,India,1.0,2.0,117.0,158.0,1165.0,1,-41.0,0.0,0
2024-03-26,Georgia,0.0,0.0,77.0,49.0,1312.0,2,28.0,0.02040816326530612,1
2024-03-26,Ukraine,2.0,1.0,24.0,73.0,1553.0,0,-49.0,0.0410958904109589,3
2024-03-26,Tonga,0.0,1.0,196.0,185.0,856.0,1,11.0,0.0,0
2024-03-26,Brunei,3.0,2.0,194.0,170.0,871.0,0,24.0,0.01764705882352941,3
2024-03-26,Cambodia,1.0,4.0,179.0,157.0,931.0,1,22.0,0.0,0
2024-03-26,New Zealand,0.0,0.0,103.0,41.0,1197.0,2,62.0,0.024390243902439025,1
2024-03-26,Egypt,2.0,4.0,36.0,10.0,1500.0,1,26.0,0.0,0
2024-03-26,Wales,0.0,0.0,29.0,30.0,1522.0,2,-1.0,0.03333333333333333,1
2024-03-26,Turks and Caicos Islands,1.0,1.0,206.0,209.0,819.0,2,-3.0,0.004784688995215311,1
2024-03-26,Malaysia,0.0,2.0,132.0,80.0,1110.0,1,52.0,0.0,0
2024-03-26,Uzbekistan,3.0,0.0,66.0,154.0,1376.0,0,-88.0,0.01948051948051948,3
2024-03-26,Turkmenistan,0.0,1.0,141.0,20.0,1078.0,1,121.0,0.0,0
2024-03-26,Philippines,0.0,5.0,139.0,59.0,1086.0,1,80.0,0.0,0
2024-03-26,Vietnam,0.0,3.0,105.0,142.0,1195.0,1,-37.0,0.0,0
2024-03-26,Tajikistan,1.0,1.0,99.0,53.0,1219.0,2,46.0,0.018867924528301886,1
2024-03-26,Jordan,7.0,0.0,70.0,195.0,1344.0,0,-125.0,0.015384615384615385,3
2024-03-26,Bahrain,3.0,0.0,82.0,175.0,1297.0,0,-93.0,0.017142857142857144,3
2024-03-26,Yemen,0.0,3.0,151.0,69.0,1028.0,1,82.0,0.0,0
2024-03-26,Bangladesh,0.0,1.0,183.0,97.0,917.0,1,86.0,0.0,0
2024-03-26,Australia,5.0,0.0,23.0,115.0,1555.0,0,-92.0,0.02608695652173913,3
2024-03-26,Algeria,3.0,3.0,43.0,58.0,1480.0,2,-15.0,0.017241379310344827,1
2024-03-26,Thailand,0.0,3.0,101.0,22.0,1207.0,1,79.0,0.0,0
2024-03-26,England,2.0,2.0,3.0,4.0,1800.0,2,-1.0,0.25,1
2024-03-26,Argentina,3.0,1.0,1.0,54.0,1855.0,0,-53.0,0.05555555555555555,3
2024-03-26,Malta,0.0,0.0,172.0,95.0,967.0,2,77.0,0.010526315789473684,1
2024-03-26,Latvia,1.0,1.0,136.0,203.0,1098.0,2,-67.0,0.0049261083743842365,1
2024-03-26,Ivory Coast,2.0,1.0,39.0,11.0,1495.0,0,28.0,0.2727272727272727,3
2024-03-26,Hungary,2.0,0.0,27.0,102.0,1525.0,0,-75.0,0.029411764705882353,3
2024-03-26,Germany,2.0,1.0,16.0,6.0,1631.0,0,10.0,0.5,3
2024-03-26,El Salvador,1.0,1.0,81.0,78.0,1306.0,2,3.0,0.01282051282051282,1
2024-03-26,Denmark,2.0,0.0,21.0,135.0,1601.0,0,-114.0,0.022222222222222223,3
2024-03-26,Czech Republic,2.0,1.0,40.0,94.0,1494.0,0,-54.0,0.031914893617021274,3
2024-03-26,Colombia,3.0,2.0,14.0,45.0,1655.0,0,-31.0,0.06666666666666667,3
2024-03-26,France,3.0,2.0,2.0,42.0,1845.0,0,-40.0,0.07142857142857142,3
2024-03-26,Morocco,0.0,0.0,12.0,106.0,1663.0,2,-94.0,0.009433962264150943,1
2024-03-26,Lithuania,1.0,0.0,138.0,201.0,1087.0,0,-63.0,0.014925373134328358,3
2024-03-26,Peru,4.0,1.0,33.0,150.0,1513.0,0,-117.0,0.02,3
2024-03-26,Republic of Ireland,0.0,1.0,62.0,19.0,1400.0,1,43.0,0.0,0
2024-03-26,Scotland,0.0,1.0,34.0,74.0,1507.0,1,-40.0,0.0,0
2024-03-26,Senegal,1.0,0.0,17.0,98.0,1621.0,0,-81.0,0.030612244897959183,3
2024-03-26,Slovenia,2.0,0.0,55.0,7.0,1431.0,0,48.0,0.42857142857142855,3
2024-03-26,Spain,3.0,3.0,8.0,5.0,1733.0,2,3.0,0.2,1
2024-03-26,Finland,2.0,1.0,60.0,123.0,1401.0,0,-63.0,0.024390243902439025,3
2024-03-26,Liberia,0.0,0.0,152.0,192.0,1024.0,2,-40.0,0.005208333333333333,1
2024-03-26,Eswatini,2.0,2.0,149.0,198.0,1046.0,2,-49.0,0.005050505050505051,1
2024-03-26,Mauritius,1.0,2.0,177.0,181.0,945.0,1,-4.0,0.0,0
2024-03-26,Austria,6.0,1.0,25.0,35.0,1546.0,0,-10.0,0.08571428571428572,3
2024-03-26,Nicaragua,0.0,1.0,134.0,169.0,1104.0,1,-35.0,0.0,0
2024-03-26,Norway,1.0,1.0,46.0,48.0,1472.0,2,-2.0,0.020833333333333332,1
2024-04-14,Trinidad and Tobago,2.0,1.0,98.0,154.0,1221.0,0,-56.0,0.01948051948051948,3
2024-04-16,Trinidad and Tobago,2.0,0.0,98.0,154.0,1221.0,0,-56.0,0.01948051948051948,3
2024-04-26,Grenada,0.0,3.0,174.0,173.0,951.0,1,1.0,0.0,0
2024-04-26,Guatemala,1.0,1.0,108.0,135.0,1188.0,2,-27.0,0.007407407407407408,1
2024-05-31,Bolivia,0.0,1.0,85.0,14.0,1284.0,1,71.0,0.0,0
2024-05-31,Costa Rica,0.0,0.0,52.0,15.0,1445.0,2,37.0,0.06666666666666667,1
2024-06-02,Indonesia,0.0,0.0,134.0,119.0,1103.0,2,15.0,0.008403361344537815,1
2024-06-03,Albania,3.0,0.0,66.0,202.0,1375.0,0,-136.0,0.01485148514851485,3
2024-06-03,Croatia,3.0,0.0,10.0,69.0,1721.0,0,-59.0,0.043478260869565216,3
2024-06-03,England,3.0,0.0,4.0,74.0,1795.0,0,-70.0,0.04054054054054054,3
2024-06-03,Germany,0.0,0.0,16.0,22.0,1644.0,2,-6.0,0.045454545454545456,1
2024-06-03,Gibraltar,0.0,2.0,203.0,39.0,832.0,1,164.0,0.0,0
2024-06-04,Republic of Ireland,2.0,1.0,60.0,26.0,1400.0,0,34.0,0.11538461538461539,3
2024-06-04,Austria,2.0,1.0,25.0,33.0,1555.0,0,-8.0,0.09090909090909091,3
2024-06-04,Portugal,4.0,2.0,6.0,61.0,1748.0,0,-55.0,0.04918032786885246,3
2024-06-04,Slovenia,2.0,1.0,57.0,95.0,1428.0,0,-38.0,0.031578947368421054,3
2024-06-04,Romania,0.0,0.0,46.0,83.0,1468.0,2,-37.0,0.012048192771084338,1
2024-06-04,Switzerland,4.0,0.0,19.0,123.0,1616.0,0,-104.0,0.024390243902439025,3
2024-06-04,Italy,0.0,0.0,9.0,40.0,1725.0,2,-31.0,0.025,1
2024-06-05,Spain,5.0,0.0,8.0,164.0,1728.0,0,-156.0,0.018292682926829267,3
2024-06-05,Togo,1.0,1.0,113.0,167.0,1170.0,2,-54.0,0.005988023952095809,1
2024-06-05,Belgium,2.0,0.0,3.0,70.0,1795.0,0,-67.0,0.04285714285714286,3
2024-06-05,Denmark,2.0,1.0,21.0,27.0,1603.0,0,-6.0,0.1111111111111111,3
2024-06-05,France,3.0,0.0,2.0,87.0,1841.0,0,-85.0,0.034482758620689655,3
2024-06-05,Mexico,0.0,4.0,14.0,15.0,1661.0,1,-1.0,0.0,0
2024-06-05,Norway,3.0,0.0,47.0,102.0,1468.0,0,-55.0,0.029411764705882353,3
2024-06-05,San Marino,0.0,4.0,210.0,48.0,742.0,1,162.0,0.0,0
2024-06-05,Sierra Leone,2.0,1.0,126.0,192.0,1137.0,0,-66.0,0.015625,3
2024-06-05,Central African Republic,1.0,0.0,128.0,176.0,1128.0,0,-48.0,0.017045454545454544,3
2024-06-05,Antigua and Barbuda,1.0,1.0,142.0,170.0,1073.0,2,-28.0,0.0058823529411764705,1
2024-06-05,Trinidad and Tobago,2.0,2.0,98.0,174.0,1221.0,2,-76.0,0.005747126436781609,1
2024-06-05,Curaçao,4.0,1.0,91.0,177.0,1262.0,0,-86.0,0.01694915254237288,3
2024-06-05,Nicaragua,4.0,1.0,135.0,175.0,1103.0,0,-40.0,0.017142857142857144,3
2024-06-05,Guatemala,6.0,0.0,108.0,180.0,1188.0,0,-72.0,0.016666666666666666,3
2024-06-05,Suriname,4.0,1.0,144.0,173.0,1072.0,0,-29.0,0.017341040462427744,3
2024-06-05,Tunisia,1.0,0.0,41.0,79.0,1493.0,0,-38.0,0.0379746835443038,3
2024-06-05,Namibia,1.0,1.0,106.0,152.0,1192.0,2,-46.0,0.006578947368421052,1
2024-06-06,Gibraltar,0.0,0.0,203.0,29.0,832.0,2,174.0,0.034482758620689655,1
2024-06-06,Netherlands,4.0,0.0,7.0,49.0,1742.0,0,-42.0,0.061224489795918366,3
2024-06-06,Guinea-Bissau,0.0,0.0,116.0,145.0,1163.0,2,-29.0,0.006896551724137931,1
2024-06-06,Mauritania,0.0,2.0,105.0,127.0,1196.0,1,-22.0,0.0,0
2024-06-06,Senegal,1.0,1.0,17.0,63.0,1625.0,2,-46.0,0.015873015873015872,1
2024-06-06,Benin,1.0,0.0,97.0,131.0,1226.0,0,-34.0,0.022900763358778626,3
2024-06-06,Libya,2.0,1.0,114.0,183.0,1167.0,0,-69.0,0.01639344262295082,3
2024-06-06,Afghanistan,0.0,0.0,151.0,34.0,1037.0,2,117.0,0.029411764705882353,1
2024-06-06,Mali,1.0,2.0,44.0,68.0,1478.0,1,-24.0,0.0,0
2024-06-06,India,0.0,0.0,121.0,139.0,1146.0,2,-18.0,0.007194244604316547,1
2024-06-06,North Korea,1.0,0.0,118.0,89.0,1161.0,0,29.0,0.033707865168539325,3
2024-06-06,Algeria,1.0,2.0,43.0,76.0,1483.0,1,-33.0,0.0,0
2024-06-06,Egypt,2.0,1.0,37.0,62.0,1500.0,0,-25.0,0.04838709677419355,3
2024-06-06,Singapore,0.0,7.0,155.0,23.0,1019.0,1,132.0,0.0,0
2024-06-06,Jamaica,1.0,0.0,55.0,150.0,1435.0,0,-95.0,0.02,3
2024-06-06,Kyrgyzstan,1.0,1.0,100.0,138.0,1214.0,2,-38.0,0.007246376811594203,1
2024-06-06,Myanmar,0.0,5.0,163.0,18.0,999.0,1,145.0,0.0,0
2024-06-06,Uzbekistan,3.0,1.0,64.0,143.0,1387.0,0,-79.0,0.02097902097902098,3
2024-06-06,Hong Kong,2.0,4.0,157.0,20.0,1013.0,1,137.0,0.0,0
2024-06-06,Indonesia,0.0,2.0,134.0,58.0,1103.0,1,76.0,0.0,0
2024-06-06,Jordan,3.0,0.0,71.0,99.0,1350.0,0,-28.0,0.030303030303030304,3
2024-06-06,Pakistan,0.0,3.0,195.0,53.0,850.0,1,142.0,0.0,0
2024-06-06,Nepal,0.0,4.0,178.0,67.0,938.0,1,111.0,0.0,0
2024-06-06,Bahrain,0.0,0.0,80.0,156.0,1308.0,2,-76.0,0.00641025641025641,1
2024-06-06,Vietnam,3.0,2.0,115.0,141.0,1165.0,0,-26.0,0.02127659574468085,3
2024-06-06,Palestine,0.0,0.0,93.0,120.0,1239.0,2,-27.0,0.008333333333333333,1
2024-06-06,Honduras,3.0,1.0,82.0,169.0,1302.0,0,-87.0,0.01775147928994083,3
2024-06-06,Haiti,2.0,1.0,90.0,165.0,1262.0,0,-75.0,0.01818181818181818,3
2024-06-06,Panama,2.0,0.0,45.0,154.0,1476.0,0,-109.0,0.01948051948051948,3
2024-06-06,Bangladesh,0.0,2.0,184.0,24.0,905.0,1,160.0,0.0,0
2024-06-06,El Salvador,0.0,0.0,81.0,160.0,1305.0,2,-79.0,0.00625,1
2024-06-06,Costa Rica,4.0,0.0,52.0,147.0,1445.0,0,-95.0,0.02040816326530612,3
2024-06-07,Peru,0.0,0.0,32.0,56.0,1516.0,2,-24.0,0.017857142857142856,1
2024-06-07,England,0.0,1.0,4.0,72.0,1795.0,1,-68.0,0.0,0
2024-06-07,Czech Republic,7.0,1.0,36.0,171.0,1501.0,0,-135.0,0.017543859649122806,3
2024-06-07,Armenia,2.0,1.0,95.0,103.0,1229.0,0,-8.0,0.02912621359223301,3
2024-06-07,Belarus,0.0,4.0,96.0,35.0,1227.0,1,61.0,0.0,0
2024-06-07,Albania,3.0,1.0,66.0,112.0,1375.0,0,-46.0,0.026785714285714284,3
2024-06-07,Romania,0.0,0.0,46.0,202.0,1468.0,2,-156.0,0.0049504950495049506,1
2024-06-07,Poland,3.0,1.0,28.0,22.0,1531.0,0,6.0,0.13636363636363635,3
2024-06-07,Cambodia,2.0,0.0,179.0,191.0,925.0,0,-12.0,0.015706806282722512,3
2024-06-07,Germany,2.0,1.0,16.0,50.0,1644.0,0,-34.0,0.06,3
2024-06-07,Madagascar,2.0,1.0,109.0,117.0,1186.0,0,-8.0,0.02564102564102564,3
2024-06-07,Kenya,1.0,1.0,107.0,140.0,1191.0,2,-33.0,0.007142857142857143,1
2024-06-07,Zimbabwe,0.0,2.0,122.0,149.0,1144.0,1,-27.0,0.0,0
2024-06-07,Uganda,1.0,0.0,92.0,146.0,1242.0,0,-54.0,0.02054794520547945,3
2024-06-07,Ivory Coast,1.0,0.0,38.0,84.0,1499.0,0,-46.0,0.03571428571428571,3
2024-06-07,Mozambique,2.0,1.0,110.0,199.0,1184.0,0,-89.0,0.01507537688442211,3
2024-06-07,Morocco,2.0,1.0,13.0,86.0,1661.0,0,-73.0,0.03488372093023256,3
2024-06-07,Angola,1.0,0.0,94.0,148.0,1236.0,0,-54.0,0.02027027027027027,3
2024-06-07,Nigeria,1.0,1.0,30.0,59.0,1520.0,2,-29.0,0.01694915254237288,1
2024-06-07,Scotland,2.0,2.0,39.0,61.0,1497.0,2,-22.0,0.01639344262295082,1
2024-06-08,Latvia,0.0,2.0,136.0,137.0,1096.0,1,-1.0,0.0,0
2024-06-08,Estonia,4.0,1.0,123.0,133.0,1141.0,0,-10.0,0.022556390977443608,3
2024-06-08,Belgium,3.0,0.0,3.0,87.0,1795.0,0,-84.0,0.034482758620689655,3
2024-06-08,Spain,5.0,1.0,8.0,73.0,1728.0,0,-65.0,0.0410958904109589,3
2024-06-08,Portugal,1.0,2.0,6.0,10.0,1748.0,1,-4.0,0.0,0
2024-06-08,Mexico,2.0,3.0,14.0,5.0,1661.0,1,9.0,0.0,0
2024-06-08,Denmark,3.0,1.0,21.0,47.0,1603.0,0,-26.0,0.06382978723404255,3
2024-06-08,Brunei,1.0,0.0,194.0,204.0,873.0,0,-10.0,0.014705882352941176,3
2024-06-08,Hungary,3.0,0.0,26.0,78.0,1532.0,0,-52.0,0.038461538461538464,3
2024-06-08,Slovenia,1.0,1.0,57.0,83.0,1428.0,2,-26.0,0.012048192771084338,1
2024-06-08,Moldova,3.0,2.0,153.0,124.0,1029.0,0,29.0,0.024193548387096774,3
2024-06-08,Sweden,0.0,3.0,27.0,33.0,1532.0,1,-6.0,0.0,0
2024-06-08,United States,1.0,5.0,11.0,12.0,1681.0,1,-1.0,0.0,0
2024-06-08,Cameroon,4.0,1.0,51.0,65.0,1453.0,0,-14.0,0.046153846153846156,3
2024-06-08,Gambia,5.0,1.0,130.0,197.0,1115.0,0,-67.0,0.015228426395939087,3
2024-06-08,Cayman Islands,1.0,0.0,196.0,142.0,848.0,0,54.0,0.02112676056338028,3
2024-06-08,Belize,0.0,4.0,182.0,135.0,920.0,1,47.0,0.0,0
2024-06-08,Aruba,0.0,2.0,193.0,91.0,876.0,1,102.0,0.0,0
2024-06-08,Anguilla,0.0,4.0,209.0,144.0,793.0,1,65.0,0.0,0
2024-06-08,Switzerland,1.0,1.0,19.0,25.0,1616.0,2,-6.0,0.04,1
2024-06-08,Bahamas,1.0,7.0,200.0,98.0,836.0,1,102.0,0.0,0
2024-06-08,British Virgin Islands,0.0,3.0,207.0,108.0,813.0,1,99.0,0.0,0
2024-06-09,Argentina,1.0,0.0,1.0,31.0,1858.0,0,-30.0,0.0967741935483871,3
2024-06-09,France,0.0,0.0,2.0,49.0,1841.0,2,-47.0,0.02040816326530612,1
2024-06-09,Italy,1.0,0.0,9.0,74.0,1725.0,0,-65.0,0.04054054054054054,3
2024-06-09,Montenegro,1.0,3.0,70.0,75.0,1352.0,1,-5.0,0.0,0
2024-06-09,Slovakia,4.0,0.0,48.0,29.0,1462.0,0,19.0,0.10344827586206896,3
2024-06-09,Djibouti,1.0,1.0,192.0,145.0,877.0,2,47.0,0.006896551724137931,1
2024-06-09,Mauritania,0.0,1.0,105.0,17.0,1196.0,1,88.0,0.0,0
2024-06-09,DR Congo,1.0,0.0,63.0,113.0,1388.0,0,-50.0,0.02654867256637168,3
2024-06-09,Namibia,0.0,0.0,106.0,41.0,1192.0,2,65.0,0.024390243902439025,1
2024-06-09,Bermuda,1.0,6.0,170.0,82.0,974.0,1,88.0,0.0,0
2024-06-09,Grenada,0.0,3.0,174.0,52.0,951.0,1,122.0,0.0,0
2024-06-09,Barbados,1.0,3.0,177.0,90.0,944.0,1,87.0,0.0,0
2024-06-09,Montserrat,1.0,3.0,175.0,45.0,946.0,1,130.0,0.0,0
2024-06-09,Dominica,2.0,3.0,180.0,55.0,922.0,1,125.0,0.0,0
2024-06-09,Saint Vincent and the Grenadines,1.0,3.0,173.0,81.0,953.0,1,92.0,0.0,0
2024-06-10,Burkina Faso,2.0,2.0,62.0,126.0,1390.0,2,-64.0,0.007936507936507936,1
2024-06-10,Czech Republic,2.0,1.0,36.0,69.0,1501.0,0,-33.0,0.043478260869565216,3
2024-06-10,Netherlands,4.0,0.0,7.0,72.0,1742.0,0,-65.0,0.041666666666666664,3
2024-06-10,Poland,2.0,1.0,28.0,40.0,1531.0,0,-12.0,0.075,3
2024-06-10,Somalia,1.0,3.0,199.0,146.0,843.0,1,53.0,0.0,0
2024-06-10,Guinea-Bissau,1.0,1.0,116.0,37.0,1163.0,2,79.0,0.02702702702702703,1
2024-06-10,Uganda,1.0,2.0,92.0,43.0,1242.0,1,49.0,0.0,0
2024-06-10,Guinea,0.0,1.0,76.0,110.0,1325.0,1,-34.0,0.0,0
2024-06-10,Equatorial Guinea,1.0,0.0,79.0,125.0,1308.0,0,-46.0,0.024,3
2024-06-10,Ghana,4.0,3.0,68.0,128.0,1359.0,0,-60.0,0.0234375,3
2024-06-10,Benin,2.0,1.0,97.0,30.0,1226.0,0,67.0,0.1,3
2024-06-11,Chad,0.0,2.0,176.0,117.0,946.0,1,59.0,0.0,0
2024-06-11,Latvia,1.0,0.0,136.0,133.0,1096.0,0,3.0,0.022556390977443608,3
2024-06-11,Seychelles,1.0,3.0,197.0,140.0,846.0,1,57.0,0.0,0
2024-06-11,Lithuania,1.0,1.0,137.0,123.0,1095.0,2,14.0,0.008130081300813009,1
2024-06-11,Brunei,1.0,0.0,194.0,204.0,873.0,0,-10.0,0.014705882352941176,3
2024-06-11,Andorra,0.0,2.0,164.0,73.0,999.0,1,91.0,0.0,0
2024-06-11,Azerbaijan,3.0,2.0,112.0,103.0,1178.0,0,9.0,0.02912621359223301,3
2024-06-11,Chile,3.0,0.0,42.0,56.0,1492.0,0,-14.0,0.05357142857142857,3
2024-06-11,Greece,2.0,0.0,50.0,171.0,1458.0,0,-121.0,0.017543859649122806,3
2024-06-11,Israel,4.0,0.0,78.0,96.0,1311.0,0,-18.0,0.03125,3
2024-06-11,Moldova,0.0,4.0,153.0,22.0,1029.0,1,131.0,0.0,0
2024-06-11,San Marino,1.0,4.0,210.0,124.0,742.0,1,86.0,0.0,0
2024-06-11,Angola,1.0,1.0,94.0,51.0,1236.0,2,43.0,0.0196078431372549,1
2024-06-11,South Sudan,0.0,3.0,167.0,127.0,985.0,1,40.0,0.0,0
2024-06-11,Lesotho,0.0,1.0,149.0,131.0,1048.0,1,18.0,0.0,0
2024-06-11,South Africa,3.0,1.0,59.0,122.0,1408.0,0,-63.0,0.02459016393442623,3
2024-06-11,Cape Verde,1.0,0.0,65.0,114.0,1383.0,0,-49.0,0.02631578947368421,3
2024-06-11,Mauritius,2.0,1.0,183.0,148.0,919.0,0,35.0,0.02027027027027027,3
2024-06-11,Portugal,3.0,0.0,6.0,60.0,1748.0,0,-54.0,0.05,3
2024-06-11,Zambia,0.0,1.0,86.0,119.0,1278.0,1,-33.0,0.0,0
2024-06-11,Gabon,3.0,2.0,84.0,130.0,1287.0,0,-46.0,0.023076923076923078,3
2024-06-11,Mongolia,2.0,1.0,191.0,179.0,884.0,0,12.0,0.01675977653631285,3
2024-06-11,Madagascar,0.0,0.0,109.0,44.0,1186.0,2,65.0,0.022727272727272728,1
2024-06-11,Guyana,3.0,1.0,154.0,182.0,1020.0,0,-28.0,0.016483516483516484,3
2024-06-11,Kuwait,1.0,0.0,139.0,151.0,1085.0,0,-12.0,0.019867549668874173,3
2024-06-11,Kenya,0.0,0.0,107.0,38.0,1191.0,2,69.0,0.02631578947368421,1
2024-06-11,Qatar,2.0,1.0,34.0,121.0,1508.0,0,-87.0,0.024793388429752067,3
2024-06-11,Japan,5.0,0.0,18.0,89.0,1622.0,0,-71.0,0.033707865168539325,3
2024-06-11,Puerto Rico,8.0,0.0,160.0,209.0,1006.0,0,-49.0,0.014354066985645933,3
2024-06-11,North Korea,4.0,1.0,118.0,163.0,1161.0,0,-45.0,0.018404907975460124,3
2024-06-11,Thailand,3.0,1.0,101.0,155.0,1209.0,0,-54.0,0.01935483870967742,3
2024-06-11,Oman,1.0,1.0,77.0,100.0,1323.0,2,-23.0,0.01,1
2024-06-11,Turkmenistan,0.0,0.0,143.0,157.0,1073.0,2,-14.0,0.006369426751592357,1
2024-06-11,Iran,0.0,0.0,20.0,64.0,1614.0,2,-44.0,0.015625,1
2024-06-11,Cuba,3.0,0.0,169.0,196.0,981.0,0,-27.0,0.015306122448979591,3
2024-06-11,Saudi Arabia,1.0,2.0,53.0,71.0,1444.0,1,-18.0,0.0,0
2024-06-11,Tajikistan,3.0,0.0,99.0,195.0,1217.0,0,-96.0,0.015384615384615385,3
2024-06-11,United Arab Emirates,1.0,1.0,67.0,80.0,1366.0,2,-13.0,0.0125,1
2024-06-11,Yemen,2.0,2.0,156.0,178.0,1017.0,2,-22.0,0.0056179775280898875,1
2024-06-11,Lebanon,4.0,0.0,120.0,184.0,1159.0,0,-64.0,0.016304347826086956,3
2024-06-11,Australia,5.0,0.0,24.0,93.0,1564.0,0,-69.0,0.03225806451612903,3
2024-06-11,Indonesia,2.0,0.0,134.0,141.0,1103.0,0,-7.0,0.02127659574468085,3
2024-06-11,Saint Kitts and Nevis,1.0,0.0,147.0,200.0,1057.0,0,-53.0,0.015,3
2024-06-11,Saint Lucia,2.0,2.0,165.0,193.0,989.0,2,-28.0,0.0051813471502590676,1
2024-06-11,Dominican Republic,4.0,0.0,150.0,207.0,1043.0,0,-57.0,0.014492753623188406,3
2024-06-11,Iraq,3.0,1.0,58.0,115.0,1420.0,0,-57.0,0.02608695652173913,3
2024-06-12,Ecuador,3.0,1.0,31.0,85.0,1518.0,0,-54.0,0.03529411764705882,3
2024-06-12,United States,1.0,1.0,11.0,5.0,1681.0,2,6.0,0.2,1
2024-06-14,Germany,5.0,1.0,16.0,39.0,1644.0,0,-23.0,0.07692307692307693,3
2024-06-14,Argentina,4.0,1.0,1.0,108.0,1858.0,0,-107.0,0.027777777777777776,3
2024-06-14,El Salvador,0.0,1.0,81.0,32.0,1305.0,1,49.0,0.0,0
2024-06-15,Italy,2.0,1.0,9.0,66.0,1725.0,0,-57.0,0.045454545454545456,3
2024-06-15,Hungary,1.0,3.0,26.0,19.0,1532.0,1,7.0,0.0,0
2024-06-15,Colombia,3.0,0.0,12.0,85.0,1664.0,0,-73.0,0.03529411764705882,3
2024-06-15,Vanuatu,1.0,0.0,172.0,132.0,972.0,0,40.0,0.022727272727272728,3
2024-06-15,Spain,3.0,0.0,8.0,10.0,1728.0,0,-2.0,0.3,3
2024-06-16,Ecuador,2.0,1.0,31.0,82.0,1518.0,0,-51.0,0.036585365853658534,3
2024-06-16,Slovenia,1.0,1.0,57.0,21.0,1428.0,2,36.0,0.047619047619047616,1
2024-06-16,Serbia,0.0,1.0,33.0,4.0,1514.0,1,29.0,0.0,0
2024-06-16,Poland,1.0,2.0,28.0,7.0,1531.0,1,21.0,0.0,0
2024-06-16,Panama,0.0,1.0,45.0,56.0,1476.0,1,-11.0,0.0,0
2024-06-16,Tahiti,2.0,0.0,162.0,181.0,999.0,0,-19.0,0.016574585635359115,3
2024-06-16,Fiji,5.0,1.0,168.0,166.0,984.0,0,2.0,0.018072289156626505,3
2024-06-17,Austria,0.0,1.0,25.0,2.0,1555.0,1,23.0,0.0,0
2024-06-17,Romania,3.0,0.0,46.0,22.0,1468.0,0,24.0,0.13636363636363635,3
2024-06-17,Belgium,0.0,1.0,3.0,48.0,1795.0,1,-45.0,0.0,0
2024-06-18,Turkey,3.0,1.0,40.0,75.0,1496.0,0,-35.0,0.04,3
2024-06-18,Portugal,2.0,1.0,6.0,36.0,1748.0,0,-30.0,0.08333333333333333,3
2024-06-18,New Zealand,3.0,0.0,104.0,132.0,1198.0,0,-28.0,0.022727272727272728,3
2024-06-19,Scotland,1.0,1.0,39.0,19.0,1497.0,2,20.0,0.05263157894736842,1
2024-06-19,Germany,2.0,0.0,16.0,26.0,1644.0,0,-10.0,0.11538461538461539,3
2024-06-19,Croatia,2.0,2.0,10.0,66.0,1721.0,2,-56.0,0.015151515151515152,1
2024-06-19,Fiji,9.0,1.0,168.0,181.0,984.0,0,-13.0,0.016574585635359115,3
2024-06-19,Papua New Guinea,1.0,1.0,166.0,162.0,985.0,2,4.0,0.006172839506172839,1
2024-06-20,Spain,1.0,0.0,8.0,10.0,1730.0,0,-2.0,0.3,3
2024-06-20,Slovenia,1.0,1.0,57.0,32.0,1430.0,2,25.0,0.03125,1
2024-06-20,Denmark,1.0,1.0,21.0,5.0,1611.0,2,16.0,0.2,1
2024-06-20,Argentina,2.0,0.0,1.0,48.0,1860.0,0,-47.0,0.0625,3
2024-06-21,Poland,1.0,3.0,26.0,25.0,1541.0,1,1.0,0.0,0
2024-06-21,Netherlands,0.0,0.0,7.0,2.0,1747.0,2,5.0,0.5,1
2024-06-21,Slovakia,1.0,2.0,45.0,24.0,1468.0,1,21.0,0.0,0
2024-06-21,Vanuatu,0.0,4.0,170.0,107.0,972.0,1,63.0,0.0,0
2024-06-21,Peru,0.0,0.0,31.0,40.0,1515.0,2,-9.0,0.025,1
2024-06-22,Turkey,0.0,3.0,42.0,6.0,1493.0,1,36.0,0.0,0
2024-06-22,Belgium,2.0,0.0,3.0,47.0,1798.0,0,-44.0,0.06382978723404255,3
2024-06-22,Fiji,1.0,0.0,166.0,161.0,984.0,0,5.0,0.018633540372670808,3
2024-06-22,Georgia,1.0,1.0,74.0,34.0,1339.0,2,40.0,0.029411764705882353,1
2024-06-22,Ecuador,1.0,2.0,30.0,54.0,1518.0,1,-24.0,0.0,0
2024-06-22,Mexico,1.0,0.0,15.0,53.0,1652.0,0,-38.0,0.05660377358490566,3
2024-06-22,Samoa,1.0,2.0,181.0,165.0,921.0,1,16.0,0.0,0
2024-06-23,Germany,1.0,1.0,16.0,19.0,1647.0,2,-3.0,0.05263157894736842,1
2024-06-23,Scotland,0.0,1.0,39.0,27.0,1497.0,1,12.0,0.0,0
2024-06-23,United States,2.0,0.0,11.0,84.0,1677.0,0,-73.0,0.03571428571428571,3
2024-06-23,Uruguay,3.0,1.0,14.0,43.0,1663.0,0,-29.0,0.06976744186046512,3
2024-06-24,Albania,0.0,1.0,66.0,8.0,1379.0,1,58.0,0.0,0
2024-06-24,Croatia,1.0,1.0,9.0,10.0,1728.0,2,-1.0,0.1,1
2024-06-24,Colombia,2.0,1.0,12.0,58.0,1669.0,0,-46.0,0.05172413793103448,3
2024-06-24,Brazil,0.0,0.0,4.0,52.0,1792.0,2,-48.0,0.019230769230769232,1
2024-06-25,Denmark,0.0,0.0,21.0,32.0,1611.0,2,-11.0,0.03125,1
2024-06-25,England,0.0,0.0,5.0,57.0,1788.0,2,-52.0,0.017543859649122806,1
2024-06-25,Netherlands,2.0,3.0,7.0,25.0,1747.0,1,-18.0,0.0,0
2024-06-25,France,1.0,1.0,2.0,26.0,1837.0,2,-24.0,0.038461538461538464,1
2024-06-25,Chile,0.0,1.0,40.0,1.0,1496.0,1,39.0,0.0,0
2024-06-25,Peru,0.0,1.0,31.0,48.0,1515.0,1,-17.0,0.0,0
2024-06-26,Slovakia,1.0,1.0,45.0,47.0,1468.0,2,-2.0,0.02127659574468085,1
2024-06-26,Ukraine,0.0,0.0,24.0,3.0,1565.0,2,21.0,0.3333333333333333,1
2024-06-26,Georgia,2.0,0.0,74.0,6.0,1339.0,0,68.0,0.5,3
2024-06-26,Czech Republic,1.0,2.0,34.0,42.0,1506.0,1,-8.0,0.0,0
2024-06-26,Ecuador,3.0,1.0,30.0,53.0,1518.0,0,-23.0,0.05660377358490566,3
2024-06-26,Venezuela,1.0,0.0,54.0,15.0,1442.0,0,39.0,0.2,3
2024-06-27,Vanuatu,2.0,1.0,170.0,166.0,972.0,0,4.0,0.018072289156626505,3
2024-06-27,New Zealand,5.0,0.0,107.0,161.0,1198.0,0,-54.0,0.018633540372670808,3
2024-06-27,United States,1.0,2.0,11.0,43.0,1677.0,1,-32.0,0.0,0
2024-06-27,Uruguay,5.0,0.0,14.0,84.0,1663.0,0,-70.0,0.03571428571428571,3
2024-06-28,Colombia,3.0,0.0,12.0,52.0,1669.0,0,-40.0,0.057692307692307696,3
2024-06-28,Paraguay,1.0,4.0,58.0,4.0,1427.0,1,54.0,0.0,0
2024-06-29,Switzerland,2.0,0.0,19.0,10.0,1617.0,0,9.0,0.3,3
2024-06-29,Germany,2.0,0.0,16.0,21.0,1647.0,0,-5.0,0.14285714285714285,3
2024-06-29,Argentina,2.0,0.0,1.0,31.0,1860.0,0,-30.0,0.0967741935483871,3
2024-06-29,Canada,0.0,0.0,48.0,40.0,1462.0,2,8.0,0.025,1
2024-06-30,England,2.0,1.0,5.0,45.0,1788.0,0,-40.0,0.06666666666666667,3
2024-06-30,Spain,4.0,1.0,8.0,74.0,1730.0,0,-66.0,0.04054054054054054,3
2024-06-30,Tahiti,2.0,1.0,161.0,166.0,999.0,0,-5.0,0.018072289156626505,3
2024-06-30,Vanuatu,0.0,3.0,170.0,107.0,972.0,1,63.0,0.0,0
2024-06-30,Mexico,0.0,0.0,15.0,30.0,1652.0,2,-15.0,0.03333333333333333,1
2024-06-30,Jamaica,0.0,3.0,53.0,54.0,1443.0,1,-1.0,0.0,0
2024-07-01,France,1.0,0.0,2.0,3.0,1837.0,0,-1.0,1.0,3
2024-07-01,Portugal,0.0,0.0,6.0,57.0,1747.0,2,-51.0,0.017543859649122806,1
2024-07-01,United States,0.0,1.0,11.0,14.0,1677.0,1,-3.0,0.0,0
2024-07-01,Bolivia,1.0,3.0,84.0,43.0,1282.0,1,41.0,0.0,0
2024-07-02,Romania,0.0,3.0,47.0,7.0,1462.0,1,40.0,0.0,0
2024-07-02,Austria,1.0,2.0,25.0,42.0,1560.0,1,-17.0,0.0,0
2024-07-02,Brazil,1.0,1.0,4.0,12.0,1792.0,2,-8.0,0.08333333333333333,1
2024-07-02,Costa Rica,2.0,1.0,52.0,58.0,1454.0,0,-6.0,0.05172413793103448,3
2024-07-04,Argentina,1.0,1.0,1.0,30.0,1860.0,2,-29.0,0.03333333333333333,1
2024-07-05,Germany,1.0,2.0,16.0,8.0,1647.0,1,8.0,0.0,0
2024-07-05,Portugal,0.0,0.0,6.0,2.0,1747.0,2,4.0,0.5,1
2024-07-05,Venezuela,1.0,1.0,54.0,48.0,1442.0,2,6.0,0.020833333333333332,1
2024-07-06,England,1.0,1.0,5.0,19.0,1788.0,2,-14.0,0.05263157894736842,1
2024-07-06,Netherlands,2.0,1.0,7.0,42.0,1747.0,0,-35.0,0.07142857142857142,3
2024-07-06,Uruguay,0.0,0.0,14.0,4.0,1663.0,2,10.0,0.25,1
2024-07-06,Colombia,5.0,0.0,12.0,43.0,1669.0,0,-31.0,0.06976744186046512,3
2024-07-09,Spain,2.0,1.0,8.0,2.0,1730.0,0,6.0,1.5,3
2024-07-09,Argentina,2.0,0.0,1.0,48.0,1860.0,0,-47.0,0.0625,3
2024-07-10,Netherlands,1.0,2.0,7.0,5.0,1747.0,1,2.0,0.0,0
2024-07-10,Uruguay,0.0,1.0,14.0,12.0,1663.0,1,2.0,0.0,0
2024-07-13,Canada,2.0,2.0,48.0,14.0,1462.0,2,34.0,0.07142857142857142,1
2024-07-14,Spain,2.0,1.0,8.0,5.0,1730.0,0,3.0,0.6,3
2024-07-14,Argentina,1.0,0.0,1.0,12.0,1860.0,0,-11.0,0.25,3
2024-07-27,Guatemala,0.0,1.0,107.0,81.0,1199.0,1,26.0,0.0,0
2024-07-27,Jordan,0.0,0.0,68.0,110.0,1374.0,2,-42.0,0.00909090909090909,1
2024-08-29,Jordan,2.0,1.0,68.0,110.0,1374.0,0,-42.0,0.02727272727272727,3
2024-09-01,Guatemala,1.0,1.0,107.0,11.0,1199.0,2,96.0,0.09090909090909091,1
2024-09-02,Fiji,1.0,0.0,153.0,141.0,1033.0,0,12.0,0.02127659574468085,3
2024-09-02,Fiji,1.0,1.0,153.0,159.0,1033.0,2,-6.0,0.006289308176100629,1
2024-09-03,India,0.0,0.0,124.0,179.0,1139.0,2,-55.0,0.00558659217877095,1
2024-09-04,Comoros,1.0,1.0,119.0,132.0,1160.0,2,-13.0,0.007575757575757576,1
2024-09-04,Lebanon,1.0,0.0,116.0,103.0,1168.0,0,13.0,0.02912621359223301,3
2024-09-04,Malaysia,2.0,1.0,134.0,147.0,1108.0,0,-13.0,0.02040816326530612,3
2024-09-04,Libya,1.0,1.0,117.0,131.0,1166.0,2,-14.0,0.007633587786259542,1
2024-09-04,Gibraltar,1.0,0.0,198.0,164.0,836.0,0,34.0,0.018292682926829267,3
2024-09-04,Tanzania,0.0,0.0,113.0,143.0,1175.0,2,-30.0,0.006993006993006993,1
2024-09-04,Cayman Islands,1.0,0.0,195.0,207.0,855.0,0,-12.0,0.014492753623188406,3
2024-09-04,Turks and Caicos Islands,0.0,2.0,206.0,209.0,817.0,1,-3.0,0.0,0
2024-09-04,Sudan,1.0,0.0,121.0,125.0,1152.0,0,-4.0,0.024,3
2024-09-05,Central African Republic,3.0,1.0,128.0,149.0,1129.0,0,-21.0,0.020134228187919462,3
2024-09-05,Hong Kong,3.0,0.0,159.0,141.0,1012.0,0,18.0,0.02127659574468085,3
2024-09-05,Bhutan,0.0,1.0,182.0,184.0,904.0,1,-2.0,0.0,0
2024-09-05,Vietnam,0.0,3.0,115.0,33.0,1168.0,1,82.0,0.0,0
2024-09-05,Sri Lanka,0.0,0.0,205.0,180.0,820.0,2,25.0,0.005555555555555556,1
2024-09-05,Timor-Leste,4.0,1.0,196.0,189.0,843.0,0,7.0,0.015873015873015872,3
2024-09-05,Tunisia,1.0,0.0,41.0,105.0,1494.0,0,-64.0,0.02857142857142857,3
2024-09-05,Algeria,2.0,0.0,46.0,88.0,1474.0,0,-42.0,0.03409090909090909,3
2024-09-05,Guinea-Bissau,1.0,0.0,114.0,155.0,1168.0,0,-41.0,0.01935483870967742,3
2024-09-05,Malawi,2.0,3.0,126.0,139.0,1138.0,1,-13.0,0.0,0
2024-09-05,Guyana,1.0,3.0,154.0,140.0,1027.0,1,14.0,0.0,0
2024-09-05,Montserrat,1.0,4.0,176.0,81.0,934.0,1,95.0,0.0,0
2024-09-05,Portugal,2.0,1.0,8.0,12.0,1741.0,0,-4.0,0.25,3
2024-09-05,South Korea,0.0,0.0,23.0,96.0,1573.0,2,-73.0,0.010416666666666666,1
2024-09-05,Ghana,0.0,1.0,64.0,90.0,1381.0,1,-26.0,0.0,0
2024-09-05,Qatar,1.0,3.0,34.0,69.0,1504.0,1,-35.0,0.0,0
2024-09-05,Bolivia,4.0,0.0,89.0,37.0,1259.0,0,52.0,0.08108108108108109,3
2024-09-05,Serbia,0.0,0.0,32.0,3.0,1507.0,2,29.0,0.3333333333333333,1
2024-09-05,Azerbaijan,1.0,3.0,111.0,29.0,1180.0,1,82.0,0.0,0
2024-09-05,Estonia,0.0,1.0,123.0,44.0,1146.0,1,79.0,0.0,0
2024-09-05,Northern Ireland,2.0,0.0,74.0,84.0,1341.0,0,-10.0,0.03571428571428571,3
2024-09-05,Belarus,0.0,0.0,99.0,82.0,1220.0,2,17.0,0.012195121951219513,1
2024-09-05,San Marino,1.0,0.0,210.0,199.0,740.0,0,11.0,0.01507537688442211,3
2024-09-05,Argentina,3.0,0.0,1.0,43.0,1901.0,0,-42.0,0.06976744186046512,3
2024-09-05,Scotland,2.0,3.0,48.0,28.0,1472.0,1,20.0,0.0,0
2024-09-05,Uzbekistan,1.0,0.0,61.0,110.0,1397.0,0,-49.0,0.02727272727272727,3
2024-09-05,Iran,1.0,0.0,20.0,102.0,1611.0,0,-82.0,0.029411764705882353,3
2024-09-05,Iraq,1.0,0.0,55.0,76.0,1433.0,0,-21.0,0.039473684210526314,3
2024-09-05,Denmark,2.0,0.0,21.0,15.0,1608.0,0,6.0,0.2,3
2024-09-05,Jordan,1.0,1.0,68.0,136.0,1374.0,2,-68.0,0.007352941176470588,1
2024-09-05,Australia,0.0,1.0,24.0,80.0,1571.0,1,-56.0,0.0,0
2024-09-05,Saudi Arabia,1.0,1.0,56.0,133.0,1431.0,2,-77.0,0.007518796992481203,1
2024-09-06,Syria,2.0,0.0,93.0,179.0,1247.0,0,-86.0,0.01675977653631285,3
2024-09-06,Brunei,3.0,0.0,190.0,185.0,882.0,0,5.0,0.016216216216216217,3
2024-09-06,Morocco,4.0,1.0,14.0,83.0,1669.0,0,-69.0,0.03614457831325301,3
2024-09-06,Togo,1.0,1.0,120.0,142.0,1159.0,2,-22.0,0.007042253521126761,1
2024-09-06,Sierra Leone,0.0,0.0,122.0,178.0,1149.0,2,-56.0,0.0056179775280898875,1
2024-09-06,Ivory Coast,2.0,0.0,38.0,92.0,1500.0,0,-54.0,0.03260869565217391,3
2024-09-06,South Africa,2.0,2.0,57.0,95.0,1415.0,2,-38.0,0.010526315789473684,1
2024-09-06,Mali,1.0,1.0,53.0,104.0,1457.0,2,-51.0,0.009615384615384616,1
2024-09-06,Kenya,0.0,0.0,108.0,129.0,1198.0,2,-21.0,0.007751937984496124,1
2024-09-06,Saint Lucia,2.0,1.0,170.0,86.0,980.0,0,84.0,0.03488372093023256,3
2024-09-06,Senegal,1.0,1.0,19.0,67.0,1623.0,2,-48.0,0.014925373134328358,1
2024-09-06,Jamaica,0.0,0.0,59.0,167.0,1402.0,2,-108.0,0.005988023952095809,1
2024-09-06,DR Congo,1.0,0.0,60.0,77.0,1401.0,0,-17.0,0.03896103896103896,3
2024-09-06,Honduras,4.0,0.0,79.0,100.0,1311.0,0,-21.0,0.03,3
2024-09-06,Egypt,3.0,0.0,36.0,65.0,1502.0,0,-29.0,0.046153846153846156,3
2024-09-06,Wales,0.0,0.0,30.0,26.0,1521.0,2,4.0,0.038461538461538464,1
2024-09-06,Puerto Rico,1.0,4.0,157.0,85.0,1020.0,1,72.0,0.0,0
2024-09-06,Belgium,3.0,1.0,6.0,78.0,1772.0,0,-72.0,0.038461538461538464,3
2024-09-06,France,1.0,3.0,2.0,10.0,1855.0,1,-8.0,0.0,0
2024-09-06,Slovenia,1.0,1.0,52.0,22.0,1457.0,2,30.0,0.045454545454545456,1
2024-09-06,Iceland,2.0,0.0,71.0,73.0,1353.0,0,-2.0,0.0410958904109589,3
2024-09-06,Samoa,2.0,0.0,192.0,187.0,876.0,0,5.0,0.016042780748663103,3
2024-09-06,Kazakhstan,0.0,0.0,109.0,50.0,1194.0,2,59.0,0.02,1
2024-09-06,Lithuania,0.0,1.0,135.0,127.0,1101.0,1,8.0,0.0,0
2024-09-06,Cook Islands,1.0,3.0,186.0,200.0,897.0,1,-14.0,0.0,0
2024-09-06,Peru,1.0,1.0,42.0,9.0,1490.0,2,33.0,0.1111111111111111,1
2024-09-06,Uruguay,0.0,0.0,11.0,62.0,1713.0,2,-51.0,0.016129032258064516,1
2024-09-06,Brazil,1.0,0.0,5.0,27.0,1786.0,0,-22.0,0.1111111111111111,3
2024-09-06,Kosovo,0.0,3.0,106.0,45.0,1203.0,1,61.0,0.0,0
2024-09-07,Bahamas,2.0,3.0,203.0,177.0,824.0,1,26.0,0.0,0
2024-09-07,Mexico,3.0,0.0,17.0,94.0,1635.0,0,-77.0,0.031914893617021274,3
2024-09-07,United States,1.0,2.0,16.0,40.0,1642.0,1,-24.0,0.0,0
2024-09-07,Mauritania,1.0,0.0,112.0,145.0,1178.0,0,-33.0,0.020689655172413793,3
2024-09-07,Nigeria,3.0,0.0,39.0,91.0,1499.0,0,-52.0,0.03296703296703297,3
2024-09-07,Bermuda,2.0,3.0,171.0,150.0,971.0,1,21.0,0.0,0
2024-09-07,Antigua and Barbuda,1.0,2.0,148.0,181.0,1053.0,1,-33.0,0.0,0
2024-09-07,Cayman Islands,1.0,4.0,195.0,146.0,855.0,1,49.0,0.0,0
2024-09-07,Turks and Caicos Islands,0.0,4.0,206.0,183.0,817.0,1,23.0,0.0,0
2024-09-07,Republic of Ireland,0.0,2.0,58.0,4.0,1404.0,1,54.0,0.0,0
2024-09-07,Germany,5.0,0.0,13.0,31.0,1686.0,0,-18.0,0.0967741935483871,3
2024-09-07,Moldova,2.0,0.0,152.0,172.0,1034.0,0,-20.0,0.01744186046511628,3
2024-09-07,Georgia,4.0,1.0,70.0,47.0,1361.0,0,23.0,0.06382978723404255,3
2024-09-07,Ukraine,1.0,2.0,25.0,66.0,1567.0,1,-41.0,0.0,0
2024-09-07,Greece,3.0,0.0,54.0,63.0,1456.0,0,-9.0,0.047619047619047616,3
2024-09-07,Faroe Islands,1.0,1.0,138.0,72.0,1094.0,2,66.0,0.013888888888888888,1
2024-09-07,Armenia,4.0,1.0,97.0,137.0,1231.0,0,-40.0,0.021897810218978103,3
2024-09-07,Netherlands,5.0,2.0,7.0,75.0,1759.0,0,-68.0,0.04,3
2024-09-07,Cameroon,1.0,0.0,51.0,98.0,1458.0,0,-47.0,0.030612244897959183,3
2024-09-08,Bhutan,1.0,0.0,182.0,184.0,904.0,0,-2.0,0.016304347826086956,3
2024-09-08,Saint Vincent and the Grenadines,2.0,0.0,174.0,176.0,938.0,0,-2.0,0.017045454545454544,3
2024-09-08,Croatia,1.0,0.0,12.0,28.0,1701.0,0,-16.0,0.10714285714285714,3
2024-09-08,Malaysia,1.0,0.0,134.0,116.0,1108.0,0,18.0,0.02586206896551724,3
2024-09-08,Tajikistan,0.0,0.0,103.0,147.0,1212.0,2,-44.0,0.006802721088435374,1
2024-09-08,Portugal,2.0,1.0,8.0,48.0,1741.0,0,-40.0,0.0625,3
2024-09-08,Luxembourg,0.0,1.0,84.0,99.0,1277.0,1,-15.0,0.0,0
2024-09-08,Denmark,2.0,0.0,21.0,32.0,1608.0,0,-11.0,0.09375,3
2024-09-08,Switzerland,1.0,4.0,15.0,3.0,1654.0,1,12.0,0.0,0
2024-09-08,Gibraltar,2.0,2.0,198.0,199.0,836.0,2,-1.0,0.005025125628140704,1
2024-09-08,Bulgaria,1.0,0.0,82.0,74.0,1296.0,0,8.0,0.04054054054054054,3
2024-09-08,Gambia,1.0,2.0,132.0,41.0,1113.0,1,91.0,0.0,0
2024-09-08,Sweden,3.0,0.0,29.0,123.0,1522.0,0,-94.0,0.024390243902439025,3
2024-09-08,Slovakia,2.0,0.0,44.0,111.0,1479.0,0,-67.0,0.02702702702702703,3
2024-09-09,India,0.0,3.0,124.0,93.0,1139.0,1,31.0,0.0,0
2024-09-09,Madagascar,1.0,1.0,105.0,119.0,1204.0,2,-14.0,0.008403361344537815,1
2024-09-09,Equatorial Guinea,2.0,2.0,88.0,120.0,1260.0,2,-32.0,0.008333333333333333,1
2024-09-09,Niger,1.0,1.0,125.0,64.0,1139.0,2,61.0,0.015625,1
2024-09-09,Angola,2.0,1.0,90.0,121.0,1256.0,0,-31.0,0.024793388429752067,3
2024-09-09,Ethiopia,0.0,2.0,143.0,60.0,1066.0,1,83.0,0.0,0
2024-09-09,Burundi,0.0,1.0,139.0,19.0,1091.0,1,120.0,0.0,0
2024-09-09,Guatemala,0.0,0.0,107.0,49.0,1199.0,2,58.0,0.02040816326530612,1
2024-09-09,Turkey,3.0,1.0,26.0,71.0,1534.0,0,-45.0,0.04225352112676056,3
2024-09-09,Morocco,1.0,0.0,14.0,149.0,1669.0,0,-135.0,0.020134228187919462,3
2024-09-09,Samoa,2.0,1.0,192.0,200.0,876.0,0,-8.0,0.015,3
2024-09-09,Puerto Rico,1.0,0.0,157.0,194.0,1020.0,0,-37.0,0.015463917525773196,3
2024-09-09,France,2.0,0.0,2.0,6.0,1855.0,0,-4.0,0.5,3
2024-09-09,Israel,1.0,2.0,78.0,10.0,1313.0,1,68.0,0.0,0
2024-09-09,Norway,2.0,1.0,50.0,22.0,1466.0,0,28.0,0.13636363636363635,3
2024-09-09,Slovenia,3.0,0.0,52.0,109.0,1457.0,0,-57.0,0.027522935779816515,3
2024-09-09,Montenegro,1.0,2.0,73.0,30.0,1345.0,1,43.0,0.0,0
2024-09-09,Grenada,1.0,2.0,173.0,170.0,954.0,1,3.0,0.0,0
2024-09-09,Cyprus,0.0,4.0,127.0,106.0,1137.0,1,21.0,0.0,0
2024-09-09,Romania,3.0,1.0,45.0,135.0,1475.0,0,-90.0,0.022222222222222223,3
2024-09-10,Benin,2.0,1.0,91.0,117.0,1254.0,0,-26.0,0.02564102564102564,3
2024-09-10,Rwanda,0.0,0.0,131.0,39.0,1114.0,2,92.0,0.02564102564102564,1
2024-09-10,Cape Verde,2.0,0.0,65.0,112.0,1381.0,0,-47.0,0.026785714285714284,3
2024-09-10,Botswana,0.0,4.0,145.0,36.0,1064.0,1,109.0,0.0,0
2024-09-10,Mexico,0.0,0.0,17.0,40.0,1635.0,2,-23.0,0.025,1
2024-09-10,Macau,0.0,1.0,185.0,190.0,897.0,1,-5.0,0.0,0
2024-09-10,Cambodia,2.0,2.0,180.0,205.0,925.0,2,-25.0,0.004878048780487805,1
2024-09-10,Vietnam,1.0,2.0,115.0,101.0,1168.0,1,14.0,0.0,0
2024-09-10,United States,1.0,1.0,16.0,94.0,1642.0,2,-78.0,0.010638297872340425,1
2024-09-10,Liberia,0.0,3.0,142.0,46.0,1067.0,1,96.0,0.0,0
2024-09-10,Gabon,2.0,0.0,83.0,128.0,1288.0,0,-45.0,0.0234375,3
2024-09-10,Moldova,1.0,0.0,152.0,210.0,1034.0,0,-58.0,0.014285714285714285,3
2024-09-10,Burkina Faso,3.0,1.0,67.0,126.0,1375.0,0,-59.0,0.023809523809523808,3
2024-09-10,Dominican Republic,2.0,0.0,150.0,181.0,1046.0,0,-31.0,0.016574585635359115,3
2024-09-10,Zambia,3.0,2.0,92.0,122.0,1250.0,0,-30.0,0.02459016393442623,3
2024-09-10,Cuba,1.0,1.0,167.0,130.0,985.0,2,37.0,0.007692307692307693,1
2024-09-10,Honduras,1.0,2.0,79.0,59.0,1311.0,1,20.0,0.0,0
2024-09-10,Namibia,1.0,2.0,98.0,108.0,1221.0,1,-10.0,0.0,0
2024-09-10,Eswatini,0.0,1.0,155.0,53.0,1025.0,1,102.0,0.0,0
2024-09-10,South Sudan,2.0,3.0,169.0,57.0,980.0,1,112.0,0.0,0
2024-09-10,Guinea,1.0,2.0,77.0,113.0,1325.0,1,-36.0,0.0,0
2024-09-10,Mozambique,2.0,1.0,104.0,114.0,1209.0,0,-10.0,0.02631578947368421,3
2024-09-10,Chad,0.0,2.0,178.0,38.0,930.0,1,140.0,0.0,0
2024-09-10,Antigua and Barbuda,0.0,1.0,148.0,171.0,1053.0,1,-23.0,0.0,0
2024-09-10,Czech Republic,3.0,2.0,47.0,25.0,1473.0,0,22.0,0.12,3
2024-09-10,Belize,1.0,0.0,183.0,209.0,901.0,0,-26.0,0.014354066985645933,3
2024-09-10,Mongolia,2.0,0.0,189.0,196.0,885.0,0,-7.0,0.015306122448979591,3
2024-09-10,Colombia,2.0,1.0,9.0,1.0,1727.0,0,8.0,3.0,3
2024-09-10,North Macedonia,2.0,0.0,72.0,97.0,1349.0,0,-25.0,0.030927835051546393,3
2024-09-10,Latvia,1.0,0.0,137.0,138.0,1096.0,0,-1.0,0.021739130434782608,3
2024-09-10,Hungary,0.0,0.0,31.0,75.0,1519.0,2,-44.0,0.013333333333333334,1
2024-09-10,England,2.0,0.0,4.0,63.0,1812.0,0,-59.0,0.047619047619047616,3
2024-09-10,Albania,0.0,1.0,66.0,70.0,1375.0,1,-4.0,0.0,0
2024-09-10,Netherlands,2.0,2.0,7.0,13.0,1759.0,2,-6.0,0.07692307692307693,1
2024-09-10,Ecuador,1.0,0.0,27.0,42.0,1530.0,0,-15.0,0.07142857142857142,3
2024-09-10,Republic of Ireland,0.0,2.0,58.0,54.0,1404.0,1,4.0,0.0,0
2024-09-10,Chile,1.0,2.0,43.0,89.0,1490.0,1,-46.0,0.0,0
2024-09-10,Oman,1.0,3.0,76.0,23.0,1326.0,1,53.0,0.0,0
2024-09-10,Andorra,0.0,1.0,164.0,172.0,996.0,1,-8.0,0.0,0
2024-09-10,North Korea,2.0,2.0,110.0,34.0,1184.0,2,76.0,0.029411764705882353,1
2024-09-10,Venezuela,0.0,0.0,37.0,11.0,1501.0,2,26.0,0.09090909090909091,1
2024-09-10,Paraguay,1.0,0.0,62.0,5.0,1397.0,0,57.0,0.6,3
2024-09-10,Zimbabwe,0.0,0.0,129.0,51.0,1126.0,2,78.0,0.0196078431372549,1
2024-09-10,Indonesia,0.0,0.0,133.0,24.0,1109.0,2,109.0,0.041666666666666664,1
2024-09-10,Saint Kitts and Nevis,2.0,0.0,146.0,207.0,1060.0,0,-61.0,0.014492753623188406,3
2024-09-10,Palestine,1.0,3.0,96.0,68.0,1231.0,1,28.0,0.0,0
2024-09-10,Kuwait,0.0,0.0,136.0,55.0,1098.0,2,81.0,0.01818181818181818,1
2024-09-10,Bahrain,0.0,5.0,80.0,18.0,1303.0,1,62.0,0.0,0
2024-09-10,Kyrgyzstan,2.0,3.0,102.0,61.0,1214.0,1,41.0,0.0,0
2024-09-10,United Arab Emirates,0.0,1.0,69.0,20.0,1369.0,1,49.0,0.0,0
2024-10-08,Brunei,0.0,1.0,183.0,196.0,907.0,1,-13.0,0.0,0
2024-10-09,Belize,1.0,0.0,182.0,209.0,913.0,0,-27.0,0.014354066985645933,3
2024-10-09,Saint Kitts and Nevis,3.0,1.0,141.0,208.0,1068.0,0,-67.0,0.014423076923076924,3
2024-10-10,DR Congo,1.0,0.0,58.0,110.0,1417.0,0,-52.0,0.02727272727272727,3
2024-10-10,Algeria,5.0,1.0,41.0,119.0,1486.0,0,-78.0,0.025210084033613446,3
2024-10-10,Norway,3.0,0.0,47.0,51.0,1472.0,0,-4.0,0.058823529411764705,3
2024-10-10,Myanmar,2.0,0.0,167.0,200.0,989.0,0,-33.0,0.015,3
2024-10-10,Namibia,0.0,1.0,105.0,124.0,1201.0,1,-19.0,0.0,0
2024-10-10,Liechtenstein,1.0,0.0,203.0,157.0,827.0,0,46.0,0.01910828025477707,3
2024-10-10,Cape Verde,0.0,1.0,65.0,147.0,1379.0,1,-82.0,0.0,0
2024-10-10,Burkina Faso,4.0,1.0,63.0,136.0,1388.0,0,-73.0,0.022058823529411766,3
2024-10-10,England,1.0,2.0,4.0,48.0,1817.0,1,-44.0,0.0,0
2024-10-10,Nicaragua,0.0,2.0,131.0,61.0,1118.0,1,70.0,0.0,0
2024-10-10,Israel,1.0,4.0,79.0,2.0,1308.0,1,77.0,0.0,0
2024-10-10,Italy,2.0,2.0,10.0,6.0,1726.0,2,4.0,0.16666666666666666,1
2024-10-10,Finland,1.0,2.0,64.0,62.0,1384.0,1,2.0,0.0,0
2024-10-10,Austria,4.0,0.0,22.0,109.0,1580.0,0,-87.0,0.027522935779816515,3
2024-10-10,Cuba,2.0,2.0,165.0,101.0,992.0,2,64.0,0.009900990099009901,1
2024-10-10,Ghana,0.0,0.0,70.0,120.0,1360.0,2,-50.0,0.008333333333333333,1
2024-10-10,Saint Vincent and the Grenadines,2.0,3.0,174.0,80.0,946.0,1,94.0,0.0,0
2024-10-10,Oman,4.0,0.0,78.0,134.0,1309.0,0,-56.0,0.022388059701492536,3
2024-10-10,Qatar,3.0,1.0,44.0,106.0,1482.0,0,-62.0,0.02830188679245283,3
2024-10-10,Latvia,0.0,3.0,137.0,72.0,1098.0,1,65.0,0.0,0
2024-10-10,Chile,1.0,2.0,49.0,5.0,1468.0,1,44.0,0.0,0
2024-10-10,Venezuela,1.0,1.0,40.0,1.0,1489.0,2,39.0,1.0,1
2024-10-10,Gibraltar,1.0,0.0,198.0,210.0,842.0,0,-12.0,0.014285714285714285,3
2024-10-10,Bolivia,1.0,0.0,83.0,9.0,1294.0,0,74.0,0.3333333333333333,3
2024-10-10,Moldova,2.0,0.0,149.0,169.0,1043.0,0,-20.0,0.01775147928994083,3
2024-10-10,Ecuador,0.0,0.0,27.0,57.0,1535.0,2,-30.0,0.017543859649122806,1
2024-10-10,Fiji,1.0,0.0,150.0,144.0,1038.0,0,6.0,0.020833333333333332,3
2024-10-10,Papua New Guinea,1.0,3.0,168.0,160.0,984.0,1,8.0,0.0,0
2024-10-10,Uzbekistan,0.0,0.0,60.0,19.0,1413.0,2,41.0,0.05263157894736842,1
2024-10-10,United Arab Emirates,1.0,1.0,69.0,111.0,1377.0,2,-42.0,0.009009009009009009,1
2024-10-10,Jordan,0.0,2.0,68.0,23.0,1378.0,1,45.0,0.0,0
2024-10-10,Iraq,1.0,0.0,55.0,98.0,1436.0,0,-43.0,0.030612244897959183,3
2024-10-10,Faroe Islands,2.0,2.0,140.0,96.0,1090.0,2,44.0,0.010416666666666666,1
2024-10-10,Saudi Arabia,0.0,2.0,56.0,16.0,1433.0,1,40.0,0.0,0
2024-10-10,Bahrain,2.0,2.0,76.0,129.0,1315.0,2,-53.0,0.007751937984496124,1
2024-10-11,Equatorial Guinea,1.0,0.0,94.0,143.0,1251.0,0,-49.0,0.02097902097902098,3
2024-10-11,Madagascar,1.0,1.0,108.0,135.0,1197.0,2,-27.0,0.007407407407407408,1
2024-10-11,Tunisia,0.0,1.0,36.0,118.0,1505.0,1,-82.0,0.0,0
2024-10-11,Gabon,0.0,0.0,84.0,153.0,1293.0,2,-69.0,0.006535947712418301,1
2024-10-11,Benin,3.0,0.0,89.0,130.0,1258.0,0,-41.0,0.023076923076923078,3
2024-10-11,Nigeria,1.0,0.0,39.0,121.0,1498.0,0,-82.0,0.024793388429752067,3
2024-10-11,Egypt,2.0,0.0,31.0,112.0,1516.0,0,-81.0,0.026785714285714284,3
2024-10-11,Senegal,4.0,0.0,21.0,133.0,1621.0,0,-112.0,0.022556390977443608,3
2024-10-11,Ivory Coast,4.0,1.0,33.0,125.0,1509.0,0,-92.0,0.024,3
2024-10-11,Mozambique,1.0,1.0,99.0,159.0,1226.0,2,-60.0,0.006289308176100629,1
2024-10-11,Mali,1.0,0.0,54.0,115.0,1455.0,0,-61.0,0.02608695652173913,3
2024-10-11,Cameroon,4.0,1.0,53.0,102.0,1459.0,0,-49.0,0.029411764705882353,3
2024-10-11,Uganda,1.0,0.0,90.0,172.0,1258.0,0,-82.0,0.01744186046511628,3
2024-10-11,Angola,2.0,0.0,85.0,127.0,1281.0,0,-42.0,0.023622047244094488,3
2024-10-11,Zambia,0.0,0.0,93.0,177.0,1253.0,2,-84.0,0.005649717514124294,1
2024-10-11,Suriname,1.0,1.0,138.0,50.0,1094.0,2,88.0,0.02,1
2024-10-11,Iceland,2.0,2.0,71.0,29.0,1356.0,2,42.0,0.034482758620689655,1
2024-10-11,Czech Republic,2.0,0.0,46.0,67.0,1473.0,0,-21.0,0.04477611940298507,3
2024-10-11,Grenada,0.0,0.0,173.0,88.0,947.0,2,85.0,0.011363636363636364,1
2024-10-11,Bosnia and Herzegovina,1.0,2.0,75.0,13.0,1332.0,1,62.0,0.0,0
2024-10-11,Hungary,1.0,1.0,32.0,7.0,1511.0,2,25.0,0.14285714285714285,1
2024-10-11,Ukraine,1.0,0.0,24.0,66.0,1548.0,0,-42.0,0.045454545454545456,3
2024-10-11,Aruba,1.0,3.0,194.0,86.0,868.0,1,108.0,0.0,0
2024-10-11,Turkey,1.0,0.0,26.0,74.0,1539.0,0,-48.0,0.04054054054054054,3
2024-10-11,Estonia,3.0,1.0,122.0,113.0,1140.0,0,9.0,0.02654867256637168,3
2024-10-11,Slovakia,2.0,2.0,42.0,28.0,1486.0,2,14.0,0.03571428571428571,1
2024-10-11,Peru,1.0,0.0,43.0,11.0,1483.0,0,32.0,0.2727272727272727,3
2024-10-11,New Zealand,3.0,0.0,95.0,158.0,1247.0,0,-63.0,0.0189873417721519,3
2024-10-11,Syria,1.0,0.0,92.0,103.0,1253.0,0,-11.0,0.02912621359223301,3
2024-10-11,Thailand,3.0,1.0,100.0,148.0,1223.0,0,-48.0,0.02027027027027027,3
2024-10-11,Guyana,1.0,3.0,156.0,107.0,1020.0,1,49.0,0.0,0
2024-10-12,Cayman Islands,1.0,0.0,195.0,208.0,857.0,0,-13.0,0.014423076923076924,3
2024-10-12,United States,2.0,0.0,18.0,37.0,1632.0,0,-19.0,0.08108108108108109,3
2024-10-12,Vietnam,1.0,1.0,116.0,126.0,1161.0,2,-10.0,0.007936507936507936,1
2024-10-12,Morocco,5.0,0.0,14.0,128.0,1676.0,0,-114.0,0.0234375,3
2024-10-12,Antigua and Barbuda,0.0,5.0,151.0,146.0,1035.0,1,5.0,0.0,0
2024-10-12,Bermuda,6.0,1.0,170.0,181.0,973.0,0,-11.0,0.016574585635359115,3
2024-10-12,Turks and Caicos Islands,2.0,1.0,206.0,209.0,803.0,0,-3.0,0.014354066985645933,3
2024-10-12,Guinea,4.0,1.0,82.0,145.0,1298.0,0,-63.0,0.020689655172413793,3
2024-10-12,Croatia,2.0,1.0,12.0,52.0,1700.0,0,-40.0,0.057692307692307696,3
2024-10-12,Serbia,2.0,0.0,35.0,15.0,1505.0,0,20.0,0.2,3
2024-10-12,Spain,1.0,0.0,3.0,20.0,1836.0,0,-17.0,0.15,3
2024-10-12,Cyprus,0.0,3.0,123.0,45.0,1137.0,1,78.0,0.0,0
2024-10-12,Bulgaria,0.0,0.0,81.0,87.0,1303.0,2,-6.0,0.011494252873563218,1
2024-10-12,Belarus,0.0,0.0,97.0,73.0,1229.0,2,24.0,0.0136986301369863,1
2024-10-12,Vanuatu,4.0,1.0,162.0,185.0,1005.0,0,-23.0,0.016216216216216217,3
2024-10-12,Poland,1.0,3.0,30.0,8.0,1525.0,1,22.0,0.0,0
2024-10-12,Lithuania,1.0,2.0,139.0,104.0,1091.0,1,35.0,0.0,0
2024-10-13,Finland,1.0,3.0,64.0,4.0,1384.0,1,60.0,0.0,0
2024-10-13,Andorra,2.0,0.0,169.0,210.0,982.0,0,-41.0,0.014285714285714285,3
2024-10-13,Myanmar,0.0,0.0,167.0,200.0,989.0,2,-33.0,0.005,1
2024-10-13,Burundi,0.0,2.0,136.0,63.0,1102.0,1,73.0,0.0,0
2024-10-13,Saint Vincent and the Grenadines,2.0,1.0,174.0,80.0,946.0,0,94.0,0.0375,3
2024-10-13,Austria,5.0,1.0,22.0,47.0,1580.0,0,-25.0,0.06382978723404255,3
2024-10-13,Kazakhstan,0.0,1.0,109.0,51.0,1193.0,1,58.0,0.0,0
2024-10-13,Faroe Islands,1.0,1.0,140.0,137.0,1090.0,2,3.0,0.0072992700729927005,1
2024-10-13,Armenia,0.0,2.0,96.0,72.0,1230.0,1,24.0,0.0,0
2024-10-13,Liechtenstein,0.0,0.0,203.0,198.0,827.0,2,5.0,0.005050505050505051,1
2024-10-13,Malta,1.0,0.0,171.0,149.0,972.0,0,22.0,0.020134228187919462,3
2024-10-13,Greece,2.0,0.0,48.0,62.0,1469.0,0,-14.0,0.04838709677419355,3
2024-10-14,Curaçao,1.0,0.0,88.0,173.0,1261.0,0,-85.0,0.017341040462427744,3
2024-10-14,Trinidad and Tobago,3.0,1.0,101.0,165.0,1213.0,0,-64.0,0.01818181818181818,3
2024-10-14,Jamaica,0.0,0.0,61.0,77.0,1403.0,2,-16.0,0.012987012987012988,1
2024-10-14,Zimbabwe,3.0,1.0,124.0,105.0,1135.0,0,19.0,0.02857142857142857,3
2024-10-14,Togo,0.0,1.0,119.0,41.0,1159.0,1,78.0,0.0,0
2024-10-14,Eswatini,0.0,3.0,159.0,99.0,1012.0,1,60.0,0.0,0
2024-10-14,Liberia,1.0,2.0,143.0,94.0,1065.0,1,49.0,0.0,0
2024-10-14,Gambia,1.0,0.0,135.0,108.0,1109.0,0,27.0,0.027777777777777776,3
2024-10-14,Kenya,0.0,1.0,102.0,53.0,1209.0,1,49.0,0.0,0
2024-10-14,New Zealand,4.0,0.0,95.0,132.0,1247.0,0,-37.0,0.022727272727272728,3
2024-10-14,Italy,4.0,1.0,10.0,79.0,1726.0,0,-69.0,0.0379746835443038,3
2024-10-14,Iceland,2.0,4.0,71.0,26.0,1356.0,1,45.0,0.0,0
2024-10-14,Belgium,1.0,2.0,6.0,2.0,1768.0,1,4.0,0.0,0
2024-10-14,Thailand,2.0,1.0,100.0,92.0,1223.0,0,8.0,0.03260869565217391,3
2024-10-14,Tajikistan,0.0,3.0,103.0,148.0,1208.0,1,-45.0,0.0,0
2024-10-14,Estonia,0.0,3.0,122.0,28.0,1140.0,1,94.0,0.0,0
2024-10-14,Wales,1.0,0.0,29.0,74.0,1527.0,0,-45.0,0.04054054054054054,3
2024-10-14,Azerbaijan,1.0,3.0,113.0,42.0,1173.0,1,71.0,0.0,0
2024-10-14,Ukraine,1.0,1.0,24.0,46.0,1548.0,2,-22.0,0.021739130434782608,1
2024-10-14,Georgia,0.0,1.0,66.0,67.0,1378.0,1,-1.0,0.0,0
2024-10-14,Germany,1.0,0.0,13.0,7.0,1692.0,0,6.0,0.42857142857142855,3
2024-10-14,Bosnia and Herzegovina,0.0,2.0,75.0,32.0,1332.0,1,43.0,0.0,0
2024-10-14,Aruba,3.0,5.0,194.0,86.0,868.0,1,108.0,0.0,0
2024-10-15,Niger,0.0,1.0,127.0,85.0,1132.0,1,42.0,0.0,0
2024-10-15,Sudan,2.0,0.0,120.0,70.0,1154.0,0,50.0,0.04285714285714286,3
2024-10-15,Rwanda,2.0,1.0,130.0,89.0,1123.0,0,41.0,0.033707865168539325,3
2024-10-15,Botswana,1.0,0.0,147.0,65.0,1050.0,0,82.0,0.046153846153846156,3
2024-10-15,Hong Kong,3.0,0.0,157.0,180.0,1018.0,0,-23.0,0.016666666666666666,3
2024-10-15,Morocco,4.0,0.0,14.0,128.0,1676.0,0,-114.0,0.0234375,3
2024-10-15,Comoros,1.0,1.0,118.0,36.0,1160.0,2,82.0,0.027777777777777776,1
2024-10-15,Mexico,2.0,0.0,17.0,18.0,1636.0,0,-1.0,0.16666666666666666,3
2024-10-15,Chad,0.0,1.0,177.0,93.0,932.0,1,84.0,0.0,0
2024-10-15,Mauritania,0.0,1.0,112.0,31.0,1179.0,1,81.0,0.0,0
2024-10-15,Canada,2.0,1.0,38.0,37.0,1502.0,0,1.0,0.08108108108108109,3
2024-10-15,Malawi,0.0,1.0,133.0,21.0,1117.0,1,112.0,0.0,0
2024-10-15,Ethiopia,0.0,3.0,145.0,82.0,1063.0,1,63.0,0.0,0
2024-10-15,Guinea-Bissau,0.0,0.0,115.0,54.0,1166.0,2,61.0,0.018518518518518517,1
2024-10-15,South Sudan,1.0,2.0,172.0,90.0,968.0,1,82.0,0.0,0
2024-10-15,Dominican Republic,5.0,0.0,146.0,151.0,1058.0,0,-5.0,0.019867549668874173,3
2024-10-15,Costa Rica,3.0,0.0,50.0,107.0,1466.0,0,-57.0,0.028037383177570093,3
2024-10-15,Suriname,5.0,1.0,138.0,156.0,1094.0,0,-18.0,0.019230769230769232,3
2024-10-15,Sierra Leone,1.0,0.0,125.0,33.0,1134.0,0,92.0,0.09090909090909091,3
2024-10-15,Barbados,6.0,2.0,175.0,205.0,944.0,0,-30.0,0.014634146341463415,3
2024-10-15,Tanzania,0.0,2.0,110.0,58.0,1188.0,1,52.0,0.0,0
2024-10-15,Bermuda,3.0,2.0,170.0,181.0,973.0,0,-11.0,0.016574585635359115,3
2024-10-15,Lesotho,0.0,2.0,153.0,84.0,1034.0,1,69.0,0.0,0
2024-10-15,Belize,3.0,0.0,182.0,206.0,913.0,0,-24.0,0.014563106796116505,3
2024-10-15,Switzerland,2.0,2.0,15.0,20.0,1641.0,2,-5.0,0.05,1
2024-10-15,Colombia,4.0,0.0,9.0,49.0,1739.0,0,-40.0,0.061224489795918366,3
2024-10-15,Belarus,1.0,1.0,97.0,87.0,1229.0,2,10.0,0.011494252873563218,1
2024-10-15,Northern Ireland,5.0,0.0,73.0,81.0,1340.0,0,-8.0,0.037037037037037035,3
2024-10-15,Scotland,0.0,0.0,52.0,8.0,1462.0,2,44.0,0.125,1
2024-10-15,Kosovo,3.0,0.0,104.0,123.0,1206.0,0,-19.0,0.024390243902439025,3
2024-10-15,Spain,3.0,0.0,3.0,35.0,1836.0,0,-32.0,0.08571428571428572,3
2024-10-15,Poland,3.0,3.0,30.0,12.0,1525.0,2,18.0,0.08333333333333333,1
2024-10-15,Uruguay,0.0,0.0,11.0,27.0,1701.0,2,-16.0,0.037037037037037035,1
2024-10-15,Lithuania,1.0,2.0,139.0,45.0,1091.0,1,94.0,0.0,0
2024-10-15,Argentina,6.0,0.0,1.0,83.0,1889.0,0,-82.0,0.03614457831325301,3
2024-10-15,Palestine,2.0,2.0,98.0,134.0,1229.0,2,-36.0,0.007462686567164179,1
2024-10-15,Paraguay,2.0,1.0,57.0,40.0,1424.0,0,17.0,0.075,3
2024-10-15,Iran,4.0,1.0,19.0,44.0,1623.0,0,-25.0,0.06818181818181818,3
2024-10-15,Kyrgyzstan,1.0,0.0,106.0,111.0,1201.0,0,-5.0,0.02702702702702703,3
2024-10-15,Jordan,4.0,0.0,68.0,78.0,1378.0,0,-10.0,0.038461538461538464,3
2024-10-15,South Korea,3.0,2.0,23.0,55.0,1573.0,0,-32.0,0.05454545454545454,3
2024-10-15,Japan,1.0,1.0,16.0,25.0,1640.0,2,-9.0,0.04,1
2024-10-15,Brazil,4.0,0.0,5.0,43.0,1772.0,0,-38.0,0.06976744186046512,3
2024-10-15,Saudi Arabia,0.0,0.0,56.0,76.0,1433.0,2,-20.0,0.013157894736842105,1
2024-10-15,Timor-Leste,0.0,0.0,196.0,183.0,845.0,2,13.0,0.00546448087431694,1
2024-10-15,Saint Kitts and Nevis,1.0,1.0,141.0,195.0,1068.0,2,-54.0,0.005128205128205128,1
2024-10-15,Uzbekistan,1.0,0.0,60.0,69.0,1413.0,0,-9.0,0.043478260869565216,3
2024-11-13,Liberia,1.0,0.0,149.0,123.0,1049.0,0,26.0,0.024390243902439025,3
2024-11-13,Tajikistan,4.0,0.0,105.0,176.0,1197.0,0,-71.0,0.017045454545454544,3
2024-11-13,Namibia,0.0,0.0,113.0,49.0,1174.0,2,64.0,0.02040816326530612,1
2024-11-13,Chad,1.0,1.0,177.0,121.0,933.0,2,56.0,0.008264462809917356,1
2024-11-13,Bangladesh,0.0,1.0,185.0,163.0,897.0,1,22.0,0.0,0
2024-11-14,Armenia,0.0,1.0,99.0,138.0,1223.0,1,-39.0,0.0,0
2024-11-14,Republic of Ireland,1.0,0.0,63.0,66.0,1396.0,0,-3.0,0.045454545454545456,3
2024-11-14,Belgium,0.0,1.0,6.0,9.0,1761.0,1,-3.0,0.0,0
2024-11-14,Venezuela,1.0,1.0,44.0,5.0,1482.0,2,39.0,0.2,1
2024-11-14,Kazakhstan,0.0,2.0,107.0,23.0,1186.0,1,84.0,0.0,0
2024-11-14,Slovenia,1.0,4.0,52.0,48.0,1460.0,1,4.0,0.0,0
2024-11-14,North Macedonia,1.0,0.0,69.0,137.0,1361.0,0,-68.0,0.021897810218978103,3
2024-11-14,Montserrat,1.0,2.0,180.0,174.0,924.0,1,6.0,0.0,0
2024-11-14,Malta,2.0,0.0,169.0,200.0,980.0,0,-31.0,0.015,3
2024-11-14,Saint Kitts and Nevis,2.0,1.0,143.0,166.0,1069.0,0,-23.0,0.018072289156626505,3
2024-11-14,Costa Rica,0.0,1.0,50.0,39.0,1466.0,1,11.0,0.0,0
2024-11-14,Jamaica,0.0,1.0,61.0,18.0,1405.0,1,43.0,0.0,0
2024-11-14,Hong Kong,3.0,1.0,158.0,145.0,1015.0,0,13.0,0.020689655172413793,3
2024-11-14,Malaysia,3.0,1.0,133.0,187.0,1114.0,0,-54.0,0.016042780748663103,3
2024-11-14,Singapore,3.0,2.0,162.0,165.0,1008.0,0,-3.0,0.01818181818181818,3
2024-11-14,Thailand,0.0,0.0,96.0,115.0,1232.0,2,-19.0,0.008695652173913044,1
2024-11-14,France,0.0,0.0,2.0,81.0,1860.0,2,-79.0,0.012345679012345678,1
2024-11-14,Qatar,3.0,2.0,46.0,58.0,1479.0,0,-12.0,0.05172413793103448,3
2024-11-14,Greece,0.0,3.0,42.0,4.0,1487.0,1,38.0,0.0,0
2024-11-14,Australia,0.0,0.0,24.0,59.0,1553.0,2,-35.0,0.01694915254237288,1
2024-11-14,Ecuador,4.0,0.0,27.0,79.0,1536.0,0,-52.0,0.0379746835443038,3
2024-11-14,Oman,1.0,0.0,80.0,100.0,1306.0,0,-20.0,0.03,3
2024-11-14,Papua New Guinea,3.0,3.0,171.0,146.0,972.0,2,25.0,0.00684931506849315,1
2024-11-14,Solomon Islands,2.0,3.0,147.0,155.0,1051.0,1,-8.0,0.0,0
2024-11-14,United Arab Emirates,3.0,0.0,68.0,103.0,1361.0,0,-35.0,0.02912621359223301,3
2024-11-14,Kuwait,1.0,3.0,135.0,22.0,1106.0,1,113.0,0.0,0
2024-11-14,Iraq,0.0,0.0,56.0,64.0,1434.0,2,-8.0,0.015625,1
2024-11-14,North Korea,2.0,3.0,111.0,19.0,1175.0,1,92.0,0.0,0
2024-11-14,Lesotho,1.0,0.0,152.0,129.0,1033.0,0,23.0,0.023255813953488372,3
2024-11-14,Rwanda,0.0,1.0,126.0,122.0,1130.0,1,4.0,0.0,0
2024-11-14,Benin,1.0,1.0,95.0,36.0,1251.0,2,59.0,0.027777777777777776,1
2024-11-14,Equatorial Guinea,0.0,0.0,88.0,37.0,1267.0,2,51.0,0.02702702702702703,1
2024-11-14,Niger,4.0,0.0,131.0,110.0,1115.0,0,21.0,0.02727272727272727,3
2024-11-14,Burundi,0.0,0.0,139.0,134.0,1089.0,2,5.0,0.007462686567164179,1
2024-11-14,Paraguay,2.0,1.0,55.0,1.0,1441.0,0,54.0,3.0,3
2024-11-14,Burkina Faso,0.0,1.0,62.0,20.0,1400.0,1,42.0,0.0,0
2024-11-14,Madagascar,2.0,3.0,109.0,47.0,1180.0,1,62.0,0.0,0
2024-11-15,Scotland,1.0,0.0,51.0,12.0,1461.0,0,39.0,0.25,3
2024-11-15,Denmark,1.0,2.0,21.0,3.0,1617.0,1,18.0,0.0,0
2024-11-15,Suriname,0.0,1.0,136.0,35.0,1105.0,1,101.0,0.0,0
2024-11-15,Cyprus,2.0,1.0,127.0,141.0,1128.0,0,-14.0,0.02127659574468085,3
2024-11-15,Romania,0.0,0.0,43.0,101.0,1487.0,2,-58.0,0.009900990099009901,1
2024-11-15,Northern Ireland,2.0,0.0,71.0,97.0,1345.0,0,-26.0,0.030927835051546393,3
2024-11-15,Puerto Rico,5.0,1.0,153.0,195.0,1022.0,0,-42.0,0.015384615384615385,3
2024-11-15,San Marino,1.0,1.0,210.0,197.0,737.0,2,13.0,0.005076142131979695,1
2024-11-15,Barbados,1.0,4.0,173.0,161.0,955.0,1,12.0,0.0,0
2024-11-15,Luxembourg,0.0,1.0,89.0,84.0,1262.0,1,5.0,0.0,0
2024-11-15,Portugal,5.0,1.0,7.0,31.0,1753.0,0,-24.0,0.0967741935483871,3
2024-11-15,Switzerland,1.0,1.0,17.0,33.0,1631.0,2,-16.0,0.030303030303030304,1
2024-11-15,Honduras,2.0,0.0,77.0,16.0,1313.0,0,61.0,0.1875,3
2024-11-15,Eswatini,1.0,1.0,160.0,116.0,1009.0,2,44.0,0.008620689655172414,1
2024-11-15,Peru,0.0,0.0,38.0,53.0,1494.0,2,-15.0,0.018867924528301886,1
2024-11-15,Samoa,0.0,3.0,186.0,159.0,891.0,1,27.0,0.0,0
2024-11-15,New Zealand,8.0,1.0,91.0,157.0,1258.0,0,-66.0,0.01910828025477707,3
2024-11-15,Indonesia,0.0,4.0,130.0,15.0,1119.0,1,115.0,0.0,0
2024-11-15,Saint Lucia,0.0,4.0,164.0,175.0,998.0,1,-11.0,0.0,0
2024-11-15,Gambia,1.0,2.0,128.0,108.0,1126.0,1,20.0,0.0,0
2024-11-15,Gabon,1.0,5.0,85.0,13.0,1294.0,1,72.0,0.0,0
2024-11-15,Zambia,1.0,0.0,94.0,40.0,1252.0,0,54.0,0.075,3
2024-11-15,Russia,2.0,1.0,34.0,184.0,1509.0,0,-150.0,0.016304347826086956,3
2024-11-15,Angola,1.0,1.0,82.0,73.0,1299.0,2,9.0,0.0136986301369863,1
2024-11-15,Mozambique,0.0,1.0,98.0,54.0,1229.0,1,44.0,0.0,0
2024-11-15,Zimbabwe,1.0,1.0,117.0,106.0,1162.0,2,11.0,0.009433962264150943,1
2024-11-15,Uganda,0.0,2.0,87.0,60.0,1270.0,1,27.0,0.0,0
2024-11-15,Uruguay,3.0,2.0,14.0,10.0,1680.0,0,4.0,0.3,3
2024-11-15,Botswana,1.0,1.0,140.0,114.0,1088.0,2,26.0,0.008771929824561403,1
2024-11-15,Cape Verde,1.0,1.0,72.0,30.0,1341.0,2,42.0,0.03333333333333333,1
2024-11-16,Turkey,0.0,0.0,26.0,29.0,1548.0,2,-3.0,0.034482758620689655,1
2024-11-16,Albania,0.0,0.0,65.0,45.0,1379.0,2,20.0,0.022222222222222223,1
2024-11-16,Georgia,1.0,1.0,67.0,25.0,1366.0,2,42.0,0.04,1
2024-11-16,Dominican Republic,6.0,1.0,142.0,183.0,1072.0,0,-41.0,0.01639344262295082,3
2024-11-16,Netherlands,4.0,0.0,8.0,32.0,1748.0,0,-24.0,0.09375,3
2024-11-16,Azerbaijan,0.0,0.0,118.0,124.0,1162.0,2,-6.0,0.008064516129032258,1
2024-11-16,Guinea,1.0,0.0,78.0,57.0,1312.0,0,21.0,0.05263157894736842,3
2024-11-16,Montenegro,0.0,2.0,75.0,70.0,1323.0,1,5.0,0.0,0
2024-11-16,Bermuda,2.0,1.0,167.0,156.0,987.0,0,11.0,0.019230769230769232,3
2024-11-16,Sweden,2.0,1.0,28.0,41.0,1530.0,0,-13.0,0.07317073170731707,3
2024-11-16,Andorra,0.0,1.0,170.0,150.0,978.0,1,20.0,0.0,0
2024-11-16,Ethiopia,0.0,2.0,148.0,112.0,1049.0,1,36.0,0.0,0
2024-11-16,Germany,7.0,0.0,11.0,74.0,1704.0,0,-63.0,0.04054054054054054,3
2024-11-16,Nepal,2.0,0.0,176.0,151.0,936.0,0,25.0,0.019867549668874173,3
2024-11-16,Sri Lanka,1.0,0.0,203.0,154.0,829.0,0,49.0,0.01948051948051948,3
2024-11-16,Bangladesh,2.0,1.0,185.0,163.0,897.0,0,22.0,0.018404907975460124,3
2024-11-17,North Macedonia,1.0,0.0,69.0,138.0,1361.0,0,-69.0,0.021739130434782608,3
2024-11-17,Israel,1.0,0.0,81.0,6.0,1304.0,0,75.0,0.5,3
2024-11-17,England,5.0,0.0,4.0,63.0,1808.0,0,-59.0,0.047619047619047616,3
2024-11-17,Finland,0.0,2.0,66.0,42.0,1375.0,1,24.0,0.0,0
2024-11-17,Norway,5.0,0.0,48.0,107.0,1474.0,0,-59.0,0.028037383177570093,3
2024-11-17,Austria,1.0,1.0,23.0,52.0,1589.0,2,-29.0,0.019230769230769232,1
2024-11-17,Papua New Guinea,1.0,2.0,171.0,147.0,972.0,1,24.0,0.0,0
2024-11-17,Italy,1.0,3.0,9.0,2.0,1729.0,1,7.0,0.0,0
2024-11-17,El Salvador,1.0,0.0,83.0,180.0,1298.0,0,-97.0,0.016666666666666666,3
2024-11-17,Thailand,1.0,1.0,96.0,187.0,1232.0,2,-91.0,0.0053475935828877,1
2024-11-17,Fiji,1.0,1.0,146.0,155.0,1051.0,2,-9.0,0.0064516129032258064,1
2024-11-17,Algeria,5.0,1.0,37.0,149.0,1497.0,0,-112.0,0.020134228187919462,3
2024-11-17,Togo,3.0,0.0,123.0,88.0,1148.0,0,35.0,0.03409090909090909,3
2024-11-17,Latvia,1.0,2.0,137.0,99.0,1094.0,1,38.0,0.0,0
2024-11-18,Cuba,4.0,0.0,166.0,143.0,990.0,0,23.0,0.02097902097902098,3
2024-11-18,Serbia,0.0,0.0,33.0,21.0,1511.0,2,12.0,0.047619047619047616,1
2024-11-18,Spain,3.0,2.0,3.0,17.0,1844.0,0,-14.0,0.17647058823529413,3
2024-11-18,Kosovo,1.0,0.0,101.0,141.0,1218.0,0,-40.0,0.02127659574468085,3
2024-11-18,Romania,4.0,1.0,43.0,127.0,1487.0,0,-84.0,0.023622047244094488,3
2024-11-18,Poland,1.0,2.0,31.0,51.0,1523.0,1,-20.0,0.0,0
2024-11-18,Liechtenstein,1.0,3.0,200.0,210.0,834.0,1,-10.0,0.0,0
2024-11-18,Saint Lucia,1.0,4.0,164.0,90.0,998.0,1,74.0,0.0,0
2024-11-18,Luxembourg,2.0,2.0,89.0,71.0,1262.0,2,18.0,0.014084507042253521,1
2024-11-18,Puerto Rico,0.0,3.0,153.0,86.0,1022.0,1,67.0,0.0,0
2024-11-18,Bulgaria,1.0,1.0,84.0,97.0,1295.0,2,-13.0,0.010309278350515464,1
2024-11-18,Croatia,1.0,1.0,12.0,7.0,1701.0,2,5.0,0.14285714285714285,1
2024-11-18,Central African Republic,0.0,1.0,129.0,85.0,1125.0,1,44.0,0.0,0
2024-11-18,Panama,2.0,2.0,39.0,50.0,1494.0,2,-11.0,0.02,1
2024-11-18,India,1.0,1.0,125.0,133.0,1134.0,2,-8.0,0.007518796992481203,1
2024-11-18,New Zealand,8.0,0.0,91.0,186.0,1258.0,0,-95.0,0.016129032258064516,3
2024-11-18,Tunisia,0.0,1.0,47.0,128.0,1479.0,1,-81.0,0.0,0
2024-11-18,Comoros,1.0,0.0,108.0,109.0,1186.0,0,-1.0,0.027522935779816515,3
2024-11-18,Morocco,7.0,0.0,13.0,152.0,1682.0,0,-139.0,0.019736842105263157,3
2024-11-18,Tahiti,2.0,0.0,159.0,157.0,1010.0,0,2.0,0.01910828025477707,3
2024-11-18,Nigeria,1.0,2.0,36.0,126.0,1503.0,1,-90.0,0.0,0
2024-11-18,Ghana,1.0,2.0,73.0,131.0,1339.0,1,-58.0,0.0,0
2024-11-18,Sudan,0.0,0.0,110.0,82.0,1176.0,2,28.0,0.012195121951219513,1
2024-11-18,Malawi,3.0,0.0,134.0,62.0,1111.0,0,72.0,0.04838709677419355,3
2024-11-18,Libya,0.0,0.0,122.0,95.0,1149.0,2,27.0,0.010526315789473684,1
2024-11-18,United States,4.0,2.0,18.0,61.0,1631.0,0,-43.0,0.04918032786885246,3
2024-11-19,Dominican Republic,6.0,1.0,142.0,167.0,1072.0,0,-25.0,0.017964071856287425,3
2024-11-19,Malta,0.0,0.0,169.0,170.0,980.0,2,-1.0,0.0058823529411764705,1
2024-11-19,Sweden,6.0,0.0,28.0,118.0,1530.0,0,-90.0,0.025423728813559324,3
2024-11-19,Slovakia,1.0,0.0,41.0,124.0,1490.0,0,-83.0,0.024193548387096774,3
2024-11-19,Wales,4.0,1.0,29.0,70.0,1529.0,0,-41.0,0.04285714285714286,3
2024-11-19,Argentina,1.0,0.0,1.0,38.0,1884.0,0,-37.0,0.07894736842105263,3
2024-11-19,Albania,1.0,2.0,65.0,25.0,1379.0,1,40.0,0.0,0
2024-11-19,Hungary,1.0,1.0,32.0,11.0,1519.0,2,21.0,0.09090909090909091,1
2024-11-19,Montenegro,3.0,1.0,75.0,26.0,1323.0,0,49.0,0.11538461538461539,3
2024-11-19,Czech Republic,2.0,1.0,45.0,67.0,1480.0,0,-22.0,0.04477611940298507,3
2024-11-19,Myanmar,2.0,3.0,165.0,115.0,991.0,1,50.0,0.0,0
2024-11-19,Canada,3.0,0.0,35.0,136.0,1507.0,0,-101.0,0.022058823529411766,3
2024-11-19,Mexico,4.0,0.0,16.0,77.0,1641.0,0,-61.0,0.03896103896103896,3
2024-11-19,Gibraltar,1.0,1.0,197.0,150.0,848.0,2,47.0,0.006666666666666667,1
2024-11-19,Hong Kong,1.0,0.0,158.0,178.0,1015.0,0,-20.0,0.016853932584269662,3
2024-11-19,Russia,4.0,0.0,34.0,93.0,1509.0,0,-59.0,0.03225806451612903,3
2024-11-19,Sri Lanka,0.0,2.0,203.0,154.0,829.0,1,49.0,0.0,0
2024-11-19,Tajikistan,3.0,1.0,105.0,151.0,1197.0,0,-46.0,0.019867549668874173,3
2024-11-19,Bolivia,2.0,2.0,79.0,55.0,1312.0,2,24.0,0.01818181818181818,1
2024-11-19,Bosnia and Herzegovina,1.0,1.0,74.0,8.0,1324.0,2,66.0,0.125,1
2024-11-19,Guyana,5.0,3.0,161.0,173.0,1009.0,0,-12.0,0.017341040462427744,3
2024-11-19,Colombia,0.0,1.0,10.0,27.0,1724.0,1,-17.0,0.0,0
2024-11-19,Oman,0.0,1.0,80.0,56.0,1306.0,1,24.0,0.0,0
2024-11-19,Chile,4.0,2.0,53.0,44.0,1455.0,0,9.0,0.06818181818181818,3
2024-11-19,Indonesia,2.0,0.0,130.0,59.0,1119.0,0,71.0,0.05084745762711865,3
2024-11-19,Bahrain,2.0,2.0,76.0,24.0,1314.0,2,52.0,0.041666666666666664,1
2024-11-19,Antigua and Barbuda,0.0,0.0,156.0,183.0,1021.0,2,-27.0,0.00546448087431694,1
2024-11-19,Palestine,1.0,1.0,100.0,22.0,1218.0,2,78.0,0.045454545454545456,1
2024-11-19,United Arab Emirates,5.0,0.0,68.0,46.0,1361.0,0,22.0,0.06521739130434782,3
2024-11-19,Kyrgyzstan,2.0,3.0,103.0,19.0,1207.0,1,84.0,0.0,0
2024-11-19,North Korea,0.0,1.0,111.0,58.0,1175.0,1,53.0,0.0,0
2024-11-19,Egypt,1.0,1.0,30.0,140.0,1526.0,2,-110.0,0.007142857142857143,1
2024-11-19,Mauritania,1.0,0.0,114.0,72.0,1168.0,0,42.0,0.041666666666666664,3
2024-11-19,Cameroon,2.0,1.0,49.0,117.0,1472.0,0,-68.0,0.02564102564102564,3
2024-11-19,Kuwait,1.0,1.0,135.0,64.0,1106.0,2,71.0,0.015625,1
2024-11-19,DR Congo,1.0,2.0,57.0,148.0,1431.0,1,-91.0,0.0,0
2024-11-19,Sierra Leone,0.0,2.0,121.0,94.0,1150.0,1,27.0,0.0,0
2024-11-19,Tanzania,1.0,0.0,112.0,78.0,1174.0,0,34.0,0.038461538461538464,3
2024-11-19,Mali,6.0,0.0,54.0,160.0,1455.0,0,-106.0,0.01875,3
2024-11-19,Guinea-Bissau,1.0,2.0,116.0,98.0,1166.0,1,18.0,0.0,0
2024-11-19,Kenya,0.0,0.0,106.0,113.0,1195.0,2,-7.0,0.008849557522123894,1
2024-11-19,South Africa,3.0,0.0,60.0,172.0,1416.0,0,-112.0,0.01744186046511628,3
2024-11-19,Senegal,2.0,0.0,20.0,139.0,1627.0,0,-119.0,0.02158273381294964,3
2024-11-19,Brazil,1.0,1.0,5.0,14.0,1784.0,2,-9.0,0.07142857142857142,1
2024-11-19,Ivory Coast,4.0,0.0,40.0,177.0,1494.0,0,-137.0,0.01694915254237288,3
2024-12-08,Hong Kong,3.0,0.0,156.0,187.0,1025.0,0,-31.0,0.016042780748663103,3
2024-12-08,Cambodia,2.0,2.0,180.0,132.0,921.0,2,48.0,0.007575757575757576,1
2024-12-08,Timor-Leste,0.0,10.0,196.0,97.0,851.0,1,99.0,0.0,0
2024-12-09,Myanmar,0.0,1.0,167.0,125.0,986.0,1,42.0,0.0,0
2024-12-09,Laos,1.0,4.0,186.0,116.0,890.0,1,70.0,0.0,0
2024-12-09,Solomon Islands,4.0,1.0,148.0,163.0,1049.0,0,-15.0,0.018404907975460124,3
2024-12-11,Singapore,2.0,1.0,161.0,180.0,1008.0,0,-19.0,0.016666666666666666,3
2024-12-11,Malaysia,3.0,2.0,132.0,196.0,1117.0,0,-64.0,0.015306122448979591,3
2024-12-12,Philippines,1.0,1.0,149.0,167.0,1048.0,2,-18.0,0.005988023952095809,1
2024-12-12,Indonesia,3.0,3.0,125.0,186.0,1135.0,2,-61.0,0.005376344086021506,1
2024-12-12,Fiji,1.0,1.0,147.0,163.0,1049.0,2,-16.0,0.006134969325153374,1
2024-12-14,Macau,1.0,2.0,193.0,203.0,872.0,1,-10.0,0.0,0
2024-12-14,Timor-Leste,0.0,3.0,196.0,161.0,851.0,1,35.0,0.0,0
2024-12-14,Thailand,1.0,0.0,97.0,132.0,1228.0,0,-35.0,0.022727272727272728,3
2024-12-15,Laos,1.0,1.0,186.0,149.0,890.0,2,37.0,0.006711409395973154,1
2024-12-15,Vietnam,1.0,0.0,116.0,125.0,1161.0,0,-9.0,0.024,3
2024-12-15,Papua New Guinea,1.0,1.0,172.0,147.0,963.0,2,25.0,0.006802721088435374,1
2024-12-17,Cambodia,2.0,1.0,180.0,196.0,921.0,0,-16.0,0.015306122448979591,3
2024-12-17,Singapore,2.0,4.0,161.0,97.0,1008.0,1,64.0,0.0,0
2024-12-17,Hong Kong,5.0,0.0,156.0,203.0,1025.0,0,-47.0,0.014778325123152709,3
2024-12-18,Myanmar,3.0,2.0,167.0,186.0,986.0,0,-19.0,0.016129032258064516,3
2024-12-18,Philippines,1.0,1.0,149.0,116.0,1048.0,2,33.0,0.008620689655172414,1
2024-12-18,Solomon Islands,2.0,3.0,148.0,172.0,1049.0,1,-24.0,0.0,0
2024-12-20,Thailand,3.0,2.0,97.0,180.0,1231.0,0,-83.0,0.016666666666666666,3
2024-12-20,Malaysia,0.0,0.0,132.0,160.0,1116.0,2,-28.0,0.00625,1
2024-12-21,Kuwait,1.0,1.0,134.0,80.0,1109.0,2,54.0,0.0125,1
2024-12-21,Indonesia,0.0,1.0,127.0,150.0,1133.0,1,-23.0,0.0,0
2024-12-21,Vietnam,5.0,0.0,114.0,169.0,1165.0,0,-55.0,0.01775147928994083,3
2024-12-21,Qatar,1.0,1.0,48.0,63.0,1475.0,2,-15.0,0.015873015873015872,1
2024-12-21,Solomon Islands,1.0,3.0,147.0,148.0,1051.0,1,-1.0,0.0,0
2024-12-21,Vanuatu,1.0,2.0,164.0,172.0,994.0,1,-8.0,0.0,0
2024-12-22,Iraq,1.0,0.0,56.0,158.0,1443.0,0,-102.0,0.0189873417721519,3
2024-12-22,Saudi Arabia,2.0,3.0,59.0,81.0,1407.0,1,-22.0,0.0,0
2024-12-24,Oman,2.0,1.0,80.0,48.0,1307.0,0,32.0,0.0625,3
2024-12-24,Kuwait,2.0,1.0,134.0,63.0,1109.0,0,71.0,0.047619047619047616,3
2024-12-25,Yemen,2.0,3.0,158.0,59.0,1018.0,1,99.0,0.0,0
2024-12-25,Bahrain,2.0,0.0,81.0,56.0,1306.0,0,25.0,0.05357142857142857,3
2024-12-26,Singapore,0.0,2.0,160.0,114.0,1012.0,1,46.0,0.0,0
2024-12-27,Philippines,2.0,1.0,150.0,97.0,1047.0,0,53.0,0.030927835051546393,3
2024-12-27,Kuwait,1.0,1.0,134.0,48.0,1109.0,2,86.0,0.020833333333333332,1
2024-12-27,United Arab Emirates,1.0,1.0,63.0,80.0,1386.0,2,-17.0,0.0125,1
2024-12-28,Iraq,1.0,3.0,56.0,59.0,1443.0,1,-3.0,0.0,0
2024-12-28,Bahrain,1.0,2.0,81.0,158.0,1306.0,1,-77.0,0.0,0
2024-12-29,Vietnam,3.0,1.0,114.0,160.0,1165.0,0,-46.0,0.01875,3
2024-12-30,Thailand,3.0,1.0,97.0,150.0,1231.0,0,-53.0,0.02,3
2024-12-31,Oman,2.0,1.0,80.0,59.0,1307.0,0,21.0,0.05084745762711865,3
2024-12-31,Kuwait,0.0,1.0,134.0,81.0,1109.0,1,53.0,0.0,0
2025-01-02,Vietnam,2.0,1.0,114.0,97.0,1165.0,0,17.0,0.030927835051546393,3
2025-01-04,Oman,1.0,2.0,80.0,81.0,1307.0,1,-1.0,0.0,0
2025-01-04,Burkina Faso,1.0,1.0,66.0,108.0,1374.0,2,-42.0,0.009259259259259259,1
2025-01-05,Thailand,2.0,3.0,97.0,114.0,1231.0,1,-17.0,0.0,0
2025-01-07,Tanzania,0.0,2.0,106.0,108.0,1199.0,1,-2.0,0.0,0
2025-01-09,Tanzania,0.0,2.0,106.0,66.0,1199.0,1,40.0,0.0,0
2025-01-18,United States,3.0,1.0,16.0,47.0,1645.0,0,-31.0,0.06382978723404255,3
2025-01-22,United States,3.0,0.0,16.0,54.0,1645.0,0,-38.0,0.05555555555555555,3
2025-01-22,Uzbekistan,0.0,0.0,58.0,64.0,1425.0,2,-6.0,0.015625,1
2025-02-07,Jamaica,1.0,0.0,62.0,102.0,1391.0,0,-40.0,0.029411764705882353,3
2025-02-08,Chile,6.0,1.0,50.0,36.0,1469.0,0,14.0,0.08333333333333333,3
2025-02-10,Jamaica,1.0,1.0,62.0,102.0,1391.0,2,-40.0,0.00980392156862745,1
2025-02-13,Oman,0.0,0.0,80.0,113.0,1307.0,2,-33.0,0.008849557522123894,1
2025-03-09,Saint Vincent and the Grenadines,1.0,1.0,173.0,174.0,962.0,2,-1.0,0.005747126436781609,1
2025-03-13,Oman,0.0,0.0,80.0,113.0,1307.0,2,-33.0,0.008849557522123894,1
2025-03-14,Jordan,1.0,1.0,64.0,115.0,1376.0,2,-51.0,0.008695652173913044,1
2025-03-16,Honduras,1.0,2.0,75.0,105.0,1326.0,1,-30.0,0.0,0
2025-03-19,Eswatini,0.0,0.0,159.0,49.0,1015.0,2,110.0,0.02040816326530612,1
2025-03-19,Hong Kong,2.0,0.0,155.0,193.0,1029.0,0,-38.0,0.015544041450777202,3
2025-03-19,India,3.0,0.0,126.0,162.0,1134.0,0,-36.0,0.018518518518518517,3
2025-03-19,Vietnam,2.0,1.0,114.0,180.0,1165.0,0,-66.0,0.016666666666666666,3
2025-03-19,Central African Republic,1.0,4.0,135.0,116.0,1102.0,1,19.0,0.0,0
2025-03-19,Kazakhstan,2.0,0.0,110.0,91.0,1180.0,0,19.0,0.03296703296703297,3
2025-03-19,Russia,5.0,0.0,34.0,174.0,1512.0,0,-140.0,0.017241379310344827,3
2025-03-19,Liberia,0.0,1.0,145.0,52.0,1063.0,1,93.0,0.0,0
2025-03-20,Italy,1.0,2.0,9.0,10.0,1732.0,1,-1.0,0.0,0
2025-03-20,Croatia,2.0,0.0,13.0,2.0,1692.0,0,11.0,1.5,3
2025-03-20,Denmark,1.0,0.0,21.0,6.0,1611.0,0,15.0,0.5,3
2025-03-20,Netherlands,2.0,2.0,7.0,3.0,1748.0,2,4.0,0.3333333333333333,1
2025-03-20,Brazil,2.0,1.0,5.0,12.0,1776.0,0,-7.0,0.25,3
2025-03-20,Greece,0.0,1.0,39.0,45.0,1490.0,1,-6.0,0.0,0
2025-03-20,Turkey,3.0,1.0,28.0,30.0,1537.0,0,-2.0,0.1,3
2025-03-20,Austria,1.0,1.0,22.0,32.0,1590.0,2,-10.0,0.03125,1
2025-03-20,Bulgaria,1.0,2.0,82.0,60.0,1301.0,1,22.0,0.0,0
2025-03-20,United States,0.0,1.0,16.0,36.0,1645.0,1,-20.0,0.0,0
2025-03-20,Kosovo,2.0,1.0,99.0,70.0,1220.0,0,29.0,0.04285714285714286,3
2025-03-20,Slovakia,0.0,0.0,41.0,55.0,1486.0,2,-14.0,0.01818181818181818,1
2025-03-20,Laos,1.0,2.0,186.0,200.0,890.0,1,-14.0,0.0,0
2025-03-20,Tajikistan,0.0,5.0,104.0,98.0,1203.0,1,6.0,0.0,0
2025-03-20,Paraguay,1.0,0.0,53.0,50.0,1458.0,0,3.0,0.06,3
2025-03-20,Ukraine,3.0,1.0,25.0,8.0,1555.0,0,17.0,0.375,3
2025-03-20,Armenia,0.0,3.0,100.0,68.0,1219.0,1,32.0,0.0,0
2025-03-20,Peru,3.0,1.0,40.0,79.0,1488.0,0,-39.0,0.0379746835443038,3
2025-03-20,Canada,0.0,2.0,31.0,19.0,1516.0,1,12.0,0.0,0
2025-03-20,Iran,2.0,0.0,18.0,63.0,1635.0,0,-45.0,0.047619047619047616,3
2025-03-20,Jordan,3.0,1.0,64.0,101.0,1376.0,0,-37.0,0.0297029702970297,3
2025-03-20,South Korea,1.0,1.0,23.0,80.0,1585.0,2,-57.0,0.0125,1
2025-03-20,Iraq,2.0,2.0,56.0,134.0,1443.0,2,-78.0,0.007462686567164179,1
2025-03-20,Japan,2.0,0.0,15.0,81.0,1653.0,0,-66.0,0.037037037037037035,3
2025-03-20,Australia,5.0,1.0,26.0,127.0,1544.0,0,-101.0,0.023622047244094488,3
2025-03-20,Uzbekistan,1.0,0.0,58.0,107.0,1425.0,0,-49.0,0.028037383177570093,3
2025-03-20,Zimbabwe,2.0,2.0,121.0,94.0,1151.0,2,27.0,0.010638297872340425,1
2025-03-20,Libya,1.0,1.0,118.0,85.0,1158.0,2,33.0,0.011764705882352941,1
2025-03-20,Sierra Leone,3.0,1.0,129.0,120.0,1132.0,0,9.0,0.025,3
2025-03-20,Gambia,3.0,3.0,125.0,108.0,1135.0,2,17.0,0.009259259259259259,1
2025-03-20,Gabon,3.0,0.0,84.0,201.0,1298.0,0,-117.0,0.014925373134328358,3
2025-03-20,Mozambique,3.0,1.0,96.0,88.0,1233.0,0,8.0,0.03409090909090909,3
2025-03-20,Malawi,0.0,1.0,131.0,111.0,1129.0,1,20.0,0.0,0
2025-03-20,Comoros,0.0,3.0,103.0,51.0,1209.0,1,52.0,0.0,0
2025-03-20,Lebanon,4.0,0.0,112.0,197.0,1171.0,0,-85.0,0.015228426395939087,3
2025-03-20,Cape Verde,1.0,0.0,72.0,179.0,1329.0,0,-107.0,0.01675977653631285,3
2025-03-20,Qatar,5.0,1.0,48.0,115.0,1475.0,0,-67.0,0.02608695652173913,3
2025-03-21,Cuba,1.0,2.0,163.0,102.0,994.0,1,61.0,0.0,0
2025-03-21,Burkina Faso,4.0,1.0,66.0,191.0,1374.0,0,-125.0,0.015706806282722512,3
2025-03-21,Belize,0.0,7.0,178.0,54.0,925.0,1,124.0,0.0,0
2025-03-21,Guyana,3.0,2.0,154.0,105.0,1031.0,0,49.0,0.02857142857142857,3
2025-03-21,Saint Vincent and the Grenadines,1.0,1.0,173.0,62.0,962.0,2,111.0,0.016129032258064516,1
2025-03-21,Bermuda,3.0,5.0,166.0,75.0,988.0,1,91.0,0.0,0
2025-03-21,New Zealand,7.0,0.0,89.0,148.0,1270.0,0,-59.0,0.02027027027027027,3
2025-03-21,Singapore,0.0,1.0,160.0,175.0,1012.0,1,-15.0,0.0,0
2025-03-21,Northern Ireland,1.0,1.0,71.0,20.0,1350.0,2,51.0,0.05,1
2025-03-21,Thailand,2.0,0.0,97.0,156.0,1231.0,0,-59.0,0.019230769230769232,3
2025-03-21,New Caledonia,3.0,0.0,152.0,153.0,1034.0,0,-1.0,0.0196078431372549,3
2025-03-21,Ecuador,2.0,1.0,24.0,47.0,1560.0,0,-23.0,0.06382978723404255,3
2025-03-21,Uruguay,0.0,1.0,11.0,1.0,1696.0,1,10.0,0.0,0
2025-03-21,Puerto Rico,2.0,2.0,157.0,141.0,1023.0,2,16.0,0.0070921985815602835,1
2025-03-21,Burundi,0.0,1.0,139.0,46.0,1087.0,1,93.0,0.0,0
2025-03-21,Ghana,5.0,0.0,77.0,176.0,1321.0,0,-99.0,0.017045454545454544,3
2025-03-21,Ethiopia,0.0,2.0,146.0,33.0,1060.0,1,113.0,0.0,0
2025-03-21,Guinea,0.0,0.0,78.0,202.0,1312.0,2,-124.0,0.0049504950495049506,1
2025-03-21,Rwanda,0.0,2.0,124.0,44.0,1136.0,1,80.0,0.0,0
2025-03-21,Morocco,2.0,1.0,14.0,122.0,1688.0,0,-108.0,0.02459016393442623,3
2025-03-21,Botswana,1.0,3.0,136.0,37.0,1099.0,1,99.0,0.0,0
2025-03-21,South Africa,0.0,3.0,57.0,149.0,1429.0,1,-92.0,0.0,0
2025-03-21,Malta,0.0,1.0,168.0,69.0,984.0,1,99.0,0.0,0
2025-03-21,Andorra,0.0,1.0,171.0,140.0,972.0,1,31.0,0.0,0
2025-03-21,Poland,1.0,0.0,35.0,142.0,1511.0,0,-107.0,0.02112676056338028,3
2025-03-21,England,2.0,0.0,4.0,65.0,1814.0,0,-61.0,0.046153846153846156,3
2025-03-21,Cyprus,2.0,0.0,130.0,210.0,1131.0,0,-80.0,0.014285714285714285,3
2025-03-21,Romania,0.0,1.0,38.0,74.0,1494.0,1,-36.0,0.0,0
2025-03-21,DR Congo,1.0,0.0,61.0,170.0,1396.0,0,-109.0,0.01764705882352941,3
2025-03-22,Moldova,0.0,5.0,151.0,43.0,1046.0,1,108.0,0.0,0
2025-03-22,Azerbaijan,0.0,3.0,117.0,86.0,1159.0,1,31.0,0.0,0
2025-03-22,Luxembourg,1.0,0.0,92.0,27.0,1256.0,0,65.0,0.1111111111111111,3
2025-03-22,Togo,2.0,2.0,119.0,109.0,1152.0,2,10.0,0.009174311926605505,1
2025-03-22,Sudan,0.0,0.0,113.0,17.0,1165.0,2,96.0,0.058823529411764705,1
2025-03-22,Liechtenstein,0.0,3.0,204.0,67.0,822.0,1,137.0,0.0,0
2025-03-22,Wales,3.0,1.0,29.0,110.0,1534.0,0,-81.0,0.02727272727272727,3
2025-03-22,Montenegro,3.0,1.0,73.0,196.0,1327.0,0,-123.0,0.015306122448979591,3
2025-03-22,Czech Republic,2.0,1.0,42.0,137.0,1485.0,0,-95.0,0.021897810218978103,3
2025-03-22,Israel,2.0,1.0,76.0,123.0,1322.0,0,-47.0,0.024390243902439025,3
2025-03-23,Belgium,3.0,0.0,8.0,25.0,1741.0,0,-17.0,0.12,3
2025-03-23,Hungary,0.0,3.0,30.0,28.0,1518.0,1,2.0,0.0,0
2025-03-23,United States,1.0,2.0,16.0,31.0,1645.0,1,-15.0,0.0,0
2025-03-23,Panama,1.0,2.0,36.0,19.0,1504.0,1,17.0,0.0,0
2025-03-23,Germany,3.0,3.0,10.0,9.0,1704.0,2,1.0,0.1111111111111111,1
2025-03-23,Portugal,5.0,2.0,6.0,21.0,1756.0,0,-15.0,0.14285714285714285,3
2025-03-23,Spain,3.0,3.0,3.0,7.0,1853.0,2,-4.0,0.14285714285714285,1
2025-03-23,France,2.0,0.0,2.0,13.0,1860.0,0,-11.0,0.23076923076923078,3
2025-03-23,Eswatini,3.0,3.0,159.0,179.0,1015.0,2,-20.0,0.00558659217877095,1
2025-03-23,Georgia,6.0,1.0,68.0,100.0,1362.0,0,-32.0,0.03,3
2025-03-23,Iceland,1.0,3.0,70.0,99.0,1355.0,1,-29.0,0.0,0
2025-03-23,Republic of Ireland,2.0,1.0,60.0,82.0,1400.0,0,-22.0,0.036585365853658534,3
2025-03-23,Slovenia,1.0,0.0,55.0,41.0,1454.0,0,14.0,0.07317073170731707,3
2025-03-23,Kenya,1.0,2.0,108.0,84.0,1190.0,1,24.0,0.0,0
2025-03-23,Serbia,2.0,0.0,32.0,22.0,1514.0,0,10.0,0.13636363636363635,3
2025-03-23,Scotland,0.0,3.0,45.0,39.0,1480.0,1,6.0,0.0,0
2025-03-24,Central African Republic,0.0,0.0,135.0,51.0,1102.0,2,84.0,0.0196078431372549,1
2025-03-24,New Zealand,3.0,0.0,89.0,152.0,1270.0,0,-63.0,0.019736842105263157,3
2025-03-24,Guinea-Bissau,1.0,2.0,120.0,66.0,1152.0,1,54.0,0.0,0
2025-03-24,Ethiopia,6.0,1.0,146.0,191.0,1060.0,0,-45.0,0.015706806282722512,3
2025-03-24,Ivory Coast,1.0,0.0,46.0,125.0,1478.0,0,-79.0,0.024,3
2025-03-24,Namibia,1.0,1.0,111.0,93.0,1179.0,2,18.0,0.010752688172043012,1
2025-03-24,Tunisia,2.0,0.0,52.0,131.0,1464.0,0,-79.0,0.022900763358778626,3
2025-03-24,Poland,2.0,0.0,35.0,168.0,1511.0,0,-133.0,0.017857142857142856,3
2025-03-24,Madagascar,0.0,3.0,116.0,77.0,1162.0,1,39.0,0.0,0
2025-03-24,Bosnia and Herzegovina,2.0,1.0,74.0,130.0,1327.0,0,-56.0,0.023076923076923078,3
2025-03-24,San Marino,1.0,5.0,210.0,38.0,747.0,1,172.0,0.0,0
2025-03-24,England,3.0,0.0,4.0,140.0,1814.0,0,-136.0,0.02142857142857143,3
2025-03-24,Albania,3.0,0.0,65.0,171.0,1376.0,0,-106.0,0.017543859649122806,3
2025-03-24,Lithuania,2.0,2.0,142.0,69.0,1070.0,2,73.0,0.014492753623188406,1
2025-03-25,Vietnam,5.0,0.0,114.0,186.0,1165.0,0,-72.0,0.016129032258064516,3
2025-03-25,Syria,2.0,0.0,95.0,198.0,1249.0,0,-103.0,0.015151515151515152,3
2025-03-25,Myanmar,2.0,1.0,169.0,156.0,981.0,0,13.0,0.019230769230769232,3
2025-03-25,Thailand,1.0,0.0,97.0,200.0,1231.0,0,-103.0,0.015,3
2025-03-25,Lebanon,5.0,0.0,112.0,184.0,1171.0,0,-72.0,0.016304347826086956,3
2025-03-25,India,0.0,0.0,126.0,185.0,1134.0,2,-59.0,0.005405405405405406,1
2025-03-25,Malaysia,2.0,0.0,132.0,175.0,1116.0,0,-43.0,0.017142857142857144,3
2025-03-25,Bhutan,0.0,0.0,182.0,158.0,904.0,2,24.0,0.006329113924050633,1
2025-03-25,Philippines,4.0,1.0,150.0,162.0,1047.0,0,-12.0,0.018518518518518517,3
2025-03-25,Tajikistan,1.0,0.0,104.0,197.0,1203.0,0,-93.0,0.015228426395939087,3
2025-03-25,Singapore,0.0,0.0,160.0,155.0,1012.0,2,5.0,0.0064516129032258064,1
2025-03-25,Costa Rica,6.0,1.0,54.0,178.0,1455.0,0,-124.0,0.016853932584269662,3
2025-03-25,Bolivia,0.0,0.0,79.0,11.0,1309.0,2,68.0,0.09090909090909091,1
2025-03-25,Cambodia,1.0,2.0,180.0,195.0,920.0,1,-15.0,0.0,0
2025-03-25,Colombia,2.0,2.0,12.0,53.0,1694.0,2,-41.0,0.018867924528301886,1
2025-03-25,Switzerland,3.0,1.0,20.0,92.0,1625.0,0,-72.0,0.03260869565217391,3
2025-03-25,Jamaica,3.0,0.0,62.0,173.0,1391.0,0,-111.0,0.017341040462427744,3
2025-03-25,Dominican Republic,2.0,0.0,141.0,157.0,1083.0,0,-16.0,0.01910828025477707,3
2025-03-25,Guatemala,2.0,0.0,105.0,154.0,1201.0,0,-49.0,0.01948051948051948,3
2025-03-25,Russia,5.0,0.0,34.0,87.0,1512.0,0,-53.0,0.034482758620689655,3
2025-03-25,Azerbaijan,0.0,2.0,117.0,98.0,1159.0,1,19.0,0.0,0
2025-03-25,Trinidad and Tobago,4.0,0.0,102.0,163.0,1215.0,0,-61.0,0.018404907975460124,3
2025-03-25,Argentina,4.0,1.0,1.0,5.0,1867.0,0,-4.0,0.6,3
2025-03-25,Rwanda,1.0,1.0,124.0,149.0,1136.0,2,-25.0,0.006711409395973154,1
2025-03-25,Venezuela,1.0,0.0,47.0,40.0,1476.0,0,7.0,0.075,3
2025-03-25,Sweden,5.0,1.0,27.0,71.0,1540.0,0,-44.0,0.04225352112676056,3
2025-03-25,Chile,0.0,0.0,50.0,24.0,1469.0,2,26.0,0.041666666666666664,1
2025-03-25,Burundi,5.0,0.0,139.0,201.0,1087.0,0,-62.0,0.014925373134328358,3
2025-03-25,Senegal,2.0,0.0,17.0,119.0,1637.0,0,-102.0,0.025210084033613446,3
2025-03-25,Mauritania,0.0,2.0,109.0,61.0,1183.0,1,48.0,0.0,0
2025-03-25,Egypt,1.0,0.0,33.0,129.0,1513.0,0,-96.0,0.023255813953488372,3
2025-03-25,Indonesia,1.0,0.0,127.0,81.0,1133.0,0,46.0,0.037037037037037035,3
2025-03-25,Japan,0.0,0.0,15.0,59.0,1653.0,2,-44.0,0.01694915254237288,1
2025-03-25,Kuwait,0.0,1.0,134.0,80.0,1109.0,1,54.0,0.0,0
2025-03-25,Palestine,2.0,1.0,101.0,56.0,1216.0,0,45.0,0.05357142857142857,3
2025-03-25,Sudan,1.0,1.0,113.0,170.0,1165.0,2,-57.0,0.0058823529411764705,1
2025-03-25,South Korea,1.0,1.0,23.0,64.0,1585.0,2,-41.0,0.015625,1
2025-03-25,North Korea,1.0,2.0,115.0,63.0,1164.0,1,52.0,0.0,0
2025-03-25,Kyrgyzstan,3.0,1.0,107.0,48.0,1194.0,0,59.0,0.0625,3
2025-03-25,Benin,0.0,2.0,94.0,57.0,1251.0,1,37.0,0.0,0
2025-03-25,Honduras,2.0,0.0,75.0,166.0,1326.0,0,-91.0,0.018072289156626505,3
2025-03-25,Montenegro,1.0,0.0,73.0,137.0,1327.0,0,-64.0,0.021897810218978103,3
2025-03-25,Nigeria,1.0,1.0,44.0,121.0,1482.0,2,-77.0,0.008264462809917356,1
2025-03-25,Iran,2.0,2.0,18.0,58.0,1635.0,2,-40.0,0.017241379310344827,1
2025-03-25,North Macedonia,1.0,1.0,67.0,29.0,1369.0,2,38.0,0.034482758620689655,1
2025-03-25,Liechtenstein,0.0,2.0,204.0,110.0,822.0,1,94.0,0.0,0
2025-03-25,Israel,2.0,4.0,76.0,43.0,1322.0,1,33.0,0.0,0
2025-03-25,Moldova,2.0,3.0,151.0,123.0,1046.0,1,28.0,0.0,0
2025-03-25,Cameroon,3.0,1.0,49.0,118.0,1471.0,0,-69.0,0.025423728813559324,3
2025-03-25,Algeria,5.0,1.0,37.0,96.0,1496.0,0,-59.0,0.03125,3
2025-03-25,Botswana,2.0,0.0,136.0,202.0,1099.0,0,-66.0,0.01485148514851485,3
2025-03-25,Uganda,1.0,0.0,88.0,78.0,1270.0,0,10.0,0.038461538461538464,3
2025-03-25,Gibraltar,0.0,4.0,196.0,42.0,849.0,1,154.0,0.0,0
2025-03-25,Morocco,2.0,0.0,14.0,106.0,1688.0,0,-92.0,0.02830188679245283,3
2025-03-25,Angola,1.0,2.0,85.0,72.0,1296.0,1,13.0,0.0,0
2025-03-25,Comoros,1.0,0.0,103.0,176.0,1209.0,0,-73.0,0.017045454545454544,3
2025-05-09,Dominica,0.0,0.0,184.0,176.0,900.0,2,8.0,0.005681818181818182,1
2025-05-11,Dominica,0.0,0.0,184.0,176.0,900.0,2,8.0,0.005681818181818182,1
2025-05-21,Saint Kitts and Nevis,1.0,3.0,145.0,172.0,1065.0,1,-27.0,0.0,0
2025-05-25,Anguilla,2.0,4.0,209.0,145.0,769.0,1,64.0,0.0,0
2025-05-25,Saint Vincent and the Grenadines,3.0,0.0,172.0,145.0,966.0,0,27.0,0.020689655172413793,3
2025-05-27,Jamaica,3.0,2.0,63.0,100.0,1387.0,0,-37.0,0.03,3
2025-05-28,Nigeria,2.0,1.0,43.0,76.0,1481.0,0,-33.0,0.039473684210526314,3
2025-05-28,Oman,1.0,0.0,77.0,112.0,1324.0,0,-35.0,0.026785714285714284,3
2025-05-29,Malaysia,1.0,1.0,131.0,72.0,1124.0,2,59.0,0.013888888888888888,1
2025-05-30,Saint Vincent and the Grenadines,1.0,1.0,172.0,207.0,966.0,2,-35.0,0.004830917874396135,1
2025-05-30,Saudi Arabia,2.0,0.0,58.0,62.0,1419.0,0,-4.0,0.04838709677419355,3
2025-05-31,Trinidad and Tobago,0.0,4.0,100.0,76.0,1230.0,1,24.0,0.0,0
2025-05-31,Jamaica,2.0,2.0,63.0,43.0,1387.0,2,20.0,0.023255813953488372,1
2025-06-01,Grenada,2.0,0.0,174.0,209.0,954.0,0,-35.0,0.014354066985645933,3
2025-06-01,El Salvador,1.0,1.0,81.0,106.0,1301.0,2,-25.0,0.009433962264150943,1
2025-06-01,Puerto Rico,1.0,1.0,157.0,133.0,1019.0,2,24.0,0.007518796992481203,1
2025-06-02,Tunisia,2.0,0.0,49.0,64.0,1474.0,0,-15.0,0.046875,3
2025-06-03,Malaysia,0.0,3.0,131.0,72.0,1124.0,1,59.0,0.0,0
2025-06-04,Bermuda,5.0,0.0,168.0,191.0,978.0,0,-23.0,0.015706806282722512,3
2025-06-04,Germany,1.0,2.0,10.0,7.0,1717.0,1,3.0,0.0,0
2025-06-04,Thailand,2.0,0.0,99.0,127.0,1234.0,0,-28.0,0.023622047244094488,3
2025-06-04,Barbados,1.0,1.0,176.0,195.0,933.0,2,-19.0,0.005128205128205128,1
2025-06-04,Bangladesh,2.0,0.0,183.0,182.0,904.0,0,1.0,0.016483516483516484,3
2025-06-04,Montserrat,1.0,0.0,180.0,179.0,914.0,0,1.0,0.01675977653631285,3
2025-06-04,Dominica,3.0,0.0,184.0,207.0,900.0,0,-23.0,0.014492753623188406,3
2025-06-04,Saint Vincent and the Grenadines,6.0,0.0,172.0,209.0,966.0,0,-37.0,0.014354066985645933,3
2025-06-04,Grenada,6.0,0.0,174.0,204.0,954.0,0,-30.0,0.014705882352941176,3
2025-06-05,Singapore,3.0,1.0,161.0,164.0,1002.0,0,-3.0,0.018292682926829267,3
2025-06-05,DR Congo,1.0,0.0,61.0,53.0,1407.0,0,8.0,0.05660377358490566,3
2025-06-05,Hong Kong,0.0,0.0,153.0,175.0,1033.0,2,-22.0,0.005714285714285714,1
2025-06-05,Georgia,1.0,0.0,68.0,141.0,1373.0,0,-73.0,0.02127659574468085,3
2025-06-05,Algeria,2.0,0.0,36.0,130.0,1507.0,0,-94.0,0.023076923076923078,3
2025-06-05,Cambodia,1.0,2.0,181.0,104.0,913.0,1,77.0,0.0,0
2025-06-05,Belarus,4.0,1.0,98.0,113.0,1235.0,0,-15.0,0.02654867256637168,3
2025-06-05,Spain,5.0,4.0,2.0,3.0,1855.0,0,-1.0,1.0,3
2025-06-05,Chile,0.0,1.0,52.0,1.0,1462.0,1,51.0,0.0,0
2025-06-05,Ecuador,0.0,0.0,24.0,5.0,1568.0,2,19.0,0.2,1
2025-06-05,United Arab Emirates,0.0,0.0,65.0,57.0,1383.0,2,8.0,0.017543859649122806,1
2025-06-05,North Korea,2.0,2.0,118.0,103.0,1153.0,2,15.0,0.009708737864077669,1
2025-06-05,Paraguay,2.0,0.0,48.0,13.0,1476.0,0,35.0,0.23076923076923078,3
2025-06-05,Sri Lanka,1.0,0.0,200.0,185.0,834.0,0,15.0,0.016216216216216217,3
2025-06-05,Bahrain,0.0,2.0,84.0,58.0,1290.0,1,26.0,0.0,0
2025-06-05,Australia,1.0,0.0,26.0,15.0,1555.0,0,11.0,0.2,3
2025-06-05,Iraq,0.0,2.0,59.0,23.0,1413.0,1,36.0,0.0,0
2025-06-05,Kuwait,0.0,2.0,134.0,101.0,1112.0,1,33.0,0.0,0
2025-06-05,Qatar,1.0,0.0,55.0,18.0,1457.0,0,37.0,0.16666666666666666,3
2025-06-05,Oman,0.0,3.0,77.0,62.0,1324.0,1,15.0,0.0,0
2025-06-06,Niger,4.0,3.0,122.0,79.0,1143.0,0,43.0,0.0379746835443038,3
2025-06-06,Poland,2.0,0.0,34.0,154.0,1517.0,0,-120.0,0.01948051948051948,3
2025-06-06,Zimbabwe,0.0,2.0,116.0,64.0,1161.0,1,52.0,0.0,0
2025-06-06,Scotland,1.0,3.0,44.0,74.0,1480.0,1,-30.0,0.0,0
2025-06-06,Luxembourg,0.0,1.0,91.0,51.0,1262.0,1,40.0,0.0,0
2025-06-06,South Africa,0.0,0.0,56.0,107.0,1445.0,2,-51.0,0.009345794392523364,1
2025-06-06,Bulgaria,2.0,2.0,85.0,129.0,1289.0,2,-44.0,0.007751937984496124,1
2025-06-06,Kosovo,5.0,2.0,97.0,102.0,1238.0,0,-5.0,0.029411764705882353,3
2025-06-06,Hungary,0.0,2.0,37.0,28.0,1503.0,1,9.0,0.0,0
2025-06-06,Equatorial Guinea,1.0,2.0,92.0,126.0,1256.0,1,-34.0,0.0,0
2025-06-06,Central African Republic,2.0,1.0,135.0,110.0,1102.0,0,25.0,0.02727272727272727,3
2025-06-06,Uganda,0.0,3.0,89.0,50.0,1274.0,1,39.0,0.0,0
2025-06-06,Republic of Ireland,1.0,1.0,60.0,19.0,1412.0,2,41.0,0.05263157894736842,1
2025-06-06,Morocco,2.0,0.0,12.0,49.0,1694.0,0,-37.0,0.061224489795918366,3
2025-06-06,Burundi,1.0,0.0,140.0,128.0,1086.0,0,12.0,0.0234375,3
2025-06-06,Suriname,1.0,0.0,137.0,157.0,1097.0,0,-20.0,0.01910828025477707,3
2025-06-06,Gibraltar,0.0,7.0,196.0,11.0,843.0,1,185.0,0.0,0
2025-06-06,Nicaragua,1.0,0.0,133.0,152.0,1114.0,0,-19.0,0.019736842105263157,3
2025-06-06,Curaçao,4.0,0.0,90.0,165.0,1265.0,0,-75.0,0.01818181818181818,3
2025-06-06,Trinidad and Tobago,6.0,2.0,100.0,145.0,1230.0,0,-45.0,0.020689655172413793,3
2025-06-06,Antigua and Barbuda,0.0,1.0,159.0,167.0,1011.0,1,-8.0,0.0,0
2025-06-06,Russia,1.0,1.0,35.0,43.0,1516.0,2,-8.0,0.023255813953488372,1
2025-06-06,Guatemala,4.0,2.0,106.0,139.0,1197.0,0,-33.0,0.02158273381294964,3
2025-06-06,North Macedonia,1.0,1.0,67.0,8.0,1376.0,2,59.0,0.125,1
2025-06-06,Czech Republic,2.0,0.0,39.0,73.0,1491.0,0,-34.0,0.0410958904109589,3
2025-06-06,Colombia,0.0,0.0,14.0,42.0,1679.0,2,-28.0,0.023809523809523808,1
2025-06-06,Venezuela,2.0,0.0,47.0,80.0,1477.0,0,-33.0,0.0375,3
2025-06-06,Estonia,1.0,3.0,121.0,78.0,1144.0,1,43.0,0.0,0
2025-06-06,Wales,3.0,0.0,29.0,205.0,1536.0,0,-176.0,0.014634146341463415,3
2025-06-06,Norway,3.0,0.0,38.0,9.0,1497.0,0,29.0,0.3333333333333333,3
2025-06-07,Andorra,0.0,1.0,173.0,4.0,957.0,1,169.0,0.0,0
2025-06-07,Austria,2.0,1.0,22.0,45.0,1580.0,0,-23.0,0.06666666666666667,3
2025-06-07,Denmark,2.0,1.0,21.0,71.0,1618.0,0,-50.0,0.04225352112676056,3
2025-06-07,Latvia,0.0,0.0,138.0,119.0,1092.0,2,19.0,0.008403361344537815,1
2025-06-07,Mexico,2.0,4.0,17.0,20.0,1647.0,1,-3.0,0.0,0
2025-06-07,United States,1.0,2.0,16.0,27.0,1649.0,1,-11.0,0.0,0
2025-06-07,Malta,0.0,0.0,169.0,143.0,976.0,2,26.0,0.006993006993006993,1
2025-06-07,Finland,0.0,2.0,69.0,6.0,1360.0,1,63.0,0.0,0
2025-06-07,Bosnia and Herzegovina,1.0,0.0,70.0,210.0,1351.0,0,-140.0,0.014285714285714285,3
2025-06-07,Greece,4.0,1.0,40.0,46.0,1490.0,0,-6.0,0.06521739130434782,3
2025-06-07,Belize,0.0,2.0,179.0,33.0,919.0,1,146.0,0.0,0
2025-06-07,Ivory Coast,0.0,1.0,41.0,86.0,1487.0,1,-45.0,0.0,0
2025-06-07,Kenya,0.0,0.0,111.0,177.0,1179.0,2,-66.0,0.005649717514124294,1
2025-06-07,Cayman Islands,0.0,1.0,191.0,75.0,867.0,1,116.0,0.0,0
2025-06-07,Bahamas,0.0,8.0,204.0,54.0,819.0,1,150.0,0.0,0
2025-06-07,Aruba,0.0,5.0,195.0,83.0,864.0,1,112.0,0.0,0
2025-06-07,British Virgin Islands,0.0,1.0,207.0,63.0,780.0,1,144.0,0.0,0
2025-06-07,Anguilla,0.0,3.0,209.0,81.0,769.0,1,128.0,0.0,0
2025-06-07,Albania,0.0,0.0,66.0,31.0,1376.0,2,35.0,0.03225806451612903,1
2025-06-07,Canada,4.0,2.0,30.0,25.0,1532.0,0,5.0,0.12,3
2025-06-08,Portugal,2.0,2.0,7.0,2.0,1750.0,2,5.0,0.5,1
2025-06-08,Germany,0.0,2.0,10.0,3.0,1717.0,1,7.0,0.0,0
2025-06-08,Georgia,1.0,1.0,68.0,72.0,1373.0,2,-4.0,0.013888888888888888,1
2025-06-08,DR Congo,3.0,1.0,61.0,115.0,1407.0,0,-54.0,0.02608695652173913,3
2025-06-09,Kosovo,4.0,2.0,97.0,105.0,1238.0,0,-8.0,0.02857142857142857,3
2025-06-09,Morocco,1.0,0.0,12.0,95.0,1694.0,0,-83.0,0.031578947368421054,3
2025-06-09,Algeria,2.0,0.0,36.0,130.0,1507.0,0,-94.0,0.023076923076923078,3
2025-06-09,Equatorial Guinea,1.0,1.0,92.0,50.0,1256.0,2,42.0,0.02,1
2025-06-09,Gabon,2.0,0.0,79.0,128.0,1310.0,0,-49.0,0.0234375,3
2025-06-09,Liechtenstein,0.0,4.0,205.0,44.0,814.0,1,161.0,0.0,0
2025-06-09,Montenegro,2.0,2.0,73.0,102.0,1337.0,2,-29.0,0.00980392156862745,1
2025-06-09,Italy,2.0,0.0,9.0,154.0,1718.0,0,-145.0,0.01948051948051948,3
2025-06-09,Kazakhstan,0.0,1.0,113.0,67.0,1178.0,1,46.0,0.0,0
2025-06-09,Belgium,4.0,3.0,8.0,29.0,1736.0,0,-21.0,0.10344827586206896,3
2025-06-09,Faroe Islands,2.0,1.0,141.0,196.0,1085.0,0,-55.0,0.015306122448979591,3
2025-06-09,Croatia,5.0,1.0,11.0,39.0,1699.0,0,-28.0,0.07692307692307693,3
2025-06-09,Estonia,0.0,1.0,121.0,38.0,1144.0,1,83.0,0.0,0
2025-06-09,Uganda,1.0,1.0,89.0,126.0,1274.0,2,-37.0,0.007936507936507936,1
2025-06-10,Azerbaijan,1.0,2.0,119.0,37.0,1151.0,1,82.0,0.0,0
2025-06-10,Malaysia,4.0,0.0,131.0,109.0,1124.0,0,22.0,0.027522935779816515,3
2025-06-10,Laos,2.0,1.0,190.0,175.0,876.0,0,15.0,0.017142857142857144,3
2025-06-10,Afghanistan,0.0,1.0,160.0,93.0,1008.0,1,67.0,0.0,0
2025-06-10,Myanmar,1.0,0.0,162.0,198.0,995.0,0,-36.0,0.015151515151515152,3
2025-06-10,Turkmenistan,3.0,1.0,142.0,99.0,1076.0,0,43.0,0.030303030303030304,3
2025-06-10,Yemen,0.0,0.0,158.0,112.0,1018.0,2,46.0,0.008928571428571428,1
2025-06-10,Hong Kong,1.0,0.0,153.0,127.0,1033.0,0,26.0,0.023622047244094488,3
2025-06-10,Argentina,1.0,1.0,1.0,14.0,1886.0,2,-13.0,0.07142857142857142,1
2025-06-10,Brunei,2.0,1.0,185.0,182.0,893.0,0,3.0,0.016483516483516484,3
2025-06-10,Philippines,2.0,2.0,146.0,104.0,1063.0,2,42.0,0.009615384615384616,1
2025-06-10,Timor-Leste,1.0,0.0,197.0,164.0,840.0,0,33.0,0.018292682926829267,3
2025-06-10,Burundi,0.0,0.0,140.0,110.0,1086.0,2,30.0,0.00909090909090909,1
2025-06-10,Bolivia,2.0,0.0,80.0,52.0,1308.0,0,28.0,0.057692307692307696,3
2025-06-10,Denmark,5.0,0.0,21.0,143.0,1618.0,0,-122.0,0.02097902097902098,3
2025-06-10,England,1.0,3.0,4.0,19.0,1819.0,1,-15.0,0.0,0
2025-06-10,Greece,4.0,0.0,40.0,85.0,1490.0,0,-45.0,0.03529411764705882,3
2025-06-10,Israel,1.0,0.0,78.0,46.0,1322.0,0,32.0,0.06521739130434782,3
2025-06-10,Luxembourg,0.0,0.0,91.0,60.0,1262.0,2,31.0,0.016666666666666666,1
2025-06-10,Mexico,1.0,0.0,17.0,27.0,1647.0,0,-10.0,0.1111111111111111,3
2025-06-10,Niger,1.0,1.0,122.0,116.0,1143.0,2,6.0,0.008620689655172414,1
2025-06-10,Northern Ireland,1.0,0.0,71.0,74.0,1349.0,0,-3.0,0.04054054054054054,3
2025-06-10,Slovenia,2.0,1.0,51.0,70.0,1463.0,0,-19.0,0.04285714285714286,3
2025-06-10,South Africa,2.0,0.0,56.0,96.0,1445.0,0,-40.0,0.03125,3
2025-06-10,Sweden,4.0,3.0,28.0,36.0,1536.0,0,-8.0,0.08333333333333333,3
2025-06-10,United States,0.0,4.0,16.0,20.0,1649.0,1,-4.0,0.0,0
2025-06-10,Peru,0.0,0.0,42.0,24.0,1483.0,2,18.0,0.041666666666666664,1
2025-06-10,Chad,1.0,2.0,177.0,111.0,925.0,1,66.0,0.0,0
2025-06-10,Bangladesh,1.0,2.0,183.0,161.0,904.0,1,22.0,0.0,0
2025-06-10,Uruguay,2.0,0.0,13.0,47.0,1679.0,0,-34.0,0.06382978723404255,3
2025-06-10,El Salvador,1.0,1.0,81.0,137.0,1301.0,2,-56.0,0.0072992700729927005,1
2025-06-10,New Zealand,1.0,2.0,86.0,25.0,1285.0,1,61.0,0.0,0
2025-06-10,Serbia,3.0,0.0,31.0,173.0,1524.0,0,-142.0,0.017341040462427744,3
2025-06-10,Romania,2.0,0.0,45.0,129.0,1479.0,0,-84.0,0.023255813953488372,3
2025-06-10,San Marino,0.0,4.0,210.0,22.0,741.0,1,188.0,0.0,0
2025-06-10,Finland,2.0,1.0,69.0,34.0,1360.0,0,35.0,0.08823529411764706,3
2025-06-10,Brazil,1.0,0.0,5.0,48.0,1776.0,0,-43.0,0.0625,3
2025-06-10,Saudi Arabia,1.0,2.0,58.0,26.0,1419.0,1,32.0,0.0,0
2025-06-10,Jordan,0.0,1.0,62.0,59.0,1389.0,1,3.0,0.0,0
2025-06-10,Palestine,1.0,1.0,101.0,77.0,1225.0,2,24.0,0.012987012987012988,1
2025-06-10,South Korea,4.0,0.0,23.0,134.0,1575.0,0,-111.0,0.022388059701492536,3
2025-06-10,Kyrgyzstan,1.0,1.0,103.0,65.0,1206.0,2,38.0,0.015384615384615385,1
2025-06-10,Iran,3.0,0.0,18.0,118.0,1637.0,0,-100.0,0.025423728813559324,3
2025-06-10,Japan,6.0,0.0,15.0,123.0,1653.0,0,-108.0,0.024390243902439025,3
2025-06-10,Latvia,1.0,1.0,138.0,66.0,1092.0,2,72.0,0.015151515151515152,1
2025-06-10,Netherlands,8.0,0.0,6.0,169.0,1752.0,0,-163.0,0.01775147928994083,3
2025-06-10,Canada,0.0,0.0,30.0,41.0,1532.0,2,-11.0,0.024390243902439025,1
2025-06-10,Belarus,1.0,4.0,98.0,35.0,1235.0,1,63.0,0.0,0
2025-06-10,Cuba,1.0,2.0,167.0,168.0,980.0,1,-1.0,0.0,0
2025-06-10,Honduras,2.0,0.0,75.0,159.0,1334.0,0,-84.0,0.018867924528301886,3
2025-06-10,Saint Kitts and Nevis,2.0,3.0,145.0,174.0,1065.0,1,-29.0,0.0,0
2025-06-10,Costa Rica,2.0,1.0,54.0,100.0,1459.0,0,-46.0,0.03,3
2025-06-10,Saint Lucia,2.0,1.0,165.0,176.0,986.0,0,-11.0,0.017045454545454544,3
2025-06-10,Haiti,1.0,5.0,83.0,90.0,1292.0,1,-7.0,0.0,0
2025-06-10,Guyana,3.0,0.0,152.0,180.0,1038.0,0,-28.0,0.016666666666666666,3
2025-06-10,Panama,3.0,0.0,33.0,133.0,1518.0,0,-100.0,0.022556390977443608,3
2025-06-10,Dominican Republic,5.0,0.0,139.0,184.0,1087.0,0,-45.0,0.016304347826086956,3
2025-06-10,Jamaica,3.0,0.0,63.0,106.0,1387.0,0,-43.0,0.02830188679245283,3
2025-06-10,Uzbekistan,3.0,0.0,57.0,55.0,1437.0,0,2.0,0.05454545454545454,3
2025-06-10,Puerto Rico,2.0,1.0,157.0,172.0,1019.0,0,-15.0,0.01744186046511628,3
2025-06-14,Mexico,3.0,2.0,17.0,139.0,1647.0,0,-122.0,0.02158273381294964,3
2025-06-15,Haiti,0.0,1.0,83.0,58.0,1292.0,1,25.0,0.0,0
2025-06-15,Costa Rica,4.0,3.0,54.0,137.0,1459.0,0,-83.0,0.021897810218978103,3
2025-06-15,United States,5.0,0.0,16.0,100.0,1649.0,0,-84.0,0.03,3
2025-06-16,Jamaica,0.0,1.0,63.0,106.0,1387.0,1,-43.0,0.0,0
2025-06-17,Curaçao,0.0,0.0,90.0,81.0,1265.0,2,9.0,0.012345679012345678,1
2025-06-17,Canada,6.0,0.0,30.0,75.0,1532.0,0,-45.0,0.04,3
2025-06-18,Costa Rica,2.0,1.0,54.0,139.0,1459.0,0,-85.0,0.02158273381294964,3
2025-06-18,Suriname,0.0,2.0,137.0,17.0,1097.0,1,120.0,0.0,0
2025-06-19,Trinidad and Tobago,1.0,1.0,100.0,83.0,1230.0,2,17.0,0.012048192771084338,1
2025-06-19,United States,1.0,0.0,16.0,58.0,1649.0,0,-42.0,0.05172413793103448,3
2025-06-20,Guatemala,0.0,1.0,106.0,33.0,1197.0,1,73.0,0.0,0
2025-06-21,Curaçao,1.0,1.0,90.0,30.0,1265.0,2,60.0,0.03333333333333333,1
2025-06-21,Honduras,2.0,0.0,75.0,81.0,1334.0,0,-6.0,0.037037037037037035,3
2025-06-22,Mexico,0.0,0.0,17.0,54.0,1647.0,2,-37.0,0.018518518518518517,1
2025-06-22,Dominican Republic,0.0,0.0,139.0,137.0,1087.0,2,2.0,0.0072992700729927005,1
2025-06-22,Saudi Arabia,1.0,1.0,58.0,100.0,1419.0,2,-42.0,0.01,1
2025-06-22,United States,2.0,1.0,16.0,83.0,1649.0,0,-67.0,0.03614457831325301,3
2025-06-24,Honduras,2.0,1.0,75.0,90.0,1334.0,0,-15.0,0.03333333333333333,3
2025-06-24,Canada,2.0,0.0,30.0,81.0,1532.0,0,-51.0,0.037037037037037035,3
2025-06-24,Panama,4.0,1.0,33.0,63.0,1518.0,0,-30.0,0.047619047619047616,3
2025-06-28,Panama,1.0,1.0,33.0,75.0,1518.0,2,-42.0,0.013333333333333334,1
2025-06-28,Mexico,2.0,0.0,17.0,58.0,1647.0,0,-41.0,0.05172413793103448,3
2025-06-29,Canada,1.0,1.0,30.0,106.0,1532.0,2,-76.0,0.009433962264150943,1
2025-06-29,United States,2.0,2.0,16.0,54.0,1649.0,2,-38.0,0.018518518518518517,1
2025-07-02,United States,2.0,1.0,16.0,106.0,1649.0,0,-90.0,0.02830188679245283,3
2025-07-02,Mexico,1.0,0.0,17.0,75.0,1647.0,0,-58.0,0.04,3
2025-07-06,United States,1.0,2.0,16.0,17.0,1649.0,1,-1.0,0.0,0
2025-08-24,Qatar,2.0,2.0,53.0,112.0,1460.0,2,-59.0,0.008928571428571428,1
2025-09-03,Qatar,2.0,2.0,53.0,89.0,1460.0,2,-36.0,0.011235955056179775,1
2025-09-03,Seychelles,0.0,4.0,203.0,80.0,821.0,1,123.0,0.0,0
2025-09-04,Malaysia,2.0,1.0,125.0,159.0,1138.0,0,-34.0,0.018867924528301886,3
2025-09-04,Norway,1.0,0.0,33.0,69.0,1519.0,0,-36.0,0.043478260869565216,3
2025-09-04,Russia,0.0,0.0,35.0,64.0,1519.0,2,-29.0,0.015625,1
2025-09-04,Saudi Arabia,2.0,1.0,59.0,62.0,1415.0,0,-3.0,0.04838709677419355,3
2025-09-04,United Arab Emirates,3.0,1.0,65.0,91.0,1380.0,0,-26.0,0.03296703296703297,3
2025-09-04,Colombia,3.0,0.0,14.0,78.0,1679.0,0,-64.0,0.038461538461538464,3
2025-09-04,Gibraltar,0.0,1.0,199.0,68.0,835.0,1,131.0,0.0,0
2025-09-04,Brazil,3.0,0.0,5.0,57.0,1778.0,0,-52.0,0.05263157894736842,3
2025-09-04,Uruguay,3.0,0.0,16.0,42.0,1671.0,0,-26.0,0.07142857142857142,3
2025-09-04,Mauritius,0.0,2.0,177.0,73.0,922.0,1,104.0,0.0,0
2025-09-04,Guinea-Bissau,1.0,1.0,131.0,124.0,1120.0,2,7.0,0.008064516129032258,1
2025-09-04,Angola,0.0,1.0,85.0,117.0,1280.0,1,-32.0,0.0,0
2025-09-04,Cameroon,3.0,0.0,51.0,155.0,1467.0,0,-104.0,0.01935483870967742,3
2025-09-04,Argentina,3.0,0.0,1.0,46.0,1885.0,0,-45.0,0.06521739130434782,3
2025-09-04,Paraguay,0.0,0.0,43.0,25.0,1487.0,2,18.0,0.04,1
2025-09-04,Lithuania,1.0,1.0,143.0,168.0,1069.0,2,-25.0,0.005952380952380952,1
2025-09-04,Algeria,3.0,1.0,36.0,135.0,1504.0,0,-99.0,0.022222222222222223,3
2025-09-04,Netherlands,1.0,1.0,7.0,37.0,1758.0,2,-30.0,0.02702702702702703,1
2025-09-04,Madagascar,2.0,0.0,115.0,134.0,1163.0,0,-19.0,0.022388059701492536,3
2025-09-04,Mali,3.0,0.0,54.0,107.0,1455.0,0,-53.0,0.028037383177570093,3
2025-09-04,Luxembourg,1.0,3.0,92.0,71.0,1260.0,1,21.0,0.0,0
2025-09-04,Slovakia,2.0,0.0,52.0,9.0,1467.0,0,43.0,0.3333333333333333,3
2025-09-04,Georgia,2.0,3.0,67.0,27.0,1375.0,1,40.0,0.0,0
2025-09-04,Bulgaria,0.0,3.0,84.0,2.0,1284.0,1,82.0,0.0,0
2025-09-04,Chad,1.0,1.0,175.0,76.0,925.0,2,99.0,0.013157894736842105,1
2025-09-04,Kazakhstan,0.0,1.0,114.0,31.0,1165.0,1,83.0,0.0,0
2025-09-04,Tunisia,3.0,0.0,49.0,144.0,1471.0,0,-95.0,0.020833333333333332,3
2025-09-04,Iraq,2.0,1.0,58.0,147.0,1417.0,0,-89.0,0.02040816326530612,3
2025-09-04,Thailand,3.0,0.0,102.0,150.0,1222.0,0,-48.0,0.02,3
2025-09-04,Suriname,0.0,0.0,136.0,30.0,1100.0,2,106.0,0.03333333333333333,1
2025-09-04,Guatemala,0.0,1.0,100.0,87.0,1236.0,1,13.0,0.0,0
2025-09-04,Liechtenstein,0.0,6.0,204.0,8.0,812.0,1,196.0,0.0,0
2025-09-05,Somalia,0.0,3.0,200.0,81.0,832.0,1,119.0,0.0,0
2025-09-05,Australia,1.0,0.0,24.0,82.0,1579.0,0,-58.0,0.036585365853658534,3
2025-09-05,Romania,0.0,3.0,48.0,28.0,1474.0,1,20.0,0.0,0
2025-09-05,Djibouti,0.0,6.0,191.0,63.0,866.0,1,128.0,0.0,0
2025-09-05,South Sudan,1.0,4.0,169.0,61.0,976.0,1,108.0,0.0,0
2025-09-05,Mauritania,2.0,0.0,111.0,120.0,1173.0,0,-9.0,0.025,3
2025-09-05,Senegal,2.0,0.0,18.0,110.0,1635.0,0,-92.0,0.02727272727272727,3
2025-09-05,Benin,1.0,0.0,96.0,116.0,1239.0,0,-20.0,0.02586206896551724,3
2025-09-05,Morocco,5.0,0.0,12.0,121.0,1699.0,0,-109.0,0.024793388429752067,3
2025-09-05,Kenya,1.0,3.0,109.0,123.0,1179.0,1,-14.0,0.0,0
2025-09-05,Ivory Coast,1.0,0.0,45.0,139.0,1483.0,0,-94.0,0.02158273381294964,3
2025-09-05,Egypt,2.0,0.0,34.0,146.0,1519.0,0,-112.0,0.02054794520547945,3
2025-09-05,South Africa,3.0,0.0,56.0,148.0,1443.0,0,-92.0,0.02027027027027027,3
2025-09-05,Uganda,4.0,0.0,88.0,99.0,1269.0,0,-11.0,0.030303030303030304,3
2025-09-05,Italy,5.0,0.0,11.0,126.0,1703.0,0,-115.0,0.023809523809523808,3
2025-09-05,Montenegro,0.0,2.0,77.0,41.0,1327.0,1,36.0,0.0,0
2025-09-05,Slovenia,2.0,2.0,50.0,29.0,1470.0,2,21.0,0.034482758620689655,1
2025-09-05,Switzerland,4.0,0.0,19.0,95.0,1635.0,0,-76.0,0.031578947368421054,3
2025-09-05,Denmark,0.0,0.0,21.0,47.0,1621.0,2,-26.0,0.02127659574468085,1
2025-09-05,Greece,5.0,1.0,39.0,97.0,1498.0,0,-58.0,0.030927835051546393,3
2025-09-05,Ukraine,0.0,2.0,26.0,3.0,1557.0,1,23.0,0.0,0
2025-09-05,Iceland,5.0,0.0,74.0,122.0,1338.0,0,-48.0,0.02459016393442623,3
2025-09-05,Moldova,0.0,4.0,154.0,75.0,1028.0,1,79.0,0.0,0
2025-09-05,Faroe Islands,0.0,1.0,141.0,10.0,1090.0,1,131.0,0.0,0
2025-09-05,Bermuda,0.0,4.0,162.0,70.0,1000.0,1,92.0,0.0,0
2025-09-05,Trinidad and Tobago,0.0,0.0,101.0,86.0,1229.0,2,15.0,0.011627906976744186,1
2025-09-05,Haiti,0.0,0.0,90.0,66.0,1261.0,2,24.0,0.015151515151515152,1
2025-09-05,Namibia,1.0,2.0,108.0,129.0,1192.0,1,-21.0,0.0,0
2025-09-05,Nicaragua,1.0,1.0,130.0,40.0,1120.0,2,90.0,0.025,1
2025-09-06,United States,0.0,2.0,15.0,23.0,1671.0,1,-8.0,0.0,0
2025-09-06,Republic of Ireland,2.0,2.0,60.0,38.0,1413.0,2,22.0,0.02631578947368421,1
2025-09-06,Mexico,0.0,0.0,13.0,17.0,1690.0,2,-4.0,0.058823529411764705,1
2025-09-06,Nepal,0.0,0.0,176.0,184.0,923.0,2,-8.0,0.005434782608695652,1
2025-09-06,Nigeria,1.0,0.0,44.0,127.0,1484.0,0,-83.0,0.023622047244094488,3
2025-09-06,Austria,1.0,0.0,22.0,128.0,1591.0,0,-106.0,0.0234375,3
2025-09-06,Armenia,0.0,5.0,105.0,6.0,1205.0,1,99.0,0.0,0
2025-09-06,San Marino,0.0,6.0,210.0,72.0,738.0,1,138.0,0.0,0
2025-09-06,Latvia,0.0,1.0,137.0,32.0,1099.0,1,105.0,0.0,0
2025-09-06,England,2.0,0.0,4.0,174.0,1813.0,0,-170.0,0.017241379310344827,3
2025-09-06,Sri Lanka,0.0,3.0,196.0,171.0,855.0,1,25.0,0.0,0
2025-09-07,Georgia,3.0,0.0,67.0,84.0,1375.0,0,-17.0,0.03571428571428571,3
2025-09-07,Central African Republic,0.0,2.0,134.0,107.0,1108.0,1,27.0,0.0,0
2025-09-07,Germany,3.0,1.0,9.0,71.0,1717.0,0,-62.0,0.04225352112676056,3
2025-09-07,Luxembourg,0.0,1.0,92.0,52.0,1260.0,1,40.0,0.0,0
2025-09-07,Turkey,0.0,6.0,27.0,2.0,1553.0,1,25.0,0.0,0
2025-09-07,Lithuania,2.0,3.0,143.0,7.0,1069.0,1,136.0,0.0,0
2025-09-07,Poland,3.0,1.0,37.0,69.0,1502.0,0,-32.0,0.043478260869565216,3
2025-09-07,North Macedonia,5.0,0.0,62.0,204.0,1391.0,0,-142.0,0.014705882352941176,3
2025-09-07,Qatar,1.0,4.0,53.0,35.0,1460.0,1,18.0,0.0,0
2025-09-07,Fiji,0.0,8.0,150.0,147.0,1043.0,1,3.0,0.0,0
2025-09-07,Thailand,0.0,1.0,102.0,58.0,1222.0,1,44.0,0.0,0
2025-09-07,Belgium,6.0,0.0,8.0,114.0,1736.0,0,-106.0,0.02631578947368421,3
2025-09-08,Czech Republic,1.0,1.0,41.0,59.0,1492.0,2,-18.0,0.01694915254237288,1
2025-09-08,Malaysia,1.0,0.0,125.0,98.0,1138.0,0,27.0,0.030612244897959183,3
2025-09-08,Syria,2.0,2.0,91.0,138.0,1261.0,2,-47.0,0.007246376811594203,1
2025-09-08,United Arab Emirates,1.0,0.0,65.0,89.0,1380.0,0,-24.0,0.033707865168539325,3
2025-09-08,Zambia,0.0,2.0,83.0,12.0,1285.0,1,71.0,0.0,0
2025-09-08,Libya,2.0,0.0,117.0,155.0,1155.0,0,-38.0,0.01935483870967742,3
2025-09-08,Equatorial Guinea,0.0,1.0,93.0,49.0,1252.0,1,44.0,0.0,0
2025-09-08,Mozambique,2.0,0.0,99.0,135.0,1236.0,0,-36.0,0.022222222222222223,3
2025-09-08,Guinea,0.0,0.0,81.0,36.0,1293.0,2,45.0,0.027777777777777776,1
2025-09-08,Guinea-Bissau,2.0,0.0,131.0,191.0,1120.0,0,-60.0,0.015706806282722512,3
2025-09-08,Uganda,2.0,0.0,88.0,200.0,1269.0,0,-112.0,0.015,3
2025-09-08,Indonesia,0.0,0.0,118.0,112.0,1155.0,2,6.0,0.008928571428571428,1
2025-09-08,Malawi,2.0,2.0,129.0,144.0,1121.0,2,-15.0,0.006944444444444444,1
2025-09-08,Greece,0.0,3.0,39.0,21.0,1498.0,1,18.0,0.0,0
2025-09-08,Ghana,1.0,0.0,76.0,54.0,1333.0,0,22.0,0.05555555555555555,3
2025-09-08,Switzerland,3.0,0.0,19.0,50.0,1635.0,0,-31.0,0.06,3
2025-09-08,Belarus,0.0,2.0,97.0,47.0,1237.0,1,50.0,0.0,0
2025-09-08,Gibraltar,0.0,1.0,199.0,141.0,835.0,1,58.0,0.0,0
2025-09-08,Kosovo,2.0,0.0,95.0,29.0,1248.0,0,66.0,0.10344827586206896,3
2025-09-08,Croatia,4.0,0.0,10.0,77.0,1708.0,0,-67.0,0.03896103896103896,3
2025-09-08,Madagascar,3.0,1.0,115.0,175.0,1163.0,0,-60.0,0.017142857142857144,3
2025-09-08,El Salvador,1.0,2.0,87.0,136.0,1273.0,1,-49.0,0.0,0
2025-09-08,Panama,1.0,1.0,30.0,100.0,1545.0,2,-70.0,0.01,1
2025-09-08,Israel,4.0,5.0,75.0,11.0,1337.0,1,64.0,0.0,0
2025-09-09,Ecuador,1.0,0.0,25.0,1.0,1571.0,0,24.0,3.0,3
2025-09-09,Malta,3.0,1.0,168.0,210.0,977.0,0,-42.0,0.014285714285714285,3
2025-09-09,Mexico,2.0,2.0,13.0,23.0,1690.0,2,-10.0,0.043478260869565216,1
2025-09-09,New Zealand,1.0,3.0,82.0,24.0,1289.0,1,58.0,0.0,0
2025-09-09,Sri Lanka,1.0,1.0,196.0,171.0,855.0,2,25.0,0.005847953216374269,1
2025-09-09,United States,2.0,0.0,15.0,17.0,1671.0,0,-2.0,0.17647058823529413,3
2025-09-09,Wales,0.0,1.0,31.0,28.0,1529.0,1,3.0,0.0,0
2025-09-09,Jordan,3.0,0.0,64.0,142.0,1388.0,0,-78.0,0.02112676056338028,3
2025-09-09,Singapore,1.0,1.0,159.0,160.0,1017.0,2,-1.0,0.00625,1
2025-09-09,Burkina Faso,0.0,0.0,63.0,34.0,1388.0,2,29.0,0.029411764705882353,1
2025-09-09,Venezuela,3.0,6.0,46.0,14.0,1477.0,1,32.0,0.0,0
2025-09-09,Chile,0.0,0.0,57.0,16.0,1442.0,2,41.0,0.0625,1
2025-09-09,Peru,0.0,1.0,42.0,43.0,1490.0,1,-1.0,0.0,0
2025-09-09,Sierra Leone,2.0,0.0,124.0,146.0,1140.0,0,-22.0,0.02054794520547945,3
2025-09-09,Togo,1.0,0.0,120.0,110.0,1149.0,0,10.0,0.02727272727272727,3
2025-09-09,DR Congo,2.0,3.0,61.0,18.0,1412.0,1,43.0,0.0,0
2025-09-09,Mauritania,0.0,0.0,111.0,169.0,1173.0,2,-58.0,0.005917159763313609,1
2025-09-09,Estonia,0.0,0.0,126.0,174.0,1131.0,2,-48.0,0.005747126436781609,1
2025-09-09,Bolivia,1.0,0.0,78.0,5.0,1316.0,0,73.0,0.6,3
2025-09-09,Zimbabwe,0.0,1.0,116.0,127.0,1157.0,1,-11.0,0.0,0
2025-09-09,South Africa,1.0,1.0,56.0,44.0,1443.0,2,12.0,0.022727272727272728,1
2025-09-09,Benin,4.0,0.0,96.0,148.0,1239.0,0,-52.0,0.02027027027027027,3
2025-09-09,Cape Verde,1.0,0.0,73.0,51.0,1344.0,0,22.0,0.058823529411764705,3
2025-09-09,Armenia,2.0,1.0,105.0,60.0,1205.0,0,45.0,0.05,3
2025-09-09,Kenya,5.0,0.0,109.0,203.0,1179.0,0,-94.0,0.014778325123152709,3
2025-09-09,Gabon,0.0,0.0,80.0,45.0,1307.0,2,35.0,0.022222222222222223,1
2025-09-09,Gambia,2.0,0.0,123.0,139.0,1141.0,0,-16.0,0.02158273381294964,3
2025-09-09,France,2.0,1.0,3.0,74.0,1862.0,0,-71.0,0.04054054054054054,3
2025-09-09,Tanzania,0.0,1.0,103.0,121.0,1209.0,1,-18.0,0.0,0
2025-09-09,Hungary,2.0,3.0,38.0,6.0,1501.0,1,32.0,0.0,0
2025-09-09,Jamaica,2.0,0.0,70.0,101.0,1363.0,0,-31.0,0.0297029702970297,3
2025-09-09,Azerbaijan,1.0,1.0,122.0,26.0,1148.0,2,96.0,0.038461538461538464,1
2025-09-09,Norway,11.0,1.0,33.0,154.0,1519.0,0,-121.0,0.01948051948051948,3
2025-09-09,Albania,1.0,0.0,68.0,137.0,1373.0,0,-69.0,0.021897810218978103,3
2025-09-09,Serbia,0.0,5.0,32.0,4.0,1523.0,1,28.0,0.0,0
2025-09-09,Cyprus,2.0,2.0,128.0,48.0,1124.0,2,80.0,0.020833333333333332,1
2025-09-09,Curaçao,3.0,2.0,86.0,162.0,1277.0,0,-76.0,0.018518518518518517,3
2025-09-09,Costa Rica,3.0,3.0,40.0,90.0,1494.0,2,-50.0,0.011111111111111112,1
2025-09-09,Honduras,2.0,0.0,66.0,130.0,1380.0,0,-64.0,0.023076923076923078,3
2025-09-09,Angola,3.0,1.0,85.0,177.0,1280.0,0,-92.0,0.01694915254237288,3
2025-09-09,Bosnia and Herzegovina,1.0,2.0,72.0,22.0,1349.0,1,50.0,0.0,0
2025-10-05,Saint Vincent and the Grenadines,7.0,0.0,172.0,167.0,962.0,0,5.0,0.017964071856287425,3
2025-10-08,Qatar,0.0,0.0,53.0,78.0,1454.0,2,-25.0,0.01282051282051282,1
2025-10-08,Saudi Arabia,3.0,2.0,59.0,119.0,1421.0,0,-60.0,0.025210084033613446,3
2025-10-08,Ethiopia,1.0,0.0,147.0,130.0,1046.0,0,17.0,0.023076923076923078,3
2025-10-08,Mauritius,0.0,2.0,179.0,52.0,912.0,1,127.0,0.0,0
2025-10-08,Djibouti,0.0,3.0,193.0,35.0,856.0,1,158.0,0.0,0
2025-10-08,Libya,3.0,3.0,112.0,70.0,1180.0,2,42.0,0.014285714285714285,1
2025-10-08,Eswatini,2.0,2.0,159.0,89.0,1010.0,2,70.0,0.011235955056179775,1
2025-10-08,Saint Vincent and the Grenadines,1.0,0.0,172.0,167.0,962.0,0,5.0,0.017964071856287425,3
2025-10-08,Tanzania,0.0,1.0,107.0,85.0,1199.0,1,22.0,0.0,0
2025-10-08,Comoros,1.0,2.0,105.0,108.0,1202.0,1,-3.0,0.0,0
2025-10-08,Central African Republic,0.0,5.0,140.0,75.0,1081.0,1,65.0,0.0,0
2025-10-08,Chad,0.0,2.0,175.0,56.0,926.0,1,119.0,0.0,0
2025-10-08,Gibraltar,0.0,2.0,200.0,150.0,827.0,1,50.0,0.0,0
2025-10-08,Sierra Leone,0.0,1.0,122.0,64.0,1150.0,1,58.0,0.0,0
2025-10-09,England,3.0,0.0,4.0,30.0,1820.0,0,-26.0,0.1,3
2025-10-09,Poland,1.0,0.0,36.0,83.0,1517.0,0,-47.0,0.03614457831325301,3
2025-10-09,Romania,2.0,1.0,51.0,156.0,1463.0,0,-105.0,0.019230769230769232,3
2025-10-09,Morocco,1.0,0.0,11.0,88.0,1706.0,0,-77.0,0.03409090909090909,3
2025-10-09,Botswana,0.0,1.0,139.0,82.0,1087.0,1,57.0,0.0,0
2025-10-09,Burundi,0.0,1.0,141.0,111.0,1077.0,1,30.0,0.0,0
2025-10-09,Algeria,3.0,0.0,38.0,201.0,1501.0,0,-163.0,0.014925373134328358,3
2025-10-09,Malawi,3.0,0.0,126.0,95.0,1134.0,0,31.0,0.031578947368421054,3
2025-10-09,Mozambique,1.0,2.0,97.0,81.0,1234.0,1,16.0,0.0,0
2025-10-09,Scotland,3.0,1.0,43.0,40.0,1485.0,0,3.0,0.075,3
2025-10-09,Belarus,0.0,6.0,100.0,20.0,1224.0,1,80.0,0.0,0
2025-10-09,Malta,0.0,4.0,166.0,7.0,982.0,1,159.0,0.0,0
2025-10-09,Finland,2.0,1.0,71.0,145.0,1359.0,0,-74.0,0.020689655172413793,3
2025-10-09,Austria,10.0,0.0,22.0,210.0,1602.0,0,-188.0,0.014285714285714285,3
2025-10-09,Cyprus,2.0,2.0,128.0,73.0,1128.0,2,55.0,0.0136986301369863,1
2025-10-09,Singapore,1.0,1.0,158.0,134.0,1013.0,2,24.0,0.007462686567164179,1
2025-10-09,Grenada,4.0,1.0,168.0,208.0,978.0,0,-40.0,0.014423076923076924,3
2025-10-09,Tajikistan,2.0,0.0,104.0,171.0,1206.0,0,-67.0,0.017543859649122806,3
2025-10-09,Timor-Leste,1.0,4.0,194.0,143.0,855.0,1,51.0,0.0,0
2025-10-09,Brunei,0.0,2.0,183.0,154.0,901.0,1,29.0,0.0,0
2025-10-09,Lebanon,2.0,0.0,113.0,186.0,1172.0,0,-73.0,0.016129032258064516,3
2025-10-09,Honduras,0.0,0.0,65.0,47.0,1384.0,2,18.0,0.02127659574468085,1
2025-10-09,Bangladesh,3.0,4.0,184.0,146.0,899.0,1,38.0,0.0,0
2025-10-09,Sri Lanka,1.0,0.0,197.0,138.0,852.0,0,59.0,0.021739130434782608,3
2025-10-09,Faroe Islands,4.0,0.0,136.0,80.0,1094.0,0,56.0,0.0375,3
2025-10-09,Pakistan,0.0,0.0,199.0,161.0,829.0,2,38.0,0.006211180124223602,1
2025-10-09,Laos,0.0,3.0,185.0,123.0,890.0,1,62.0,0.0,0
2025-10-09,Vietnam,3.0,1.0,114.0,176.0,1170.0,0,-62.0,0.017045454545454544,3
2025-10-09,Liberia,3.0,1.0,144.0,109.0,1066.0,0,35.0,0.027522935779816515,3
2025-10-09,Nicaragua,0.0,3.0,132.0,87.0,1121.0,1,45.0,0.0,0
2025-10-09,Czech Republic,0.0,0.0,39.0,9.0,1500.0,2,30.0,0.1111111111111111,1
2025-10-09,Syria,5.0,1.0,92.0,160.0,1259.0,0,-68.0,0.01875,3
2025-10-10,Chile,2.0,1.0,57.0,48.0,1442.0,0,9.0,0.0625,3
2025-10-10,Canada,0.0,1.0,26.0,25.0,1558.0,1,1.0,0.0,0
2025-10-10,Russia,2.0,1.0,33.0,21.0,1522.0,0,12.0,0.14285714285714285,3
2025-10-10,Japan,2.0,2.0,19.0,37.0,1640.0,2,-18.0,0.02702702702702703,1
2025-10-10,South Africa,0.0,0.0,55.0,125.0,1449.0,2,-70.0,0.008,1
2025-10-10,Jordan,0.0,1.0,62.0,77.0,1391.0,1,-15.0,0.0,0
2025-10-10,South Sudan,0.0,5.0,169.0,18.0,977.0,1,151.0,0.0,0
2025-10-10,Uruguay,1.0,0.0,15.0,142.0,1674.0,0,-127.0,0.02112676056338028,3
2025-10-10,Togo,0.0,1.0,120.0,60.0,1151.0,1,60.0,0.0,0
2025-10-10,Sudan,0.0,0.0,116.0,110.0,1164.0,2,6.0,0.00909090909090909,1
2025-10-10,Lesotho,1.0,2.0,153.0,45.0,1034.0,1,108.0,0.0,0
2025-10-10,South Korea,0.0,5.0,23.0,6.0,1593.0,1,17.0,0.0,0
2025-10-10,Argentina,1.0,0.0,3.0,49.0,1870.0,0,-46.0,0.061224489795918366,3
2025-10-10,Uzbekistan,2.0,0.0,54.0,135.0,1453.0,0,-81.0,0.022222222222222223,3
2025-10-10,Rwanda,0.0,1.0,127.0,93.0,1134.0,1,34.0,0.0,0
2025-10-10,El Salvador,0.0,1.0,90.0,29.0,1268.0,1,61.0,0.0,0
2025-10-10,Gambia,3.0,4.0,115.0,79.0,1166.0,1,36.0,0.0,0
2025-10-10,Northern Ireland,2.0,0.0,72.0,42.0,1356.0,0,30.0,0.07142857142857142,3
2025-10-10,Germany,4.0,0.0,12.0,96.0,1704.0,0,-84.0,0.03125,3
2025-10-10,Kosovo,0.0,0.0,91.0,50.0,1262.0,2,41.0,0.02,1
2025-10-10,Sweden,0.0,2.0,32.0,17.0,1525.0,1,15.0,0.0,0
2025-10-10,United States,1.0,1.0,16.0,24.0,1670.0,2,-8.0,0.041666666666666664,1
2025-10-10,Suriname,1.0,1.0,131.0,98.0,1125.0,2,33.0,0.01020408163265306,1
2025-10-10,Iceland,3.0,5.0,74.0,28.0,1343.0,1,46.0,0.0,0
2025-10-10,Belgium,0.0,0.0,8.0,63.0,1740.0,2,-55.0,0.015873015873015872,1
2025-10-10,Bermuda,0.0,3.0,165.0,102.0,989.0,1,63.0,0.0,0
2025-10-10,Curaçao,2.0,0.0,84.0,69.0,1282.0,0,15.0,0.043478260869565216,3
2025-10-10,Seychelles,0.0,7.0,203.0,44.0,812.0,1,159.0,0.0,0
2025-10-10,France,3.0,0.0,2.0,124.0,1871.0,0,-122.0,0.024193548387096774,3
2025-10-10,Kazakhstan,4.0,0.0,118.0,204.0,1158.0,0,-86.0,0.014705882352941176,3
2025-10-11,Grenada,2.0,0.0,168.0,167.0,978.0,0,1.0,0.017964071856287425,3
2025-10-11,Iraq,1.0,0.0,58.0,119.0,1422.0,0,-61.0,0.025210084033613446,3
2025-10-11,Bulgaria,1.0,6.0,86.0,27.0,1272.0,1,59.0,0.0,0
2025-10-11,Mexico,0.0,4.0,14.0,13.0,1688.0,1,1.0,0.0,0
2025-10-11,Spain,2.0,0.0,1.0,68.0,1875.0,0,-67.0,0.04411764705882353,3
2025-10-11,United Arab Emirates,2.0,1.0,67.0,78.0,1380.0,0,-11.0,0.038461538461538464,3
2025-10-11,Hungary,2.0,0.0,41.0,103.0,1492.0,0,-62.0,0.02912621359223301,3
2025-10-11,Portugal,1.0,0.0,5.0,61.0,1780.0,0,-56.0,0.04918032786885246,3
2025-10-11,Latvia,2.0,2.0,137.0,174.0,1089.0,2,-37.0,0.005747126436781609,1
2025-10-11,Serbia,0.0,1.0,34.0,66.0,1521.0,1,-32.0,0.0,0
2025-10-11,Norway,5.0,0.0,31.0,76.0,1526.0,0,-45.0,0.039473684210526314,3
2025-10-11,Estonia,1.0,3.0,129.0,10.0,1127.0,1,119.0,0.0,0
2025-10-12,Djibouti,1.0,2.0,193.0,122.0,856.0,1,71.0,0.0,0
2025-10-12,Zambia,0.0,1.0,85.0,117.0,1273.0,1,-32.0,0.0,0
2025-10-12,Egypt,1.0,0.0,35.0,130.0,1519.0,0,-95.0,0.023076923076923078,3
2025-10-12,Denmark,3.0,1.0,20.0,40.0,1628.0,0,-20.0,0.075,3
2025-10-12,Malta,1.0,4.0,166.0,73.0,982.0,1,93.0,0.0,0
2025-10-12,Chad,2.0,3.0,175.0,140.0,926.0,1,35.0,0.0,0
2025-10-12,Lithuania,0.0,2.0,145.0,36.0,1065.0,1,109.0,0.0,0
2025-10-12,Burkina Faso,3.0,1.0,64.0,147.0,1385.0,0,-83.0,0.02040816326530612,3
2025-10-12,Scotland,2.0,1.0,43.0,100.0,1485.0,0,-57.0,0.03,3
2025-10-12,Mali,4.0,1.0,56.0,108.0,1446.0,0,-52.0,0.027777777777777776,3
2025-10-12,Croatia,3.0,0.0,9.0,200.0,1714.0,0,-191.0,0.015,3
2025-10-12,Faroe Islands,2.0,1.0,136.0,39.0,1094.0,0,97.0,0.07692307692307693,3
2025-10-12,Ghana,1.0,0.0,75.0,105.0,1341.0,0,-30.0,0.02857142857142857,3
2025-10-12,San Marino,0.0,4.0,210.0,128.0,733.0,1,82.0,0.0,0
2025-10-12,Netherlands,4.0,0.0,7.0,71.0,1754.0,0,-64.0,0.04225352112676056,3
2025-10-12,Romania,1.0,0.0,51.0,22.0,1463.0,0,29.0,0.13636363636363635,3
2025-10-13,Tunisia,3.0,0.0,46.0,109.0,1483.0,0,-63.0,0.027522935779816515,3
2025-10-13,Equatorial Guinea,1.0,1.0,95.0,144.0,1249.0,2,-49.0,0.006944444444444444,1
2025-10-13,Uzbekistan,1.0,2.0,54.0,15.0,1453.0,1,39.0,0.0,0
2025-10-13,South Sudan,0.0,0.0,169.0,120.0,977.0,2,49.0,0.008333333333333333,1
2025-10-13,Lesotho,1.0,0.0,153.0,125.0,1034.0,0,28.0,0.024,3
2025-10-13,Cape Verde,3.0,0.0,70.0,159.0,1363.0,0,-89.0,0.018867924528301886,3
2025-10-13,Cameroon,0.0,0.0,52.0,89.0,1455.0,2,-37.0,0.011235955056179775,1
2025-10-13,Mauritius,0.0,0.0,179.0,112.0,912.0,2,67.0,0.008928571428571428,1
2025-10-13,Montenegro,2.0,1.0,80.0,204.0,1314.0,0,-124.0,0.014705882352941176,3
2025-10-13,Honduras,3.0,0.0,65.0,87.0,1384.0,0,-22.0,0.034482758620689655,3
2025-10-13,Slovenia,0.0,0.0,50.0,17.0,1463.0,2,33.0,0.058823529411764705,1
2025-10-13,Sweden,0.0,1.0,32.0,91.0,1525.0,1,-59.0,0.0,0
2025-10-13,Iceland,2.0,2.0,74.0,2.0,1343.0,2,72.0,0.5,1
2025-10-13,Ukraine,2.0,1.0,28.0,124.0,1543.0,0,-96.0,0.024193548387096774,3
2025-10-13,Wales,2.0,4.0,30.0,8.0,1529.0,1,22.0,0.0,0
2025-10-13,North Macedonia,1.0,1.0,63.0,118.0,1388.0,2,-55.0,0.00847457627118644,1
2025-10-13,Slovakia,2.0,0.0,42.0,96.0,1492.0,0,-54.0,0.03125,3
2025-10-13,Costa Rica,4.0,1.0,47.0,132.0,1481.0,0,-85.0,0.022727272727272728,3
2025-10-13,Northern Ireland,0.0,1.0,72.0,12.0,1356.0,1,60.0,0.0,0
2025-10-14,Russia,3.0,0.0,33.0,77.0,1522.0,0,-44.0,0.03896103896103896,3
2025-10-14,Puerto Rico,0.0,6.0,155.0,3.0,1020.0,1,152.0,0.0,0
2025-10-14,Norway,1.0,1.0,31.0,83.0,1526.0,2,-52.0,0.012048192771084338,1
2025-10-14,Japan,3.0,2.0,19.0,6.0,1640.0,0,13.0,0.5,3
2025-10-14,South Korea,2.0,0.0,23.0,37.0,1593.0,0,-14.0,0.08108108108108109,3
2025-10-14,Canada,0.0,0.0,26.0,13.0,1558.0,2,13.0,0.07692307692307693,1
2025-10-14,Iran,2.0,0.0,21.0,107.0,1623.0,0,-86.0,0.028037383177570093,3
2025-10-14,United States,2.0,1.0,16.0,25.0,1670.0,0,-9.0,0.12,3
2025-10-14,Mexico,1.0,1.0,14.0,24.0,1688.0,2,-10.0,0.041666666666666664,1
2025-10-14,Qatar,2.0,1.0,53.0,67.0,1454.0,0,-14.0,0.04477611940298507,3
2025-10-14,South Africa,3.0,0.0,55.0,127.0,1449.0,0,-72.0,0.023622047244094488,3
2025-10-14,Senegal,4.0,0.0,18.0,110.0,1645.0,0,-92.0,0.02727272727272727,3
2025-10-14,DR Congo,1.0,0.0,60.0,116.0,1408.0,0,-56.0,0.02586206896551724,3
2025-10-14,Nigeria,4.0,0.0,45.0,93.0,1484.0,0,-48.0,0.03225806451612903,3
2025-10-14,Seychelles,0.0,7.0,203.0,115.0,812.0,1,88.0,0.0,0
2025-10-14,Ivory Coast,3.0,0.0,44.0,111.0,1484.0,0,-67.0,0.02702702702702703,3
2025-10-14,Gabon,2.0,0.0,79.0,141.0,1314.0,0,-62.0,0.02127659574468085,3
2025-10-14,Algeria,2.0,1.0,38.0,82.0,1501.0,0,-44.0,0.036585365853658534,3
2025-10-14,Guinea,2.0,2.0,81.0,139.0,1299.0,2,-58.0,0.007194244604316547,1
2025-10-14,Albania,4.0,2.0,66.0,62.0,1381.0,0,4.0,0.04838709677419355,3
2025-10-14,Spain,4.0,0.0,1.0,86.0,1875.0,0,-85.0,0.03488372093023256,3
2025-10-14,Somalia,0.0,1.0,201.0,97.0,825.0,1,104.0,0.0,0
2025-10-14,Hong Kong,1.0,1.0,146.0,184.0,1047.0,2,-38.0,0.005434782608695652,1
2025-10-14,Turkey,4.0,1.0,27.0,68.0,1556.0,0,-41.0,0.04411764705882353,3
2025-10-14,Bhutan,0.0,4.0,186.0,113.0,889.0,1,73.0,0.0,0
2025-10-14,Philippines,3.0,1.0,143.0,194.0,1066.0,0,-51.0,0.015463917525773196,3
2025-10-14,Maldives,0.0,3.0,171.0,104.0,969.0,1,67.0,0.0,0
2025-10-14,Republic of Ireland,1.0,0.0,61.0,103.0,1398.0,0,-42.0,0.02912621359223301,3
2025-10-14,Andorra,1.0,3.0,174.0,34.0,955.0,1,140.0,0.0,0
2025-10-14,Italy,3.0,0.0,10.0,76.0,1710.0,0,-66.0,0.039473684210526314,3
2025-10-14,Estonia,1.0,1.0,129.0,156.0,1127.0,2,-27.0,0.00641025641025641,1
2025-10-14,Yemen,9.0,0.0,154.0,183.0,1021.0,0,-29.0,0.01639344262295082,3
2025-10-14,Latvia,0.0,5.0,137.0,4.0,1089.0,1,133.0,0.0,0
2025-10-14,Jamaica,4.0,0.0,69.0,165.0,1377.0,0,-96.0,0.01818181818181818,3
2025-10-14,Saudi Arabia,0.0,0.0,59.0,58.0,1421.0,2,1.0,0.017241379310344827,1
2025-10-14,Turkmenistan,2.0,1.0,138.0,197.0,1088.0,0,-59.0,0.015228426395939087,3
2025-10-14,Afghanistan,1.0,1.0,161.0,199.0,999.0,2,-38.0,0.005025125628140704,1
2025-10-14,Vietnam,1.0,0.0,114.0,176.0,1170.0,0,-62.0,0.017045454545454544,3
2025-10-14,Malaysia,5.0,1.0,123.0,185.0,1148.0,0,-62.0,0.016216216216216217,3
2025-10-14,Panama,1.0,1.0,29.0,131.0,1530.0,2,-102.0,0.007633587786259542,1
2025-10-14,El Salvador,0.0,1.0,90.0,98.0,1268.0,1,-8.0,0.0,0
2025-10-14,Curaçao,1.0,1.0,84.0,102.0,1282.0,2,-18.0,0.00980392156862745,1
2025-10-14,Portugal,2.0,2.0,5.0,41.0,1780.0,2,-36.0,0.024390243902439025,1
2025-10-14,India,1.0,2.0,134.0,158.0,1114.0,1,-24.0,0.0,0
2025-10-14,Myanmar,0.0,3.0,160.0,92.0,1004.0,1,68.0,0.0,0
2025-11-12,Tunisia,1.0,1.0,43.0,113.0,1491.0,2,-70.0,0.008849557522123894,1
2025-11-12,Russia,1.0,1.0,30.0,49.0,1531.0,2,-19.0,0.02040816326530612,1
2025-11-12,Cuba,3.0,0.0,169.0,164.0,975.0,0,5.0,0.018292682926829267,3
2025-11-12,Dominican Republic,2.0,0.0,143.0,171.0,1074.0,0,-28.0,0.017543859649122806,3
2025-11-12,Antigua and Barbuda,0.0,0.0,160.0,194.0,992.0,2,-34.0,0.005154639175257732,1
2025-11-12,Bahamas,1.0,2.0,203.0,209.0,807.0,1,-6.0,0.0,0
2025-11-12,Cayman Islands,1.0,2.0,195.0,208.0,853.0,1,-13.0,0.0,0
2025-11-13,Bangladesh,2.0,2.0,183.0,180.0,894.0,2,3.0,0.005555555555555556,1
2025-11-13,Czech Republic,1.0,0.0,44.0,210.0,1485.0,0,-166.0,0.014285714285714285,3
2025-11-13,Hong Kong,1.0,1.0,148.0,179.0,1053.0,2,-31.0,0.00558659217877095,1
2025-11-13,Lithuania,0.0,0.0,146.0,78.0,1056.0,2,68.0,0.01282051282051282,1
2025-11-13,Republic of Ireland,2.0,0.0,62.0,5.0,1401.0,0,57.0,0.6,3
2025-11-13,Cameroon,0.0,1.0,54.0,60.0,1454.0,1,-6.0,0.0,0
2025-11-13,United Arab Emirates,1.0,1.0,67.0,57.0,1380.0,2,10.0,0.017543859649122806,1
2025-11-13,Nigeria,4.0,1.0,41.0,77.0,1495.0,0,-36.0,0.03896103896103896,3
2025-11-13,France,4.0,0.0,3.0,27.0,1863.0,0,-24.0,0.1111111111111111,3
2025-11-13,North Macedonia,0.0,0.0,65.0,139.0,1391.0,2,-74.0,0.007194244604316547,1
2025-11-13,Algeria,3.0,1.0,35.0,129.0,1510.0,0,-94.0,0.023255813953488372,3
2025-11-13,Thailand,3.0,2.0,96.0,155.0,1235.0,0,-59.0,0.01935483870967742,3
2025-11-13,Canada,0.0,0.0,28.0,23.0,1555.0,2,5.0,0.043478260869565216,1
2025-11-13,Armenia,0.0,1.0,104.0,37.0,1205.0,1,67.0,0.0,0
2025-11-13,Andorra,0.0,1.0,172.0,61.0,955.0,1,111.0,0.0,0
2025-11-13,Moldova,0.0,2.0,156.0,9.0,1020.0,1,147.0,0.0,0
2025-11-13,England,2.0,0.0,4.0,36.0,1824.0,0,-32.0,0.08333333333333333,3
2025-11-13,Iran,0.0,0.0,21.0,71.0,1618.0,2,-50.0,0.014084507042253521,1
2025-11-13,Papua New Guinea,1.0,0.0,170.0,149.0,969.0,0,21.0,0.020134228187919462,3
2025-11-13,Bermuda,0.0,7.0,168.0,82.0,977.0,1,86.0,0.0,0
2025-11-13,Azerbaijan,0.0,2.0,123.0,74.0,1142.0,1,49.0,0.0,0
2025-11-13,Trinidad and Tobago,1.0,1.0,100.0,68.0,1230.0,2,32.0,0.014705882352941176,1
2025-11-13,Haiti,1.0,0.0,88.0,45.0,1268.0,0,43.0,0.06666666666666667,3
2025-11-13,Nicaragua,2.0,0.0,133.0,64.0,1107.0,0,69.0,0.046875,3
2025-11-13,Norway,4.0,1.0,29.0,130.0,1532.0,0,-101.0,0.023076923076923078,3
2025-11-13,Suriname,4.0,0.0,126.0,94.0,1136.0,0,32.0,0.031914893617021274,3
2025-11-13,Guatemala,2.0,3.0,95.0,31.0,1242.0,1,64.0,0.0,0
2025-11-14,Burkina Faso,3.0,2.0,63.0,108.0,1398.0,0,-45.0,0.027777777777777776,3
2025-11-14,Saudi Arabia,1.0,0.0,58.0,42.0,1427.0,0,16.0,0.07142857142857142,3
2025-11-14,Angola,0.0,2.0,89.0,2.0,1267.0,1,87.0,0.0,0
2025-11-14,Australia,0.0,1.0,25.0,50.0,1584.0,1,-25.0,0.0,0
2025-11-14,South Korea,2.0,0.0,22.0,76.0,1594.0,0,-54.0,0.039473684210526314,3
2025-11-14,Morocco,1.0,0.0,12.0,101.0,1710.0,0,-89.0,0.0297029702970297,3
2025-11-14,Comoros,1.0,0.0,112.0,116.0,1180.0,0,-4.0,0.02586206896551724,3
2025-11-14,Uganda,2.0,1.0,83.0,178.0,1288.0,0,-95.0,0.016853932584269662,3
2025-11-14,Japan,2.0,0.0,19.0,73.0,1645.0,0,-54.0,0.0410958904109589,3
2025-11-14,Poland,1.0,1.0,33.0,6.0,1524.0,2,27.0,0.16666666666666666,1
2025-11-14,Luxembourg,0.0,2.0,97.0,10.0,1232.0,1,87.0,0.0,0
2025-11-14,Slovakia,1.0,0.0,46.0,69.0,1483.0,0,-23.0,0.043478260869565216,3
2025-11-14,Finland,0.0,1.0,72.0,166.0,1360.0,1,-94.0,0.0,0
2025-11-14,Croatia,3.0,1.0,11.0,127.0,1710.0,0,-116.0,0.023622047244094488,3
2025-11-14,Gibraltar,1.0,2.0,200.0,81.0,823.0,1,119.0,0.0,0
2025-11-14,Uzbekistan,2.0,0.0,55.0,32.0,1452.0,0,23.0,0.09375,3
2025-11-14,Tunisia,3.0,2.0,43.0,66.0,1491.0,0,-23.0,0.045454545454545456,3
2025-11-14,Oman,2.0,0.0,79.0,119.0,1312.0,0,-40.0,0.025210084033613446,3
2025-11-15,Lesotho,0.0,0.0,144.0,128.0,1070.0,2,16.0,0.0078125,1
2025-11-15,Greece,3.0,2.0,48.0,38.0,1473.0,0,10.0,0.07894736842105263,3
2025-11-15,Libya,1.0,0.0,114.0,113.0,1178.0,0,1.0,0.02654867256637168,3
2025-11-15,Kuwait,4.0,3.0,135.0,107.0,1097.0,0,28.0,0.028037383177570093,3
2025-11-15,Brazil,2.0,0.0,7.0,18.0,1759.0,0,-11.0,0.16666666666666666,3
2025-11-15,Russia,0.0,2.0,30.0,56.0,1531.0,1,-26.0,0.0,0
2025-11-15,Mexico,0.0,0.0,14.0,15.0,1683.0,2,-1.0,0.06666666666666667,1
2025-11-15,South Africa,3.0,1.0,59.0,87.0,1423.0,0,-28.0,0.034482758620689655,3
2025-11-15,United States,2.0,1.0,16.0,39.0,1673.0,0,-23.0,0.07692307692307693,3
2025-11-15,Slovenia,0.0,2.0,51.0,84.0,1463.0,1,-33.0,0.0,0
2025-11-15,Colombia,2.0,1.0,13.0,85.0,1696.0,0,-72.0,0.03529411764705882,3
2025-11-15,Guinea,2.0,0.0,80.0,138.0,1305.0,0,-58.0,0.021739130434782608,3
2025-11-15,Denmark,2.0,2.0,20.0,103.0,1641.0,2,-83.0,0.009708737864077669,1
2025-11-15,Switzerland,4.0,1.0,17.0,40.0,1653.0,0,-23.0,0.075,3
2025-11-15,Turkey,2.0,0.0,26.0,91.0,1570.0,0,-65.0,0.03296703296703297,3
2025-11-15,Kazakhstan,1.0,1.0,115.0,8.0,1168.0,2,107.0,0.125,1
2025-11-15,Bahamas,0.0,6.0,203.0,208.0,807.0,1,-5.0,0.0,0
2025-11-15,Cyprus,0.0,2.0,125.0,24.0,1137.0,1,101.0,0.0,0
2025-11-15,Bosnia and Herzegovina,3.0,1.0,75.0,47.0,1341.0,0,28.0,0.06382978723404255,3
2025-11-15,Liechtenstein,0.0,1.0,206.0,34.0,802.0,1,172.0,0.0,0
2025-11-15,Georgia,0.0,4.0,70.0,1.0,1366.0,1,69.0,0.0,0
2025-11-15,Barbados,0.0,3.0,175.0,194.0,920.0,1,-19.0,0.0,0
2025-11-15,Cayman Islands,4.0,0.0,195.0,209.0,853.0,0,-14.0,0.014354066985645933,3
2025-11-15,Saint Vincent and the Grenadines,3.0,1.0,171.0,164.0,962.0,0,7.0,0.018292682926829267,3
2025-11-16,Azerbaijan,1.0,3.0,123.0,3.0,1142.0,1,120.0,0.0,0
2025-11-16,Hungary,2.0,3.0,37.0,62.0,1505.0,1,-25.0,0.0,0
2025-11-16,Ukraine,2.0,0.0,27.0,74.0,1555.0,0,-47.0,0.04054054054054054,3
2025-11-16,Portugal,9.0,1.0,5.0,104.0,1778.0,0,-99.0,0.028846153846153848,3
2025-11-16,Italy,1.0,4.0,9.0,29.0,1717.0,1,-20.0,0.0,0
2025-11-16,Moldova,1.0,4.0,156.0,78.0,1020.0,1,78.0,0.0,0
2025-11-16,Albania,0.0,2.0,61.0,4.0,1401.0,1,57.0,0.0,0
2025-11-16,Serbia,2.0,1.0,36.0,139.0,1508.0,0,-103.0,0.02158273381294964,3
2025-11-16,Nigeria,1.0,1.0,41.0,60.0,1495.0,2,-19.0,0.016666666666666666,1
2025-11-17,Qatar,1.0,2.0,52.0,129.0,1462.0,1,-77.0,0.0,0
2025-11-17,Comoros,4.0,0.0,112.0,116.0,1180.0,0,-4.0,0.02586206896551724,3
2025-11-17,Mozambique,2.0,2.0,101.0,178.0,1228.0,2,-77.0,0.0056179775280898875,1
2025-11-17,Madagascar,2.0,0.0,106.0,99.0,1193.0,0,7.0,0.030303030303030304,3
2025-11-17,Finland,4.0,0.0,72.0,172.0,1360.0,0,-100.0,0.01744186046511628,3
2025-11-17,Bahrain,1.0,2.0,90.0,202.0,1267.0,1,-112.0,0.0,0
2025-11-17,Northern Ireland,1.0,0.0,69.0,97.0,1366.0,0,-28.0,0.030927835051546393,3
2025-11-17,Germany,6.0,0.0,10.0,46.0,1713.0,0,-36.0,0.06521739130434782,3
2025-11-17,Malta,2.0,3.0,166.0,33.0,979.0,1,133.0,0.0,0
2025-11-17,Czech Republic,6.0,0.0,44.0,200.0,1485.0,0,-156.0,0.015,3
2025-11-17,Montenegro,2.0,3.0,81.0,11.0,1298.0,1,70.0,0.0,0
2025-11-17,Cape Verde,1.0,1.0,71.0,32.0,1364.0,2,39.0,0.03125,1
2025-11-17,Vanuatu,2.0,0.0,161.0,154.0,992.0,0,7.0,0.01948051948051948,3
2025-11-17,Netherlands,4.0,0.0,6.0,146.0,1760.0,0,-140.0,0.02054794520547945,3
2025-11-18,Mali,3.0,2.0,53.0,66.0,1456.0,0,-13.0,0.045454545454545456,3
2025-11-18,Japan,3.0,0.0,19.0,76.0,1645.0,0,-57.0,0.039473684210526314,3
2025-11-18,Benin,0.0,3.0,92.0,63.0,1259.0,1,29.0,0.0,0
2025-11-18,Kenya,0.0,8.0,109.0,18.0,1186.0,1,91.0,0.0,0
2025-11-18,Oman,0.0,2.0,79.0,42.0,1312.0,1,37.0,0.0,0
2025-11-18,Saudi Arabia,0.0,2.0,58.0,35.0,1427.0,1,23.0,0.0,0
2025-11-18,Kuwait,2.0,2.0,135.0,117.0,1097.0,2,18.0,0.008547008547008548,1
2025-11-18,Cyprus,2.0,4.0,125.0,130.0,1137.0,1,-5.0,0.0,0
2025-11-18,Morocco,4.0,0.0,12.0,83.0,1710.0,0,-71.0,0.03614457831325301,3
2025-11-18,Angola,3.0,2.0,89.0,87.0,1267.0,0,2.0,0.034482758620689655,3
2025-11-18,Guinea,1.0,1.0,80.0,108.0,1305.0,2,-28.0,0.009259259259259259,1
2025-11-18,Maldives,0.0,2.0,173.0,141.0,955.0,1,32.0,0.0,0
2025-11-18,Brunei,0.0,3.0,185.0,110.0,882.0,1,75.0,0.0,0
2025-11-18,Yemen,7.0,1.0,152.0,189.0,1040.0,0,-37.0,0.015873015873015872,3
2025-11-18,Bangladesh,1.0,0.0,183.0,136.0,894.0,0,47.0,0.022058823529411766,3
2025-11-18,Hong Kong,1.0,2.0,148.0,155.0,1053.0,1,-7.0,0.0,0
2025-11-18,Sri Lanka,0.0,4.0,193.0,96.0,862.0,1,97.0,0.0,0
2025-11-18,Pakistan,0.0,5.0,198.0,86.0,837.0,1,112.0,0.0,0
2025-11-18,Malaysia,1.0,0.0,118.0,180.0,1162.0,0,-62.0,0.016666666666666666,3
2025-11-18,Canada,2.0,0.0,28.0,50.0,1555.0,0,-22.0,0.06,3
2025-11-18,Chile,2.0,1.0,56.0,49.0,1447.0,0,7.0,0.061224489795918366,3
2025-11-18,Timor-Leste,0.0,5.0,197.0,102.0,840.0,1,95.0,0.0,0
2025-11-18,Colombia,3.0,0.0,13.0,25.0,1696.0,0,-12.0,0.12,3
2025-11-18,Lesotho,0.0,1.0,144.0,128.0,1070.0,1,16.0,0.0,0
2025-11-18,Brazil,1.0,1.0,7.0,43.0,1759.0,2,-36.0,0.023255813953488372,1
2025-11-18,Trinidad and Tobago,2.0,2.0,100.0,168.0,1230.0,2,-68.0,0.005952380952380952,1
2025-11-18,Romania,7.0,1.0,47.0,210.0,1480.0,0,-163.0,0.014285714285714285,3
2025-11-18,Spain,2.0,2.0,1.0,26.0,1881.0,2,-25.0,0.038461538461538464,1
2025-11-18,Belarus,0.0,0.0,103.0,48.0,1213.0,2,55.0,0.020833333333333332,1
2025-11-18,Scotland,4.0,2.0,38.0,20.0,1504.0,0,18.0,0.15,3
2025-11-18,Sweden,1.0,1.0,40.0,51.0,1497.0,2,-11.0,0.0196078431372549,1
2025-11-18,United States,5.0,1.0,16.0,15.0,1673.0,0,1.0,0.2,3
2025-11-18,Iraq,2.0,1.0,57.0,67.0,1429.0,0,-10.0,0.04477611940298507,3
2025-11-18,Bulgaria,2.0,1.0,91.0,70.0,1263.0,0,21.0,0.04285714285714286,3
2025-11-18,Haiti,2.0,0.0,88.0,133.0,1268.0,0,-45.0,0.022556390977443608,3
2025-11-18,Mexico,1.0,2.0,14.0,39.0,1683.0,1,-25.0,0.0,0
2025-11-18,South Korea,1.0,0.0,22.0,73.0,1594.0,0,-51.0,0.0410958904109589,3
2025-11-18,Austria,1.0,1.0,24.0,75.0,1587.0,2,-51.0,0.013333333333333334,1
2025-11-18,Kosovo,1.0,1.0,84.0,17.0,1285.0,2,67.0,0.058823529411764705,1
2025-11-18,Wales,7.0,1.0,34.0,65.0,1519.0,0,-31.0,0.046153846153846156,3
2025-11-18,Saint Kitts and Nevis,2.0,6.0,151.0,181.0,1042.0,1,-30.0,0.0,0
2025-11-18,Antigua and Barbuda,1.0,4.0,160.0,153.0,992.0,1,7.0,0.0,0
2025-11-18,Iran,0.0,0.0,21.0,55.0,1618.0,2,-34.0,0.01818181818181818,1
2025-11-18,Guatemala,3.0,1.0,95.0,126.0,1242.0,0,-31.0,0.023809523809523808,3
2025-11-18,Panama,3.0,0.0,31.0,94.0,1528.0,0,-63.0,0.031914893617021274,3
2025-11-18,Jamaica,0.0,0.0,68.0,82.0,1367.0,2,-14.0,0.012195121951219513,1
2025-11-18,Costa Rica,0.0,0.0,45.0,64.0,1484.0,2,-19.0,0.015625,1
2025-11-18,Faroe Islands,1.0,0.0,127.0,115.0,1132.0,0,12.0,0.02608695652173913,3
2025-11-18,Belgium,7.0,0.0,8.0,206.0,1740.0,0,-198.0,0.014563106796116505,3
2025-11-18,Ecuador,2.0,0.0,23.0,85.0,1590.0,0,-62.0,0.03529411764705882,3
2025-11-19,Laos,0.0,2.0,187.0,110.0,877.0,1,77.0,0.0,0
2025-11-20,Vanuatu,2.0,1.0,160.0,152.0,997.0,0,8.0,0.019736842105263157,3
2025-11-20,Papua New Guinea,2.0,0.0,170.0,155.0,975.0,0,15.0,0.01935483870967742,3
2025-11-23,Papua New Guinea,2.0,2.0,170.0,160.0,975.0,2,10.0,0.00625,1
2025-11-25,Mauritania,0.0,2.0,114.0,135.0,1174.0,1,-21.0,0.0,0
2025-11-25,Syria,2.0,0.0,87.0,168.0,1278.0,0,-81.0,0.017857142857142856,3
2025-11-25,Palestine,0.0,0.0,96.0,111.0,1231.0,2,-15.0,0.009009009009009009,1
2025-11-26,Oman,0.0,0.0,79.0,200.0,1312.0,2,-121.0,0.005,1
2025-11-26,Bahrain,1.0,0.0,91.0,196.0,1259.0,0,-105.0,0.015306122448979591,3
2025-11-26,Sudan,2.0,1.0,118.0,107.0,1154.0,0,11.0,0.028037383177570093,3
2025-11-26,Comoros,4.0,4.0,108.0,148.0,1190.0,2,-40.0,0.006756756756756757,1
2025-12-01,Tunisia,0.0,1.0,40.0,87.0,1497.0,1,-47.0,0.0,0
2025-12-01,Qatar,0.0,1.0,51.0,96.0,1462.0,1,-45.0,0.0,0
2025-12-02,Egypt,1.0,1.0,34.0,135.0,1521.0,2,-101.0,0.007407407407407408,1
2025-12-02,Morocco,3.0,1.0,11.0,108.0,1713.0,0,-97.0,0.027777777777777776,3
2025-12-02,Saudi Arabia,2.0,1.0,60.0,79.0,1429.0,0,-19.0,0.0379746835443038,3
2025-12-03,Jordan,2.0,1.0,66.0,67.0,1378.0,0,-1.0,0.04477611940298507,3
2025-12-03,Algeria,0.0,0.0,35.0,118.0,1516.0,2,-83.0,0.00847457627118644,1
2025-12-03,Iraq,2.0,1.0,58.0,91.0,1439.0,0,-33.0,0.03296703296703297,3
2025-12-04,Palestine,2.0,2.0,96.0,40.0,1231.0,2,56.0,0.025,1
2025-12-04,Qatar,1.0,1.0,51.0,87.0,1462.0,2,-36.0,0.011494252873563218,1
2025-12-05,Oman,0.0,0.0,79.0,11.0,1312.0,2,68.0,0.09090909090909091,1
2025-12-05,Comoros,1.0,3.0,108.0,60.0,1190.0,1,48.0,0.0,0
2025-12-06,Kuwait,1.0,3.0,135.0,66.0,1103.0,1,69.0,0.0,0
2025-12-06,United Arab Emirates,1.0,1.0,67.0,34.0,1370.0,2,33.0,0.029411764705882353,1
2025-12-06,Bahrain,1.0,5.0,91.0,35.0,1259.0,1,56.0,0.0,0
2025-12-06,Sudan,0.0,2.0,118.0,58.0,1154.0,1,60.0,0.0,0
2025-12-07,Qatar,0.0,3.0,51.0,40.0,1462.0,1,11.0,0.0,0
2025-12-07,Syria,0.0,0.0,87.0,96.0,1278.0,2,-9.0,0.010416666666666666,1
2025-12-08,Morocco,1.0,0.0,11.0,60.0,1713.0,0,-49.0,0.05,3
2025-12-08,Oman,2.0,1.0,79.0,108.0,1312.0,0,-29.0,0.027777777777777776,3
2025-12-09,Egypt,0.0,3.0,34.0,66.0,1521.0,1,-32.0,0.0,0
2025-12-09,United Arab Emirates,3.0,1.0,67.0,135.0,1370.0,0,-68.0,0.022222222222222223,3
2025-12-09,Algeria,2.0,0.0,35.0,58.0,1516.0,0,-23.0,0.05172413793103448,3
2025-12-09,Bahrain,3.0,1.0,91.0,118.0,1259.0,0,-27.0,0.025423728813559324,3
2025-12-11,Morocco,1.0,0.0,11.0,87.0,1713.0,0,-76.0,0.034482758620689655,3
2025-12-11,Palestine,1.0,2.0,96.0,60.0,1231.0,1,36.0,0.0,0
2025-12-12,Jordan,1.0,0.0,66.0,58.0,1378.0,0,8.0,0.05172413793103448,3
2025-12-12,Algeria,1.0,1.0,35.0,67.0,1516.0,2,-32.0,0.014925373134328358,1
2025-12-15,Morocco,3.0,0.0,11.0,67.0,1713.0,0,-56.0,0.04477611940298507,3
2025-12-15,Saudi Arabia,0.0,1.0,60.0,66.0,1429.0,1,-6.0,0.0,0
2025-12-18,Jordan,2.0,3.0,66.0,11.0,1378.0,1,55.0,0.0,0
2025-12-21,Morocco,2.0,0.0,11.0,108.0,1713.0,0,-97.0,0.027777777777777776,3
2025-12-22,Mali,1.0,1.0,53.0,91.0,1455.0,2,-38.0,0.01098901098901099,1
2025-12-22,South Africa,2.0,1.0,61.0,89.0,1427.0,0,-28.0,0.033707865168539325,3
2025-12-22,Egypt,2.0,1.0,35.0,129.0,1515.0,0,-94.0,0.023255813953488372,3
2025-12-23,DR Congo,1.0,0.0,56.0,92.0,1444.0,0,-36.0,0.03260869565217391,3
2025-12-23,Senegal,3.0,0.0,19.0,138.0,1648.0,0,-119.0,0.021739130434782608,3
2025-12-23,Nigeria,2.0,1.0,38.0,112.0,1502.0,0,-74.0,0.026785714285714284,3
2025-12-23,Tunisia,3.0,1.0,41.0,85.0,1495.0,0,-44.0,0.03529411764705882,3
2025-12-24,Cameroon,1.0,0.0,57.0,78.0,1440.0,0,-21.0,0.038461538461538464,3
2025-12-24,Ivory Coast,1.0,0.0,42.0,102.0,1490.0,0,-60.0,0.029411764705882353,3
2025-12-24,Algeria,3.0,0.0,34.0,117.0,1518.0,0,-83.0,0.02564102564102564,3
2025-12-24,Burkina Faso,2.0,1.0,62.0,97.0,1405.0,0,-35.0,0.030927835051546393,3
2025-12-26,Zambia,0.0,0.0,91.0,109.0,1258.0,2,-18.0,0.009174311926605505,1
2025-12-26,Morocco,1.0,1.0,11.0,53.0,1716.0,2,-42.0,0.018867924528301886,1
2025-12-26,Angola,1.0,1.0,89.0,129.0,1272.0,2,-40.0,0.007751937984496124,1
2025-12-26,Egypt,1.0,0.0,35.0,61.0,1515.0,0,-26.0,0.04918032786885246,3
2025-12-27,Uganda,1.0,1.0,85.0,112.0,1288.0,2,-27.0,0.008928571428571428,1
2025-12-27,Nigeria,3.0,2.0,38.0,41.0,1502.0,0,-3.0,0.07317073170731707,3
2025-12-27,Benin,1.0,0.0,92.0,138.0,1256.0,0,-46.0,0.021739130434782608,3
2025-12-27,Senegal,1.0,1.0,19.0,56.0,1648.0,2,-37.0,0.017857142857142856,1
2025-12-28,Equatorial Guinea,0.0,1.0,97.0,117.0,1229.0,1,-20.0,0.0,0
2025-12-28,Algeria,1.0,0.0,34.0,62.0,1518.0,0,-28.0,0.04838709677419355,3
2025-12-28,Gabon,2.0,3.0,78.0,102.0,1321.0,1,-24.0,0.0,0
2025-12-28,Ivory Coast,1.0,1.0,42.0,57.0,1490.0,2,-15.0,0.017543859649122806,1
2025-12-29,Angola,0.0,0.0,89.0,35.0,1272.0,2,54.0,0.02857142857142857,1
2025-12-29,Zimbabwe,2.0,3.0,129.0,61.0,1124.0,1,68.0,0.0,0
2025-12-29,Morocco,3.0,0.0,11.0,91.0,1716.0,0,-80.0,0.03296703296703297,3
2025-12-29,Comoros,0.0,0.0,109.0,53.0,1186.0,2,56.0,0.018867924528301886,1
2025-12-30,Uganda,1.0,3.0,85.0,38.0,1288.0,1,47.0,0.0,0
2025-12-30,Tanzania,1.0,1.0,112.0,41.0,1181.0,2,71.0,0.024390243902439025,1
2025-12-30,Benin,0.0,3.0,92.0,19.0,1256.0,1,73.0,0.0,0
2025-12-30,Botswana,0.0,3.0,138.0,56.0,1085.0,1,82.0,0.0,0
2025-12-31,Equatorial Guinea,1.0,3.0,97.0,34.0,1229.0,1,63.0,0.0,0
2025-12-31,Sudan,0.0,2.0,117.0,62.0,1154.0,1,55.0,0.0,0
2025-12-31,Gabon,2.0,3.0,78.0,42.0,1321.0,1,36.0,0.0,0
2025-12-31,Mozambique,1.0,2.0,102.0,57.0,1223.0,1,45.0,0.0,0
2026-01-03,Senegal,3.0,1.0,19.0,117.0,1648.0,0,-98.0,0.02564102564102564,3
2026-01-03,Mali,1.0,1.0,53.0,41.0,1455.0,2,12.0,0.024390243902439025,1
2026-01-04,Morocco,1.0,0.0,11.0,112.0,1716.0,0,-101.0,0.026785714285714284,3
2026-01-04,South Africa,1.0,2.0,61.0,57.0,1427.0,1,4.0,0.0,0
2026-01-05,Egypt,3.0,1.0,35.0,92.0,1515.0,0,-57.0,0.03260869565217391,3
2026-01-05,Nigeria,4.0,0.0,38.0,102.0,1502.0,0,-64.0,0.029411764705882353,3
2026-01-06,Algeria,1.0,0.0,34.0,56.0,1518.0,0,-22.0,0.05357142857142857,3
2026-01-06,Ivory Coast,3.0,0.0,42.0,62.0,1490.0,0,-20.0,0.04838709677419355,3
2026-01-09,Mali,0.0,1.0,53.0,19.0,1455.0,1,34.0,0.0,0
2026-01-09,Morocco,2.0,0.0,11.0,57.0,1716.0,0,-46.0,0.05263157894736842,3
2026-01-10,Algeria,0.0,2.0,34.0,38.0,1518.0,1,-4.0,0.0,0
2026-01-10,Egypt,3.0,2.0,35.0,42.0,1515.0,0,-7.0,0.07142857142857142,3
2026-01-14,Senegal,1.0,0.0,19.0,35.0,1648.0,0,-16.0,0.08571428571428572,3
2026-01-14,Morocco,0.0,0.0,11.0,38.0,1716.0,2,-27.0,0.02631578947368421,1
2026-01-17,Egypt,0.0,0.0,35.0,38.0,1515.0,2,-3.0,0.02631578947368421,1
2026-01-18,Morocco,3.0,0.0,11.0,19.0,1716.0,0,-8.0,0.15789473684210525,3
2026-01-18,Bolivia,1.0,1.0,76.0,30.0,1330.0,2,46.0,0.03333333333333333,1
2026-01-18,Grenada,0.0,1.0,164.0,70.0,990.0,1,94.0,0.0,0
2026-01-22,Panama,0.0,1.0,33.0,16.0,1539.0,1,17.0,0.0,0
2026-01-25,Bolivia,0.0,1.0,76.0,16.0,1331.0,1,60.0,0.0,0
2026-02-25,Mexico,4.0,0.0,16.0,74.0,1676.0,0,-58.0,0.04054054054054054,3
2026-03-15,Bolivia,3.0,0.0,76.0,97.0,1331.0,0,-21.0,0.030927835051546393,3
2026-03-25,Kazakhstan,2.0,0.0,114.0,118.0,1173.0,0,-4.0,0.025423728813559324,3
2026-03-25,Equatorial Guinea,1.0,0.0,107.0,103.0,1190.0,0,4.0,0.02912621359223301,3
2026-03-25,Puerto Rico,4.0,0.0,156.0,201.0,1020.0,0,-45.0,0.014925373134328358,3
2026-03-25,Bermuda,0.0,2.0,169.0,48.0,977.0,1,121.0,0.0,0
2026-03-26,Cyprus,0.0,1.0,128.0,98.0,1128.0,1,30.0,0.0,0
2026-03-26,Brazil,1.0,2.0,5.0,3.0,1760.0,1,2.0,0.0,0
2026-03-26,Colombia,1.0,2.0,14.0,11.0,1701.0,1,3.0,0.0,0
2026-03-26,Moldova,0.0,2.0,158.0,146.0,1013.0,1,12.0,0.0,0
2026-03-26,Ukraine,1.0,3.0,30.0,42.0,1557.0,1,-12.0,0.0,0
2026-03-26,New Caledonia,0.0,1.0,150.0,70.0,1043.0,1,80.0,0.0,0
2026-03-26,Bolivia,2.0,1.0,76.0,123.0,1331.0,0,-47.0,0.024390243902439025,3
2026-03-26,Italy,2.0,0.0,13.0,69.0,1702.0,0,-56.0,0.043478260869565216,3
2026-03-26,Wales,1.0,1.0,35.0,71.0,1530.0,2,-36.0,0.014084507042253521,1
2026-03-26,Vietnam,3.0,0.0,108.0,180.0,1190.0,0,-72.0,0.016666666666666666,3
2026-03-26,Poland,2.0,1.0,34.0,63.0,1532.0,0,-29.0,0.047619047619047616,3
2026-03-26,Georgia,2.0,2.0,73.0,77.0,1348.0,2,-4.0,0.012987012987012988,1
2026-03-26,Slovakia,3.0,4.0,44.0,79.0,1486.0,1,-35.0,0.0,0
2026-03-26,Aruba,4.0,1.0,191.0,193.0,868.0,0,-2.0,0.015544041450777202,3
2026-03-26,Czech Republic,2.0,2.0,43.0,59.0,1487.0,2,-16.0,0.01694915254237288,1
2026-03-26,Denmark,4.0,0.0,21.0,66.0,1617.0,0,-45.0,0.045454545454545456,3
2026-03-26,Turkey,1.0,0.0,25.0,49.0,1583.0,0,-24.0,0.061224489795918366,3
2026-03-26,Tanzania,0.0,1.0,110.0,205.0,1186.0,1,-95.0,0.0,0
2026-03-26,Bahamas,1.0,3.0,206.0,209.0,797.0,1,-3.0,0.0,0
2026-03-26,Cayman Islands,1.0,1.0,195.0,208.0,852.0,2,-13.0,0.004807692307692308,1
2026-03-26,Dominican Republic,2.0,2.0,142.0,99.0,1077.0,2,43.0,0.010101010101010102,1
2026-03-27,Guinea,2.0,2.0,80.0,124.0,1307.0,2,-44.0,0.008064516129032258,1
2026-03-27,Argentina,2.0,1.0,2.0,115.0,1873.0,0,-113.0,0.02608695652173913,3
2026-03-27,Austria,5.0,1.0,24.0,72.0,1586.0,0,-48.0,0.041666666666666664,3
2026-03-27,Greece,0.0,1.0,46.0,40.0,1480.0,1,6.0,0.0,0
2026-03-27,Algeria,7.0,0.0,28.0,94.0,1561.0,0,-66.0,0.031914893617021274,3
2026-03-27,England,1.0,1.0,4.0,17.0,1834.0,2,-13.0,0.058823529411764705,1
2026-03-27,South Africa,1.0,1.0,60.0,33.0,1433.0,2,27.0,0.030303030303030304,1
2026-03-27,Montenegro,2.0,0.0,82.0,172.0,1297.0,0,-90.0,0.01744186046511628,3
2026-03-27,Morocco,1.0,1.0,8.0,23.0,1737.0,2,-15.0,0.043478260869565216,1
2026-03-27,Netherlands,2.0,1.0,7.0,32.0,1756.0,0,-25.0,0.09375,3
2026-03-27,Saudi Arabia,0.0,4.0,61.0,31.0,1429.0,1,30.0,0.0,0
2026-03-27,Spain,3.0,0.0,1.0,39.0,1877.0,0,-38.0,0.07692307692307693,3
2026-03-27,Libya,0.0,0.0,112.0,111.0,1183.0,2,1.0,0.009009009009009009,1
2026-03-27,Switzerland,3.0,4.0,18.0,10.0,1655.0,1,8.0,0.0,0
2026-03-27,Russia,3.0,1.0,36.0,131.0,1525.0,0,-95.0,0.022900763358778626,3
2026-03-27,Uzbekistan,3.0,1.0,52.0,86.0,1462.0,0,-34.0,0.03488372093023256,3
2026-03-27,Costa Rica,2.0,2.0,51.0,64.0,1464.0,2,-13.0,0.015625,1
2026-03-27,Liberia,0.0,1.0,140.0,92.0,1081.0,1,48.0,0.0,0
2026-03-27,Indonesia,4.0,0.0,122.0,154.0,1145.0,0,-32.0,0.01948051948051948,3
2026-03-27,Australia,1.0,0.0,27.0,45.0,1574.0,0,-18.0,0.06666666666666667,3
2026-03-27,Azerbaijan,6.0,1.0,127.0,167.0,1133.0,0,-40.0,0.017964071856287425,3
2026-03-27,Chile,4.0,2.0,55.0,67.0,1458.0,0,-12.0,0.04477611940298507,3
2026-03-27,Solomon Islands,2.0,10.0,152.0,87.0,1040.0,1,65.0,0.0,0
2026-03-27,Kenya,1.0,1.0,113.0,129.0,1180.0,2,-16.0,0.007751937984496124,1
2026-03-27,Rwanda,4.0,0.0,130.0,164.0,1118.0,0,-34.0,0.018292682926829267,3
2026-03-27,Venezuela,4.0,1.0,50.0,97.0,1465.0,0,-47.0,0.030927835051546393,3
2026-03-27,Guyana,2.0,0.0,151.0,183.0,1042.0,0,-32.0,0.01639344262295082,3
2026-03-27,Iran,1.0,2.0,20.0,26.0,1617.0,1,-6.0,0.0,0
2026-03-27,New Zealand,0.0,2.0,85.0,75.0,1279.0,1,10.0,0.0,0
2026-03-28,Mexico,0.0,0.0,16.0,6.0,1676.0,2,10.0,0.16666666666666666,1
2026-03-28,Scotland,0.0,1.0,38.0,19.0,1507.0,1,19.0,0.0,0
2026-03-28,Burkina Faso,5.0,0.0,62.0,133.0,1413.0,0,-71.0,0.022556390977443608,3
2026-03-28,Canada,2.0,2.0,29.0,74.0,1559.0,2,-45.0,0.013513513513513514,1
2026-03-28,Hungary,1.0,0.0,41.0,57.0,1496.0,0,-16.0,0.05263157894736842,3
2026-03-28,Ivory Coast,4.0,0.0,37.0,22.0,1522.0,0,15.0,0.13636363636363635,3
2026-03-28,San Marino,1.0,2.0,210.0,125.0,726.0,1,85.0,0.0,0
2026-03-28,American Samoa,0.0,6.0,184.0,201.0,883.0,1,-17.0,0.0,0
2026-03-28,Senegal,2.0,0.0,12.0,53.0,1707.0,0,-41.0,0.05660377358490566,3
2026-03-28,Kyrgyzstan,2.0,5.0,103.0,104.0,1201.0,1,-1.0,0.0,0
2026-03-28,Botswana,0.0,3.0,144.0,132.0,1062.0,1,12.0,0.0,0
2026-03-28,Namibia,0.0,0.0,118.0,106.0,1153.0,2,12.0,0.009433962264150943,1
2026-03-28,United States,2.0,5.0,15.0,9.0,1682.0,1,6.0,0.0,0
2026-03-28,Haiti,0.0,1.0,83.0,47.0,1294.0,1,36.0,0.0,0
2026-03-29,Aruba,4.0,1.0,191.0,205.0,868.0,0,-14.0,0.014634146341463415,3
2026-03-29,Armenia,1.0,2.0,105.0,98.0,1196.0,1,7.0,0.0,0
2026-03-29,Colombia,1.0,3.0,14.0,3.0,1701.0,1,11.0,0.0,0
2026-03-29,Lithuania,0.0,2.0,146.0,73.0,1056.0,1,73.0,0.0,0
2026-03-29,Dominican Republic,1.0,1.0,142.0,166.0,1077.0,2,-24.0,0.006024096385542169,1
2026-03-29,Macau,0.0,6.0,193.0,110.0,865.0,1,83.0,0.0,0
2026-03-29,Barbados,2.0,3.0,178.0,171.0,914.0,1,7.0,0.0,0
2026-03-29,British Virgin Islands,4.0,0.0,208.0,209.0,777.0,0,-1.0,0.014354066985645933,3
2026-03-29,Cayman Islands,1.0,0.0,195.0,206.0,852.0,0,-11.0,0.014563106796116505,3
2026-03-30,Cape Verde,1.0,1.0,67.0,75.0,1370.0,2,-8.0,0.013333333333333334,1
2026-03-30,Cyprus,3.0,2.0,128.0,158.0,1128.0,0,-30.0,0.0189873417721519,3
2026-03-30,Germany,2.0,1.0,10.0,72.0,1724.0,0,-62.0,0.041666666666666664,3
2026-03-30,Azerbaijan,1.0,1.0,127.0,120.0,1133.0,2,7.0,0.008333333333333333,1
2026-03-30,Indonesia,0.0,1.0,122.0,87.0,1145.0,1,35.0,0.0,0
2026-03-30,Rwanda,2.0,0.0,130.0,129.0,1118.0,0,1.0,0.023255813953488372,3
2026-03-30,Saint Kitts and Nevis,4.0,2.0,154.0,152.0,1035.0,0,2.0,0.019736842105263157,3
2026-03-30,Grenada,0.0,3.0,164.0,113.0,990.0,1,51.0,0.0,0
2026-03-30,Gabon,2.0,2.0,86.0,97.0,1276.0,2,-11.0,0.010309278350515464,1
2026-03-30,Uzbekistan,0.0,0.0,52.0,50.0,1462.0,2,2.0,0.02,1
2026-03-30,Guyana,3.0,1.0,151.0,181.0,1042.0,0,-30.0,0.016574585635359115,3
2026-03-30,New Zealand,4.0,1.0,85.0,55.0,1279.0,0,30.0,0.05454545454545454,3
2026-03-31,England,0.0,1.0,4.0,19.0,1834.0,1,-15.0,0.0,0
2026-03-31,Argentina,5.0,0.0,2.0,91.0,1873.0,0,-89.0,0.03296703296703297,3
2026-03-31,Austria,1.0,0.0,24.0,22.0,1586.0,0,2.0,0.13636363636363635,3
2026-03-31,Benin,1.0,0.0,92.0,80.0,1250.0,0,12.0,0.0375,3
2026-03-31,Brazil,3.0,1.0,5.0,11.0,1760.0,0,-6.0,0.2727272727272727,3
2026-03-31,Burkina Faso,1.0,1.0,62.0,133.0,1413.0,2,-71.0,0.007518796992481203,1
2026-03-31,Canada,0.0,0.0,29.0,47.0,1559.0,2,-18.0,0.02127659574468085,1
2026-03-31,Costa Rica,0.0,5.0,51.0,20.0,1464.0,1,31.0,0.0,0
2026-03-31,Equatorial Guinea,1.0,1.0,107.0,104.0,1190.0,2,3.0,0.009615384615384616,1
2026-03-31,Morocco,2.0,1.0,8.0,40.0,1737.0,0,-32.0,0.075,3
2026-03-31,Hungary,0.0,0.0,41.0,46.0,1496.0,2,-5.0,0.021739130434782608,1
2026-03-31,Ivory Coast,1.0,0.0,37.0,38.0,1522.0,0,-1.0,0.07894736842105263,3
2026-03-31,Jordan,2.0,2.0,64.0,26.0,1389.0,2,38.0,0.038461538461538464,1
2026-03-31,Liberia,2.0,2.0,140.0,112.0,1081.0,2,28.0,0.008928571428571428,1
2026-03-31,Botswana,1.0,0.0,144.0,126.0,1062.0,0,18.0,0.023809523809523808,3
2026-03-31,Mexico,1.0,1.0,16.0,9.0,1676.0,2,7.0,0.1111111111111111,1
2026-03-31,Montenegro,2.0,3.0,82.0,57.0,1297.0,1,25.0,0.0,0
2026-03-31,Algeria,0.0,0.0,28.0,17.0,1561.0,2,11.0,0.058823529411764705,1
2026-03-31,Haiti,1.0,1.0,83.0,74.0,1294.0,2,9.0,0.013513513513513514,1
2026-03-31,Netherlands,1.0,1.0,7.0,23.0,1756.0,2,-16.0,0.043478260869565216,1
2026-03-31,Niger,0.0,1.0,111.0,124.0,1185.0,1,-13.0,0.0,0
2026-03-31,Norway,0.0,0.0,32.0,18.0,1553.0,2,14.0,0.05555555555555555,1
2026-03-31,Spain,0.0,0.0,1.0,31.0,1877.0,2,-30.0,0.03225806451612903,1
2026-03-31,Russia,0.0,0.0,36.0,54.0,1525.0,2,-18.0,0.018518518518518517,1
2026-03-31,Republic of Ireland,0.0,0.0,59.0,66.0,1436.0,2,-7.0,0.015151515151515152,1
2026-03-31,San Marino,0.0,0.0,210.0,172.0,726.0,2,38.0,0.005813953488372093,1
2026-03-31,Senegal,3.0,1.0,12.0,116.0,1707.0,0,-104.0,0.02586206896551724,3
2026-03-31,Serbia,2.0,1.0,39.0,61.0,1506.0,0,-22.0,0.04918032786885246,3
2026-03-31,Slovakia,2.0,0.0,44.0,49.0,1486.0,0,-5.0,0.061224489795918366,3
2026-03-31,South Africa,1.0,2.0,60.0,33.0,1433.0,1,27.0,0.0,0
2026-03-31,Ukraine,1.0,0.0,30.0,63.0,1557.0,0,-33.0,0.047619047619047616,3
2026-03-31,Wales,1.0,1.0,35.0,69.0,1530.0,2,-34.0,0.014492753623188406,1
2026-03-31,DR Congo,1.0,0.0,48.0,70.0,1468.0,0,-22.0,0.04285714285714286,3
2026-03-31,Iraq,2.0,1.0,58.0,76.0,1437.0,0,-18.0,0.039473684210526314,3
2026-03-31,Bosnia and Herzegovina,1.0,1.0,71.0,13.0,1362.0,2,58.0,0.07692307692307693,1
2026-03-31,Sweden,3.0,2.0,42.0,34.0,1487.0,0,8.0,0.08823529411764706,3
2026-03-31,Kosovo,0.0,1.0,79.0,25.0,1309.0,1,54.0,0.0,0
2026-03-31,Czech Republic,2.0,2.0,43.0,21.0,1487.0,2,22.0,0.047619047619047616,1
2026-03-31,Peru,2.0,2.0,53.0,65.0,1460.0,2,-12.0,0.015384615384615385,1
2026-03-31,United States,0.0,2.0,15.0,6.0,1682.0,1,9.0,0.0,0
2026-03-31,Australia,5.0,1.0,27.0,81.0,1574.0,0,-54.0,0.037037037037037035,3
2026-03-31,Kazakhstan,1.0,0.0,114.0,106.0,1173.0,0,8.0,0.02830188679245283,3
2023-01-09,Finland,0.0,2.0,56.0,23.0,1406.0,0,-33.0,0.0,0
2023-01-09,Yemen,2.0,3.0,154.0,75.0,1024.0,0,-79.0,0.0,0
2023-01-09,Saudi Arabia,0.0,2.0,49.0,68.0,1438.0,0,19.0,0.0,0
2023-01-09,Indonesia,0.0,2.0,151.0,96.0,1034.0,0,-55.0,0.0,0
2023-01-10,Kuwait,1.0,0.0,148.0,70.0,1057.0,1,-78.0,0.04285714285714286,3
2023-01-10,Bahrain,2.0,1.0,85.0,60.0,1280.0,1,-25.0,0.05,3
2023-01-10,Malaysia,0.0,3.0,145.0,111.0,1067.0,0,-34.0,0.0,0
2023-01-12,Estonia,1.0,0.0,109.0,56.0,1186.0,1,-53.0,0.05357142857142857,3
2023-01-12,Iceland,1.0,2.0,63.0,23.0,1380.0,0,-40.0,0.0,0
2023-01-12,Yemen,0.0,5.0,154.0,68.0,1024.0,0,-86.0,0.0,0
2023-01-12,Oman,2.0,1.0,75.0,49.0,1321.0,1,-26.0,0.061224489795918366,3
2023-01-13,United Arab Emirates,1.0,1.0,70.0,60.0,1338.0,2,-10.0,0.016666666666666666,1
2023-01-13,Thailand,2.0,2.0,111.0,96.0,1173.0,2,-15.0,0.010416666666666666,1
2023-01-13,Kuwait,1.0,1.0,148.0,85.0,1057.0,2,-63.0,0.011764705882352941,1
2023-01-16,Qatar,1.0,2.0,60.0,68.0,1394.0,0,8.0,0.0,0
2023-01-16,Oman,1.0,0.0,75.0,85.0,1321.0,1,10.0,0.03529411764705882,3
2023-01-16,Vietnam,0.0,1.0,96.0,111.0,1229.0,0,15.0,0.0,0
2023-01-19,Oman,2.0,3.0,75.0,68.0,1321.0,0,-7.0,0.0,0
2023-01-25,Serbia,2.0,1.0,29.0,13.0,1526.0,1,-16.0,0.23076923076923078,3
2023-01-28,Colombia,0.0,0.0,17.0,13.0,1613.0,2,-4.0,0.07692307692307693,1
2023-02-22,Barbados,1.0,1.0,166.0,173.0,982.0,2,7.0,0.005780346820809248,1
2023-02-26,Barbados,2.0,2.0,166.0,173.0,982.0,2,7.0,0.005780346820809248,1
2023-03-03,Saint Lucia,2.0,1.0,172.0,173.0,965.0,1,1.0,0.017341040462427744,3
2023-03-05,Saint Lucia,0.0,2.0,172.0,173.0,965.0,0,1.0,0.0,0
2023-03-11,Trinidad and Tobago,1.0,0.0,104.0,64.0,1195.0,1,-40.0,0.046875,3
2023-03-12,Panama,1.0,1.0,61.0,119.0,1392.0,2,58.0,0.008403361344537815,1
2023-03-14,Trinidad and Tobago,0.0,0.0,104.0,64.0,1195.0,2,-40.0,0.015625,1
2023-03-15,Malawi,1.0,1.0,124.0,192.0,1145.0,2,68.0,0.005208333333333333,1
2023-03-19,Rwanda,0.0,1.0,137.0,138.0,1094.0,0,1.0,0.0,0
2023-03-20,Vanuatu,2.0,1.0,164.0,163.0,986.0,1,-1.0,0.018404907975460124,3
2023-03-21,Pakistan,0.0,1.0,195.0,156.0,865.0,0,-39.0,0.0,0
2023-03-21,New Caledonia,2.0,0.0,161.0,162.0,996.0,1,1.0,0.018518518518518517,3
2023-03-22,El Salvador,0.0,1.0,74.0,81.0,1327.0,0,7.0,0.0,0
2023-03-22,Myanmar,0.0,1.0,159.0,106.0,1006.0,0,-53.0,0.0,0
2023-03-22,Laos,0.0,2.0,187.0,175.0,906.0,0,-12.0,0.0,0
2023-03-22,Latvia,2.0,3.0,133.0,48.0,1117.0,0,-85.0,0.0,0
2023-03-22,Rwanda,1.0,1.0,137.0,91.0,1094.0,2,-46.0,0.01098901098901099,1
2023-03-23,Lesotho,1.0,3.0,147.0,88.0,1061.0,0,-59.0,0.0,0
2023-03-23,Vanuatu,0.0,2.0,164.0,136.0,986.0,0,-28.0,0.0,0
2023-03-23,Niger,1.0,2.0,122.0,40.0,1149.0,0,-82.0,0.0,0
2023-03-23,Angola,0.0,1.0,117.0,58.0,1159.0,0,-59.0,0.0,0
2023-03-23,Central African Republic,3.0,0.0,132.0,102.0,1117.0,1,-30.0,0.029411764705882353,3
2023-03-23,Russia,1.0,1.0,37.0,24.0,1491.0,2,-13.0,0.041666666666666664,1
2023-03-23,Turkmenistan,0.0,1.0,135.0,145.0,1100.0,0,10.0,0.0,0
2023-03-23,Estonia,0.0,1.0,109.0,36.0,1186.0,0,-73.0,0.0,0
2023-03-23,Singapore,1.0,1.0,160.0,146.0,1006.0,2,-14.0,0.00684931506849315,1
2023-03-23,Panama,0.0,2.0,61.0,2.0,1392.0,0,-59.0,0.0,0
2023-03-23,Finland,1.0,3.0,56.0,18.0,1406.0,0,-38.0,0.0,0
2023-03-23,Sudan,0.0,1.0,128.0,79.0,1127.0,0,-49.0,0.0,0
2023-03-23,Northern Ireland,2.0,0.0,59.0,211.0,1397.0,1,152.0,0.014218009478672985,3
2023-03-23,England,2.0,1.0,5.0,8.0,1774.0,1,3.0,0.375,3
2023-03-23,Malta,1.0,2.0,167.0,65.0,979.0,0,-102.0,0.0,0
2023-03-23,Puerto Rico,3.0,1.0,170.0,209.0,974.0,1,39.0,0.014354066985645933,3
2023-03-23,Cuba,1.0,0.0,168.0,166.0,979.0,1,-2.0,0.018072289156626505,3
2023-03-23,Luxembourg,0.0,0.0,92.0,54.0,1245.0,2,-38.0,0.018518518518518517,1
2023-03-23,Iceland,0.0,3.0,63.0,57.0,1380.0,0,-6.0,0.0,0
2023-03-23,Liechtenstein,0.0,4.0,198.0,9.0,860.0,0,-189.0,0.0,0
2023-03-23,Slovenia,2.0,1.0,62.0,115.0,1389.0,1,53.0,0.02608695652173913,3
2023-03-23,Mexico,2.0,0.0,15.0,139.0,1636.0,1,124.0,0.02158273381294964,3
2023-03-24,Bolivia,0.0,1.0,82.0,77.0,1295.0,0,-5.0,0.0,0
2023-03-24,Uruguay,1.0,1.0,16.0,20.0,1627.0,2,4.0,0.05,1
2023-03-24,Ecuador,1.0,3.0,41.0,27.0,1477.0,0,-14.0,0.0,0
2023-03-24,Philippines,0.0,2.0,134.0,148.0,1113.0,0,14.0,0.0,0
2023-03-24,Venezuela,2.0,1.0,55.0,49.0,1406.0,1,-6.0,0.061224489795918366,3
2023-03-24,New Caledonia,1.0,2.0,161.0,162.0,996.0,0,1.0,0.0,0
2023-03-24,Guinea-Bissau,1.0,0.0,118.0,35.0,1159.0,1,-83.0,0.08571428571428572,3
2023-03-24,Gambia,0.0,2.0,126.0,45.0,1138.0,0,-81.0,0.0,0
2023-03-24,Togo,0.0,1.0,127.0,50.0,1129.0,0,-77.0,0.0,0
2023-03-24,Namibia,1.0,1.0,113.0,33.0,1164.0,2,-80.0,0.030303030303030304,1
2023-03-24,Ethiopia,0.0,2.0,138.0,83.0,1091.0,0,-55.0,0.0,0
2023-03-24,Mauritania,1.0,3.0,103.0,73.0,1198.0,0,-30.0,0.0,0
2023-03-24,Tanzania,1.0,0.0,130.0,89.0,1120.0,1,-41.0,0.033707865168539325,3
2023-03-24,Eswatini,0.0,0.0,143.0,72.0,1071.0,2,-71.0,0.013888888888888888,1
2023-03-24,Comoros,1.0,3.0,129.0,47.0,1123.0,0,-82.0,0.0,0
2023-03-24,Colombia,2.0,2.0,17.0,25.0,1613.0,2,8.0,0.04,1
2023-03-24,Malawi,0.0,2.0,124.0,39.0,1145.0,0,-85.0,0.0,0
2023-03-24,Saint Vincent and the Grenadines,1.0,4.0,178.0,142.0,945.0,0,-36.0,0.0,0
2023-03-24,Belgium,3.0,0.0,4.0,23.0,1781.0,1,19.0,0.13043478260869565,3
2023-03-24,Faroe Islands,1.0,1.0,123.0,174.0,1146.0,2,51.0,0.005747126436781609,1
2023-03-24,Mozambique,1.0,5.0,114.0,19.0,1164.0,0,-95.0,0.0,0
2023-03-24,Greece,3.0,0.0,51.0,200.0,1434.0,1,149.0,0.015,3
2023-03-24,Netherlands,0.0,4.0,6.0,3.0,1741.0,0,-3.0,0.0,0
2023-03-24,Poland,1.0,3.0,22.0,38.0,1560.0,0,16.0,0.0,0
2023-03-24,Azerbaijan,1.0,4.0,121.0,34.0,1152.0,0,-87.0,0.0,0
2023-03-24,Guatemala,2.0,1.0,119.0,176.0,1158.0,1,57.0,0.017045454545454544,3
2023-03-24,Liberia,2.0,2.0,150.0,67.0,1050.0,2,-83.0,0.014925373134328358,1
2023-03-24,Lithuania,0.0,2.0,144.0,29.0,1069.0,0,-115.0,0.0,0
2023-03-24,United States,7.0,1.0,13.0,173.0,1653.0,1,160.0,0.017341040462427744,3
2023-03-24,Trinidad and Tobago,3.0,0.0,104.0,203.0,1195.0,1,99.0,0.014778325123152709,3
2023-03-24,Botswana,0.0,2.0,149.0,98.0,1054.0,0,-51.0,0.0,0
2023-03-24,Saint Lucia,2.0,1.0,172.0,210.0,965.0,1,38.0,0.014285714285714285,3
2023-03-24,Libya,0.0,3.0,120.0,30.0,1157.0,0,-90.0,0.0,0
2023-03-24,Montenegro,1.0,0.0,69.0,71.0,1339.0,1,2.0,0.04225352112676056,3
2023-03-25,Norway,0.0,3.0,43.0,10.0,1475.0,0,-33.0,0.0,0
2023-03-25,Laos,2.0,1.0,187.0,185.0,906.0,1,-2.0,0.016216216216216217,3
2023-03-25,Mongolia,1.0,6.0,183.0,78.0,914.0,0,-105.0,0.0,0
2023-03-25,Peru,0.0,2.0,21.0,14.0,1564.0,0,-7.0,0.0,0
2023-03-25,Tajikistan,0.0,0.0,108.0,70.0,1187.0,2,-38.0,0.014285714285714285,1
2023-03-25,Brazil,1.0,2.0,1.0,11.0,1841.0,0,10.0,0.0,0
2023-03-25,Syria,3.0,1.0,90.0,111.0,1251.0,1,21.0,0.02702702702702703,3
2023-03-25,Burundi,1.0,3.0,141.0,151.0,1075.0,0,10.0,0.0,0
2023-03-25,Palestine,2.0,1.0,93.0,85.0,1234.0,1,-8.0,0.03529411764705882,3
2023-03-25,Seychelles,0.0,1.0,199.0,192.0,860.0,0,-7.0,0.0,0
2023-03-25,Cyprus,0.0,3.0,110.0,42.0,1185.0,0,-68.0,0.0,0
2023-03-25,Wales,1.0,1.0,28.0,7.0,1530.0,2,-21.0,0.14285714285714285,1
2023-03-25,Switzerland,5.0,0.0,12.0,97.0,1655.0,1,85.0,0.030927835051546393,3
2023-03-25,Kyrgyzstan,1.0,1.0,94.0,159.0,1233.0,2,65.0,0.006289308176100629,1
2023-03-25,Romania,2.0,0.0,52.0,153.0,1433.0,1,101.0,0.0196078431372549,3
2023-03-25,Kosovo,1.0,1.0,107.0,76.0,1187.0,2,-31.0,0.013157894736842105,1
2023-03-25,Haiti,4.0,0.0,87.0,179.0,1269.0,1,92.0,0.01675977653631285,3
2023-03-25,Turkey,2.0,1.0,44.0,95.0,1465.0,1,51.0,0.031578947368421054,3
2023-03-25,Canada,2.0,0.0,53.0,86.0,1432.0,1,33.0,0.03488372093023256,3
2023-03-25,Guyana,2.0,0.0,171.0,169.0,969.0,1,-2.0,0.01775147928994083,3
2023-03-26,Ukraine,0.0,2.0,26.0,5.0,1537.0,0,-21.0,0.0,0
2023-03-26,Solomon Islands,2.0,0.0,136.0,163.0,1096.0,1,27.0,0.018404907975460124,3
2023-03-26,Singapore,1.0,0.0,160.0,182.0,1006.0,1,22.0,0.016483516483516484,3
2023-03-26,San Marino,0.0,2.0,211.0,62.0,763.0,0,-149.0,0.0,0
2023-03-26,Zambia,2.0,0.0,88.0,147.0,1265.0,1,59.0,0.02040816326530612,3
2023-03-26,Italy,2.0,0.0,8.0,167.0,1724.0,1,159.0,0.017964071856287425,3
2023-03-26,Iraq,0.0,2.0,68.0,37.0,1342.0,0,-31.0,0.0,0
2023-03-26,Denmark,2.0,3.0,18.0,115.0,1608.0,0,97.0,0.0,0
2023-03-26,Iceland,7.0,0.0,63.0,198.0,1380.0,1,135.0,0.015151515151515152,3
2023-03-26,Portugal,6.0,0.0,9.0,92.0,1703.0,1,83.0,0.03260869565217391,3
2023-03-26,Cayman Islands,1.0,5.0,194.0,170.0,866.0,0,-24.0,0.0,0
2023-03-26,Jamaica,2.0,2.0,64.0,15.0,1379.0,2,-49.0,0.06666666666666667,1
2023-03-26,Barbados,2.0,1.0,166.0,131.0,982.0,1,-35.0,0.022900763358778626,3
2023-03-26,Finland,1.0,0.0,56.0,59.0,1406.0,1,3.0,0.05084745762711865,3
2023-03-26,Bosnia and Herzegovina,0.0,2.0,57.0,54.0,1404.0,0,-3.0,0.0,0
2023-03-27,Lithuania,0.0,0.0,144.0,51.0,1069.0,2,-93.0,0.0196078431372549,1
2023-03-27,Faroe Islands,0.0,1.0,123.0,65.0,1146.0,0,-58.0,0.0,0
2023-03-27,Lebanon,0.0,2.0,100.0,75.0,1208.0,0,-25.0,0.0,0
2023-03-27,Nigeria,1.0,0.0,35.0,118.0,1494.0,1,83.0,0.025423728813559324,3
2023-03-27,Ghana,1.0,1.0,58.0,117.0,1400.0,2,59.0,0.008547008547008548,1
2023-03-27,Algeria,1.0,0.0,40.0,122.0,1487.0,1,82.0,0.02459016393442623,3
2023-03-27,Gibraltar,0.0,3.0,200.0,6.0,858.0,0,-194.0,0.0,0
2023-03-27,Gabon,0.0,1.0,79.0,128.0,1305.0,0,49.0,0.0,0
2023-03-27,Guinea,3.0,2.0,83.0,138.0,1290.0,1,55.0,0.021739130434782608,3
2023-03-27,Madagascar,0.0,2.0,102.0,132.0,1201.0,0,30.0,0.0,0
2023-03-27,France,1.0,0.0,3.0,48.0,1823.0,1,45.0,0.0625,3
2023-03-27,Paraguay,2.0,3.0,46.0,31.0,1445.0,0,-15.0,0.0,0
2023-03-27,Albania,0.0,1.0,66.0,22.0,1353.0,0,-44.0,0.0,0
2023-03-27,El Salvador,0.0,1.0,74.0,13.0,1327.0,0,-61.0,0.0,0
2023-03-27,Azerbaijan,0.0,5.0,121.0,23.0,1152.0,0,-98.0,0.0,0
2023-03-27,Bulgaria,0.0,3.0,71.0,36.0,1337.0,0,-35.0,0.0,0
2023-03-27,Serbia,2.0,0.0,29.0,69.0,1526.0,1,40.0,0.043478260869565216,3
2023-03-27,Estonia,1.0,2.0,109.0,34.0,1186.0,0,-75.0,0.0,0
2023-03-27,Belize,0.0,2.0,176.0,152.0,951.0,0,-24.0,0.0,0
2023-03-27,Czech Republic,0.0,0.0,38.0,174.0,1491.0,2,136.0,0.005747126436781609,1
2023-03-27,Aruba,0.0,2.0,202.0,140.0,855.0,0,-62.0,0.0,0
2023-03-27,Dominica,1.0,3.0,184.0,172.0,912.0,0,-12.0,0.0,0
2023-03-27,Bahamas,1.0,1.0,203.0,178.0,855.0,2,-25.0,0.0056179775280898875,1
2023-03-27,Nicaragua,1.0,1.0,142.0,104.0,1072.0,2,-38.0,0.009615384615384616,1
2023-03-28,Cyprus,2.0,2.0,110.0,95.0,1185.0,2,-15.0,0.010526315789473684,1
2023-03-28,Ecuador,2.0,1.0,41.0,27.0,1477.0,1,-14.0,0.1111111111111111,3
2023-03-28,Syria,0.0,1.0,90.0,85.0,1251.0,0,-5.0,0.0,0
2023-03-28,Seychelles,1.0,0.0,199.0,192.0,860.0,1,-7.0,0.015625,3
2023-03-28,Belgium,3.0,2.0,4.0,14.0,1781.0,1,10.0,0.21428571428571427,3
2023-03-28,Kyrgyzstan,0.0,2.0,94.0,106.0,1233.0,0,12.0,0.0,0
2023-03-28,Burundi,2.0,2.0,141.0,151.0,1075.0,2,10.0,0.006622516556291391,1
2023-03-28,Cameroon,1.0,2.0,33.0,113.0,1499.0,0,80.0,0.0,0
2023-03-28,Colombia,2.0,1.0,17.0,20.0,1613.0,1,3.0,0.15,3
2023-03-28,Philippines,0.0,4.0,134.0,84.0,1113.0,0,-50.0,0.0,0
2023-03-28,Thailand,0.0,2.0,111.0,70.0,1173.0,0,-41.0,0.0,0
2023-03-28,Hong Kong,0.0,2.0,146.0,145.0,1062.0,0,-1.0,0.0,0
2023-03-28,Peru,0.0,0.0,21.0,11.0,1564.0,2,-10.0,0.09090909090909091,1
2023-03-28,Bhutan,1.0,1.0,185.0,175.0,911.0,2,-10.0,0.005714285714285714,1
2023-03-28,Bolivia,2.0,1.0,82.0,49.0,1295.0,1,-33.0,0.061224489795918366,3
2023-03-28,Venezuela,1.0,1.0,55.0,77.0,1406.0,2,22.0,0.012987012987012988,1
2023-03-28,Cape Verde,1.0,0.0,72.0,143.0,1336.0,1,71.0,0.02097902097902098,3
2023-03-28,Uruguay,2.0,1.0,16.0,25.0,1627.0,1,9.0,0.12,3
2023-03-28,Curaçao,0.0,7.0,86.0,2.0,1279.0,0,-84.0,0.0,0
2023-03-28,Burkina Faso,1.0,1.0,50.0,127.0,1435.0,2,77.0,0.007874015748031496,1
2023-03-28,Tajikistan,1.0,2.0,108.0,148.0,1187.0,0,40.0,0.0,0
2023-03-28,Kenya,1.0,2.0,101.0,24.0,1202.0,0,-77.0,0.0,0
2023-03-28,Spain,0.0,2.0,10.0,42.0,1693.0,0,32.0,0.0,0
2023-03-28,Croatia,2.0,0.0,7.0,44.0,1728.0,1,37.0,0.06818181818181818,3
2023-03-28,Ivory Coast,2.0,0.0,47.0,129.0,1441.0,1,82.0,0.023255813953488372,3
2023-03-28,DR Congo,1.0,1.0,73.0,103.0,1334.0,2,30.0,0.009708737864077669,1
2023-03-28,Equatorial Guinea,3.0,2.0,98.0,149.0,1216.0,1,51.0,0.020134228187919462,3
2023-03-28,Tunisia,1.0,0.0,30.0,120.0,1526.0,1,90.0,0.025,3
2023-03-28,South Africa,2.0,1.0,67.0,150.0,1350.0,1,83.0,0.02,3
2023-03-28,Senegal,1.0,0.0,19.0,114.0,1604.0,1,95.0,0.02631578947368421,3
2023-03-28,Egypt,4.0,0.0,39.0,124.0,1490.0,1,85.0,0.024193548387096774,3
2023-03-28,Latvia,0.0,1.0,133.0,28.0,1117.0,0,-105.0,0.0,0
2023-03-28,Mali,0.0,1.0,45.0,126.0,1449.0,0,81.0,0.0,0
2023-03-28,Honduras,1.0,4.0,81.0,53.0,1301.0,0,-28.0,0.0,0
2023-03-28,Israel,0.0,3.0,76.0,12.0,1316.0,0,-64.0,0.0,0
2023-03-28,Belarus,1.0,2.0,97.0,52.0,1222.0,0,-45.0,0.0,0
2023-03-28,Panama,1.0,0.0,61.0,32.0,1392.0,1,-29.0,0.09375,3
2023-03-28,Bermuda,1.0,3.0,169.0,87.0,977.0,0,-82.0,0.0,0
2023-03-28,Montserrat,0.0,0.0,179.0,171.0,941.0,2,-8.0,0.005847953216374269,1
2023-03-28,Uganda,1.0,0.0,89.0,130.0,1261.0,1,41.0,0.023076923076923078,3
2023-03-28,Andorra,1.0,1.0,153.0,107.0,1031.0,2,-46.0,0.009345794392523364,1
2023-03-28,Norway,1.0,1.0,43.0,78.0,1475.0,2,35.0,0.01282051282051282,1
2023-03-29,Benin,1.0,1.0,91.0,137.0,1247.0,2,46.0,0.0072992700729927005,1
2023-03-31,Laos,1.0,2.0,187.0,175.0,906.0,0,-12.0,0.0,0
2023-04-19,Mexico,1.0,1.0,15.0,13.0,1632.0,2,-2.0,0.07692307692307693,1
2023-06-07,Guatemala,0.0,2.0,116.0,15.0,1165.0,0,-101.0,0.0,0
2023-06-09,Malta,1.0,0.0,172.0,91.0,973.0,1,-81.0,0.03296703296703297,3
2023-06-10,Cameroon,2.0,2.0,42.0,15.0,1470.0,2,-27.0,0.06666666666666667,1
2023-06-10,Nicaragua,2.0,3.0,140.0,58.0,1079.0,0,-82.0,0.0,0
2023-06-11,Cuba,0.0,3.0,165.0,31.0,986.0,0,-134.0,0.0,0
2023-06-11,Pakistan,0.0,3.0,195.0,180.0,861.0,0,-15.0,0.0,0
2023-06-11,Trinidad and Tobago,1.0,0.0,104.0,116.0,1198.0,1,12.0,0.02586206896551724,3
2023-06-11,Oman,0.0,3.0,73.0,74.0,1334.0,0,1.0,0.0,0
2023-06-11,Turkmenistan,1.0,1.0,137.0,109.0,1095.0,2,-28.0,0.009174311926605505,1
2023-06-12,Ukraine,3.0,3.0,30.0,14.0,1530.0,2,-16.0,0.07142857142857142,1
2023-06-12,Cape Verde,0.0,0.0,71.0,11.0,1337.0,2,-60.0,0.09090909090909091,1
2023-06-13,Afghanistan,1.0,6.0,155.0,24.0,1023.0,0,-131.0,0.0,0
2023-06-13,Costa Rica,0.0,0.0,39.0,88.0,1491.0,2,49.0,0.011363636363636364,1
2023-06-14,Lesotho,0.0,2.0,150.0,129.0,1046.0,0,-21.0,0.0,0
2023-06-14,Uganda,0.0,1.0,89.0,70.0,1257.0,0,-19.0,0.0,0
2023-06-14,Palestine,0.0,0.0,93.0,149.0,1239.0,2,56.0,0.006711409395973154,1
2023-06-14,Solomon Islands,1.0,4.0,134.0,138.0,1104.0,0,4.0,0.0,0
2023-06-14,Malawi,1.0,1.0,127.0,119.0,1135.0,2,-8.0,0.008403361344537815,1
2023-06-14,Nicaragua,1.0,4.0,140.0,16.0,1079.0,0,-124.0,0.0,0
2023-06-14,Croatia,4.0,2.0,7.0,6.0,1730.0,1,-1.0,0.5,3
2023-06-14,Tajikistan,1.0,1.0,109.0,73.0,1182.0,2,-36.0,0.0136986301369863,1
2023-06-14,Kenya,1.0,0.0,102.0,195.0,1200.0,1,93.0,0.015384615384615385,3
2023-06-14,Djibouti,3.0,1.0,193.0,180.0,875.0,1,-13.0,0.016666666666666666,3
2023-06-14,Gambia,3.0,2.0,120.0,163.0,1151.0,1,43.0,0.018404907975460124,3
2023-06-14,Egypt,2.0,1.0,35.0,79.0,1501.0,1,44.0,0.0379746835443038,3
2023-06-14,Turkmenistan,0.0,2.0,137.0,74.0,1095.0,0,-63.0,0.0,0
2023-06-15,Guatemala,1.0,0.0,116.0,39.0,1165.0,1,-77.0,0.07692307692307693,3
2023-06-15,Canada,2.0,0.0,47.0,58.0,1443.0,1,11.0,0.05172413793103448,3
2023-06-15,Mexico,0.0,3.0,15.0,13.0,1632.0,0,-2.0,0.0,0
2023-06-15,Bangladesh,1.0,0.0,192.0,176.0,884.0,1,-16.0,0.017045454545454544,3
2023-06-15,El Salvador,0.0,6.0,75.0,20.0,1318.0,0,-55.0,0.0,0
2023-06-15,Australia,0.0,2.0,29.0,1.0,1533.0,0,-28.0,0.0,0
2023-06-15,Qatar,2.0,1.0,61.0,63.0,1389.0,1,2.0,0.047619047619047616,3
2023-06-15,Nepal,0.0,1.0,174.0,136.0,963.0,0,-38.0,0.0,0
2023-06-15,Hong Kong,0.0,1.0,147.0,95.0,1057.0,0,-52.0,0.0,0
2023-06-15,Italy,1.0,2.0,8.0,10.0,1714.0,0,2.0,0.0,0
2023-06-15,Venezuela,1.0,0.0,55.0,80.0,1410.0,1,25.0,0.0375,3
2023-06-16,Dominican Republic,0.0,5.0,151.0,31.0,1038.0,0,-120.0,0.0,0
2023-06-16,Iraq,0.0,1.0,67.0,17.0,1348.0,0,-50.0,0.0,0
2023-06-16,Peru,1.0,0.0,21.0,27.0,1561.0,1,6.0,0.1111111111111111,3
2023-06-16,Germany,0.0,1.0,14.0,23.0,1647.0,0,9.0,0.0,0
2023-06-16,Papua New Guinea,2.0,2.0,159.0,158.0,1007.0,2,-1.0,0.006329113924050633,1
2023-06-16,France,3.0,0.0,2.0,201.0,1838.0,1,199.0,0.014925373134328358,3
2023-06-16,Saint Kitts and Nevis,1.0,1.0,139.0,88.0,1081.0,2,-51.0,0.011363636363636364,1
2023-06-16,New Zealand,1.0,4.0,100.0,22.0,1201.0,0,-78.0,0.0,0
2023-06-16,England,4.0,0.0,5.0,172.0,1792.0,1,167.0,0.01744186046511628,3
2023-06-16,Republic of Ireland,1.0,2.0,49.0,52.0,1436.0,0,3.0,0.0,0
2023-06-16,Jordan,2.0,3.0,84.0,25.0,1293.0,0,-59.0,0.0,0
2023-06-16,Iran,5.0,1.0,24.0,96.0,1553.0,1,72.0,0.03125,3
2023-06-16,Ukraine,3.0,2.0,30.0,65.0,1530.0,1,35.0,0.046153846153846156,3
2023-06-16,Turkey,3.0,2.0,43.0,132.0,1466.0,1,89.0,0.022727272727272728,3
2023-06-16,Slovenia,0.0,2.0,59.0,56.0,1398.0,0,-3.0,0.0,0
2023-06-16,Armenia,4.0,2.0,97.0,26.0,1224.0,1,-71.0,0.11538461538461539,3
2023-06-16,Switzerland,2.0,1.0,12.0,153.0,1664.0,1,141.0,0.0196078431372549,3
2023-06-16,Israel,2.0,1.0,78.0,98.0,1307.0,1,20.0,0.030612244897959183,3
2023-06-16,Romania,0.0,0.0,46.0,107.0,1445.0,2,61.0,0.009345794392523364,1
2023-06-16,Northern Ireland,0.0,1.0,62.0,19.0,1386.0,0,-43.0,0.0,0
2023-06-16,Kazakhstan,3.0,0.0,112.0,211.0,1177.0,1,99.0,0.014218009478672985,3
2023-06-17,Guinea,1.0,4.0,79.0,3.0,1306.0,0,-76.0,0.0,0
2023-06-17,Grenada,1.0,1.0,175.0,170.0,960.0,2,-5.0,0.0058823529411764705,1
2023-06-17,Scotland,2.0,1.0,36.0,44.0,1501.0,1,8.0,0.06818181818181818,3
2023-06-17,Bolivia,0.0,1.0,83.0,41.0,1296.0,0,-42.0,0.0,0
2023-06-17,Bulgaria,1.0,1.0,76.0,146.0,1316.0,2,70.0,0.00684931506849315,1
2023-06-17,Georgia,2.0,1.0,77.0,111.0,1312.0,1,34.0,0.02702702702702703,3
2023-06-17,Czech Republic,3.0,0.0,38.0,125.0,1495.0,1,87.0,0.024,3
2023-06-17,Moldova,0.0,2.0,171.0,68.0,973.0,0,-103.0,0.0,0
2023-06-17,Austria,1.0,1.0,32.0,4.0,1508.0,2,-28.0,0.25,1
2023-06-17,Liechtenstein,0.0,2.0,199.0,91.0,856.0,0,-108.0,0.0,0
2023-06-17,Puerto Rico,0.0,0.0,166.0,141.0,985.0,2,-25.0,0.0070921985815602835,1
2023-06-17,Hungary,0.0,0.0,33.0,69.0,1504.0,2,36.0,0.014492753623188406,1
2023-06-17,Libya,0.0,1.0,121.0,152.0,1146.0,0,31.0,0.0,0
2023-06-17,Slovakia,2.0,1.0,51.0,64.0,1434.0,1,13.0,0.046875,3
2023-06-17,Estonia,1.0,1.0,108.0,124.0,1182.0,2,16.0,0.008064516129032258,1
2023-06-17,Tajikistan,1.0,5.0,109.0,74.0,1182.0,0,-35.0,0.0,0
2023-06-17,Senegal,1.0,1.0,18.0,92.0,1613.0,2,74.0,0.010869565217391304,1
2023-06-17,Oman,2.0,0.0,73.0,137.0,1334.0,1,64.0,0.021897810218978103,3
2023-06-17,Pakistan,1.0,3.0,195.0,193.0,861.0,0,-2.0,0.0,0
2023-06-17,Ivory Coast,0.0,3.0,45.0,86.0,1450.0,0,41.0,0.0,0
2023-06-17,Comoros,1.0,0.0,131.0,150.0,1112.0,1,19.0,0.02,3
2023-06-17,Tunisia,0.0,1.0,28.0,94.0,1536.0,0,66.0,0.0,0
2023-06-17,Bosnia and Herzegovina,0.0,3.0,57.0,9.0,1403.0,0,-48.0,0.0,0
2023-06-17,Angola,2.0,1.0,118.0,122.0,1159.0,1,4.0,0.02459016393442623,3
2023-06-17,Morocco,1.0,2.0,11.0,66.0,1678.0,0,55.0,0.0,0
2023-06-18,Spain,0.0,0.0,10.0,7.0,1683.0,2,-3.0,0.14285714285714285,1
2023-06-18,Kenya,0.0,1.0,102.0,180.0,1200.0,0,78.0,0.0,0
2023-06-18,Mexico,1.0,0.0,15.0,58.0,1632.0,1,43.0,0.05172413793103448,3
2023-06-18,Canada,0.0,2.0,47.0,13.0,1443.0,0,-34.0,0.0,0
2023-06-18,South Sudan,0.0,3.0,163.0,35.0,993.0,0,-128.0,0.0,0
2023-06-18,Venezuela,1.0,0.0,55.0,116.0,1410.0,1,61.0,0.02586206896551724,3
2023-06-18,Nicaragua,0.0,2.0,140.0,48.0,1079.0,0,-92.0,0.0,0
2023-06-18,Solomon Islands,1.0,1.0,134.0,158.0,1104.0,2,24.0,0.006329113924050633,1
2023-06-18,Italy,3.0,2.0,8.0,6.0,1714.0,1,-2.0,0.5,3
2023-06-18,Ghana,0.0,0.0,60.0,110.0,1396.0,2,50.0,0.00909090909090909,1
2023-06-18,Togo,2.0,0.0,129.0,144.0,1130.0,1,15.0,0.020833333333333332,3
2023-06-18,Niger,0.0,1.0,123.0,130.0,1143.0,0,7.0,0.0,0
2023-06-18,Algeria,2.0,1.0,34.0,89.0,1504.0,1,55.0,0.033707865168539325,3
2023-06-18,DR Congo,2.0,0.0,70.0,82.0,1339.0,1,12.0,0.036585365853658534,3
2023-06-18,Mozambique,2.0,0.0,119.0,135.0,1155.0,1,16.0,0.022222222222222223,3
2023-06-18,Burkina Faso,1.0,3.0,50.0,71.0,1434.0,0,21.0,0.0,0
2023-06-18,Nigeria,3.0,2.0,40.0,117.0,1481.0,1,77.0,0.02564102564102564,3
2023-06-19,Greece,0.0,1.0,52.0,2.0,1433.0,0,-50.0,0.0,0
2023-06-19,Thailand,1.0,0.0,114.0,147.0,1172.0,1,33.0,0.02040816326530612,3
2023-06-19,Malta,0.0,1.0,172.0,30.0,973.0,0,-142.0,0.0,0
2023-06-19,Jordan,2.0,1.0,84.0,63.0,1293.0,1,-21.0,0.047619047619047616,3
2023-06-19,Myanmar,2.0,0.0,160.0,182.0,998.0,1,22.0,0.016483516483516484,3
2023-06-19,Gibraltar,0.0,3.0,201.0,49.0,855.0,0,-152.0,0.0,0
2023-06-19,Kosovo,1.0,2.0,107.0,98.0,1186.0,0,-9.0,0.0,0
2023-06-19,Argentina,2.0,0.0,1.0,149.0,1841.0,1,148.0,0.020134228187919462,3
2023-06-19,Wales,0.0,2.0,26.0,43.0,1539.0,0,17.0,0.0,0
2023-06-19,San Marino,0.0,6.0,211.0,56.0,759.0,0,-155.0,0.0,0
2023-06-19,Kazakhstan,1.0,0.0,112.0,62.0,1177.0,1,-50.0,0.04838709677419355,3
2023-06-19,Denmark,1.0,1.0,19.0,59.0,1595.0,2,40.0,0.01694915254237288,1
2023-06-19,Andorra,1.0,2.0,153.0,78.0,1031.0,0,-75.0,0.0,0
2023-06-19,Romania,2.0,2.0,46.0,12.0,1445.0,2,-34.0,0.08333333333333333,1
2023-06-19,Latvia,1.0,2.0,132.0,97.0,1111.0,0,-35.0,0.0,0
2023-06-19,North Macedonia,0.0,7.0,65.0,5.0,1363.0,0,-60.0,0.0,0
2023-06-20,Syria,0.0,1.0,90.0,95.0,1247.0,0,5.0,0.0,0
2023-06-20,Tunisia,1.0,1.0,28.0,34.0,1536.0,2,6.0,0.029411764705882353,1
2023-06-20,Chile,0.0,0.0,31.0,83.0,1511.0,2,52.0,0.012048192771084338,1
2023-06-20,Senegal,4.0,2.0,18.0,3.0,1613.0,1,-15.0,1.0,3
2023-06-20,Peru,1.0,4.0,21.0,20.0,1561.0,0,-1.0,0.0,0
2023-06-20,Colombia,2.0,0.0,17.0,14.0,1617.0,1,-3.0,0.21428571428571427,3
2023-06-20,Trinidad and Tobago,0.0,0.0,104.0,87.0,1198.0,2,-17.0,0.011494252873563218,1
2023-06-20,El Salvador,1.0,1.0,75.0,27.0,1318.0,2,-48.0,0.037037037037037035,1
2023-06-20,Papua New Guinea,0.0,10.0,159.0,138.0,1007.0,0,-21.0,0.0,0
2023-06-20,Czech Republic,4.0,1.0,38.0,69.0,1495.0,1,31.0,0.043478260869565216,3
2023-06-20,Costa Rica,1.0,3.0,39.0,41.0,1491.0,0,2.0,0.0,0
2023-06-20,Cuba,0.0,2.0,165.0,16.0,986.0,0,-149.0,0.0,0
2023-06-20,Georgia,0.0,2.0,77.0,36.0,1312.0,0,-41.0,0.0,0
2023-06-20,Albania,3.0,1.0,68.0,125.0,1345.0,1,57.0,0.024,3
2023-06-20,Cyprus,1.0,3.0,111.0,44.0,1179.0,0,-67.0,0.0,0
2023-06-20,Sweden,0.0,2.0,22.0,32.0,1559.0,0,10.0,0.0,0
2023-06-20,Belgium,3.0,0.0,4.0,108.0,1793.0,1,104.0,0.027777777777777776,3
2023-06-20,Lithuania,0.0,2.0,146.0,33.0,1069.0,0,-113.0,0.0,0
2023-06-20,Serbia,1.0,1.0,25.0,76.0,1542.0,2,51.0,0.013157894736842105,1
2023-06-20,Oman,1.0,0.0,73.0,96.0,1334.0,1,23.0,0.03125,3
2023-06-20,Poland,2.0,3.0,23.0,171.0,1554.0,0,148.0,0.0,0
2023-06-20,Slovakia,1.0,0.0,51.0,199.0,1434.0,1,148.0,0.01507537688442211,3
2023-06-20,Iran,1.0,0.0,24.0,74.0,1553.0,1,50.0,0.04054054054054054,3
2023-06-20,Namibia,2.0,3.0,106.0,145.0,1190.0,0,39.0,0.0,0
2023-06-20,Malawi,0.0,0.0,127.0,142.0,1135.0,2,15.0,0.007042253521126761,1
2023-06-20,Mauritania,3.0,0.0,105.0,128.0,1194.0,1,23.0,0.0234375,3
2023-06-20,Portugal,1.0,0.0,9.0,64.0,1707.0,1,55.0,0.046875,3
2023-06-20,Luxembourg,2.0,0.0,91.0,57.0,1246.0,1,-34.0,0.05263157894736842,3
2023-06-21,Nepal,1.0,3.0,174.0,143.0,963.0,0,-31.0,0.0,0
2023-06-21,Pakistan,0.0,4.0,195.0,101.0,861.0,0,-94.0,0.0,0
2023-06-22,Bangladesh,0.0,2.0,192.0,99.0,884.0,0,-93.0,0.0,0
2023-06-22,Bhutan,0.0,2.0,185.0,154.0,906.0,0,-31.0,0.0,0
2023-06-24,Kuwait,4.0,0.0,143.0,195.0,1072.0,1,52.0,0.015384615384615385,3
2023-06-24,Nepal,0.0,2.0,174.0,101.0,963.0,0,-73.0,0.0,0
2023-06-24,Jamaica,1.0,1.0,63.0,13.0,1382.0,2,-50.0,0.07692307692307693,1
2023-06-25,Maldives,1.0,3.0,154.0,192.0,1025.0,0,38.0,0.0,0
2023-06-25,Lebanon,4.0,1.0,99.0,185.0,1203.0,1,86.0,0.016216216216216217,3
2023-06-25,Saint Kitts and Nevis,0.0,3.0,139.0,104.0,1081.0,0,-35.0,0.0,0
2023-06-25,Qatar,1.0,2.0,61.0,87.0,1389.0,0,26.0,0.0,0
2023-06-25,Honduras,0.0,4.0,80.0,15.0,1300.0,0,-65.0,0.0,0
2023-06-26,Panama,2.0,1.0,58.0,39.0,1399.0,1,-19.0,0.07692307692307693,3
2023-06-27,Pakistan,0.0,1.0,195.0,174.0,861.0,0,-21.0,0.0,0
2023-06-27,Kuwait,1.0,1.0,143.0,101.0,1072.0,2,-42.0,0.009900990099009901,1
2023-06-27,Cuba,0.0,1.0,165.0,116.0,986.0,0,-49.0,0.0,0
2023-06-28,Maldives,0.0,1.0,154.0,99.0,1025.0,0,-55.0,0.0,0
2023-06-28,Bangladesh,3.0,1.0,192.0,185.0,884.0,1,-7.0,0.016216216216216217,3
2023-06-28,Trinidad and Tobago,1.0,4.0,104.0,63.0,1198.0,0,-41.0,0.0,0
2023-06-28,Saint Kitts and Nevis,0.0,6.0,139.0,13.0,1081.0,0,-126.0,0.0,0
2023-06-29,Honduras,1.0,1.0,81.0,58.0,1296.0,2,-23.0,0.017241379310344827,1
2023-06-29,Mexico,3.0,1.0,14.0,87.0,1639.0,1,73.0,0.034482758620689655,3
2023-06-30,Costa Rica,0.0,0.0,42.0,76.0,1478.0,2,34.0,0.013157894736842105,1
2023-07-01,Lebanon,0.0,0.0,102.0,100.0,1202.0,2,-2.0,0.01,1
2023-07-01,Bangladesh,0.0,1.0,192.0,141.0,890.0,0,-51.0,0.0,0
2023-07-01,Canada,0.0,0.0,45.0,116.0,1454.0,2,71.0,0.008620689655172414,1
2023-07-02,Trinidad and Tobago,0.0,6.0,101.0,11.0,1203.0,0,-90.0,0.0,0
2023-07-02,Saint Kitts and Nevis,0.0,5.0,136.0,63.0,1092.0,0,-73.0,0.0,0
2023-07-02,Haiti,1.0,2.0,87.0,81.0,1276.0,0,-6.0,0.0,0
2023-07-02,Qatar,1.0,0.0,58.0,14.0,1394.0,1,-44.0,0.21428571428571427,3
2023-07-04,Kuwait,1.0,1.0,141.0,100.0,1084.0,2,-41.0,0.01,1
2023-07-04,El Salvador,2.0,2.0,76.0,57.0,1318.0,2,-19.0,0.017543859649122806,1
2023-07-04,Cuba,2.0,4.0,166.0,45.0,985.0,0,-121.0,0.0,0
2023-07-05,Botswana,1.0,0.0,147.0,146.0,1052.0,1,-1.0,0.02054794520547945,3
2023-07-05,Namibia,1.0,1.0,112.0,62.0,1175.0,2,-50.0,0.016129032258064516,1
2023-07-06,Comoros,3.0,0.0,130.0,196.0,1123.0,1,66.0,0.015306122448979591,3
2023-07-06,Malawi,1.0,0.0,126.0,84.0,1133.0,1,-42.0,0.03571428571428571,3
2023-07-07,Lesotho,2.0,0.0,152.0,180.0,1035.0,1,28.0,0.016666666666666666,3
2023-07-07,Angola,1.0,1.0,114.0,117.0,1171.0,2,3.0,0.008547008547008548,1
2023-07-08,Qatar,0.0,4.0,58.0,57.0,1394.0,0,-1.0,0.0,0
2023-07-08,Costa Rica,0.0,2.0,42.0,14.0,1478.0,0,-28.0,0.0,0
2023-07-08,Botswana,1.0,2.0,147.0,62.0,1052.0,0,-85.0,0.0,0
2023-07-08,Eswatini,2.0,1.0,146.0,112.0,1059.0,1,-34.0,0.026785714285714284,3
2023-07-09,Jamaica,1.0,0.0,63.0,116.0,1368.0,1,53.0,0.02586206896551724,3
2023-07-09,Canada,2.0,2.0,45.0,11.0,1454.0,2,-34.0,0.09090909090909091,1
2023-07-09,Comoros,1.0,2.0,130.0,84.0,1123.0,0,-46.0,0.0,0
2023-07-09,Seychelles,0.0,2.0,196.0,126.0,860.0,0,-70.0,0.0,0
2023-07-10,Mauritius,1.0,0.0,180.0,114.0,936.0,1,-66.0,0.02631578947368421,3
2023-07-10,Lesotho,1.0,0.0,152.0,117.0,1035.0,1,-35.0,0.02564102564102564,3
2023-07-11,Zambia,4.0,2.0,84.0,196.0,1290.0,1,112.0,0.015306122448979591,3
2023-07-11,Botswana,0.0,0.0,147.0,112.0,1052.0,2,-35.0,0.008928571428571428,1
2023-07-11,Eswatini,1.0,2.0,146.0,62.0,1059.0,0,-84.0,0.0,0
2023-07-11,Comoros,0.0,2.0,130.0,126.0,1123.0,0,-4.0,0.0,0
2023-07-12,Mexico,3.0,0.0,14.0,63.0,1639.0,1,49.0,0.047619047619047616,3
2023-07-12,Panama,1.0,1.0,57.0,11.0,1399.0,2,-46.0,0.09090909090909091,1
2023-07-12,Mozambique,1.0,0.0,117.0,180.0,1166.0,1,63.0,0.016666666666666666,3
2023-07-12,Lesotho,2.0,4.0,152.0,114.0,1035.0,0,-38.0,0.0,0
2023-07-14,Lesotho,1.0,1.0,152.0,126.0,1035.0,2,-26.0,0.007936507936507936,1
2023-07-14,Zambia,2.0,1.0,84.0,62.0,1290.0,1,-22.0,0.04838709677419355,3
2023-07-16,Zambia,1.0,0.0,84.0,152.0,1290.0,1,68.0,0.019736842105263157,3
2023-07-16,Malawi,0.0,0.0,126.0,62.0,1133.0,2,-64.0,0.016129032258064516,1
2023-07-16,Panama,0.0,1.0,57.0,14.0,1399.0,0,-43.0,0.0,0
2023-08-02,Guyana,0.0,2.0,168.0,142.0,982.0,0,-26.0,0.0,0
2023-08-24,Seychelles,0.0,1.0,194.0,108.0,857.0,0,-86.0,0.0,0
2023-08-26,Mauritius,1.0,1.0,180.0,108.0,936.0,2,-72.0,0.009259259259259259,1
2023-08-27,Panama,2.0,1.0,45.0,83.0,1454.0,1,38.0,0.03614457831325301,3
2023-08-28,Seychelles,0.0,1.0,194.0,180.0,857.0,0,-14.0,0.0,0
2023-08-28,Cook Islands,1.0,9.0,188.0,162.0,899.0,0,-26.0,0.0,0
2023-08-31,Cook Islands,0.0,3.0,188.0,162.0,899.0,0,-26.0,0.0,0
2023-08-31,Comoros,2.0,4.0,130.0,108.0,1120.0,0,-22.0,0.0,0
2023-09-02,Mauritius,2.0,0.0,180.0,130.0,936.0,1,-50.0,0.023076923076923078,3
2023-09-03,Afghanistan,0.0,0.0,157.0,189.0,1020.0,2,32.0,0.005291005291005291,1
2023-09-03,Honduras,0.0,0.0,79.0,107.0,1309.0,2,28.0,0.009345794392523364,1
2023-09-04,Benin,2.0,3.0,93.0,117.0,1248.0,0,24.0,0.0,0
2023-09-06,Palestine,1.0,2.0,96.0,73.0,1233.0,0,-23.0,0.0,0
2023-09-06,Bhutan,1.0,0.0,185.0,182.0,901.0,1,-3.0,0.016483516483516484,3
2023-09-06,Malaysia,2.0,2.0,136.0,94.0,1092.0,2,-42.0,0.010638297872340425,1
2023-09-06,Equatorial Guinea,1.0,1.0,91.0,127.0,1252.0,2,36.0,0.007874015748031496,1
2023-09-06,Gibraltar,0.0,1.0,198.0,171.0,852.0,0,-27.0,0.0,0
2023-09-07,Kenya,2.0,1.0,105.0,59.0,1191.0,1,-46.0,0.05084745762711865,3
2023-09-07,El Salvador,0.0,2.0,75.0,107.0,1325.0,0,32.0,0.0,0
2023-09-07,Venezuela,0.0,1.0,57.0,17.0,1417.0,0,-40.0,0.0,0
2023-09-07,Ecuador,0.0,1.0,40.0,1.0,1486.0,0,-39.0,0.0,0
2023-09-07,Moldova,1.0,1.0,164.0,29.0,991.0,2,-135.0,0.034482758620689655,1
2023-09-07,Kuwait,3.0,1.0,137.0,86.0,1090.0,1,-51.0,0.03488372093023256,3
2023-09-07,Afghanistan,1.0,1.0,157.0,189.0,1020.0,2,32.0,0.005291005291005291,1
2023-09-07,Iran,1.0,0.0,22.0,77.0,1557.0,1,55.0,0.03896103896103896,3
2023-09-07,Curaçao,0.0,1.0,88.0,102.0,1268.0,0,14.0,0.0,0
2023-09-07,Peru,0.0,0.0,21.0,49.0,1561.0,2,28.0,0.02040816326530612,1
2023-09-07,Jordan,0.0,6.0,82.0,44.0,1296.0,0,-38.0,0.0,0
2023-09-07,Hong Kong,1.0,1.0,149.0,176.0,1050.0,2,27.0,0.005681818181818182,1
2023-09-07,South Korea,0.0,0.0,28.0,35.0,1529.0,2,7.0,0.02857142857142857,1
2023-09-07,Greece,0.0,3.0,50.0,7.0,1441.0,0,-43.0,0.0,0
2023-09-07,Madagascar,0.0,0.0,108.0,116.0,1186.0,2,8.0,0.008620689655172414,1
2023-09-07,India,2.0,2.0,99.0,70.0,1209.0,2,-29.0,0.014285714285714285,1
2023-09-07,Uganda,2.0,0.0,92.0,128.0,1250.0,1,36.0,0.0234375,3
2023-09-07,Botswana,0.0,3.0,147.0,31.0,1054.0,0,-116.0,0.0,0
2023-09-07,Republic of Ireland,0.0,2.0,53.0,2.0,1426.0,0,-51.0,0.0,0
2023-09-07,Albania,1.0,1.0,65.0,37.0,1357.0,2,-28.0,0.02702702702702703,1
2023-09-07,Tanzania,0.0,0.0,124.0,33.0,1139.0,2,-91.0,0.030303030303030304,1
2023-09-07,Hungary,2.0,1.0,36.0,25.0,1505.0,1,-11.0,0.12,3
2023-09-07,Montenegro,2.0,2.0,71.0,144.0,1343.0,2,73.0,0.006944444444444444,1
2023-09-07,Finland,1.0,0.0,55.0,104.0,1419.0,1,49.0,0.028846153846153848,3
2023-09-07,San Marino,0.0,4.0,208.0,19.0,753.0,0,-189.0,0.0,0
2023-09-07,Northern Ireland,2.0,4.0,64.0,61.0,1361.0,0,-3.0,0.0,0
2023-09-07,Central African Republic,1.0,2.0,126.0,60.0,1134.0,0,-66.0,0.0,0
2023-09-07,Faroe Islands,0.0,2.0,129.0,26.0,1126.0,0,-103.0,0.0,0
2023-09-07,Lebanon,1.0,2.0,100.0,113.0,1206.0,0,13.0,0.0,0
2023-09-08,Suriname,1.0,1.0,143.0,174.0,1074.0,2,31.0,0.005747126436781609,1
2023-09-08,Honduras,0.0,1.0,79.0,58.0,1309.0,0,-21.0,0.0,0
2023-09-08,Montserrat,3.0,2.0,179.0,166.0,938.0,1,-13.0,0.018072289156626505,3
2023-09-08,Nicaragua,2.0,0.0,141.0,152.0,1076.0,1,11.0,0.019736842105263157,3
2023-09-08,Bolivia,1.0,5.0,83.0,3.0,1295.0,0,-80.0,0.0,0
2023-09-08,Saint Vincent and the Grenadines,2.0,1.0,178.0,177.0,938.0,1,-1.0,0.01694915254237288,3
2023-09-08,Chile,1.0,3.0,32.0,16.0,1511.0,0,-16.0,0.0,0
2023-09-08,Cuba,0.0,0.0,172.0,87.0,968.0,2,-85.0,0.011494252873563218,1
2023-09-08,Saudi Arabia,1.0,3.0,54.0,46.0,1421.0,0,-8.0,0.0,0
2023-09-08,Turkmenistan,0.0,2.0,138.0,150.0,1090.0,0,12.0,0.0,0
2023-09-08,Nepal,0.0,0.0,175.0,160.0,958.0,2,-15.0,0.00625,1
2023-09-08,Tajikistan,2.0,0.0,110.0,158.0,1180.0,1,48.0,0.0189873417721519,3
2023-09-08,Ethiopia,0.0,1.0,142.0,34.0,1074.0,0,-108.0,0.0,0
2023-09-08,South Sudan,0.0,4.0,167.0,51.0,983.0,0,-116.0,0.0,0
2023-09-08,Spain,7.0,1.0,10.0,78.0,1703.0,1,68.0,0.038461538461538464,3
2023-09-08,Liechtenstein,1.0,2.0,200.0,62.0,849.0,0,-138.0,0.0,0
2023-09-08,Eswatini,0.0,0.0,146.0,56.0,1058.0,2,-90.0,0.017857142857142856,1
2023-09-08,Armenia,1.0,1.0,90.0,41.0,1253.0,2,-49.0,0.024390243902439025,1
2023-09-08,Iceland,1.0,3.0,67.0,89.0,1353.0,0,22.0,0.0,0
2023-09-08,Portugal,1.0,0.0,9.0,47.0,1718.0,1,38.0,0.06382978723404255,3
2023-09-08,Scotland,3.0,0.0,30.0,118.0,1520.0,1,88.0,0.025423728813559324,3
2023-09-08,Latvia,0.0,5.0,134.0,6.0,1096.0,0,-128.0,0.0,0
2023-09-09,Uzbekistan,0.0,3.0,74.0,11.0,1328.0,0,-63.0,0.0,0
2023-09-09,Switzerland,2.0,2.0,13.0,109.0,1661.0,2,96.0,0.009174311926605505,1
2023-09-09,Guyana,5.0,1.0,168.0,132.0,982.0,1,-36.0,0.022727272727272728,3
2023-09-09,Puerto Rico,6.0,1.0,163.0,197.0,994.0,1,34.0,0.015228426395939087,3
2023-09-09,Turks and Caicos Islands,1.0,3.0,202.0,206.0,839.0,0,4.0,0.0,0
2023-09-09,Australia,2.0,2.0,27.0,12.0,1530.0,2,-15.0,0.08333333333333333,1
2023-09-09,Namibia,0.0,0.0,114.0,63.0,1172.0,2,-51.0,0.015873015873015872,1
2023-09-09,Guinea,2.0,2.0,81.0,123.0,1297.0,2,42.0,0.008130081300813009,1
2023-09-09,Italy,1.0,1.0,8.0,68.0,1727.0,2,60.0,0.014705882352941176,1
2023-09-09,Zambia,1.0,1.0,84.0,130.0,1294.0,2,46.0,0.007692307692307693,1
2023-09-09,Sudan,0.0,2.0,131.0,69.0,1116.0,0,-62.0,0.0,0
2023-09-09,Senegal,1.0,1.0,18.0,139.0,1613.0,2,121.0,0.007194244604316547,1
2023-09-09,England,1.0,1.0,4.0,24.0,1797.0,2,20.0,0.041666666666666664,1
2023-09-09,Belgium,1.0,0.0,5.0,121.0,1789.0,1,116.0,0.024793388429752067,3
2023-09-09,Sweden,5.0,0.0,23.0,111.0,1547.0,1,88.0,0.02702702702702703,3
2023-09-09,Belarus,0.0,0.0,98.0,154.0,1212.0,2,56.0,0.006493506493506494,1
2023-09-09,Gabon,1.0,2.0,85.0,101.0,1285.0,0,16.0,0.0,0
2023-09-09,Lesotho,0.0,1.0,151.0,52.0,1039.0,0,-99.0,0.0,0
2023-09-09,Japan,4.0,1.0,20.0,15.0,1596.0,1,-5.0,0.2,3
2023-09-09,Israel,1.0,1.0,76.0,48.0,1324.0,2,-28.0,0.020833333333333332,1
2023-09-10,Netherlands,2.0,1.0,7.0,53.0,1731.0,1,46.0,0.05660377358490566,3
2023-09-10,Saint Kitts and Nevis,0.0,2.0,145.0,170.0,1067.0,0,25.0,0.0,0
2023-09-10,Czech Republic,1.0,1.0,37.0,36.0,1504.0,2,-1.0,0.027777777777777776,1
2023-09-10,Trinidad and Tobago,3.0,2.0,102.0,75.0,1200.0,1,-27.0,0.04,3
2023-09-10,Panama,1.0,1.0,45.0,107.0,1454.0,2,62.0,0.009345794392523364,1
2023-09-10,Cape Verde,2.0,3.0,66.0,122.0,1355.0,0,56.0,0.0,0
2023-09-10,Moldova,1.0,0.0,164.0,129.0,991.0,1,-35.0,0.023255813953488372,3
2023-09-10,Northern Ireland,0.0,1.0,64.0,104.0,1361.0,0,40.0,0.0,0
2023-09-10,Gibraltar,0.0,5.0,198.0,50.0,852.0,0,-148.0,0.0,0
2023-09-10,Iraq,2.0,2.0,70.0,113.0,1345.0,2,43.0,0.008849557522123894,1
2023-09-10,India,0.0,1.0,99.0,100.0,1209.0,0,1.0,0.0,0
2023-09-10,Slovenia,4.0,0.0,61.0,208.0,1391.0,1,147.0,0.014423076923076924,3
2023-09-10,Serbia,3.0,1.0,25.0,144.0,1539.0,1,119.0,0.020833333333333332,3
2023-09-10,Denmark,1.0,0.0,19.0,55.0,1597.0,1,36.0,0.05454545454545454,3
2023-09-10,Bulgaria,1.0,2.0,77.0,71.0,1315.0,0,-6.0,0.0,0
2023-09-10,Poland,0.0,2.0,26.0,65.0,1537.0,0,39.0,0.0,0
2023-09-11,Kyrgyzstan,3.0,1.0,97.0,137.0,1225.0,1,40.0,0.021897810218978103,3
2023-09-11,Barbados,1.0,5.0,166.0,141.0,984.0,0,-25.0,0.0,0
2023-09-11,Aruba,2.0,1.0,199.0,193.0,851.0,1,-6.0,0.015544041450777202,3
2023-09-11,Macau,0.0,4.0,182.0,176.0,914.0,0,-6.0,0.0,0
2023-09-11,Brunei,0.0,10.0,190.0,149.0,891.0,0,-41.0,0.0,0
2023-09-11,Luxembourg,0.0,9.0,89.0,9.0,1263.0,0,-80.0,0.0,0
2023-09-11,Montserrat,0.0,3.0,179.0,152.0,938.0,0,-27.0,0.0,0
2023-09-11,Palestine,0.0,2.0,96.0,95.0,1233.0,0,-1.0,0.0,0
2023-09-11,Sierra Leone,1.0,2.0,120.0,112.0,1156.0,0,-8.0,0.0,0
2023-09-11,Croatia,1.0,0.0,6.0,90.0,1743.0,1,84.0,0.03333333333333333,3
2023-09-11,Wales,2.0,0.0,35.0,134.0,1506.0,1,99.0,0.022388059701492536,3
2023-09-11,Bosnia and Herzegovina,0.0,1.0,62.0,67.0,1381.0,0,5.0,0.0,0
2023-09-11,Liechtenstein,0.0,3.0,200.0,47.0,849.0,0,-153.0,0.0,0
2023-09-11,Nepal,0.0,1.0,175.0,160.0,958.0,0,-15.0,0.0,0
2023-09-12,Bermuda,3.0,4.0,173.0,178.0,966.0,0,5.0,0.0,0
2023-09-12,Bahamas,2.0,3.0,197.0,168.0,853.0,0,-29.0,0.0,0
2023-09-12,Antigua and Barbuda,0.0,5.0,132.0,163.0,1108.0,0,31.0,0.0,0
2023-09-12,Dominica,3.0,0.0,184.0,202.0,905.0,1,18.0,0.01485148514851485,3
2023-09-12,Argentina,3.0,0.0,1.0,83.0,1844.0,1,82.0,0.03614457831325301,3
2023-09-12,Uruguay,1.0,2.0,16.0,40.0,1633.0,0,24.0,0.0,0
2023-09-12,Haiti,2.0,2.0,87.0,58.0,1273.0,2,-29.0,0.017241379310344827,1
2023-09-12,Paraguay,0.0,1.0,49.0,57.0,1443.0,0,8.0,0.0,0
2023-09-12,Jordan,1.0,2.0,82.0,121.0,1296.0,0,39.0,0.0,0
2023-09-12,Turkmenistan,1.0,1.0,138.0,86.0,1090.0,2,-52.0,0.011627906976744186,1
2023-09-12,Tunisia,3.0,1.0,31.0,34.0,1517.0,1,3.0,0.08823529411764706,3
2023-09-12,France,1.0,2.0,2.0,15.0,1844.0,0,13.0,0.0,0
2023-09-12,Russia,1.0,1.0,38.0,59.0,1496.0,2,21.0,0.01694915254237288,1
2023-09-12,Liberia,1.0,3.0,148.0,60.0,1050.0,0,-88.0,0.0,0
2023-09-12,Brazil,1.0,0.0,3.0,21.0,1828.0,1,18.0,0.14285714285714285,3
2023-09-12,Suriname,0.0,1.0,143.0,172.0,1074.0,0,29.0,0.0,0
2023-09-12,Grenada,0.0,4.0,174.0,79.0,961.0,0,-95.0,0.0,0
2023-09-12,Colombia,0.0,0.0,17.0,32.0,1625.0,2,15.0,0.03125,1
2023-09-12,Angola,0.0,4.0,116.0,22.0,1169.0,0,-94.0,0.0,0
2023-09-12,Turkey,2.0,4.0,41.0,20.0,1484.0,0,-21.0,0.0,0
2023-09-12,South Sudan,1.0,0.0,167.0,105.0,983.0,1,-62.0,0.02857142857142857,3
2023-09-12,Afghanistan,1.0,2.0,157.0,135.0,1020.0,0,-22.0,0.0,0
2023-09-12,England,3.0,1.0,4.0,30.0,1797.0,1,26.0,0.1,3
2023-09-12,Algeria,1.0,0.0,33.0,18.0,1511.0,1,-15.0,0.16666666666666666,3
2023-09-12,DR Congo,0.0,1.0,69.0,63.0,1350.0,0,-6.0,0.0,0
2023-09-12,Costa Rica,1.0,4.0,46.0,72.0,1454.0,0,26.0,0.0,0
2023-09-12,Oman,0.0,4.0,73.0,11.0,1332.0,0,-62.0,0.0,0
2023-09-12,Ukraine,1.0,2.0,24.0,8.0,1541.0,0,-16.0,0.0,0
2023-09-12,Burkina Faso,0.0,1.0,56.0,14.0,1419.0,0,-42.0,0.0,0
2023-09-12,Georgia,1.0,2.0,78.0,44.0,1313.0,0,-34.0,0.0,0
2023-09-12,North Macedonia,2.0,0.0,68.0,171.0,1351.0,1,103.0,0.017543859649122806,3
2023-09-12,Estonia,0.0,5.0,111.0,5.0,1179.0,0,-106.0,0.0,0
2023-09-12,Austria,3.0,1.0,29.0,23.0,1528.0,1,-6.0,0.13043478260869565,3
2023-09-12,Andorra,0.0,3.0,154.0,13.0,1022.0,0,-141.0,0.0,0
2023-09-12,Belarus,0.0,1.0,98.0,76.0,1212.0,0,-22.0,0.0,0
2023-09-12,Kosovo,0.0,2.0,109.0,48.0,1180.0,0,-61.0,0.0,0
2023-09-12,Saudi Arabia,0.0,1.0,54.0,28.0,1421.0,0,-26.0,0.0,0
2023-09-12,Burundi,0.0,3.0,140.0,42.0,1085.0,0,-98.0,0.0,0
2023-09-12,Cyprus,0.0,6.0,118.0,10.0,1164.0,0,-108.0,0.0,0
2023-09-12,Uzbekistan,3.0,3.0,74.0,12.0,1328.0,2,-62.0,0.08333333333333333,1
2023-10-08,Solomon Islands,3.0,1.0,133.0,162.0,1098.0,1,29.0,0.018518518518518517,3
2023-10-08,Vanuatu,0.0,4.0,168.0,163.0,986.0,0,-5.0,0.0,0
2023-10-11,Gibraltar,0.0,4.0,198.0,33.0,845.0,0,-165.0,0.0,0
2023-10-11,Vanuatu,0.0,1.0,168.0,133.0,986.0,0,-35.0,0.0,0
2023-10-11,Papua New Guinea,1.0,3.0,162.0,163.0,1003.0,0,1.0,0.0,0
2023-10-12,Brunei,0.0,6.0,191.0,147.0,888.0,0,-44.0,0.0,0
2023-10-12,Haiti,1.0,1.0,87.0,145.0,1271.0,2,58.0,0.006896551724137931,1
2023-10-12,Jamaica,4.0,1.0,56.0,173.0,1414.0,1,117.0,0.017341040462427744,3
2023-10-12,Honduras,0.0,0.0,77.0,169.0,1306.0,2,92.0,0.005917159763313609,1
2023-10-12,Mongolia,0.0,1.0,183.0,158.0,909.0,0,-25.0,0.0,0
2023-10-12,Paraguay,0.0,1.0,52.0,1.0,1432.0,0,-51.0,0.0,0
2023-10-12,Bangladesh,1.0,1.0,189.0,155.0,894.0,2,-34.0,0.0064516129032258064,1
2023-10-12,Bhutan,0.0,4.0,184.0,148.0,906.0,0,-36.0,0.0,0
2023-10-12,Pakistan,0.0,0.0,197.0,177.0,848.0,2,-20.0,0.005649717514124294,1
2023-10-12,Ecuador,2.0,1.0,38.0,83.0,1498.0,1,45.0,0.03614457831325301,3
2023-10-12,Peru,0.0,2.0,22.0,36.0,1552.0,0,14.0,0.0,0
2023-10-12,Venezuela,1.0,1.0,53.0,3.0,1423.0,2,-50.0,0.3333333333333333,1
2023-10-12,Uruguay,2.0,2.0,17.0,16.0,1627.0,2,-1.0,0.0625,1
2023-10-12,Lebanon,2.0,3.0,101.0,68.0,1206.0,0,-33.0,0.0,0
2023-10-12,British Virgin Islands,1.0,1.0,205.0,182.0,812.0,2,-23.0,0.005494505494505495,1
2023-10-12,Cameroon,0.0,1.0,41.0,39.0,1476.0,0,-2.0,0.0,0
2023-10-12,Laos,1.0,1.0,186.0,175.0,900.0,2,-11.0,0.005714285714285714,1
2023-10-12,Guam,1.0,2.0,201.0,157.0,838.0,0,-44.0,0.0,0
2023-10-12,Sri Lanka,0.0,3.0,202.0,156.0,825.0,0,-46.0,0.0,0
2023-10-12,Cape Verde,1.0,5.0,71.0,34.0,1337.0,0,-37.0,0.0,0
2023-10-12,Kyrgyzstan,0.0,2.0,96.0,86.0,1229.0,0,-10.0,0.0,0
2023-10-12,Zambia,0.0,1.0,82.0,35.0,1290.0,0,-47.0,0.0,0
2023-10-12,Thailand,0.0,8.0,112.0,79.0,1181.0,0,-33.0,0.0,0
2023-10-12,Romania,0.0,0.0,47.0,105.0,1448.0,2,58.0,0.009523809523809525,1
2023-10-12,Macau,1.0,5.0,185.0,161.0,904.0,0,-24.0,0.0,0
2023-10-12,Moldova,1.0,3.0,159.0,23.0,1010.0,0,-136.0,0.0,0
2023-10-12,Kosovo,3.0,0.0,111.0,153.0,1182.0,1,42.0,0.0196078431372549,3
2023-10-12,Czech Republic,0.0,3.0,37.0,62.0,1500.0,0,25.0,0.0,0
2023-10-12,Poland,2.0,0.0,30.0,131.0,1525.0,1,101.0,0.022900763358778626,3
2023-10-12,Scotland,0.0,2.0,31.0,10.0,1523.0,0,-21.0,0.0,0
2023-10-12,Armenia,0.0,2.0,91.0,136.0,1254.0,0,45.0,0.0,0
2023-10-12,Norway,4.0,0.0,43.0,120.0,1471.0,1,77.0,0.025,3
2023-10-12,Turkey,1.0,0.0,42.0,6.0,1475.0,1,-36.0,0.5,3
2023-10-13,Australia,0.0,1.0,27.0,4.0,1532.0,0,-23.0,0.0,0
2023-10-13,Panama,2.0,1.0,45.0,90.0,1452.0,1,45.0,0.03333333333333333,3
2023-10-13,Burkina Faso,0.0,0.0,58.0,92.0,1409.0,2,34.0,0.010869565217391304,1
2023-10-13,New Zealand,1.0,1.0,104.0,64.0,1199.0,2,-40.0,0.015625,1
2023-10-13,Bermuda,1.0,0.0,174.0,180.0,958.0,1,6.0,0.016666666666666666,3
2023-10-13,Dominican Republic,5.0,0.0,151.0,172.0,1036.0,1,21.0,0.01744186046511628,3
2023-10-13,Nicaragua,3.0,0.0,138.0,179.0,1089.0,1,41.0,0.01675977653631285,3
2023-10-13,Guatemala,2.0,3.0,103.0,98.0,1200.0,0,-5.0,0.0,0
2023-10-13,Canada,1.0,4.0,44.0,19.0,1459.0,0,-25.0,0.0,0
2023-10-13,Guinea-Bissau,0.0,1.0,106.0,81.0,1191.0,0,-25.0,0.0,0
2023-10-13,Qatar,0.0,0.0,61.0,69.0,1396.0,2,8.0,0.014492753623188406,1
2023-10-13,Slovakia,2.0,3.0,48.0,8.0,1443.0,0,-40.0,0.0,0
2023-10-13,Mozambique,1.0,1.0,113.0,117.0,1179.0,2,4.0,0.008547008547008548,1
2023-10-13,Tunisia,0.0,4.0,29.0,26.0,1525.0,0,-3.0,0.0,0
2023-10-13,Uganda,0.0,1.0,89.0,49.0,1260.0,0,-40.0,0.0,0
2023-10-13,Luxembourg,1.0,1.0,85.0,67.0,1274.0,2,-18.0,0.014925373134328358,1
2023-10-13,Belgium,3.0,2.0,5.0,25.0,1793.0,1,20.0,0.12,3
2023-10-13,Bosnia and Herzegovina,2.0,0.0,63.0,199.0,1370.0,1,136.0,0.01507537688442211,3
2023-10-13,France,2.0,1.0,2.0,7.0,1841.0,1,5.0,0.42857142857142855,3
2023-10-13,Greece,2.0,0.0,51.0,55.0,1437.0,1,4.0,0.05454545454545454,3
2023-10-13,Eswatini,0.0,0.0,144.0,65.0,1066.0,2,-79.0,0.015384615384615385,1
2023-10-13,Saudi Arabia,2.0,2.0,57.0,40.0,1413.0,2,-17.0,0.025,1
2023-10-13,Azerbaijan,2.0,0.0,121.0,115.0,1148.0,1,-6.0,0.02608695652173913,3
2023-10-13,Uzbekistan,2.0,0.0,75.0,95.0,1328.0,1,20.0,0.031578947368421054,3
2023-10-14,Somalia,0.0,3.0,194.0,128.0,855.0,0,-66.0,0.0,0
2023-10-14,Benin,1.0,1.0,94.0,124.0,1245.0,2,30.0,0.008064516129032258,1
2023-10-14,Guyana,3.0,1.0,165.0,160.0,994.0,1,-5.0,0.01875,3
2023-10-14,Antigua and Barbuda,4.0,1.0,137.0,200.0,1089.0,1,63.0,0.015,3
2023-10-14,Morocco,1.0,1.0,13.0,50.0,1658.0,2,37.0,0.02,1
2023-10-14,Libya,3.0,2.0,126.0,150.0,1134.0,1,24.0,0.02,3
2023-10-14,Madagascar,1.0,2.0,108.0,99.0,1188.0,0,-9.0,0.0,0
2023-10-14,Ghana,0.0,2.0,60.0,12.0,1400.0,0,-48.0,0.0,0
2023-10-14,Germany,3.0,1.0,15.0,11.0,1638.0,1,-4.0,0.2727272727272727,3
2023-10-14,Lithuania,2.0,0.0,143.0,78.0,1072.0,1,-65.0,0.038461538461538464,3
2023-10-14,Serbia,1.0,2.0,28.0,32.0,1529.0,0,4.0,0.0,0
2023-10-14,San Marino,0.0,3.0,207.0,74.0,750.0,0,-133.0,0.0,0
2023-10-14,Finland,0.0,3.0,54.0,59.0,1418.0,0,5.0,0.0,0
2023-10-14,Kazakhstan,1.0,3.0,100.0,18.0,1207.0,0,-82.0,0.0,0
2023-10-14,Vanuatu,1.0,0.0,168.0,162.0,986.0,1,-6.0,0.018518518518518517,3
2023-10-14,Solomon Islands,1.0,0.0,133.0,163.0,1098.0,1,30.0,0.018404907975460124,3
2023-10-14,North Macedonia,0.0,2.0,66.0,24.0,1363.0,0,-42.0,0.0,0
2023-10-14,Malta,0.0,4.0,171.0,9.0,972.0,0,-162.0,0.0,0
2023-10-15,Cuba,0.0,4.0,169.0,77.0,981.0,0,-92.0,0.0,0
2023-10-15,Jamaica,3.0,2.0,56.0,87.0,1414.0,1,31.0,0.034482758620689655,3
2023-10-15,Grenada,0.0,4.0,173.0,145.0,959.0,0,-28.0,0.0,0
2023-10-15,Philippines,1.0,0.0,132.0,96.0,1099.0,1,-36.0,0.03125,3
2023-10-15,Tanzania,1.0,1.0,122.0,130.0,1146.0,2,8.0,0.007692307692307693,1
2023-10-15,Cyprus,0.0,4.0,120.0,79.0,1156.0,0,-41.0,0.0,0
2023-10-15,Spain,1.0,0.0,10.0,43.0,1711.0,1,33.0,0.06976744186046512,3
2023-10-15,Croatia,1.0,2.0,6.0,33.0,1748.0,0,27.0,0.0,0
2023-10-15,Latvia,0.0,4.0,136.0,42.0,1090.0,0,-94.0,0.0,0
2023-10-15,Faroe Islands,0.0,1.0,131.0,37.0,1107.0,0,-94.0,0.0,0
2023-10-15,Moldova,1.0,1.0,159.0,30.0,1010.0,2,-129.0,0.03333333333333333,1
2023-10-15,Belarus,3.0,3.0,105.0,14.0,1198.0,2,-91.0,0.07142857142857142,1
2023-10-15,Andorra,0.0,4.0,153.0,47.0,1025.0,0,-106.0,0.0,0
2023-10-16,Barbados,2.0,5.0,172.0,151.0,970.0,0,-21.0,0.0,0
2023-10-16,Montserrat,0.0,3.0,179.0,138.0,940.0,0,-41.0,0.0,0
2023-10-16,British Virgin Islands,2.0,2.0,205.0,203.0,812.0,2,-2.0,0.0049261083743842365,1
2023-10-16,Egypt,1.0,1.0,35.0,34.0,1509.0,2,-1.0,0.029411764705882353,1
2023-10-16,Eswatini,1.0,2.0,144.0,149.0,1066.0,0,5.0,0.0,0
2023-10-16,Russia,2.0,2.0,39.0,109.0,1496.0,2,70.0,0.009174311926605505,1
2023-10-16,Slovakia,1.0,0.0,48.0,85.0,1443.0,1,37.0,0.03529411764705882,3
2023-10-16,Cameroon,0.0,1.0,41.0,20.0,1476.0,0,-21.0,0.0,0
2023-10-16,Republic of Ireland,4.0,0.0,55.0,198.0,1416.0,1,143.0,0.015151515151515152,3
2023-10-16,Netherlands,1.0,0.0,7.0,51.0,1743.0,1,44.0,0.058823529411764705,3
2023-10-16,Austria,1.0,0.0,25.0,121.0,1537.0,1,96.0,0.024793388429752067,3
2023-10-16,Sweden,1.0,1.0,23.0,5.0,1539.0,2,-18.0,0.2,1
2023-10-16,Liechtenstein,0.0,4.0,199.0,67.0,844.0,0,-132.0,0.0,0
2023-10-16,Portugal,5.0,0.0,8.0,63.0,1729.0,1,55.0,0.047619047619047616,3
2023-10-16,Nigeria,3.0,2.0,40.0,113.0,1489.0,1,73.0,0.02654867256637168,3
2023-10-17,Colombia,0.0,0.0,16.0,38.0,1630.0,2,22.0,0.02631578947368421,1
2023-10-17,Chile,0.0,3.0,36.0,53.0,1505.0,0,17.0,0.0,0
2023-10-17,Puerto Rico,1.0,3.0,160.0,165.0,1008.0,0,5.0,0.0,0
2023-10-17,Philippines,0.0,1.0,132.0,86.0,1099.0,0,-46.0,0.0,0
2023-10-17,Belize,1.0,1.0,180.0,174.0,932.0,2,-6.0,0.005747126436781609,1
2023-10-17,Trinidad and Tobago,3.0,5.0,98.0,90.0,1217.0,0,-8.0,0.0,0
2023-10-17,Guatemala,0.0,3.0,103.0,45.0,1200.0,0,-58.0,0.0,0
2023-10-17,Argentina,2.0,0.0,1.0,22.0,1851.0,1,21.0,0.13636363636363635,3
2023-10-17,Bahamas,2.0,2.0,200.0,137.0,842.0,2,-63.0,0.0072992700729927005,1
2023-10-17,Brazil,0.0,2.0,3.0,17.0,1838.0,0,14.0,0.0,0
2023-10-17,Hong Kong,0.0,2.0,148.0,184.0,1052.0,0,36.0,0.0,0
2023-10-17,DR Congo,0.0,0.0,64.0,117.0,1370.0,2,53.0,0.008547008547008548,1
2023-10-17,Bulgaria,0.0,2.0,78.0,62.0,1301.0,0,-16.0,0.0,0
2023-10-17,Maldives,1.0,2.0,155.0,189.0,1022.0,0,34.0,0.0,0
2023-10-17,Cambodia,0.0,1.0,177.0,197.0,949.0,0,20.0,0.0,0
2023-10-17,Yemen,1.0,1.0,156.0,202.0,1020.0,2,46.0,0.0049504950495049506,1
2023-10-17,Myanmar,0.0,0.0,161.0,185.0,1004.0,2,24.0,0.005405405405405406,1
2023-10-17,Nepal,1.0,0.0,175.0,186.0,954.0,1,11.0,0.016129032258064516,3
2023-10-17,Indonesia,6.0,0.0,147.0,191.0,1053.0,1,44.0,0.015706806282722512,3
2023-10-17,Afghanistan,1.0,0.0,158.0,183.0,1014.0,1,25.0,0.01639344262295082,3
2023-10-17,Bolivia,0.0,1.0,83.0,52.0,1288.0,0,-31.0,0.0,0
2023-10-17,New Zealand,0.0,2.0,104.0,27.0,1199.0,0,-77.0,0.0,0
2023-10-17,Singapore,1.0,0.0,157.0,201.0,1016.0,1,44.0,0.014925373134328358,3
2023-10-17,Madagascar,2.0,1.0,108.0,94.0,1188.0,1,-14.0,0.031914893617021274,3
2023-10-17,Germany,2.0,2.0,15.0,12.0,1638.0,2,-3.0,0.08333333333333333,1
2023-10-17,Saudi Arabia,1.0,3.0,57.0,49.0,1413.0,0,-8.0,0.0,0
2023-10-17,Kazakhstan,2.0,1.0,100.0,54.0,1207.0,1,-46.0,0.05555555555555555,3
2023-10-17,Niger,1.0,1.0,128.0,126.0,1120.0,2,-2.0,0.007936507936507936,1
2023-10-17,Vietnam,0.0,6.0,95.0,26.0,1243.0,0,-69.0,0.0,0
2023-10-17,Thailand,1.0,1.0,112.0,115.0,1181.0,2,3.0,0.008695652173913044,1
2023-10-17,Gabon,1.0,1.0,88.0,81.0,1271.0,2,-7.0,0.012345679012345678,1
2023-10-17,Scotland,1.0,4.0,31.0,2.0,1523.0,0,-29.0,0.0,0
2023-10-17,Comoros,2.0,1.0,129.0,71.0,1119.0,1,-58.0,0.04225352112676056,3
2023-10-17,Armenia,1.0,3.0,91.0,66.0,1254.0,0,-25.0,0.0,0
2023-10-17,Sierra Leone,2.0,0.0,124.0,194.0,1144.0,1,70.0,0.015463917525773196,3
2023-10-17,Mauritania,1.0,2.0,99.0,58.0,1207.0,0,-41.0,0.0,0
2023-10-17,South Africa,1.0,1.0,65.0,50.0,1368.0,2,-15.0,0.02,1
2023-10-17,Lebanon,1.0,2.0,101.0,70.0,1206.0,0,-31.0,0.0,0
2023-10-17,Chad,0.0,1.0,181.0,130.0,930.0,0,-51.0,0.0,0
2023-10-17,Denmark,2.0,1.0,18.0,207.0,1607.0,1,189.0,0.014492753623188406,3
2023-10-17,Slovenia,1.0,0.0,59.0,74.0,1405.0,1,15.0,0.04054054054054054,3
2023-10-17,Kuwait,2.0,1.0,135.0,93.0,1093.0,1,-42.0,0.03225806451612903,3
2023-10-17,Montenegro,1.0,3.0,68.0,28.0,1349.0,0,-40.0,0.0,0
2023-10-17,Hungary,2.0,2.0,32.0,143.0,1518.0,2,111.0,0.006993006993006993,1
2023-10-17,Italy,1.0,3.0,9.0,4.0,1727.0,0,-5.0,0.0,0
2023-10-17,Liberia,0.0,3.0,150.0,13.0,1048.0,0,-137.0,0.0,0
2023-10-17,Uganda,0.0,3.0,89.0,82.0,1260.0,0,-7.0,0.0,0
2023-10-17,Ghana,0.0,4.0,60.0,11.0,1400.0,0,-49.0,0.0,0
2023-10-17,Ukraine,3.0,1.0,24.0,171.0,1538.0,1,147.0,0.017543859649122806,3
2023-10-23,Kuwait,0.0,1.0,135.0,70.0,1093.0,0,-65.0,0.0,0
2023-11-11,Jamaica,0.0,0.0,55.0,107.0,1421.0,2,52.0,0.009345794392523364,1
2023-11-12,Israel,0.0,1.0,71.0,105.0,1336.0,0,34.0,0.0,0
2023-11-15,Mauritania,0.0,2.0,101.0,65.0,1209.0,0,-36.0,0.0,0
2023-11-15,Zimbabwe,0.0,0.0,125.0,140.0,1139.0,2,15.0,0.007142857142857143,1
2023-11-15,Sierra Leone,0.0,0.0,122.0,143.0,1145.0,2,21.0,0.006993006993006993,1
2023-11-15,Serbia,0.0,1.0,29.0,5.0,1525.0,0,-24.0,0.0,0
2023-11-15,Switzerland,1.0,1.0,14.0,71.0,1645.0,2,57.0,0.014084507042253521,1
2023-11-15,Namibia,3.0,0.0,114.0,91.0,1172.0,1,-23.0,0.03296703296703297,3
2023-11-16,Saint Lucia,0.0,0.0,166.0,147.0,988.0,2,-19.0,0.006802721088435374,1
2023-11-16,Dominica,2.0,1.0,184.0,204.0,910.0,1,20.0,0.014705882352941176,3
2023-11-16,Panama,3.0,0.0,44.0,46.0,1461.0,1,2.0,0.06521739130434782,3
2023-11-16,Peru,0.0,2.0,26.0,85.0,1533.0,0,59.0,0.0,0
2023-11-16,Ecuador,0.0,0.0,36.0,49.0,1508.0,2,13.0,0.02040816326530612,1
2023-11-16,Brazil,1.0,2.0,3.0,17.0,1812.0,0,14.0,0.0,0
2023-11-16,Uruguay,2.0,0.0,15.0,1.0,1644.0,1,-14.0,3.0,3
2023-11-16,Paraguay,0.0,0.0,53.0,37.0,1437.0,2,-16.0,0.02702702702702703,1
2023-11-16,Trinidad and Tobago,0.0,3.0,99.0,11.0,1217.0,0,-88.0,0.0,0
2023-11-16,India,1.0,0.0,102.0,136.0,1199.0,1,34.0,0.022058823529411766,3
2023-11-16,North Korea,0.0,1.0,115.0,92.0,1170.0,0,-23.0,0.0,0
2023-11-16,Singapore,0.0,5.0,155.0,24.0,1033.0,0,-131.0,0.0,0
2023-11-16,Kyrgyzstan,3.0,4.0,97.0,137.0,1224.0,0,40.0,0.0,0
2023-11-16,Hong Kong,0.0,4.0,150.0,21.0,1045.0,0,-129.0,0.0,0
2023-11-16,Uzbekistan,3.0,1.0,73.0,141.0,1333.0,1,68.0,0.02127659574468085,3
2023-11-16,Indonesia,1.0,5.0,145.0,68.0,1070.0,0,-77.0,0.0,0
2023-11-16,Afghanistan,1.0,8.0,154.0,61.0,1034.0,0,-93.0,0.0,0
2023-11-16,Vietnam,2.0,0.0,94.0,138.0,1236.0,1,44.0,0.021739130434782608,3
2023-11-16,Myanmar,0.0,5.0,158.0,18.0,1012.0,0,-140.0,0.0,0
2023-11-16,Jordan,1.0,1.0,82.0,109.0,1284.0,2,27.0,0.009174311926605505,1
2023-11-16,Pakistan,0.0,4.0,193.0,57.0,865.0,0,-136.0,0.0,0
2023-11-16,Faroe Islands,0.0,2.0,135.0,42.0,1098.0,0,-93.0,0.0,0
2023-11-16,Bahrain,2.0,0.0,83.0,156.0,1281.0,1,73.0,0.019230769230769232,3
2023-11-16,Palestine,0.0,0.0,96.0,104.0,1224.0,2,8.0,0.009615384615384616,1
2023-11-16,Bangladesh,0.0,7.0,183.0,27.0,913.0,0,-156.0,0.0,0
2023-11-16,Djibouti,0.0,6.0,189.0,35.0,889.0,0,-154.0,0.0,0
2023-11-16,Togo,1.0,1.0,119.0,130.0,1158.0,2,11.0,0.007692307692307693,1
2023-11-16,Angola,0.0,0.0,116.0,74.0,1170.0,2,-42.0,0.013513513513513514,1
2023-11-16,Gambia,2.0,3.0,117.0,142.0,1161.0,0,25.0,0.0,0
2023-11-16,Kenya,1.0,2.0,110.0,86.0,1187.0,0,-24.0,0.0,0
2023-11-16,Mozambique,3.0,2.0,113.0,148.0,1177.0,1,35.0,0.02027027027027027,3
2023-11-16,Somalia,1.0,3.0,196.0,33.0,852.0,0,-163.0,0.0,0
2023-11-16,Lesotho,1.0,1.0,153.0,40.0,1034.0,2,-113.0,0.025,1
2023-11-16,Spain,3.0,1.0,8.0,124.0,1726.0,1,116.0,0.024193548387096774,3
2023-11-16,Scotland,2.0,2.0,34.0,76.0,1512.0,2,42.0,0.013157894736842105,1
2023-11-16,Austria,2.0,0.0,25.0,118.0,1535.0,1,93.0,0.025423728813559324,3
2023-11-16,Sweden,0.0,3.0,23.0,120.0,1546.0,0,97.0,0.0,0
2023-11-16,Hungary,2.0,2.0,30.0,84.0,1522.0,2,54.0,0.011904761904761904,1
2023-11-16,Lithuania,0.0,2.0,134.0,70.0,1098.0,0,-64.0,0.0,0
2023-11-16,Portugal,2.0,0.0,6.0,200.0,1740.0,1,194.0,0.015,3
2023-11-16,Bosnia and Herzegovina,1.0,4.0,63.0,87.0,1368.0,0,24.0,0.0,0
2023-11-16,Iceland,2.0,4.0,67.0,50.0,1353.0,0,-17.0,0.0,0
2023-11-16,Nepal,0.0,4.0,173.0,69.0,964.0,0,-104.0,0.0,0
2023-11-16,El Salvador,1.0,1.0,77.0,89.0,1307.0,2,12.0,0.011235955056179775,1
2023-11-17,Dominican Republic,1.0,2.0,149.0,180.0,1049.0,0,31.0,0.0,0
2023-11-17,Nicaragua,4.0,0.0,133.0,174.0,1100.0,1,41.0,0.017241379310344827,3
2023-11-17,Mexico,0.0,2.0,12.0,78.0,1664.0,0,66.0,0.0,0
2023-11-17,Uganda,1.0,2.0,90.0,80.0,1252.0,0,-10.0,0.0,0
2023-11-17,Libya,1.0,0.0,126.0,146.0,1138.0,1,20.0,0.02054794520547945,3
2023-11-17,Mauritius,0.0,3.0,177.0,43.0,943.0,0,-134.0,0.0,0
2023-11-17,Seychelles,0.0,9.0,195.0,52.0,854.0,0,-143.0,0.0,0
2023-11-17,Malawi,1.0,0.0,123.0,151.0,1144.0,1,28.0,0.019867549668874173,3
2023-11-17,Saint Vincent and the Grenadines,1.0,3.0,175.0,172.0,954.0,0,-3.0,0.0,0
2023-11-17,Guinea-Bissau,1.0,1.0,110.0,56.0,1187.0,2,-54.0,0.017857142857142856,1
2023-11-17,Samoa,0.0,1.0,190.0,131.0,894.0,0,-59.0,0.0,0
2023-11-17,Czech Republic,1.0,1.0,41.0,31.0,1490.0,2,-10.0,0.03225806451612903,1
2023-11-17,Chad,1.0,3.0,179.0,47.0,930.0,0,-132.0,0.0,0
2023-11-17,New Zealand,0.0,2.0,103.0,51.0,1198.0,0,-52.0,0.0,0
2023-11-17,Central African Republic,2.0,4.0,127.0,128.0,1127.0,0,1.0,0.0,0
2023-11-17,North Macedonia,2.0,5.0,66.0,9.0,1358.0,0,-57.0,0.0,0
2023-11-17,Albania,1.0,1.0,59.0,157.0,1397.0,2,98.0,0.006369426751592357,1
2023-11-17,Malta,0.0,2.0,171.0,4.0,968.0,0,-167.0,0.0,0
2023-11-17,Northern Ireland,0.0,4.0,75.0,62.0,1325.0,0,-13.0,0.0,0
2023-11-17,Slovenia,1.0,2.0,54.0,19.0,1428.0,0,-35.0,0.0,0
2023-11-17,San Marino,1.0,3.0,207.0,98.0,747.0,0,-109.0,0.0,0
2023-11-17,Madagascar,0.0,1.0,108.0,60.0,1189.0,0,-48.0,0.0,0
2023-11-18,Puerto Rico,3.0,2.0,164.0,139.0,993.0,1,-25.0,0.02158273381294964,3
2023-11-18,Canada,2.0,1.0,45.0,55.0,1455.0,1,10.0,0.05454545454545454,3
2023-11-18,Gibraltar,0.0,14.0,198.0,2.0,842.0,0,-196.0,0.0,0
2023-11-18,Benin,1.0,2.0,93.0,64.0,1239.0,0,-29.0,0.0,0
2023-11-18,Tanzania,1.0,0.0,121.0,129.0,1146.0,1,8.0,0.023255813953488372,3
2023-11-18,Turkey,3.0,2.0,38.0,16.0,1498.0,1,-22.0,0.1875,3
2023-11-18,South Sudan,0.0,4.0,167.0,20.0,987.0,0,-147.0,0.0,0
2023-11-18,Kosovo,1.0,1.0,105.0,14.0,1191.0,2,-91.0,0.07142857142857142,1
2023-11-18,Wales,1.0,1.0,28.0,95.0,1529.0,2,67.0,0.010526315789473684,1
2023-11-18,Croatia,2.0,0.0,10.0,132.0,1712.0,1,122.0,0.022727272727272728,3
2023-11-18,Andorra,0.0,1.0,159.0,100.0,1012.0,0,-59.0,0.0,0
2023-11-18,Republic of Ireland,0.0,1.0,58.0,7.0,1407.0,0,-51.0,0.0,0
2023-11-18,Romania,2.0,1.0,48.0,71.0,1447.0,1,23.0,0.04225352112676056,3
2023-11-18,Tonga,0.0,7.0,194.0,162.0,862.0,0,-32.0,0.0,0
2023-11-19,Lithuania,0.0,1.0,134.0,124.0,1098.0,0,-10.0,0.0,0
2023-11-19,Egypt,2.0,0.0,35.0,122.0,1512.0,1,87.0,0.02459016393442623,3
2023-11-19,DR Congo,0.0,1.0,65.0,130.0,1366.0,0,65.0,0.0,0
2023-11-19,Nigeria,1.0,1.0,40.0,125.0,1490.0,2,85.0,0.008,1
2023-11-19,Gabon,2.0,1.0,86.0,142.0,1271.0,1,56.0,0.02112676056338028,3
2023-11-19,Georgia,1.0,3.0,76.0,8.0,1312.0,0,-68.0,0.0,0
2023-11-19,Algeria,2.0,0.0,33.0,113.0,1513.0,1,80.0,0.02654867256637168,3
2023-11-19,Azerbaijan,0.0,5.0,120.0,5.0,1156.0,0,-115.0,0.0,0
2023-11-19,Estonia,0.0,2.0,118.0,23.0,1159.0,0,-95.0,0.0,0
2023-11-19,Montenegro,1.0,3.0,70.0,30.0,1344.0,0,-40.0,0.0,0
2023-11-19,Bulgaria,2.0,2.0,84.0,29.0,1279.0,2,-55.0,0.034482758620689655,1
2023-11-19,Iceland,0.0,2.0,67.0,6.0,1353.0,0,-61.0,0.0,0
2023-11-19,Slovakia,2.0,1.0,50.0,63.0,1445.0,1,13.0,0.047619047619047616,3
2023-11-19,Luxembourg,1.0,0.0,87.0,200.0,1267.0,1,113.0,0.015,3
2023-11-19,Norway,3.0,3.0,42.0,34.0,1470.0,2,-8.0,0.029411764705882353,1
2023-11-20,Equatorial Guinea,0.0,3.0,91.0,151.0,1250.0,0,60.0,0.0,0
2023-11-20,Ivory Coast,2.0,0.0,52.0,117.0,1439.0,1,65.0,0.02564102564102564,3
2023-11-20,Guinea-Bissau,1.0,0.0,110.0,189.0,1187.0,1,79.0,0.015873015873015872,3
2023-11-20,United States,1.0,2.0,11.0,99.0,1676.0,0,88.0,0.0,0
2023-11-20,Madagascar,3.0,0.0,108.0,179.0,1189.0,1,71.0,0.01675977653631285,3
2023-11-20,Turks and Caicos Islands,0.0,2.0,201.0,184.0,825.0,0,-17.0,0.0,0
2023-11-20,Cayman Islands,1.0,5.0,194.0,192.0,858.0,0,-2.0,0.0,0
2023-11-20,Barbados,2.0,4.0,174.0,180.0,957.0,0,6.0,0.0,0
2023-11-20,Costa Rica,1.0,3.0,46.0,44.0,1452.0,0,-2.0,0.0,0
2023-11-20,Central African Republic,1.0,1.0,127.0,47.0,1127.0,2,-80.0,0.02127659574468085,1
2023-11-20,Kenya,5.0,0.0,110.0,195.0,1187.0,1,85.0,0.015384615384615385,3
2023-11-20,El Salvador,1.0,1.0,77.0,89.0,1307.0,2,12.0,0.011235955056179775,1
2023-11-20,Denmark,0.0,2.0,19.0,75.0,1612.0,0,56.0,0.0,0
2023-11-20,Kazakhstan,1.0,2.0,98.0,54.0,1220.0,0,-44.0,0.0,0
2023-11-20,Finland,2.0,1.0,62.0,207.0,1388.0,1,145.0,0.014492753623188406,3
2023-11-20,American Samoa,0.0,10.0,186.0,190.0,900.0,0,4.0,0.0,0
2023-11-20,Moldova,0.0,3.0,157.0,41.0,1018.0,0,-116.0,0.0,0
2023-11-20,Faroe Islands,0.0,0.0,135.0,59.0,1098.0,2,-76.0,0.01694915254237288,1
2023-11-20,Italy,0.0,0.0,9.0,22.0,1718.0,2,13.0,0.045454545454545456,1
2023-11-20,Cuba,0.0,8.0,169.0,39.0,982.0,0,-130.0,0.0,0
2023-11-20,England,1.0,1.0,4.0,66.0,1808.0,2,62.0,0.015151515151515152,1
2023-11-21,Venezuela,1.0,1.0,49.0,26.0,1446.0,2,-23.0,0.038461538461538464,1
2023-11-21,Bolivia,0.0,3.0,85.0,15.0,1271.0,0,-70.0,0.0,0
2023-11-21,Colombia,1.0,0.0,17.0,53.0,1627.0,1,36.0,0.05660377358490566,3
2023-11-21,Chile,0.0,1.0,37.0,36.0,1504.0,0,-1.0,0.0,0
2023-11-21,Jamaica,3.0,2.0,55.0,45.0,1421.0,1,-10.0,0.06666666666666667,3
2023-11-21,Bahamas,1.0,6.0,199.0,164.0,841.0,0,-35.0,0.0,0
2023-11-21,Antigua and Barbuda,0.0,6.0,139.0,160.0,1090.0,0,21.0,0.0,0
2023-11-21,Belize,0.0,3.0,181.0,175.0,926.0,0,-6.0,0.0,0
2023-11-21,Yemen,2.0,0.0,156.0,173.0,1024.0,1,17.0,0.017341040462427744,3
2023-11-21,Dominican Republic,0.0,0.0,149.0,133.0,1049.0,2,-16.0,0.007518796992481203,1
2023-11-21,Qatar,3.0,0.0,61.0,102.0,1394.0,1,41.0,0.029411764705882353,3
2023-11-21,North Korea,6.0,1.0,115.0,158.0,1170.0,1,43.0,0.0189873417721519,3
2023-11-21,Japan,5.0,0.0,18.0,92.0,1613.0,1,74.0,0.03260869565217391,3
2023-11-21,Thailand,3.0,1.0,112.0,155.0,1177.0,1,43.0,0.01935483870967742,3
2023-11-21,Kuwait,4.0,0.0,136.0,154.0,1097.0,1,18.0,0.01948051948051948,3
2023-11-21,Oman,0.0,1.0,72.0,97.0,1334.0,0,25.0,0.0,0
2023-11-21,Iran,2.0,2.0,21.0,73.0,1567.0,2,52.0,0.0136986301369863,1
2023-11-21,Turkmenistan,2.0,2.0,141.0,150.0,1086.0,2,9.0,0.006666666666666667,1
2023-11-21,Indonesia,1.0,1.0,145.0,138.0,1070.0,2,-7.0,0.007246376811594203,1
2023-11-21,Iraq,1.0,0.0,68.0,94.0,1350.0,1,26.0,0.031914893617021274,3
2023-11-21,Tajikistan,6.0,1.0,109.0,193.0,1187.0,1,84.0,0.015544041450777202,3
2023-11-21,Saudi Arabia,2.0,0.0,57.0,82.0,1409.0,1,25.0,0.036585365853658534,3
2023-11-21,United Arab Emirates,2.0,0.0,69.0,83.0,1349.0,1,14.0,0.03614457831325301,3
2023-11-21,Argentina,1.0,0.0,1.0,3.0,1861.0,1,2.0,1.0,3
2023-11-21,Honduras,0.0,2.0,78.0,12.0,1305.0,0,-66.0,0.0,0
2023-11-21,Benin,0.0,0.0,93.0,153.0,1239.0,2,60.0,0.006535947712418301,1
2023-11-21,Uganda,1.0,0.0,90.0,196.0,1252.0,1,106.0,0.015306122448979591,3
2023-11-21,Morocco,2.0,0.0,13.0,121.0,1658.0,1,108.0,0.024793388429752067,3
2023-11-21,Zambia,1.0,2.0,81.0,129.0,1291.0,0,48.0,0.0,0
2023-11-21,Angola,0.0,0.0,116.0,177.0,1170.0,2,61.0,0.005649717514124294,1
2023-11-21,Cameroon,1.0,1.0,43.0,126.0,1467.0,2,83.0,0.007936507936507936,1
2023-11-21,Mauritania,0.0,0.0,101.0,167.0,1209.0,2,66.0,0.005988023952095809,1
2023-11-21,South Africa,0.0,2.0,64.0,140.0,1366.0,0,76.0,0.0,0
2023-11-21,Senegal,0.0,0.0,20.0,119.0,1601.0,2,99.0,0.008403361344537815,1
2023-11-21,Guinea,0.0,1.0,80.0,148.0,1297.0,0,68.0,0.0,0
2023-11-21,Burkina Faso,3.0,0.0,56.0,143.0,1411.0,1,87.0,0.02097902097902098,3
2023-11-21,Cape Verde,2.0,0.0,74.0,146.0,1327.0,1,72.0,0.02054794520547945,3
2023-11-21,Australia,1.0,0.0,27.0,96.0,1531.0,1,69.0,0.03125,3
2023-11-21,Netherlands,6.0,0.0,7.0,198.0,1739.0,1,191.0,0.015151515151515152,3
2023-11-21,Tunisia,1.0,0.0,32.0,123.0,1516.0,1,91.0,0.024390243902439025,3
2023-11-21,Germany,0.0,2.0,16.0,25.0,1643.0,0,9.0,0.0,0
2023-11-21,Latvia,0.0,2.0,132.0,31.0,1102.0,0,-101.0,0.0,0
2023-11-21,New Zealand,1.0,1.0,103.0,58.0,1198.0,2,-45.0,0.017241379310344827,1
2023-11-21,Tahiti,0.0,0.0,163.0,170.0,995.0,2,7.0,0.0058823529411764705,1
2023-11-21,France,2.0,2.0,2.0,51.0,1853.0,2,49.0,0.0196078431372549,1
2023-11-21,Turkey,1.0,1.0,38.0,28.0,1498.0,2,-10.0,0.03571428571428571,1
2023-11-21,Armenia,0.0,1.0,95.0,10.0,1234.0,0,-85.0,0.0,0
2023-11-21,Israel,2.0,0.0,71.0,159.0,1336.0,1,88.0,0.018867924528301886,3
2023-11-21,Belarus,1.0,0.0,100.0,105.0,1213.0,1,5.0,0.02857142857142857,3
2023-11-21,Switzerland,0.0,1.0,14.0,48.0,1645.0,0,34.0,0.0,0
2023-11-21,Cook Islands,2.0,1.0,185.0,194.0,899.0,1,9.0,0.015463917525773196,3
2023-11-21,Lebanon,1.0,1.0,104.0,183.0,1198.0,2,79.0,0.00546448087431694,1
2023-11-21,Ghana,0.0,1.0,60.0,128.0,1395.0,0,68.0,0.0,0
2023-11-23,Papua New Guinea,1.0,1.0,165.0,168.0,991.0,2,3.0,0.005952380952380952,1
2023-11-23,American Samoa,0.0,11.0,186.0,131.0,900.0,0,-55.0,0.0,0
2023-11-24,New Caledonia,8.0,0.0,162.0,185.0,999.0,1,23.0,0.016216216216216217,3
2023-11-27,Samoa,1.0,2.0,190.0,163.0,894.0,0,-27.0,0.0,0
2023-11-27,Papua New Guinea,3.0,0.0,165.0,185.0,991.0,1,20.0,0.016216216216216217,3
2023-11-28,Vanuatu,0.0,1.0,168.0,162.0,985.0,0,-6.0,0.0,0
2023-11-28,Fiji,0.0,2.0,170.0,131.0,980.0,0,-39.0,0.0,0
2023-11-30,Tonga,6.0,2.0,196.0,188.0,853.0,1,-8.0,0.015957446808510637,3
2023-11-30,Cook Islands,0.0,3.0,185.0,187.0,902.0,0,2.0,0.0,0
2023-11-30,Papua New Guinea,0.0,2.0,165.0,164.0,991.0,0,-1.0,0.0,0
2023-12-01,Fiji,4.0,2.0,170.0,168.0,981.0,1,-2.0,0.017857142857142856,3
2023-12-02,New Caledonia,2.0,2.0,160.0,132.0,1005.0,2,-28.0,0.007575757575757576,1
2023-12-16,Colombia,3.0,2.0,15.0,14.0,1651.0,1,-1.0,0.21428571428571427,3
2024-01-01,Thailand,0.0,5.0,113.0,17.0,1177.0,0,-96.0,0.0,0
2024-01-02,Libya,4.0,0.0,120.0,146.0,1155.0,1,26.0,0.02054794520547945,3
2024-01-04,Hong Kong,1.0,2.0,150.0,106.0,1043.0,0,-44.0,0.0,0
2024-01-04,Lebanon,0.0,1.0,107.0,56.0,1193.0,0,-51.0,0.0,0
2024-01-05,Libya,2.0,1.0,120.0,146.0,1155.0,1,26.0,0.02054794520547945,3
2024-01-05,Burkina Faso,1.0,2.0,57.0,21.0,1411.0,0,-36.0,0.0,0
2024-01-05,Syria,1.0,1.0,91.0,98.0,1245.0,2,7.0,0.01020408163265306,1
2024-01-05,Jordan,2.0,1.0,87.0,58.0,1273.0,1,-29.0,0.05172413793103448,3
2024-01-05,Algeria,3.0,0.0,30.0,118.0,1520.0,1,88.0,0.025423728813559324,3
2024-01-06,Lesotho,0.0,2.0,148.0,111.0,1047.0,0,-37.0,0.0,0
2024-01-06,Angola,0.0,0.0,117.0,67.0,1168.0,2,-50.0,0.014925373134328358,1
2024-01-06,South Korea,1.0,0.0,23.0,63.0,1551.0,1,40.0,0.047619047619047616,3
2024-01-06,Australia,2.0,0.0,25.0,86.0,1539.0,1,61.0,0.03488372093023256,3
2024-01-06,Sierra Leone,1.0,5.0,127.0,49.0,1139.0,0,-78.0,0.0,0
2024-01-06,Mauritania,0.0,0.0,105.0,28.0,1195.0,2,-77.0,0.03571428571428571,1
2024-01-06,Guinea-Bissau,2.0,6.0,103.0,51.0,1198.0,0,-52.0,0.0,0
2024-01-06,Oman,1.0,0.0,74.0,64.0,1325.0,1,-10.0,0.046875,3
2024-01-07,Palestine,0.0,1.0,99.0,68.0,1218.0,0,-31.0,0.0,0
2024-01-07,Tanzania,0.0,2.0,121.0,33.0,1155.0,0,-88.0,0.0,0
2024-01-08,Guinea,2.0,0.0,80.0,42.0,1290.0,1,-38.0,0.07142857142857142,3
2024-01-08,Mozambique,1.0,1.0,111.0,145.0,1181.0,2,34.0,0.006896551724137931,1
2024-01-08,Malaysia,2.0,2.0,130.0,91.0,1123.0,2,-39.0,0.01098901098901099,1
2024-01-08,Niger,0.0,1.0,129.0,20.0,1128.0,0,-109.0,0.0,0
2024-01-08,Namibia,0.0,0.0,115.0,61.0,1168.0,2,-54.0,0.01639344262295082,1
2024-01-09,Palestine,0.0,0.0,99.0,56.0,1218.0,2,-43.0,0.017857142857142856,1
2024-01-09,Jordan,1.0,6.0,87.0,17.0,1273.0,0,-70.0,0.0,0
2024-01-09,Vietnam,1.0,2.0,94.0,98.0,1236.0,0,4.0,0.0,0
2024-01-09,Cameroon,1.0,1.0,46.0,84.0,1463.0,2,38.0,0.011904761904761904,1
2024-01-09,Algeria,4.0,0.0,30.0,139.0,1520.0,1,109.0,0.02158273381294964,3
2024-01-09,Iran,5.0,0.0,21.0,146.0,1565.0,1,125.0,0.02054794520547945,3
2024-01-09,Djibouti,1.0,1.0,192.0,88.0,881.0,2,-104.0,0.011363636363636364,1
2024-01-10,Lesotho,0.0,0.0,148.0,66.0,1047.0,2,-82.0,0.015151515151515152,1
2024-01-10,Burkina Faso,2.0,1.0,57.0,67.0,1411.0,1,10.0,0.04477611940298507,3
2024-01-10,Angola,3.0,0.0,117.0,86.0,1168.0,1,-31.0,0.03488372093023256,3
2024-01-10,Hong Kong,0.0,2.0,150.0,56.0,1043.0,0,-94.0,0.0,0
2024-01-10,Cape Verde,0.0,2.0,73.0,28.0,1330.0,0,-45.0,0.0,0
2024-01-11,Sierra Leone,1.0,3.0,127.0,13.0,1139.0,0,-114.0,0.0,0
2024-01-12,Lebanon,0.0,3.0,107.0,58.0,1193.0,0,-49.0,0.0,0
2024-01-12,Libya,3.0,1.0,120.0,136.0,1155.0,1,16.0,0.022058823529411766,3
2024-01-12,Estonia,1.0,2.0,122.0,26.0,1150.0,0,-96.0,0.0,0
2024-01-13,Guinea-Bissau,0.0,2.0,103.0,49.0,1198.0,0,-54.0,0.0,0
2024-01-13,India,0.0,2.0,102.0,25.0,1201.0,0,-77.0,0.0,0
2024-01-13,Syria,0.0,0.0,91.0,68.0,1245.0,2,-23.0,0.014705882352941176,1
2024-01-13,Iceland,1.0,0.0,71.0,108.0,1338.0,1,37.0,0.027777777777777776,3
2024-01-14,Hong Kong,1.0,3.0,150.0,64.0,1043.0,0,-86.0,0.0,0
2024-01-14,Palestine,1.0,4.0,99.0,21.0,1218.0,0,-78.0,0.0,0
2024-01-14,Vietnam,2.0,4.0,94.0,17.0,1236.0,0,-77.0,0.0,0
2024-01-14,Equatorial Guinea,1.0,1.0,88.0,42.0,1268.0,2,-46.0,0.023809523809523808,1
2024-01-14,Mozambique,2.0,2.0,111.0,33.0,1181.0,2,-78.0,0.030303030303030304,1
2024-01-14,Cape Verde,2.0,1.0,73.0,61.0,1330.0,1,-12.0,0.04918032786885246,3
2024-01-15,Jordan,4.0,0.0,87.0,130.0,1273.0,1,43.0,0.023076923076923078,3
2024-01-15,Bahrain,1.0,3.0,86.0,23.0,1277.0,0,-63.0,0.0,0
2024-01-15,Iraq,3.0,1.0,63.0,146.0,1366.0,1,83.0,0.02054794520547945,3
2024-01-15,Gambia,0.0,3.0,126.0,20.0,1140.0,0,-106.0,0.0,0
2024-01-15,Angola,1.0,1.0,117.0,30.0,1168.0,2,-87.0,0.03333333333333333,1
2024-01-15,Guinea,1.0,1.0,80.0,46.0,1290.0,2,-34.0,0.021739130434782608,1
2024-01-16,Kyrgyzstan,0.0,2.0,98.0,113.0,1224.0,0,15.0,0.0,0
2024-01-16,Oman,1.0,2.0,74.0,56.0,1325.0,0,-18.0,0.0,0
2024-01-16,Mauritania,0.0,1.0,105.0,57.0,1195.0,0,-48.0,0.0,0
2024-01-16,Namibia,1.0,0.0,115.0,28.0,1168.0,1,-87.0,0.10714285714285714,3
2024-01-16,South Africa,0.0,2.0,66.0,51.0,1357.0,0,-15.0,0.0,0
2024-01-17,Tajikistan,0.0,1.0,106.0,58.0,1195.0,0,-48.0,0.0,0
2024-01-17,Tanzania,0.0,3.0,121.0,13.0,1155.0,0,-108.0,0.0,0
2024-01-17,Zambia,1.0,1.0,84.0,67.0,1285.0,2,-17.0,0.014925373134328358,1
2024-01-17,Iceland,2.0,0.0,71.0,76.0,1338.0,1,5.0,0.039473684210526314,3
2024-01-18,United Arab Emirates,1.0,1.0,64.0,99.0,1364.0,2,35.0,0.010101010101010102,1
2024-01-18,Australia,1.0,0.0,25.0,91.0,1539.0,1,66.0,0.03296703296703297,3
2024-01-18,Uzbekistan,3.0,0.0,68.0,102.0,1345.0,1,34.0,0.029411764705882353,3
2024-01-18,Nigeria,1.0,0.0,42.0,49.0,1474.0,1,7.0,0.061224489795918366,3
2024-01-18,Ghana,2.0,2.0,61.0,33.0,1384.0,2,-28.0,0.030303030303030304,1
2024-01-18,Guinea-Bissau,2.0,4.0,103.0,88.0,1198.0,0,-15.0,0.0,0
2024-01-19,Iran,1.0,0.0,21.0,150.0,1565.0,1,129.0,0.02,3
2024-01-19,Japan,1.0,2.0,17.0,63.0,1620.0,0,46.0,0.0,0
2024-01-19,Indonesia,1.0,0.0,146.0,94.0,1064.0,1,-52.0,0.031914893617021274,3
2024-01-19,Mozambique,0.0,3.0,111.0,73.0,1181.0,0,-38.0,0.0,0
2024-01-19,Cameroon,1.0,3.0,46.0,20.0,1463.0,0,-26.0,0.0,0
2024-01-19,Gambia,0.0,1.0,126.0,80.0,1140.0,0,-46.0,0.0,0
2024-01-19,Uganda,2.0,0.0,92.0,136.0,1245.0,1,44.0,0.022058823529411766,3
2024-01-20,Malaysia,0.0,1.0,130.0,86.0,1123.0,0,-44.0,0.0,0
2024-01-20,Burkina Faso,2.0,2.0,57.0,30.0,1411.0,2,-27.0,0.03333333333333333,1
2024-01-20,South Korea,2.0,2.0,23.0,87.0,1551.0,2,64.0,0.011494252873563218,1
2024-01-20,Slovenia,1.0,0.0,54.0,12.0,1428.0,1,-42.0,0.25,3
2024-01-20,Angola,3.0,2.0,117.0,105.0,1168.0,1,-12.0,0.02857142857142857,3
2024-01-20,Mali,1.0,1.0,51.0,28.0,1446.0,2,-23.0,0.03571428571428571,1
2024-01-21,Thailand,0.0,0.0,113.0,74.0,1177.0,2,-39.0,0.013513513513513514,1
2024-01-21,Saudi Arabia,2.0,0.0,56.0,98.0,1421.0,1,42.0,0.030612244897959183,3
2024-01-21,Namibia,0.0,4.0,115.0,66.0,1168.0,0,-49.0,0.0,0
2024-01-21,DR Congo,1.0,1.0,67.0,13.0,1357.0,2,-54.0,0.07692307692307693,1
2024-01-21,Tanzania,1.0,1.0,121.0,84.0,1155.0,2,-37.0,0.011904761904761904,1
2024-01-22,Lebanon,1.0,2.0,107.0,106.0,1193.0,0,-1.0,0.0,0
2024-01-22,Nigeria,1.0,0.0,42.0,103.0,1474.0,1,61.0,0.02912621359223301,3
2024-01-22,Equatorial Guinea,4.0,0.0,88.0,49.0,1268.0,1,-39.0,0.061224489795918366,3
2024-01-22,Egypt,2.0,2.0,33.0,73.0,1519.0,2,40.0,0.0136986301369863,1
2024-01-22,Ghana,2.0,2.0,61.0,111.0,1384.0,2,50.0,0.009009009009009009,1
2024-01-23,India,0.0,1.0,102.0,91.0,1201.0,0,-11.0,0.0,0
2024-01-23,Palestine,3.0,0.0,99.0,150.0,1218.0,1,51.0,0.02,3
2024-01-23,United Arab Emirates,1.0,2.0,64.0,21.0,1364.0,0,-43.0,0.0,0
2024-01-23,Uzbekistan,1.0,1.0,68.0,25.0,1345.0,2,-43.0,0.04,1
2024-01-23,Burkina Faso,0.0,2.0,57.0,117.0,1411.0,0,60.0,0.0,0
2024-01-23,Algeria,0.0,1.0,30.0,105.0,1520.0,0,75.0,0.0,0
2024-01-23,Senegal,2.0,0.0,20.0,80.0,1594.0,1,60.0,0.0375,3
2024-01-23,Cameroon,3.0,2.0,46.0,126.0,1463.0,1,80.0,0.023809523809523808,3
2024-01-24,Vietnam,2.0,3.0,94.0,63.0,1236.0,0,-31.0,0.0,0
2024-01-24,Indonesia,1.0,3.0,146.0,17.0,1064.0,0,-129.0,0.0,0
2024-01-24,Mali,0.0,0.0,51.0,115.0,1446.0,2,64.0,0.008695652173913044,1
2024-01-24,Tunisia,0.0,0.0,28.0,66.0,1523.0,2,38.0,0.015151515151515152,1
2024-01-24,DR Congo,0.0,0.0,67.0,121.0,1357.0,2,54.0,0.008264462809917356,1
2024-01-24,Morocco,1.0,0.0,13.0,84.0,1662.0,1,71.0,0.03571428571428571,3
2024-01-25,Malaysia,3.0,3.0,130.0,23.0,1123.0,2,-107.0,0.043478260869565216,1
2024-01-25,Bahrain,1.0,0.0,86.0,87.0,1277.0,1,1.0,0.034482758620689655,3
2024-01-25,Thailand,0.0,0.0,113.0,56.0,1177.0,2,-57.0,0.017857142857142856,1
2024-01-25,Oman,1.0,1.0,74.0,98.0,1325.0,2,24.0,0.01020408163265306,1
2024-01-27,Namibia,0.0,3.0,115.0,117.0,1168.0,0,2.0,0.0,0
2024-01-27,Cameroon,0.0,2.0,46.0,42.0,1463.0,0,-4.0,0.0,0
2024-01-28,Indonesia,0.0,4.0,146.0,25.0,1064.0,0,-121.0,0.0,0
2024-01-28,United Arab Emirates,1.0,1.0,64.0,106.0,1364.0,2,42.0,0.009433962264150943,1
2024-01-28,DR Congo,1.0,1.0,67.0,33.0,1357.0,2,-34.0,0.030303030303030304,1
2024-01-28,Guinea,1.0,0.0,80.0,88.0,1290.0,1,8.0,0.03409090909090909,3
2024-01-29,Mauritania,0.0,1.0,105.0,73.0,1195.0,0,-32.0,0.0,0
2024-01-29,Senegal,1.0,1.0,20.0,49.0,1594.0,2,29.0,0.02040816326530612,1
2024-01-29,Jordan,3.0,2.0,87.0,63.0,1273.0,1,-24.0,0.047619047619047616,3
2024-01-29,Palestine,1.0,2.0,99.0,58.0,1218.0,0,-41.0,0.0,0
2024-01-30,Thailand,1.0,2.0,113.0,68.0,1177.0,0,-45.0,0.0,0
2024-01-30,South Korea,1.0,1.0,23.0,56.0,1551.0,2,33.0,0.017857142857142856,1
2024-01-30,South Africa,2.0,0.0,66.0,13.0,1357.0,1,-53.0,0.23076923076923078,3
2024-01-30,Burkina Faso,1.0,2.0,57.0,51.0,1411.0,0,-6.0,0.0,0
2024-01-31,Japan,3.0,1.0,17.0,86.0,1620.0,1,69.0,0.03488372093023256,3
2024-01-31,Syria,1.0,1.0,91.0,21.0,1245.0,2,-70.0,0.047619047619047616,1
2024-02-02,South Korea,2.0,1.0,23.0,25.0,1551.0,1,2.0,0.12,3
2024-02-02,Jordan,1.0,0.0,87.0,106.0,1273.0,1,19.0,0.02830188679245283,3
2024-02-02,Guinea,1.0,3.0,80.0,67.0,1290.0,0,-13.0,0.0,0
2024-02-02,Angola,0.0,1.0,117.0,42.0,1168.0,0,-75.0,0.0,0
2024-02-03,Uzbekistan,1.0,1.0,68.0,58.0,1345.0,2,-10.0,0.017241379310344827,1
2024-02-03,Mali,1.0,2.0,51.0,49.0,1446.0,0,-2.0,0.0,0
2024-02-03,Japan,1.0,2.0,17.0,21.0,1620.0,0,4.0,0.0,0
2024-02-03,El Salvador,0.0,2.0,78.0,52.0,1306.0,0,-26.0,0.0,0
2024-02-03,South Africa,0.0,0.0,66.0,73.0,1357.0,2,7.0,0.0136986301369863,1
2024-02-06,South Korea,0.0,2.0,23.0,87.0,1551.0,0,64.0,0.0,0
2024-02-07,Iran,2.0,3.0,21.0,58.0,1565.0,0,37.0,0.0,0
2024-02-07,DR Congo,0.0,1.0,67.0,49.0,1357.0,0,-18.0,0.0,0
2024-02-07,South Africa,1.0,1.0,66.0,42.0,1357.0,2,-24.0,0.023809523809523808,1
2024-02-10,Jordan,1.0,3.0,87.0,58.0,1273.0,0,-29.0,0.0,0
2024-02-10,DR Congo,0.0,0.0,67.0,66.0,1357.0,2,-1.0,0.015151515151515152,1
2024-02-11,Nigeria,1.0,2.0,42.0,49.0,1474.0,0,7.0,0.0,0
2024-03-01,Jamaica,1.0,0.0,57.0,96.0,1422.0,1,39.0,0.03125,3
2024-03-03,Jamaica,0.0,0.0,57.0,96.0,1422.0,2,39.0,0.010416666666666666,1
2024-03-14,Turkmenistan,0.0,2.0,141.0,100.0,1078.0,0,-41.0,0.0,0
2024-03-18,Fiji,1.0,2.0,168.0,131.0,981.0,0,-37.0,0.0,0
2024-03-20,Samoa,4.0,1.0,186.0,196.0,897.0,1,10.0,0.015306122448979591,3
2024-03-20,Saint Kitts and Nevis,3.0,1.0,147.0,210.0,1057.0,1,63.0,0.014285714285714285,3
2024-03-20,Eswatini,3.0,0.0,149.0,198.0,1046.0,1,49.0,0.015151515151515152,3
2024-03-20,Liberia,2.0,0.0,152.0,192.0,1024.0,1,40.0,0.015625,3
2024-03-21,Andorra,1.0,1.0,164.0,58.0,998.0,2,-106.0,0.017241379310344827,1
2024-03-21,Vanuatu,0.0,6.0,170.0,76.0,980.0,0,-94.0,0.0,0
2024-03-21,Mexico,3.0,0.0,15.0,44.0,1653.0,1,29.0,0.06818181818181818,3
2024-03-21,Lithuania,1.0,0.0,138.0,201.0,1087.0,1,63.0,0.014925373134328358,3
2024-03-21,Estonia,1.0,5.0,123.0,30.0,1149.0,0,-93.0,0.0,0
2024-03-21,Finland,1.0,4.0,60.0,29.0,1401.0,0,-31.0,0.0,0
2024-03-21,Guyana,0.0,1.0,157.0,65.0,1018.0,0,-92.0,0.0,0
2024-03-21,Luxembourg,0.0,2.0,85.0,77.0,1285.0,0,-8.0,0.0,0
2024-03-21,Kazakhstan,0.0,5.0,100.0,49.0,1215.0,0,-51.0,0.0,0
2024-03-21,Kuwait,0.0,3.0,137.0,37.0,1094.0,0,-100.0,0.0,0
2024-03-21,India,0.0,0.0,117.0,158.0,1165.0,2,41.0,0.006329113924050633,1
2024-03-21,Syria,1.0,1.0,89.0,162.0,1266.0,2,73.0,0.006172839506172839,1
2024-03-21,North Korea,0.0,1.0,114.0,18.0,1168.0,0,-96.0,0.0,0
2024-03-21,Thailand,1.0,1.0,101.0,22.0,1207.0,2,-79.0,0.045454545454545456,1
2024-03-21,Iceland,4.0,1.0,73.0,75.0,1343.0,1,2.0,0.04,3
2024-03-21,Ukraine,2.0,1.0,24.0,71.0,1553.0,1,47.0,0.04225352112676056,3
2024-03-21,Tajikistan,0.0,1.0,99.0,53.0,1219.0,0,-46.0,0.0,0
2024-03-21,Jamaica,1.0,3.0,57.0,13.0,1422.0,0,-44.0,0.0,0
2024-03-21,Puerto Rico,1.0,1.0,160.0,182.0,1007.0,2,22.0,0.005494505494505495,1
2024-03-21,Uzbekistan,2.0,0.0,66.0,154.0,1376.0,1,88.0,0.01948051948051948,3
2024-03-21,Malaysia,0.0,2.0,132.0,80.0,1110.0,0,-52.0,0.0,0
2024-03-21,Philippines,0.0,1.0,139.0,59.0,1086.0,0,-80.0,0.0,0
2024-03-21,Jordan,3.0,0.0,70.0,195.0,1344.0,1,125.0,0.015384615384615385,3
2024-03-21,Nepal,0.0,5.0,175.0,82.0,948.0,0,-93.0,0.0,0
2024-03-21,Yemen,1.0,2.0,151.0,69.0,1028.0,0,-82.0,0.0,0
2024-03-21,Lebanon,0.0,2.0,115.0,23.0,1168.0,0,-92.0,0.0,0
2024-03-21,Turkmenistan,0.0,5.0,141.0,20.0,1078.0,0,-121.0,0.0,0
2024-03-21,Vietnam,0.0,1.0,105.0,142.0,1195.0,0,37.0,0.0,0
2024-03-21,Latvia,1.0,1.0,136.0,125.0,1098.0,2,-11.0,0.008,1
2024-03-21,Guatemala,0.0,2.0,108.0,31.0,1188.0,0,-77.0,0.0,0
2024-03-21,Lesotho,2.0,1.0,148.0,145.0,1047.0,1,-3.0,0.020689655172413793,3
2024-03-21,Slovenia,2.0,2.0,55.0,172.0,1431.0,2,117.0,0.005813953488372093,1
2024-03-21,Belarus,0.0,2.0,95.0,72.0,1233.0,0,-23.0,0.0,0
2024-03-21,Sweden,2.0,5.0,26.0,7.0,1531.0,0,-19.0,0.0,0
2024-03-21,Fiji,2.0,0.0,168.0,131.0,981.0,1,-37.0,0.022900763358778626,3
2024-03-21,Italy,2.0,1.0,9.0,52.0,1719.0,1,43.0,0.057692307692307696,3
2024-03-21,Bangladesh,0.0,5.0,183.0,97.0,917.0,0,-86.0,0.0,0
2024-03-22,Uganda,0.0,4.0,92.0,121.0,1247.0,0,29.0,0.0,0
2024-03-22,Bolivia,2.0,3.0,86.0,43.0,1285.0,0,-43.0,0.0,0
2024-03-22,Mongolia,0.0,1.0,190.0,113.0,889.0,0,-77.0,0.0,0
2024-03-22,Tanzania,0.0,1.0,119.0,83.0,1161.0,0,-36.0,0.0,0
2024-03-22,Cambodia,0.0,2.0,179.0,79.0,931.0,0,-100.0,0.0,0
2024-03-22,Bermuda,2.0,0.0,171.0,194.0,972.0,1,23.0,0.015463917525773196,3
2024-03-22,Chile,3.0,0.0,42.0,64.0,1490.0,1,22.0,0.046875,3
2024-03-22,New Zealand,0.0,1.0,103.0,36.0,1197.0,0,-67.0,0.0,0
2024-03-22,Turks and Caicos Islands,0.0,0.0,206.0,209.0,819.0,2,3.0,0.004784688995215311,1
2024-03-22,El Salvador,0.0,3.0,81.0,1.0,1306.0,0,-80.0,0.0,0
2024-03-22,Kosovo,1.0,0.0,102.0,94.0,1203.0,1,-8.0,0.031914893617021274,3
2024-03-22,Libya,2.0,1.0,120.0,61.0,1160.0,1,-59.0,0.04918032786885246,3
2024-03-22,Papua New Guinea,0.0,0.0,165.0,204.0,991.0,2,39.0,0.004901960784313725,1
2024-03-22,Bhutan,0.0,6.0,184.0,129.0,913.0,0,-55.0,0.0,0
2024-03-22,Gabon,0.0,3.0,84.0,17.0,1290.0,0,-67.0,0.0,0
2024-03-22,Turkey,0.0,1.0,35.0,27.0,1505.0,0,-8.0,0.0,0
2024-03-22,Mali,2.0,0.0,47.0,106.0,1470.0,1,59.0,0.02830188679245283,3
2024-03-22,Angola,0.0,1.0,93.0,12.0,1238.0,0,-81.0,0.0,0
2024-03-22,Scotland,0.0,4.0,34.0,6.0,1507.0,0,-28.0,0.0,0
2024-03-22,Ghana,1.0,2.0,67.0,28.0,1363.0,0,-39.0,0.0,0
2024-03-22,Moldova,1.0,1.0,155.0,68.0,1023.0,2,-87.0,0.014705882352941176,1
2024-03-22,Togo,2.0,1.0,116.0,128.0,1166.0,1,12.0,0.0234375,3
2024-03-22,Nicaragua,0.0,2.0,134.0,33.0,1104.0,0,-101.0,0.0,0
2024-03-22,Northern Ireland,1.0,1.0,74.0,45.0,1333.0,2,-29.0,0.022222222222222223,1
2024-03-22,Colombia,1.0,0.0,14.0,8.0,1655.0,1,-6.0,0.375,3
2024-03-22,Mauritius,0.0,1.0,177.0,181.0,945.0,0,4.0,0.0,0
2024-03-22,Faroe Islands,4.0,0.0,135.0,203.0,1102.0,1,68.0,0.014778325123152709,3
2024-03-22,Czech Republic,2.0,1.0,40.0,46.0,1494.0,1,6.0,0.06521739130434782,3
2024-03-23,Switzerland,0.0,0.0,19.0,21.0,1613.0,2,2.0,0.047619047619047616,1
2024-03-23,Croatia,0.0,0.0,10.0,41.0,1718.0,2,31.0,0.024390243902439025,1
2024-03-23,Trinidad and Tobago,0.0,2.0,96.0,50.0,1228.0,0,-46.0,0.0,0
2024-03-23,Honduras,1.0,3.0,78.0,54.0,1311.0,0,-24.0,0.0,0
2024-03-23,Aruba,0.0,2.0,193.0,150.0,879.0,0,-43.0,0.0,0
2024-03-23,Brazil,1.0,0.0,5.0,3.0,1784.0,1,-2.0,1.0,3
2024-03-23,Germany,2.0,0.0,16.0,2.0,1631.0,1,-14.0,1.5,3
2024-03-23,Belgium,0.0,0.0,4.0,62.0,1798.0,2,58.0,0.016129032258064516,1
2024-03-23,Austria,2.0,0.0,25.0,48.0,1546.0,1,23.0,0.0625,3
2024-03-23,Cook Islands,0.0,1.0,185.0,186.0,897.0,0,1.0,0.0,0
2024-03-23,Benin,2.0,2.0,98.0,39.0,1225.0,2,-59.0,0.02564102564102564,1
2024-03-24,Italy,2.0,0.0,9.0,31.0,1719.0,1,22.0,0.0967741935483871,3
2024-03-24,Panama,0.0,1.0,44.0,57.0,1476.0,0,13.0,0.0,0
2024-03-24,Mexico,0.0,2.0,15.0,13.0,1653.0,0,-2.0,0.0,0
2024-03-24,Puerto Rico,0.0,3.0,160.0,182.0,1007.0,0,22.0,0.0,0
2024-03-24,Venezuela,0.0,0.0,52.0,108.0,1447.0,2,56.0,0.009259259259259259,1
2024-03-24,Saint Kitts and Nevis,0.0,0.0,147.0,210.0,1057.0,2,63.0,0.004761904761904762,1
2024-03-24,Lesotho,1.0,2.0,148.0,145.0,1047.0,0,-3.0,0.0,0
2024-03-25,Guinea,5.0,1.0,76.0,171.0,1320.0,1,95.0,0.017543859649122806,3
2024-03-25,Papua New Guinea,0.0,4.0,165.0,129.0,991.0,0,-36.0,0.0,0
2024-03-25,Andorra,0.0,1.0,164.0,86.0,998.0,0,-78.0,0.0,0
2024-03-25,Bulgaria,1.0,1.0,83.0,113.0,1290.0,2,30.0,0.008849557522123894,1
2024-03-25,Equatorial Guinea,0.0,1.0,79.0,65.0,1310.0,0,-14.0,0.0,0
2024-03-25,Mongolia,0.0,3.0,190.0,119.0,889.0,0,-71.0,0.0,0
2024-03-25,North Macedonia,0.0,1.0,68.0,72.0,1362.0,0,4.0,0.0,0
2024-03-25,Serbia,1.0,0.0,32.0,125.0,1517.0,1,93.0,0.024,3
2024-03-25,Albania,0.0,1.0,64.0,26.0,1383.0,0,-38.0,0.0,0
2024-03-25,Angola,0.0,0.0,93.0,121.0,1238.0,2,28.0,0.008264462809917356,1
2024-03-25,Bhutan,0.0,2.0,184.0,204.0,913.0,0,20.0,0.0,0
2024-03-26,Myanmar,0.0,7.0,162.0,89.0,1000.0,0,-73.0,0.0,0
2024-03-26,Qatar,2.0,1.0,37.0,137.0,1499.0,1,100.0,0.021897810218978103,3
2024-03-26,Afghanistan,2.0,1.0,158.0,117.0,1018.0,1,-41.0,0.02564102564102564,3
2024-03-26,Greece,0.0,0.0,49.0,77.0,1454.0,2,28.0,0.012987012987012988,1
2024-03-26,Iceland,1.0,2.0,73.0,24.0,1343.0,0,-49.0,0.0,0
2024-03-26,Cook Islands,1.0,0.0,185.0,196.0,897.0,1,11.0,0.015306122448979591,3
2024-03-26,Vanuatu,2.0,3.0,170.0,194.0,980.0,0,24.0,0.0,0
2024-03-26,Guyana,4.0,1.0,157.0,179.0,1018.0,1,22.0,0.01675977653631285,3
2024-03-26,Tunisia,0.0,0.0,41.0,103.0,1491.0,2,62.0,0.009708737864077669,1
2024-03-26,Croatia,4.0,2.0,10.0,36.0,1718.0,1,26.0,0.08333333333333333,3
2024-03-26,Poland,0.0,0.0,30.0,29.0,1520.0,2,-1.0,0.034482758620689655,1
2024-03-26,Anguilla,1.0,1.0,209.0,206.0,786.0,2,-3.0,0.0048543689320388345,1
2024-03-26,Oman,2.0,0.0,80.0,132.0,1308.0,1,52.0,0.022727272727272728,3
2024-03-26,Hong Kong,0.0,3.0,154.0,66.0,1023.0,0,-88.0,0.0,0
2024-03-26,Iran,1.0,0.0,20.0,141.0,1608.0,1,121.0,0.02127659574468085,3
2024-03-26,Iraq,5.0,0.0,59.0,139.0,1409.0,1,80.0,0.02158273381294964,3
2024-03-26,Indonesia,3.0,0.0,142.0,105.0,1073.0,1,-37.0,0.02857142857142857,3
2024-03-26,Saudi Arabia,1.0,1.0,53.0,99.0,1441.0,2,46.0,0.010101010101010102,1
2024-03-26,Pakistan,0.0,7.0,195.0,70.0,857.0,0,-125.0,0.0,0
2024-03-26,Nepal,0.0,3.0,175.0,82.0,948.0,0,-93.0,0.0,0
2024-03-26,United Arab Emirates,3.0,0.0,69.0,151.0,1356.0,1,82.0,0.019867549668874173,3
2024-03-26,Palestine,1.0,0.0,97.0,183.0,1227.0,1,86.0,0.01639344262295082,3
2024-03-26,Lebanon,0.0,5.0,115.0,23.0,1168.0,0,-92.0,0.0,0
2024-03-26,South Africa,3.0,3.0,58.0,43.0,1410.0,2,-15.0,0.023255813953488372,1
2024-03-26,South Korea,3.0,0.0,22.0,101.0,1566.0,1,79.0,0.0297029702970297,3
2024-03-26,Belgium,2.0,2.0,4.0,3.0,1798.0,2,-1.0,0.3333333333333333,1
2024-03-26,Costa Rica,1.0,3.0,54.0,1.0,1438.0,0,-53.0,0.0,0
2024-03-26,Belarus,0.0,0.0,95.0,172.0,1233.0,2,77.0,0.005813953488372093,1
2024-03-26,Liechtenstein,1.0,1.0,203.0,136.0,833.0,2,-67.0,0.007352941176470588,1
2024-03-26,Uruguay,1.0,2.0,11.0,39.0,1666.0,0,28.0,0.0,0
2024-03-26,Kosovo,0.0,2.0,102.0,27.0,1203.0,0,-75.0,0.0,0
2024-03-26,Netherlands,1.0,2.0,6.0,16.0,1745.0,0,10.0,0.0,0
2024-03-26,Honduras,1.0,1.0,78.0,81.0,1311.0,2,3.0,0.012345679012345678,1
2024-03-26,Faroe Islands,0.0,2.0,135.0,21.0,1102.0,0,-114.0,0.0,0
2024-03-26,Armenia,1.0,2.0,94.0,40.0,1237.0,0,-54.0,0.0,0
2024-03-26,Romania,2.0,3.0,45.0,14.0,1473.0,0,-31.0,0.0,0
2024-03-26,Chile,2.0,3.0,42.0,2.0,1490.0,0,-40.0,0.0,0
2024-03-26,Mauritania,0.0,0.0,106.0,12.0,1194.0,2,-94.0,0.08333333333333333,1
2024-03-26,Gibraltar,0.0,1.0,201.0,138.0,841.0,0,-63.0,0.0,0
2024-03-26,Dominican Republic,1.0,4.0,150.0,33.0,1041.0,0,-117.0,0.0,0
2024-03-26,Switzerland,1.0,0.0,19.0,62.0,1613.0,1,43.0,0.04838709677419355,3
2024-03-26,Northern Ireland,1.0,0.0,74.0,34.0,1333.0,1,-40.0,0.08823529411764706,3
2024-03-26,Benin,0.0,1.0,98.0,17.0,1225.0,0,-81.0,0.0,0
2024-03-26,Portugal,0.0,2.0,7.0,55.0,1745.0,0,48.0,0.0,0
2024-03-26,Brazil,3.0,3.0,5.0,8.0,1784.0,2,3.0,0.125,1
2024-03-26,Estonia,1.0,2.0,123.0,60.0,1149.0,0,-63.0,0.0,0
2024-03-26,Djibouti,0.0,0.0,192.0,152.0,883.0,2,-40.0,0.006578947368421052,1
2024-03-26,Somalia,2.0,2.0,198.0,149.0,846.0,2,-49.0,0.006711409395973154,1
2024-03-26,Chad,2.0,1.0,181.0,177.0,920.0,1,-4.0,0.01694915254237288,3
2024-03-26,Turkey,1.0,6.0,35.0,25.0,1505.0,0,-10.0,0.0,0
2024-03-26,Cuba,1.0,0.0,169.0,134.0,981.0,1,-35.0,0.022388059701492536,3
2024-03-26,Slovakia,1.0,1.0,48.0,46.0,1466.0,2,-2.0,0.021739130434782608,1
2024-04-14,Guyana,1.0,2.0,154.0,98.0,1020.0,0,-56.0,0.0,0
2024-04-16,Guyana,0.0,2.0,154.0,98.0,1020.0,0,-56.0,0.0,0
2024-04-26,Saint Vincent and the Grenadines,3.0,0.0,173.0,174.0,953.0,1,1.0,0.017241379310344827,3
2024-04-26,Nicaragua,1.0,1.0,135.0,108.0,1103.0,2,-27.0,0.009259259259259259,1
2024-05-31,Mexico,1.0,0.0,14.0,85.0,1661.0,1,71.0,0.03529411764705882,3
2024-05-31,Uruguay,0.0,0.0,15.0,52.0,1659.0,2,37.0,0.019230769230769232,1
2024-06-02,Tanzania,0.0,0.0,119.0,134.0,1160.0,2,15.0,0.007462686567164179,1
2024-06-03,Liechtenstein,0.0,3.0,202.0,66.0,833.0,0,-136.0,0.0,0
2024-06-03,North Macedonia,0.0,3.0,69.0,10.0,1354.0,0,-59.0,0.0,0
2024-06-03,Bosnia and Herzegovina,0.0,3.0,74.0,4.0,1336.0,0,-70.0,0.0,0
2024-06-03,Ukraine,0.0,0.0,22.0,16.0,1569.0,2,-6.0,0.0625,1
2024-06-03,Scotland,2.0,0.0,39.0,203.0,1497.0,1,164.0,0.014778325123152709,3
2024-06-04,Hungary,1.0,2.0,26.0,60.0,1532.0,0,34.0,0.0,0
2024-06-04,Serbia,1.0,2.0,33.0,25.0,1514.0,0,-8.0,0.0,0
2024-06-04,Finland,2.0,4.0,61.0,6.0,1394.0,0,-55.0,0.0,0
2024-06-04,Armenia,1.0,2.0,95.0,57.0,1229.0,0,-38.0,0.0,0
2024-06-04,Bulgaria,0.0,0.0,83.0,46.0,1293.0,2,-37.0,0.021739130434782608,1
2024-06-04,Estonia,0.0,4.0,123.0,19.0,1141.0,0,-104.0,0.0,0
2024-06-04,Turkey,0.0,0.0,40.0,9.0,1496.0,2,-31.0,0.1111111111111111,1
2024-06-05,Andorra,0.0,5.0,164.0,8.0,999.0,0,-156.0,0.0,0
2024-06-05,South Sudan,1.0,1.0,167.0,113.0,985.0,2,-54.0,0.008849557522123894,1
2024-06-05,Montenegro,0.0,2.0,70.0,3.0,1352.0,0,-67.0,0.0,0
2024-06-05,Sweden,1.0,2.0,27.0,21.0,1532.0,0,-6.0,0.0,0
2024-06-05,Luxembourg,0.0,3.0,87.0,2.0,1278.0,0,-85.0,0.0,0
2024-06-05,Uruguay,4.0,0.0,15.0,14.0,1659.0,1,-1.0,0.21428571428571427,3
2024-06-05,Kosovo,0.0,3.0,102.0,47.0,1206.0,0,-55.0,0.0,0
2024-06-05,Slovakia,4.0,0.0,48.0,210.0,1462.0,1,162.0,0.014285714285714285,3
2024-06-05,Djibouti,1.0,2.0,192.0,126.0,877.0,0,-66.0,0.0,0
2024-06-05,Chad,0.0,1.0,176.0,128.0,946.0,0,-48.0,0.0,0
2024-06-05,Bermuda,1.0,1.0,170.0,142.0,974.0,2,-28.0,0.007042253521126761,1
2024-06-05,Grenada,2.0,2.0,174.0,98.0,951.0,2,-76.0,0.01020408163265306,1
2024-06-05,Barbados,1.0,4.0,177.0,91.0,944.0,0,-86.0,0.0,0
2024-06-05,Montserrat,1.0,4.0,175.0,135.0,946.0,0,-40.0,0.0,0
2024-06-05,Dominica,0.0,6.0,180.0,108.0,922.0,0,-72.0,0.0,0
2024-06-05,Saint Vincent and the Grenadines,1.0,4.0,173.0,144.0,953.0,0,-29.0,0.0,0
2024-06-05,Equatorial Guinea,0.0,1.0,79.0,41.0,1308.0,0,-38.0,0.0,0
2024-06-05,Liberia,1.0,1.0,152.0,106.0,1030.0,2,-46.0,0.009433962264150943,1
2024-06-06,Wales,0.0,0.0,29.0,203.0,1531.0,2,174.0,0.0049261083743842365,1
2024-06-06,Canada,0.0,4.0,49.0,7.0,1461.0,0,-42.0,0.0,0
2024-06-06,Ethiopia,0.0,0.0,145.0,116.0,1068.0,2,-29.0,0.008620689655172414,1
2024-06-06,Sudan,2.0,0.0,127.0,105.0,1129.0,1,-22.0,0.02857142857142857,3
2024-06-06,DR Congo,1.0,1.0,63.0,17.0,1388.0,2,-46.0,0.058823529411764705,1
2024-06-06,Rwanda,0.0,1.0,131.0,97.0,1112.0,0,-34.0,0.0,0
2024-06-06,Mauritius,1.0,2.0,183.0,114.0,919.0,0,-69.0,0.0,0
2024-06-06,Qatar,0.0,0.0,34.0,151.0,1508.0,2,117.0,0.006622516556291391,1
2024-06-06,Ghana,2.0,1.0,68.0,44.0,1359.0,1,-24.0,0.06818181818181818,3
2024-06-06,Kuwait,0.0,0.0,139.0,121.0,1085.0,2,-18.0,0.008264462809917356,1
2024-06-06,Syria,0.0,1.0,89.0,118.0,1267.0,0,29.0,0.0,0
2024-06-06,Guinea,2.0,1.0,76.0,43.0,1325.0,1,-33.0,0.06976744186046512,3
2024-06-06,Burkina Faso,1.0,2.0,62.0,37.0,1390.0,0,-25.0,0.0,0
2024-06-06,South Korea,7.0,0.0,23.0,155.0,1564.0,1,132.0,0.01935483870967742,3
2024-06-06,Dominican Republic,0.0,1.0,150.0,55.0,1043.0,0,-95.0,0.0,0
2024-06-06,Malaysia,1.0,1.0,138.0,100.0,1095.0,2,-38.0,0.01,1
2024-06-06,Japan,5.0,0.0,18.0,163.0,1622.0,1,145.0,0.018404907975460124,3
2024-06-06,Turkmenistan,1.0,3.0,143.0,64.0,1073.0,0,-79.0,0.0,0
2024-06-06,Iran,4.0,2.0,20.0,157.0,1614.0,1,137.0,0.01910828025477707,3
2024-06-06,Iraq,2.0,0.0,58.0,134.0,1420.0,1,76.0,0.022388059701492536,3
2024-06-06,Tajikistan,0.0,3.0,99.0,71.0,1217.0,0,-28.0,0.0,0
2024-06-06,Saudi Arabia,3.0,0.0,53.0,195.0,1444.0,1,142.0,0.015384615384615385,3
2024-06-06,United Arab Emirates,4.0,0.0,67.0,178.0,1366.0,1,111.0,0.016853932584269662,3
2024-06-06,Yemen,0.0,0.0,156.0,80.0,1017.0,2,-76.0,0.0125,1
2024-06-06,Philippines,2.0,3.0,141.0,115.0,1075.0,0,-26.0,0.0,0
2024-06-06,Lebanon,0.0,0.0,120.0,93.0,1159.0,2,-27.0,0.010752688172043012,1
2024-06-06,Cuba,1.0,3.0,169.0,82.0,981.0,0,-87.0,0.0,0
2024-06-06,Saint Lucia,1.0,2.0,165.0,90.0,989.0,0,-75.0,0.0,0
2024-06-06,Guyana,0.0,2.0,154.0,45.0,1020.0,0,-109.0,0.0,0
2024-06-06,Australia,2.0,0.0,24.0,184.0,1564.0,1,160.0,0.016304347826086956,3
2024-06-06,Puerto Rico,0.0,0.0,160.0,81.0,1006.0,2,-79.0,0.012345679012345678,1
2024-06-06,Saint Kitts and Nevis,0.0,4.0,147.0,52.0,1057.0,0,-95.0,0.0,0
2024-06-07,Paraguay,0.0,0.0,56.0,32.0,1431.0,2,-24.0,0.03125,1
2024-06-07,Iceland,1.0,0.0,72.0,4.0,1347.0,1,-68.0,0.75,3
2024-06-07,Malta,1.0,7.0,171.0,36.0,973.0,0,-135.0,0.0,0
2024-06-07,Kazakhstan,1.0,2.0,103.0,95.0,1204.0,0,-8.0,0.0,0
2024-06-07,Russia,4.0,0.0,35.0,96.0,1504.0,1,61.0,0.03125,3
2024-06-07,Azerbaijan,1.0,3.0,112.0,66.0,1178.0,0,-46.0,0.0,0
2024-06-07,Liechtenstein,0.0,0.0,202.0,46.0,833.0,2,-156.0,0.021739130434782608,1
2024-06-07,Ukraine,1.0,3.0,22.0,28.0,1569.0,0,6.0,0.0,0
2024-06-07,Mongolia,0.0,2.0,191.0,179.0,884.0,0,-12.0,0.0,0
2024-06-07,Greece,1.0,2.0,50.0,16.0,1458.0,0,-34.0,0.0,0
2024-06-07,Comoros,1.0,2.0,117.0,109.0,1163.0,0,-8.0,0.0,0
2024-06-07,Burundi,1.0,1.0,140.0,107.0,1082.0,2,-33.0,0.009345794392523364,1
2024-06-07,Lesotho,2.0,0.0,149.0,122.0,1048.0,1,-27.0,0.02459016393442623,3
2024-06-07,Botswana,0.0,1.0,146.0,92.0,1065.0,0,-54.0,0.0,0
2024-06-07,Gabon,0.0,1.0,84.0,38.0,1287.0,0,-46.0,0.0,0
2024-06-07,Somalia,1.0,2.0,199.0,110.0,843.0,0,-89.0,0.0,0
2024-06-07,Zambia,1.0,2.0,86.0,13.0,1278.0,0,-73.0,0.0,0
2024-06-07,Eswatini,0.0,1.0,148.0,94.0,1049.0,0,-54.0,0.0,0
2024-06-07,South Africa,1.0,1.0,59.0,30.0,1408.0,2,-29.0,0.03333333333333333,1
2024-06-07,Finland,2.0,2.0,61.0,39.0,1394.0,2,-22.0,0.02564102564102564,1
2024-06-08,Lithuania,2.0,0.0,137.0,136.0,1095.0,1,-1.0,0.022058823529411766,3
2024-06-08,Faroe Islands,1.0,4.0,133.0,123.0,1103.0,0,-10.0,0.0,0
2024-06-08,Luxembourg,0.0,3.0,87.0,3.0,1278.0,0,-84.0,0.0,0
2024-06-08,Northern Ireland,1.0,5.0,73.0,8.0,1341.0,0,-65.0,0.0,0
2024-06-08,Croatia,2.0,1.0,10.0,6.0,1721.0,1,-4.0,0.5,3
2024-06-08,Brazil,3.0,2.0,5.0,14.0,1789.0,1,9.0,0.21428571428571427,3
2024-06-08,Norway,1.0,3.0,47.0,21.0,1468.0,0,-26.0,0.0,0
2024-06-08,Sri Lanka,0.0,1.0,204.0,194.0,829.0,0,-10.0,0.0,0
2024-06-08,Israel,0.0,3.0,78.0,26.0,1311.0,0,-52.0,0.0,0
2024-06-08,Bulgaria,1.0,1.0,83.0,57.0,1293.0,2,-26.0,0.017543859649122806,1
2024-06-08,Cyprus,2.0,3.0,124.0,153.0,1141.0,0,29.0,0.0,0
2024-06-08,Serbia,3.0,0.0,33.0,27.0,1514.0,1,-6.0,0.1111111111111111,3
2024-06-08,Colombia,5.0,1.0,12.0,11.0,1664.0,1,-1.0,0.2727272727272727,3
2024-06-08,Cape Verde,1.0,4.0,65.0,51.0,1383.0,0,-14.0,0.0,0
2024-06-08,Seychelles,1.0,5.0,197.0,130.0,846.0,0,-67.0,0.0,0
2024-06-08,Antigua and Barbuda,0.0,1.0,142.0,196.0,1073.0,0,54.0,0.0,0
2024-06-08,Nicaragua,4.0,0.0,135.0,182.0,1103.0,1,47.0,0.016483516483516484,3
2024-06-08,Curaçao,2.0,0.0,91.0,193.0,1262.0,1,102.0,0.015544041450777202,3
2024-06-08,Suriname,4.0,0.0,144.0,209.0,1072.0,1,65.0,0.014354066985645933,3
2024-06-08,Austria,1.0,1.0,25.0,19.0,1555.0,2,-6.0,0.05263157894736842,1
2024-06-08,Trinidad and Tobago,7.0,1.0,98.0,200.0,1221.0,1,102.0,0.015,3
2024-06-08,Guatemala,3.0,0.0,108.0,207.0,1188.0,1,99.0,0.014492753623188406,3
2024-06-09,Ecuador,0.0,1.0,31.0,1.0,1518.0,0,-30.0,0.0,0
2024-06-09,Canada,0.0,0.0,49.0,2.0,1461.0,2,-47.0,0.5,1
2024-06-09,Bosnia and Herzegovina,0.0,1.0,74.0,9.0,1336.0,0,-65.0,0.0,0
2024-06-09,Georgia,3.0,1.0,75.0,70.0,1334.0,1,-5.0,0.04285714285714286,3
2024-06-09,Wales,0.0,4.0,29.0,48.0,1531.0,0,19.0,0.0,0
2024-06-09,Ethiopia,1.0,1.0,145.0,192.0,1068.0,2,47.0,0.005208333333333333,1
2024-06-09,Senegal,1.0,0.0,17.0,105.0,1625.0,1,88.0,0.02857142857142857,3
2024-06-09,Togo,0.0,1.0,113.0,63.0,1170.0,0,-50.0,0.0,0
2024-06-09,Tunisia,0.0,0.0,41.0,106.0,1493.0,2,65.0,0.009433962264150943,1
2024-06-09,Honduras,6.0,1.0,82.0,170.0,1302.0,1,88.0,0.01764705882352941,3
2024-06-09,Costa Rica,3.0,0.0,52.0,174.0,1445.0,1,122.0,0.017241379310344827,3
2024-06-09,Haiti,3.0,1.0,90.0,177.0,1262.0,1,87.0,0.01694915254237288,3
2024-06-09,Panama,3.0,1.0,45.0,175.0,1476.0,1,130.0,0.017142857142857144,3
2024-06-09,Jamaica,3.0,2.0,55.0,180.0,1435.0,1,125.0,0.016666666666666666,3
2024-06-09,El Salvador,3.0,1.0,81.0,173.0,1305.0,1,92.0,0.017341040462427744,3
2024-06-10,Sierra Leone,2.0,2.0,126.0,62.0,1137.0,2,-64.0,0.016129032258064516,1
2024-06-10,North Macedonia,1.0,2.0,69.0,36.0,1354.0,0,-33.0,0.0,0
2024-06-10,Iceland,0.0,4.0,72.0,7.0,1347.0,0,-65.0,0.0,0
2024-06-10,Turkey,1.0,2.0,40.0,28.0,1496.0,0,-12.0,0.0,0
2024-06-10,Botswana,3.0,1.0,146.0,199.0,1065.0,1,53.0,0.01507537688442211,3
2024-06-10,Egypt,1.0,1.0,37.0,116.0,1500.0,2,79.0,0.008620689655172414,1
2024-06-10,Algeria,2.0,1.0,43.0,92.0,1483.0,1,49.0,0.03260869565217391,3
2024-06-10,Mozambique,1.0,0.0,110.0,76.0,1184.0,1,-34.0,0.039473684210526314,3
2024-06-10,Malawi,0.0,1.0,125.0,79.0,1141.0,0,-46.0,0.0,0
2024-06-10,Central African Republic,3.0,4.0,128.0,68.0,1128.0,0,-60.0,0.0,0
2024-06-10,Nigeria,1.0,2.0,30.0,97.0,1520.0,0,67.0,0.0,0
2024-06-11,Comoros,2.0,0.0,117.0,176.0,1163.0,1,59.0,0.017045454545454544,3
2024-06-11,Faroe Islands,0.0,1.0,133.0,136.0,1103.0,0,3.0,0.0,0
2024-06-11,Burundi,3.0,1.0,140.0,197.0,1082.0,1,57.0,0.015228426395939087,3
2024-06-11,Estonia,1.0,1.0,123.0,137.0,1141.0,2,14.0,0.0072992700729927005,1
2024-06-11,Sri Lanka,0.0,1.0,204.0,194.0,829.0,0,-10.0,0.0,0
2024-06-11,Northern Ireland,2.0,0.0,73.0,164.0,1341.0,1,91.0,0.018292682926829267,3
2024-06-11,Kazakhstan,2.0,3.0,103.0,112.0,1204.0,0,9.0,0.0,0
2024-06-11,Paraguay,0.0,3.0,56.0,42.0,1431.0,0,-14.0,0.0,0
2024-06-11,Malta,0.0,2.0,171.0,50.0,973.0,0,-121.0,0.0,0
2024-06-11,Belarus,0.0,4.0,96.0,78.0,1227.0,0,-18.0,0.0,0
2024-06-11,Ukraine,4.0,0.0,22.0,153.0,1569.0,1,131.0,0.0196078431372549,3
2024-06-11,Cyprus,4.0,1.0,124.0,210.0,1141.0,1,86.0,0.014285714285714285,3
2024-06-11,Cameroon,1.0,1.0,51.0,94.0,1453.0,2,43.0,0.010638297872340425,1
2024-06-11,Sudan,3.0,0.0,127.0,167.0,1129.0,1,40.0,0.017964071856287425,3
2024-06-11,Rwanda,1.0,0.0,131.0,149.0,1112.0,1,18.0,0.020134228187919462,3
2024-06-11,Zimbabwe,1.0,3.0,122.0,59.0,1144.0,0,-63.0,0.0,0
2024-06-11,Libya,0.0,1.0,114.0,65.0,1167.0,0,-49.0,0.0,0
2024-06-11,Eswatini,1.0,2.0,148.0,183.0,1049.0,0,35.0,0.0,0
2024-06-11,Republic of Ireland,0.0,3.0,60.0,6.0,1400.0,0,-54.0,0.0,0
2024-06-11,Tanzania,1.0,0.0,119.0,86.0,1160.0,1,-33.0,0.03488372093023256,3
2024-06-11,Gambia,2.0,3.0,130.0,84.0,1115.0,0,-46.0,0.0,0
2024-06-11,Cambodia,1.0,2.0,179.0,191.0,925.0,0,12.0,0.0,0
2024-06-11,Mali,0.0,0.0,44.0,109.0,1478.0,2,65.0,0.009174311926605505,1
2024-06-11,Belize,1.0,3.0,182.0,154.0,920.0,0,-28.0,0.0,0
2024-06-11,Afghanistan,0.0,1.0,151.0,139.0,1037.0,0,-12.0,0.0,0
2024-06-11,Ivory Coast,0.0,0.0,38.0,107.0,1499.0,2,69.0,0.009345794392523364,1
2024-06-11,India,1.0,2.0,121.0,34.0,1146.0,0,-87.0,0.0,0
2024-06-11,Syria,0.0,5.0,89.0,18.0,1267.0,0,-71.0,0.0,0
2024-06-11,Anguilla,0.0,8.0,209.0,160.0,793.0,0,-49.0,0.0,0
2024-06-11,Myanmar,1.0,4.0,163.0,118.0,999.0,0,-45.0,0.0,0
2024-06-11,Singapore,1.0,3.0,155.0,101.0,1019.0,0,-54.0,0.0,0
2024-06-11,Kyrgyzstan,1.0,1.0,100.0,77.0,1214.0,2,-23.0,0.012987012987012988,1
2024-06-11,Hong Kong,0.0,0.0,157.0,143.0,1013.0,2,-14.0,0.006993006993006993,1
2024-06-11,Uzbekistan,0.0,0.0,64.0,20.0,1387.0,2,-44.0,0.05,1
2024-06-11,Cayman Islands,0.0,3.0,196.0,169.0,848.0,0,-27.0,0.0,0
2024-06-11,Jordan,2.0,1.0,71.0,53.0,1350.0,1,-18.0,0.05660377358490566,3
2024-06-11,Pakistan,0.0,3.0,195.0,99.0,850.0,0,-96.0,0.0,0
2024-06-11,Bahrain,1.0,1.0,80.0,67.0,1308.0,2,-13.0,0.014925373134328358,1
2024-06-11,Nepal,2.0,2.0,178.0,156.0,938.0,2,-22.0,0.00641025641025641,1
2024-06-11,Bangladesh,0.0,4.0,184.0,120.0,905.0,0,-64.0,0.0,0
2024-06-11,Palestine,0.0,5.0,93.0,24.0,1239.0,0,-69.0,0.0,0
2024-06-11,Philippines,0.0,2.0,141.0,134.0,1075.0,0,-7.0,0.0,0
2024-06-11,Bahamas,0.0,1.0,200.0,147.0,836.0,0,-53.0,0.0,0
2024-06-11,Aruba,2.0,2.0,193.0,165.0,876.0,2,-28.0,0.006060606060606061,1
2024-06-11,British Virgin Islands,0.0,4.0,207.0,150.0,813.0,0,-57.0,0.0,0
2024-06-11,Vietnam,1.0,3.0,115.0,58.0,1165.0,0,-57.0,0.0,0
2024-06-12,Bolivia,1.0,3.0,85.0,31.0,1284.0,0,-54.0,0.0,0
2024-06-12,Brazil,1.0,1.0,5.0,11.0,1789.0,2,6.0,0.09090909090909091,1
2024-06-14,Scotland,1.0,5.0,39.0,16.0,1497.0,0,-23.0,0.0,0
2024-06-14,Guatemala,1.0,4.0,108.0,1.0,1188.0,0,-107.0,0.0,0
2024-06-14,Peru,1.0,0.0,32.0,81.0,1516.0,1,49.0,0.037037037037037035,3
2024-06-15,Albania,1.0,2.0,66.0,9.0,1375.0,0,-57.0,0.0,0
2024-06-15,Switzerland,3.0,1.0,19.0,26.0,1616.0,1,7.0,0.11538461538461539,3
2024-06-15,Bolivia,0.0,3.0,85.0,12.0,1284.0,0,-73.0,0.0,0
2024-06-15,Solomon Islands,0.0,1.0,132.0,172.0,1111.0,0,40.0,0.0,0
2024-06-15,Croatia,0.0,3.0,10.0,8.0,1721.0,0,-2.0,0.0,0
2024-06-16,Honduras,1.0,2.0,82.0,31.0,1302.0,0,-51.0,0.0,0
2024-06-16,Denmark,1.0,1.0,21.0,57.0,1603.0,2,36.0,0.017543859649122806,1
2024-06-16,England,1.0,0.0,4.0,33.0,1795.0,1,29.0,0.09090909090909091,3
2024-06-16,Netherlands,2.0,1.0,7.0,28.0,1742.0,1,21.0,0.10714285714285714,3
2024-06-16,Paraguay,1.0,0.0,56.0,45.0,1431.0,1,-11.0,0.06666666666666667,3
2024-06-16,Samoa,0.0,2.0,181.0,162.0,921.0,0,-19.0,0.0,0
2024-06-16,Papua New Guinea,1.0,5.0,166.0,168.0,985.0,0,2.0,0.0,0
2024-06-17,France,1.0,0.0,2.0,25.0,1841.0,1,23.0,0.12,3
2024-06-17,Ukraine,0.0,3.0,22.0,46.0,1569.0,0,24.0,0.0,0
2024-06-17,Slovakia,1.0,0.0,48.0,3.0,1462.0,1,-45.0,1.0,3
2024-06-18,Georgia,1.0,3.0,75.0,40.0,1334.0,0,-35.0,0.0,0
2024-06-18,Czech Republic,1.0,2.0,36.0,6.0,1501.0,0,-30.0,0.0,0
2024-06-18,Solomon Islands,0.0,3.0,132.0,104.0,1111.0,0,-28.0,0.0,0
2024-06-19,Switzerland,1.0,1.0,19.0,39.0,1616.0,2,20.0,0.02564102564102564,1
2024-06-19,Hungary,0.0,2.0,26.0,16.0,1532.0,0,-10.0,0.0,0
2024-06-19,Albania,2.0,2.0,66.0,10.0,1375.0,2,-56.0,0.1,1
2024-06-19,Samoa,1.0,9.0,181.0,168.0,921.0,0,-13.0,0.0,0
2024-06-19,Tahiti,1.0,1.0,162.0,166.0,999.0,2,4.0,0.006024096385542169,1
2024-06-20,Italy,0.0,1.0,10.0,8.0,1724.0,0,-2.0,0.0,0
2024-06-20,Serbia,1.0,1.0,32.0,57.0,1515.0,2,25.0,0.017543859649122806,1
2024-06-20,England,1.0,1.0,5.0,21.0,1788.0,2,16.0,0.047619047619047616,1
2024-06-20,Canada,0.0,2.0,48.0,1.0,1462.0,0,-47.0,0.0,0
2024-06-21,Austria,3.0,1.0,25.0,26.0,1560.0,1,1.0,0.11538461538461539,3
2024-06-21,France,0.0,0.0,2.0,7.0,1837.0,2,5.0,0.14285714285714285,1
2024-06-21,Ukraine,2.0,1.0,24.0,45.0,1565.0,1,21.0,0.06666666666666667,3
2024-06-21,New Zealand,4.0,0.0,107.0,170.0,1198.0,1,63.0,0.01764705882352941,3
2024-06-21,Chile,0.0,0.0,40.0,31.0,1496.0,2,-9.0,0.03225806451612903,1
2024-06-22,Portugal,3.0,0.0,6.0,42.0,1747.0,1,36.0,0.07142857142857142,3
2024-06-22,Romania,0.0,2.0,47.0,3.0,1462.0,0,-44.0,0.0,0
2024-06-22,Tahiti,0.0,1.0,161.0,166.0,999.0,0,5.0,0.0,0
2024-06-22,Czech Republic,1.0,1.0,34.0,74.0,1506.0,2,40.0,0.013513513513513514,1
2024-06-22,Venezuela,2.0,1.0,54.0,30.0,1442.0,1,-24.0,0.1,3
2024-06-22,Jamaica,0.0,1.0,53.0,15.0,1443.0,0,-38.0,0.0,0
2024-06-22,Papua New Guinea,2.0,1.0,165.0,181.0,985.0,1,16.0,0.016574585635359115,3
2024-06-23,Switzerland,1.0,1.0,19.0,16.0,1617.0,2,-3.0,0.0625,1
2024-06-23,Hungary,1.0,0.0,27.0,39.0,1529.0,1,12.0,0.07692307692307693,3
2024-06-23,Bolivia,0.0,2.0,84.0,11.0,1282.0,0,-73.0,0.0,0
2024-06-23,Panama,1.0,3.0,43.0,14.0,1482.0,0,-29.0,0.0,0
2024-06-24,Spain,1.0,0.0,8.0,66.0,1730.0,1,58.0,0.045454545454545456,3
2024-06-24,Italy,1.0,1.0,10.0,9.0,1724.0,2,-1.0,0.1111111111111111,1
2024-06-24,Paraguay,1.0,2.0,58.0,12.0,1427.0,0,-46.0,0.0,0
2024-06-24,Costa Rica,0.0,0.0,52.0,4.0,1454.0,2,-48.0,0.25,1
2024-06-25,Serbia,0.0,0.0,32.0,21.0,1515.0,2,-11.0,0.047619047619047616,1
2024-06-25,Slovenia,0.0,0.0,57.0,5.0,1430.0,2,-52.0,0.2,1
2024-06-25,Austria,3.0,2.0,25.0,7.0,1560.0,1,-18.0,0.42857142857142855,3
2024-06-25,Poland,1.0,1.0,26.0,2.0,1541.0,2,-24.0,0.5,1
2024-06-25,Argentina,1.0,0.0,1.0,40.0,1860.0,1,39.0,0.075,3
2024-06-25,Canada,1.0,0.0,48.0,31.0,1462.0,1,-17.0,0.0967741935483871,3
2024-06-26,Romania,1.0,1.0,47.0,45.0,1462.0,2,-2.0,0.022222222222222223,1
2024-06-26,Belgium,0.0,0.0,3.0,24.0,1798.0,2,21.0,0.041666666666666664,1
2024-06-26,Portugal,0.0,2.0,6.0,74.0,1747.0,0,68.0,0.0,0
2024-06-26,Turkey,2.0,1.0,42.0,34.0,1493.0,1,-8.0,0.08823529411764706,3
2024-06-26,Jamaica,1.0,3.0,53.0,30.0,1443.0,0,-23.0,0.0,0
2024-06-26,Mexico,0.0,1.0,15.0,54.0,1652.0,0,39.0,0.0,0
2024-06-27,Fiji,1.0,2.0,166.0,170.0,984.0,0,4.0,0.0,0
2024-06-27,Tahiti,0.0,5.0,161.0,107.0,999.0,0,-54.0,0.0,0
2024-06-27,Panama,2.0,1.0,43.0,11.0,1482.0,1,-32.0,0.2727272727272727,3
2024-06-27,Bolivia,0.0,5.0,84.0,14.0,1282.0,0,-70.0,0.0,0
2024-06-28,Costa Rica,0.0,3.0,52.0,12.0,1454.0,0,-40.0,0.0,0
2024-06-28,Brazil,4.0,1.0,4.0,58.0,1792.0,1,54.0,0.05172413793103448,3
2024-06-29,Italy,0.0,2.0,10.0,19.0,1724.0,0,9.0,0.0,0
2024-06-29,Denmark,0.0,2.0,21.0,16.0,1611.0,0,-5.0,0.0,0
2024-06-29,Peru,0.0,2.0,31.0,1.0,1515.0,0,-30.0,0.0,0
2024-06-29,Chile,0.0,0.0,40.0,48.0,1496.0,2,8.0,0.020833333333333332,1
2024-06-30,Slovakia,1.0,2.0,45.0,5.0,1468.0,0,-40.0,0.0,0
2024-06-30,Georgia,1.0,4.0,74.0,8.0,1339.0,0,-66.0,0.0,0
2024-06-30,Fiji,1.0,2.0,166.0,161.0,984.0,0,-5.0,0.0,0
2024-06-30,New Zealand,3.0,0.0,107.0,170.0,1198.0,1,63.0,0.01764705882352941,3
2024-06-30,Ecuador,0.0,0.0,30.0,15.0,1518.0,2,-15.0,0.06666666666666667,1
2024-06-30,Venezuela,3.0,0.0,54.0,53.0,1442.0,1,-1.0,0.05660377358490566,3
2024-07-01,Belgium,0.0,1.0,3.0,2.0,1798.0,0,-1.0,0.0,0
2024-07-01,Slovenia,0.0,0.0,57.0,6.0,1430.0,2,-51.0,0.16666666666666666,1
2024-07-01,Uruguay,1.0,0.0,14.0,11.0,1663.0,1,-3.0,0.2727272727272727,3
2024-07-01,Panama,3.0,1.0,43.0,84.0,1482.0,1,41.0,0.03571428571428571,3
2024-07-02,Netherlands,3.0,0.0,7.0,47.0,1747.0,1,40.0,0.06382978723404255,3
2024-07-02,Turkey,2.0,1.0,42.0,25.0,1493.0,1,-17.0,0.12,3
2024-07-02,Colombia,1.0,1.0,12.0,4.0,1669.0,2,-8.0,0.25,1
2024-07-02,Paraguay,1.0,2.0,58.0,52.0,1427.0,0,-6.0,0.0,0
2024-07-04,Ecuador,1.0,1.0,30.0,1.0,1518.0,2,-29.0,1.0,1
2024-07-05,Spain,2.0,1.0,8.0,16.0,1730.0,1,8.0,0.1875,3
2024-07-05,France,0.0,0.0,2.0,6.0,1837.0,2,4.0,0.16666666666666666,1
2024-07-05,Canada,1.0,1.0,48.0,54.0,1462.0,2,6.0,0.018518518518518517,1
2024-07-06,Switzerland,1.0,1.0,19.0,5.0,1617.0,2,-14.0,0.2,1
2024-07-06,Turkey,1.0,2.0,42.0,7.0,1493.0,0,-35.0,0.0,0
2024-07-06,Brazil,0.0,0.0,4.0,14.0,1792.0,2,10.0,0.07142857142857142,1
2024-07-06,Panama,0.0,5.0,43.0,12.0,1482.0,0,-31.0,0.0,0
2024-07-09,France,1.0,2.0,2.0,8.0,1837.0,0,6.0,0.0,0
2024-07-09,Canada,0.0,2.0,48.0,1.0,1462.0,0,-47.0,0.0,0
2024-07-10,England,2.0,1.0,5.0,7.0,1788.0,1,2.0,0.42857142857142855,3
2024-07-10,Colombia,1.0,0.0,12.0,14.0,1669.0,1,2.0,0.21428571428571427,3
2024-07-13,Uruguay,2.0,2.0,14.0,48.0,1663.0,2,34.0,0.020833333333333332,1
2024-07-14,England,1.0,2.0,5.0,8.0,1788.0,0,3.0,0.0,0
2024-07-14,Colombia,0.0,1.0,12.0,1.0,1669.0,0,-11.0,0.0,0
2024-07-27,El Salvador,1.0,0.0,81.0,107.0,1302.0,1,26.0,0.028037383177570093,3
2024-07-27,North Korea,0.0,0.0,110.0,68.0,1184.0,2,-42.0,0.014705882352941176,1
2024-08-29,North Korea,1.0,2.0,110.0,68.0,1184.0,0,-42.0,0.0,0
2024-09-01,Uruguay,1.0,1.0,11.0,107.0,1713.0,2,96.0,0.009345794392523364,1
2024-09-02,Solomon Islands,0.0,1.0,141.0,153.0,1075.0,0,12.0,0.0,0
2024-09-02,Hong Kong,1.0,1.0,159.0,153.0,1012.0,2,-6.0,0.006535947712418301,1
2024-09-03,Mauritius,0.0,0.0,179.0,124.0,928.0,2,-55.0,0.008064516129032258,1
2024-09-04,Gambia,1.0,1.0,132.0,119.0,1113.0,2,-13.0,0.008403361344537815,1
2024-09-04,Tajikistan,0.0,1.0,103.0,116.0,1212.0,0,13.0,0.0,0
2024-09-04,Philippines,1.0,2.0,147.0,134.0,1053.0,0,-13.0,0.0,0
2024-09-04,Rwanda,1.0,1.0,131.0,117.0,1114.0,2,-14.0,0.008547008547008548,1
2024-09-04,Andorra,0.0,1.0,164.0,198.0,996.0,0,34.0,0.0,0
2024-09-04,Ethiopia,0.0,0.0,143.0,113.0,1066.0,2,-30.0,0.008849557522123894,1
2024-09-04,British Virgin Islands,0.0,1.0,207.0,195.0,801.0,0,-12.0,0.0,0
2024-09-04,Anguilla,2.0,0.0,209.0,206.0,780.0,1,-3.0,0.014563106796116505,3
2024-09-04,Niger,0.0,1.0,125.0,121.0,1139.0,0,-4.0,0.0,0
2024-09-05,Lesotho,1.0,3.0,149.0,128.0,1047.0,0,-21.0,0.0,0
2024-09-05,Solomon Islands,0.0,3.0,141.0,159.0,1075.0,0,18.0,0.0,0
2024-09-05,Bangladesh,1.0,0.0,184.0,182.0,897.0,1,-2.0,0.016483516483516484,3
2024-09-05,Russia,3.0,0.0,33.0,115.0,1507.0,1,82.0,0.02608695652173913,3
2024-09-05,Cambodia,0.0,0.0,180.0,205.0,925.0,2,25.0,0.004878048780487805,1
2024-09-05,Mongolia,1.0,4.0,189.0,196.0,885.0,0,7.0,0.0,0
2024-09-05,Madagascar,0.0,1.0,105.0,41.0,1204.0,0,-64.0,0.0,0
2024-09-05,Equatorial Guinea,0.0,2.0,88.0,46.0,1260.0,0,-42.0,0.0,0
2024-09-05,Eswatini,0.0,1.0,155.0,114.0,1025.0,0,-41.0,0.0,0
2024-09-05,Burundi,3.0,2.0,139.0,126.0,1091.0,1,-13.0,0.023809523809523808,3
2024-09-05,Suriname,3.0,1.0,140.0,154.0,1088.0,1,14.0,0.01948051948051948,3
2024-09-05,El Salvador,4.0,1.0,81.0,176.0,1302.0,1,95.0,0.017045454545454544,3
2024-09-05,Croatia,1.0,2.0,12.0,8.0,1701.0,0,-4.0,0.0,0
2024-09-05,Palestine,0.0,0.0,96.0,23.0,1231.0,2,-73.0,0.043478260869565216,1
2024-09-05,Angola,1.0,0.0,90.0,64.0,1256.0,1,-26.0,0.046875,3
2024-09-05,United Arab Emirates,3.0,1.0,69.0,34.0,1369.0,1,-35.0,0.08823529411764706,3
2024-09-05,Venezuela,0.0,4.0,37.0,89.0,1501.0,0,52.0,0.0,0
2024-09-05,Spain,0.0,0.0,3.0,32.0,1836.0,2,29.0,0.03125,1
2024-09-05,Sweden,3.0,1.0,29.0,111.0,1522.0,1,82.0,0.02702702702702703,3
2024-09-05,Slovakia,1.0,0.0,44.0,123.0,1479.0,1,79.0,0.024390243902439025,3
2024-09-05,Luxembourg,0.0,2.0,84.0,74.0,1277.0,0,-10.0,0.0,0
2024-09-05,Bulgaria,0.0,0.0,82.0,99.0,1296.0,2,17.0,0.010101010101010102,1
2024-09-05,Liechtenstein,0.0,1.0,199.0,210.0,836.0,0,11.0,0.0,0
2024-09-05,Chile,0.0,3.0,43.0,1.0,1490.0,0,-42.0,0.0,0
2024-09-05,Poland,3.0,2.0,28.0,48.0,1524.0,1,20.0,0.0625,3
2024-09-05,North Korea,0.0,1.0,110.0,61.0,1184.0,0,-49.0,0.0,0
2024-09-05,Kyrgyzstan,0.0,1.0,102.0,20.0,1214.0,0,-82.0,0.0,0
2024-09-05,Oman,0.0,1.0,76.0,55.0,1326.0,0,-21.0,0.0,0
2024-09-05,Switzerland,0.0,2.0,15.0,21.0,1654.0,0,6.0,0.0,0
2024-09-05,Kuwait,1.0,1.0,136.0,68.0,1098.0,2,-68.0,0.014705882352941176,1
2024-09-05,Bahrain,1.0,0.0,80.0,24.0,1303.0,1,-56.0,0.125,3
2024-09-05,Indonesia,1.0,1.0,133.0,56.0,1109.0,2,-77.0,0.017857142857142856,1
2024-09-06,Mauritius,0.0,2.0,179.0,93.0,928.0,0,-86.0,0.0,0
2024-09-06,Macau,0.0,3.0,185.0,190.0,897.0,0,5.0,0.0,0
2024-09-06,Gabon,1.0,4.0,83.0,14.0,1288.0,0,-69.0,0.0,0
2024-09-06,Liberia,1.0,1.0,142.0,120.0,1067.0,2,-22.0,0.008333333333333333,1
2024-09-06,Chad,0.0,0.0,178.0,122.0,930.0,2,-56.0,0.00819672131147541,1
2024-09-06,Zambia,0.0,2.0,92.0,38.0,1250.0,0,-54.0,0.0,0
2024-09-06,Uganda,2.0,2.0,95.0,57.0,1243.0,2,-38.0,0.017543859649122806,1
2024-09-06,Mozambique,1.0,1.0,104.0,53.0,1209.0,2,-51.0,0.018867924528301886,1
2024-09-06,Zimbabwe,0.0,0.0,129.0,108.0,1126.0,2,-21.0,0.009259259259259259,1
2024-09-06,Curaçao,1.0,2.0,86.0,170.0,1273.0,0,84.0,0.0,0
2024-09-06,Burkina Faso,1.0,1.0,67.0,19.0,1375.0,2,-48.0,0.05263157894736842,1
2024-09-06,Cuba,0.0,0.0,167.0,59.0,985.0,2,-108.0,0.01694915254237288,1
2024-09-06,Guinea,0.0,1.0,77.0,60.0,1325.0,0,-17.0,0.0,0
2024-09-06,Trinidad and Tobago,0.0,4.0,100.0,79.0,1219.0,0,-21.0,0.0,0
2024-09-06,Cape Verde,0.0,3.0,65.0,36.0,1381.0,0,-29.0,0.0,0
2024-09-06,Turkey,0.0,0.0,26.0,30.0,1534.0,2,4.0,0.03333333333333333,1
2024-09-06,Haiti,4.0,1.0,85.0,157.0,1274.0,1,72.0,0.01910828025477707,3
2024-09-06,Israel,1.0,3.0,78.0,6.0,1313.0,0,-72.0,0.0,0
2024-09-06,Italy,3.0,1.0,10.0,2.0,1714.0,1,-8.0,1.5,3
2024-09-06,Austria,1.0,1.0,22.0,52.0,1592.0,2,30.0,0.019230769230769232,1
2024-09-06,Montenegro,0.0,2.0,73.0,71.0,1345.0,0,-2.0,0.0,0
2024-09-06,American Samoa,0.0,2.0,187.0,192.0,891.0,0,5.0,0.0,0
2024-09-06,Norway,0.0,0.0,50.0,109.0,1466.0,2,59.0,0.009174311926605505,1
2024-09-06,Cyprus,1.0,0.0,127.0,135.0,1137.0,1,8.0,0.022222222222222223,3
2024-09-06,Tonga,3.0,1.0,200.0,186.0,833.0,1,-14.0,0.016129032258064516,3
2024-09-06,Colombia,1.0,1.0,9.0,42.0,1727.0,2,33.0,0.023809523809523808,1
2024-09-06,Paraguay,0.0,0.0,62.0,11.0,1397.0,2,-51.0,0.09090909090909091,1
2024-09-06,Ecuador,0.0,1.0,27.0,5.0,1530.0,0,-22.0,0.0,0
2024-09-06,Romania,3.0,0.0,45.0,106.0,1475.0,1,61.0,0.02830188679245283,3
2024-09-07,Barbados,3.0,2.0,177.0,203.0,933.0,1,26.0,0.014778325123152709,3
2024-09-07,New Zealand,0.0,3.0,94.0,17.0,1246.0,0,-77.0,0.0,0
2024-09-07,Canada,2.0,1.0,40.0,16.0,1495.0,1,-24.0,0.1875,3
2024-09-07,Botswana,0.0,1.0,145.0,112.0,1064.0,0,-33.0,0.0,0
2024-09-07,Benin,0.0,3.0,91.0,39.0,1254.0,0,-52.0,0.0,0
2024-09-07,Dominican Republic,3.0,2.0,150.0,171.0,1046.0,1,21.0,0.017543859649122806,3
2024-09-07,Dominica,2.0,1.0,181.0,148.0,913.0,1,-33.0,0.02027027027027027,3
2024-09-07,Saint Kitts and Nevis,4.0,1.0,146.0,195.0,1060.0,1,49.0,0.015384615384615385,3
2024-09-07,Belize,4.0,0.0,183.0,206.0,901.0,1,23.0,0.014563106796116505,3
2024-09-07,England,2.0,0.0,4.0,58.0,1812.0,1,54.0,0.05172413793103448,3
2024-09-07,Hungary,0.0,5.0,31.0,13.0,1519.0,0,-18.0,0.0,0
2024-09-07,Malta,0.0,2.0,172.0,152.0,971.0,0,-20.0,0.0,0
2024-09-07,Czech Republic,1.0,4.0,47.0,70.0,1473.0,0,23.0,0.0,0
2024-09-07,Albania,2.0,1.0,66.0,25.0,1375.0,1,-41.0,0.12,3
2024-09-07,Finland,0.0,3.0,63.0,54.0,1393.0,0,-9.0,0.0,0
2024-09-07,North Macedonia,1.0,1.0,72.0,138.0,1349.0,2,66.0,0.007246376811594203,1
2024-09-07,Latvia,1.0,4.0,137.0,97.0,1096.0,0,-40.0,0.0,0
2024-09-07,Bosnia and Herzegovina,2.0,5.0,75.0,7.0,1332.0,0,-68.0,0.0,0
2024-09-07,Namibia,0.0,1.0,98.0,51.0,1221.0,0,-47.0,0.0,0
2024-09-08,Bangladesh,0.0,1.0,184.0,182.0,897.0,0,-2.0,0.0,0
2024-09-08,Montserrat,0.0,2.0,176.0,174.0,934.0,0,-2.0,0.0,0
2024-09-08,Poland,0.0,1.0,28.0,12.0,1524.0,0,-16.0,0.0,0
2024-09-08,Lebanon,0.0,1.0,116.0,134.0,1168.0,0,18.0,0.0,0
2024-09-08,Philippines,0.0,0.0,147.0,103.0,1053.0,2,-44.0,0.009708737864077669,1
2024-09-08,Scotland,1.0,2.0,48.0,8.0,1472.0,0,-40.0,0.0,0
2024-09-08,Belarus,1.0,0.0,99.0,84.0,1220.0,1,-15.0,0.03571428571428571,3
2024-09-08,Serbia,0.0,2.0,32.0,21.0,1507.0,0,-11.0,0.0,0
2024-09-08,Spain,4.0,1.0,3.0,15.0,1836.0,1,12.0,0.2,3
2024-09-08,Liechtenstein,2.0,2.0,199.0,198.0,836.0,2,-1.0,0.005050505050505051,1
2024-09-08,Northern Ireland,0.0,1.0,74.0,82.0,1341.0,0,8.0,0.0,0
2024-09-08,Tunisia,2.0,1.0,41.0,132.0,1494.0,1,91.0,0.022727272727272728,3
2024-09-08,Estonia,0.0,3.0,123.0,29.0,1146.0,0,-94.0,0.0,0
2024-09-08,Azerbaijan,0.0,2.0,111.0,44.0,1180.0,0,-67.0,0.0,0
2024-09-09,Syria,3.0,0.0,93.0,124.0,1247.0,1,31.0,0.024193548387096774,3
2024-09-09,Comoros,1.0,1.0,119.0,105.0,1160.0,2,-14.0,0.009523809523809525,1
2024-09-09,Togo,2.0,2.0,120.0,88.0,1159.0,2,-32.0,0.011363636363636364,1
2024-09-09,Ghana,1.0,1.0,64.0,125.0,1381.0,2,61.0,0.008,1
2024-09-09,Sudan,1.0,2.0,121.0,90.0,1152.0,0,-31.0,0.0,0
2024-09-09,DR Congo,2.0,0.0,60.0,143.0,1401.0,1,83.0,0.02097902097902098,3
2024-09-09,Senegal,1.0,0.0,19.0,139.0,1623.0,1,120.0,0.02158273381294964,3
2024-09-09,Costa Rica,0.0,0.0,49.0,107.0,1470.0,2,58.0,0.009345794392523364,1
2024-09-09,Iceland,1.0,3.0,71.0,26.0,1353.0,0,-45.0,0.0,0
2024-09-09,Lesotho,0.0,1.0,149.0,14.0,1047.0,0,-135.0,0.0,0
2024-09-09,Tonga,1.0,2.0,200.0,192.0,833.0,0,-8.0,0.0,0
2024-09-09,Aruba,0.0,1.0,194.0,157.0,874.0,0,-37.0,0.0,0
2024-09-09,Belgium,0.0,2.0,6.0,2.0,1772.0,0,-4.0,0.0,0
2024-09-09,Italy,2.0,1.0,10.0,78.0,1714.0,1,68.0,0.038461538461538464,3
2024-09-09,Austria,1.0,2.0,22.0,50.0,1592.0,0,28.0,0.0,0
2024-09-09,Kazakhstan,0.0,3.0,109.0,52.0,1194.0,0,-57.0,0.0,0
2024-09-09,Wales,2.0,1.0,30.0,73.0,1521.0,1,43.0,0.0410958904109589,3
2024-09-09,Saint Lucia,2.0,1.0,170.0,173.0,980.0,1,3.0,0.017341040462427744,3
2024-09-09,Kosovo,4.0,0.0,106.0,127.0,1203.0,1,21.0,0.023622047244094488,3
2024-09-09,Lithuania,1.0,3.0,135.0,45.0,1101.0,0,-90.0,0.0,0
2024-09-10,Libya,1.0,2.0,117.0,91.0,1166.0,0,-26.0,0.0,0
2024-09-10,Nigeria,0.0,0.0,39.0,131.0,1499.0,2,92.0,0.007633587786259542,1
2024-09-10,Mauritania,0.0,2.0,112.0,65.0,1178.0,0,-47.0,0.0,0
2024-09-10,Egypt,4.0,0.0,36.0,145.0,1502.0,1,109.0,0.020689655172413793,3
2024-09-10,Canada,0.0,0.0,40.0,17.0,1495.0,2,-23.0,0.058823529411764705,1
2024-09-10,Brunei,1.0,0.0,190.0,185.0,882.0,1,-5.0,0.016216216216216217,3
2024-09-10,Sri Lanka,2.0,2.0,205.0,180.0,820.0,2,-25.0,0.005555555555555556,1
2024-09-10,Thailand,2.0,1.0,101.0,115.0,1219.0,1,14.0,0.02608695652173913,3
2024-09-10,New Zealand,1.0,1.0,94.0,16.0,1246.0,2,-78.0,0.0625,1
2024-09-10,Algeria,3.0,0.0,46.0,142.0,1474.0,1,96.0,0.02112676056338028,3
2024-09-10,Central African Republic,0.0,2.0,128.0,83.0,1129.0,0,-45.0,0.0,0
2024-09-10,San Marino,0.0,1.0,210.0,152.0,740.0,0,-58.0,0.0,0
2024-09-10,Malawi,1.0,3.0,126.0,67.0,1138.0,0,-59.0,0.0,0
2024-09-10,Dominica,0.0,2.0,181.0,150.0,913.0,0,-31.0,0.0,0
2024-09-10,Sierra Leone,2.0,3.0,122.0,92.0,1149.0,0,-30.0,0.0,0
2024-09-10,Nicaragua,1.0,1.0,130.0,167.0,1120.0,2,37.0,0.005988023952095809,1
2024-09-10,Jamaica,2.0,1.0,59.0,79.0,1402.0,1,20.0,0.0379746835443038,3
2024-09-10,Kenya,2.0,1.0,108.0,98.0,1198.0,1,-10.0,0.030612244897959183,3
2024-09-10,Mali,1.0,0.0,53.0,155.0,1457.0,1,102.0,0.01935483870967742,3
2024-09-10,South Africa,3.0,2.0,57.0,169.0,1415.0,1,112.0,0.01775147928994083,3
2024-09-10,Tanzania,2.0,1.0,113.0,77.0,1175.0,1,-36.0,0.03896103896103896,3
2024-09-10,Guinea-Bissau,1.0,2.0,114.0,104.0,1168.0,0,-10.0,0.0,0
2024-09-10,Ivory Coast,2.0,0.0,38.0,178.0,1500.0,1,140.0,0.016853932584269662,3
2024-09-10,Bermuda,1.0,0.0,171.0,148.0,971.0,1,-23.0,0.02027027027027027,3
2024-09-10,Ukraine,2.0,3.0,25.0,47.0,1567.0,0,22.0,0.0,0
2024-09-10,Anguilla,0.0,1.0,209.0,183.0,780.0,0,-26.0,0.0,0
2024-09-10,Timor-Leste,0.0,2.0,196.0,189.0,843.0,0,-7.0,0.0,0
2024-09-10,Argentina,1.0,2.0,1.0,9.0,1901.0,0,8.0,0.0,0
2024-09-10,Armenia,0.0,2.0,97.0,72.0,1231.0,0,-25.0,0.0,0
2024-09-10,Faroe Islands,0.0,1.0,138.0,137.0,1094.0,0,-1.0,0.0,0
2024-09-10,Bosnia and Herzegovina,0.0,0.0,75.0,31.0,1332.0,2,-44.0,0.03225806451612903,1
2024-09-10,Finland,0.0,2.0,63.0,4.0,1393.0,0,-59.0,0.0,0
2024-09-10,Georgia,1.0,0.0,70.0,66.0,1361.0,1,-4.0,0.045454545454545456,3
2024-09-10,Germany,2.0,2.0,13.0,7.0,1686.0,2,-6.0,0.14285714285714285,1
2024-09-10,Peru,0.0,1.0,42.0,27.0,1490.0,0,-15.0,0.0,0
2024-09-10,Greece,2.0,0.0,54.0,58.0,1456.0,1,4.0,0.05172413793103448,3
2024-09-10,Bolivia,2.0,1.0,89.0,43.0,1259.0,1,-46.0,0.06976744186046512,3
2024-09-10,South Korea,3.0,1.0,23.0,76.0,1573.0,1,53.0,0.039473684210526314,3
2024-09-10,Malta,1.0,0.0,172.0,164.0,971.0,1,-8.0,0.018292682926829267,3
2024-09-10,Qatar,2.0,2.0,34.0,110.0,1504.0,2,76.0,0.00909090909090909,1
2024-09-10,Uruguay,0.0,0.0,11.0,37.0,1713.0,2,26.0,0.02702702702702703,1
2024-09-10,Brazil,0.0,1.0,5.0,62.0,1786.0,0,57.0,0.0,0
2024-09-10,Cameroon,0.0,0.0,51.0,129.0,1458.0,2,78.0,0.007751937984496124,1
2024-09-10,Australia,0.0,0.0,24.0,133.0,1571.0,2,109.0,0.007518796992481203,1
2024-09-10,British Virgin Islands,0.0,2.0,207.0,146.0,801.0,0,-61.0,0.0,0
2024-09-10,Jordan,3.0,1.0,68.0,96.0,1374.0,1,28.0,0.03125,3
2024-09-10,Iraq,0.0,0.0,55.0,136.0,1433.0,2,81.0,0.007352941176470588,1
2024-09-10,Japan,5.0,0.0,18.0,80.0,1629.0,1,62.0,0.0375,3
2024-09-10,Uzbekistan,3.0,2.0,61.0,102.0,1397.0,1,41.0,0.029411764705882353,3
2024-09-10,Iran,1.0,0.0,20.0,69.0,1611.0,1,49.0,0.043478260869565216,3
2024-10-08,Timor-Leste,1.0,0.0,196.0,183.0,845.0,1,-13.0,0.01639344262295082,3
2024-10-09,Anguilla,0.0,1.0,209.0,182.0,782.0,0,-27.0,0.0,0
2024-10-09,British Virgin Islands,1.0,3.0,208.0,141.0,791.0,0,-67.0,0.0,0
2024-10-10,Tanzania,0.0,1.0,110.0,58.0,1188.0,0,-52.0,0.0,0
2024-10-10,Togo,1.0,5.0,119.0,41.0,1159.0,0,-78.0,0.0,0
2024-10-10,Slovenia,0.0,3.0,51.0,47.0,1463.0,0,-4.0,0.0,0
2024-10-10,Sri Lanka,0.0,2.0,200.0,167.0,831.0,0,-33.0,0.0,0
2024-10-10,Zimbabwe,1.0,0.0,124.0,105.0,1135.0,1,-19.0,0.02857142857142857,3
2024-10-10,Hong Kong,0.0,1.0,157.0,203.0,1018.0,0,46.0,0.0,0
2024-10-10,Botswana,1.0,0.0,147.0,65.0,1050.0,1,-82.0,0.046153846153846156,3
2024-10-10,Burundi,1.0,4.0,136.0,63.0,1102.0,0,-73.0,0.0,0
2024-10-10,Greece,2.0,1.0,48.0,4.0,1469.0,1,-44.0,0.75,3
2024-10-10,Jamaica,2.0,0.0,61.0,131.0,1403.0,1,70.0,0.022900763358778626,3
2024-10-10,France,4.0,1.0,2.0,79.0,1852.0,1,77.0,0.0379746835443038,3
2024-10-10,Belgium,2.0,2.0,6.0,10.0,1768.0,2,4.0,0.1,1
2024-10-10,Republic of Ireland,2.0,1.0,62.0,64.0,1395.0,1,2.0,0.046875,3
2024-10-10,Kazakhstan,0.0,4.0,109.0,22.0,1193.0,0,-87.0,0.0,0
2024-10-10,Trinidad and Tobago,2.0,2.0,101.0,165.0,1213.0,2,64.0,0.006060606060606061,1
2024-10-10,Sudan,0.0,0.0,120.0,70.0,1154.0,2,-50.0,0.014285714285714285,1
2024-10-10,El Salvador,3.0,2.0,80.0,174.0,1307.0,1,94.0,0.017241379310344827,3
2024-10-10,Kuwait,0.0,4.0,134.0,78.0,1112.0,0,-56.0,0.0,0
2024-10-10,Kyrgyzstan,1.0,3.0,106.0,44.0,1201.0,0,-62.0,0.0,0
2024-10-10,North Macedonia,3.0,0.0,72.0,137.0,1351.0,1,65.0,0.021897810218978103,3
2024-10-10,Brazil,2.0,1.0,5.0,49.0,1772.0,1,44.0,0.061224489795918366,3
2024-10-10,Argentina,1.0,1.0,1.0,40.0,1889.0,2,39.0,0.025,1
2024-10-10,San Marino,0.0,1.0,210.0,198.0,746.0,0,-12.0,0.0,0
2024-10-10,Colombia,0.0,1.0,9.0,83.0,1739.0,0,74.0,0.0,0
2024-10-10,Andorra,0.0,2.0,169.0,149.0,982.0,0,-20.0,0.0,0
2024-10-10,Paraguay,0.0,0.0,57.0,27.0,1424.0,2,-30.0,0.037037037037037035,1
2024-10-10,Solomon Islands,0.0,1.0,144.0,150.0,1064.0,0,6.0,0.0,0
2024-10-10,New Caledonia,3.0,1.0,160.0,168.0,1009.0,1,8.0,0.017857142857142856,3
2024-10-10,Iran,0.0,0.0,19.0,60.0,1623.0,2,41.0,0.016666666666666666,1
2024-10-10,North Korea,1.0,1.0,111.0,69.0,1183.0,2,-42.0,0.014492753623188406,1
2024-10-10,South Korea,2.0,0.0,23.0,68.0,1573.0,1,45.0,0.04411764705882353,3
2024-10-10,Palestine,0.0,1.0,98.0,55.0,1229.0,0,-43.0,0.0,0
2024-10-10,Armenia,2.0,2.0,96.0,140.0,1230.0,2,44.0,0.007142857142857143,1
2024-10-10,Japan,2.0,0.0,16.0,56.0,1640.0,1,40.0,0.05357142857142857,3
2024-10-10,Indonesia,2.0,2.0,129.0,76.0,1124.0,2,-53.0,0.013157894736842105,1
2024-10-11,Liberia,0.0,1.0,143.0,94.0,1065.0,0,-49.0,0.0,0
2024-10-11,Gambia,1.0,1.0,135.0,108.0,1109.0,2,-27.0,0.009259259259259259,1
2024-10-11,Comoros,1.0,0.0,118.0,36.0,1160.0,1,-82.0,0.08333333333333333,3
2024-10-11,Lesotho,0.0,0.0,153.0,84.0,1034.0,2,-69.0,0.011904761904761904,1
2024-10-11,Rwanda,0.0,3.0,130.0,89.0,1123.0,0,-41.0,0.0,0
2024-10-11,Libya,0.0,1.0,121.0,39.0,1154.0,0,-82.0,0.0,0
2024-10-11,Mauritania,0.0,2.0,112.0,31.0,1179.0,0,-81.0,0.0,0
2024-10-11,Malawi,0.0,4.0,133.0,21.0,1117.0,0,-112.0,0.0,0
2024-10-11,Sierra Leone,1.0,4.0,125.0,33.0,1134.0,0,-92.0,0.0,0
2024-10-11,Eswatini,1.0,1.0,159.0,99.0,1012.0,2,-60.0,0.010101010101010102,1
2024-10-11,Guinea-Bissau,0.0,1.0,115.0,54.0,1166.0,0,-61.0,0.0,0
2024-10-11,Kenya,1.0,4.0,102.0,53.0,1209.0,0,-49.0,0.0,0
2024-10-11,South Sudan,0.0,1.0,172.0,90.0,968.0,0,-82.0,0.0,0
2024-10-11,Niger,0.0,2.0,127.0,85.0,1132.0,0,-42.0,0.0,0
2024-10-11,Chad,0.0,0.0,177.0,93.0,932.0,2,-84.0,0.010752688172043012,1
2024-10-11,Costa Rica,1.0,1.0,50.0,138.0,1466.0,2,88.0,0.007246376811594203,1
2024-10-11,Wales,2.0,2.0,29.0,71.0,1527.0,2,42.0,0.014084507042253521,1
2024-10-11,Albania,0.0,2.0,67.0,46.0,1378.0,0,-21.0,0.0,0
2024-10-11,Curaçao,0.0,0.0,88.0,173.0,1261.0,2,85.0,0.005780346820809248,1
2024-10-11,Germany,2.0,1.0,13.0,75.0,1692.0,1,62.0,0.04,3
2024-10-11,Netherlands,1.0,1.0,7.0,32.0,1760.0,2,25.0,0.03125,1
2024-10-11,Georgia,0.0,1.0,66.0,24.0,1378.0,0,-42.0,0.0,0
2024-10-11,Haiti,3.0,1.0,86.0,194.0,1279.0,1,108.0,0.015463917525773196,3
2024-10-11,Montenegro,0.0,1.0,74.0,26.0,1333.0,0,-48.0,0.0,0
2024-10-11,Azerbaijan,1.0,3.0,113.0,122.0,1173.0,0,9.0,0.0,0
2024-10-11,Sweden,2.0,2.0,28.0,42.0,1528.0,2,14.0,0.023809523809523808,1
2024-10-11,Uruguay,0.0,1.0,11.0,43.0,1701.0,0,32.0,0.0,0
2024-10-11,Tahiti,0.0,3.0,158.0,95.0,1017.0,0,-63.0,0.0,0
2024-10-11,Tajikistan,0.0,1.0,103.0,92.0,1208.0,0,-11.0,0.0,0
2024-10-11,Philippines,1.0,3.0,148.0,100.0,1050.0,0,-48.0,0.0,0
2024-10-11,Guatemala,3.0,1.0,107.0,156.0,1200.0,1,49.0,0.019230769230769232,3
2024-10-12,British Virgin Islands,0.0,1.0,208.0,195.0,791.0,0,-13.0,0.0,0
2024-10-12,Panama,0.0,2.0,37.0,18.0,1503.0,0,-19.0,0.0,0
2024-10-12,India,1.0,1.0,126.0,116.0,1134.0,2,-10.0,0.008620689655172414,1
2024-10-12,Central African Republic,0.0,5.0,128.0,14.0,1131.0,0,-114.0,0.0,0
2024-10-12,Dominican Republic,5.0,0.0,146.0,151.0,1058.0,1,5.0,0.019867549668874173,3
2024-10-12,Dominica,1.0,6.0,181.0,170.0,917.0,0,-11.0,0.0,0
2024-10-12,Anguilla,1.0,2.0,209.0,206.0,782.0,0,-3.0,0.0,0
2024-10-12,Ethiopia,1.0,4.0,145.0,82.0,1063.0,0,-63.0,0.0,0
2024-10-12,Scotland,1.0,2.0,52.0,12.0,1462.0,0,-40.0,0.0,0
2024-10-12,Switzerland,0.0,2.0,15.0,35.0,1641.0,0,20.0,0.0,0
2024-10-12,Denmark,0.0,1.0,20.0,3.0,1622.0,0,-17.0,0.0,0
2024-10-12,Romania,3.0,0.0,45.0,123.0,1481.0,1,78.0,0.024390243902439025,3
2024-10-12,Luxembourg,0.0,0.0,87.0,81.0,1262.0,2,-6.0,0.012345679012345678,1
2024-10-12,Northern Ireland,0.0,0.0,73.0,97.0,1340.0,2,24.0,0.010309278350515464,1
2024-10-12,Samoa,1.0,4.0,185.0,162.0,901.0,0,-23.0,0.0,0
2024-10-12,Portugal,3.0,1.0,8.0,30.0,1752.0,1,22.0,0.1,3
2024-10-12,Kosovo,2.0,1.0,104.0,139.0,1206.0,1,35.0,0.02158273381294964,3
2024-10-13,England,3.0,1.0,4.0,64.0,1817.0,1,60.0,0.046875,3
2024-10-13,San Marino,0.0,2.0,210.0,169.0,746.0,0,-41.0,0.0,0
2024-10-13,Sri Lanka,0.0,0.0,200.0,167.0,831.0,2,-33.0,0.005988023952095809,1
2024-10-13,Burkina Faso,2.0,0.0,63.0,136.0,1388.0,1,73.0,0.022058823529411766,3
2024-10-13,El Salvador,1.0,2.0,80.0,174.0,1307.0,0,94.0,0.0,0
2024-10-13,Norway,1.0,5.0,47.0,22.0,1472.0,0,-25.0,0.0,0
2024-10-13,Slovenia,1.0,0.0,51.0,109.0,1463.0,1,58.0,0.027522935779816515,3
2024-10-13,Latvia,1.0,1.0,137.0,140.0,1098.0,2,3.0,0.007142857142857143,1
2024-10-13,North Macedonia,2.0,0.0,72.0,96.0,1351.0,1,24.0,0.03125,3
2024-10-13,Gibraltar,0.0,0.0,198.0,203.0,842.0,2,5.0,0.0049261083743842365,1
2024-10-13,Moldova,0.0,1.0,149.0,171.0,1043.0,0,22.0,0.0,0
2024-10-13,Republic of Ireland,0.0,2.0,62.0,48.0,1395.0,0,-14.0,0.0,0
2024-10-14,Grenada,0.0,1.0,173.0,88.0,947.0,0,-85.0,0.0,0
2024-10-14,Cuba,1.0,3.0,165.0,101.0,992.0,0,-64.0,0.0,0
2024-10-14,Honduras,0.0,0.0,77.0,61.0,1311.0,2,-16.0,0.01639344262295082,1
2024-10-14,Namibia,1.0,3.0,105.0,124.0,1201.0,0,19.0,0.0,0
2024-10-14,Algeria,1.0,0.0,41.0,119.0,1486.0,1,78.0,0.025210084033613446,3
2024-10-14,Mozambique,3.0,0.0,99.0,159.0,1226.0,1,60.0,0.018867924528301886,3
2024-10-14,Equatorial Guinea,2.0,1.0,94.0,143.0,1251.0,1,49.0,0.02097902097902098,3
2024-10-14,Madagascar,0.0,1.0,108.0,135.0,1197.0,0,27.0,0.0,0
2024-10-14,Cameroon,1.0,0.0,53.0,102.0,1459.0,1,49.0,0.029411764705882353,3
2024-10-14,Malaysia,0.0,4.0,132.0,95.0,1118.0,0,-37.0,0.0,0
2024-10-14,Israel,1.0,4.0,79.0,10.0,1308.0,0,-69.0,0.0,0
2024-10-14,Turkey,4.0,2.0,26.0,71.0,1539.0,1,45.0,0.04225352112676056,3
2024-10-14,France,2.0,1.0,2.0,6.0,1852.0,1,4.0,0.5,3
2024-10-14,Syria,1.0,2.0,92.0,100.0,1253.0,0,8.0,0.0,0
2024-10-14,Philippines,3.0,0.0,148.0,103.0,1050.0,1,-45.0,0.02912621359223301,3
2024-10-14,Sweden,3.0,0.0,28.0,122.0,1528.0,1,94.0,0.02459016393442623,3
2024-10-14,Montenegro,0.0,1.0,74.0,29.0,1333.0,0,-45.0,0.0,0
2024-10-14,Slovakia,3.0,1.0,42.0,113.0,1486.0,1,71.0,0.02654867256637168,3
2024-10-14,Czech Republic,1.0,1.0,46.0,24.0,1473.0,2,-22.0,0.041666666666666664,1
2024-10-14,Albania,1.0,0.0,67.0,66.0,1378.0,1,-1.0,0.045454545454545456,3
2024-10-14,Netherlands,0.0,1.0,7.0,13.0,1760.0,0,6.0,0.0,0
2024-10-14,Hungary,2.0,0.0,32.0,75.0,1511.0,1,43.0,0.04,3
2024-10-14,Haiti,5.0,3.0,86.0,194.0,1279.0,1,108.0,0.015463917525773196,3
2024-10-15,Angola,1.0,0.0,85.0,127.0,1281.0,1,42.0,0.023622047244094488,3
2024-10-15,Ghana,0.0,2.0,70.0,120.0,1360.0,0,50.0,0.0,0
2024-10-15,Benin,1.0,2.0,89.0,130.0,1258.0,0,41.0,0.0,0
2024-10-15,Cape Verde,0.0,1.0,65.0,147.0,1379.0,0,82.0,0.0,0
2024-10-15,Cambodia,0.0,3.0,180.0,157.0,920.0,0,-23.0,0.0,0
2024-10-15,Central African Republic,0.0,4.0,128.0,14.0,1131.0,0,-114.0,0.0,0
2024-10-15,Tunisia,1.0,1.0,36.0,118.0,1505.0,2,82.0,0.00847457627118644,1
2024-10-15,United States,0.0,2.0,18.0,17.0,1632.0,0,-1.0,0.0,0
2024-10-15,Zambia,1.0,0.0,93.0,177.0,1253.0,1,84.0,0.01694915254237288,3
2024-10-15,Egypt,1.0,0.0,31.0,112.0,1516.0,1,81.0,0.026785714285714284,3
2024-10-15,Panama,1.0,2.0,37.0,38.0,1503.0,0,1.0,0.0,0
2024-10-15,Senegal,1.0,0.0,21.0,133.0,1621.0,1,112.0,0.022556390977443608,3
2024-10-15,Guinea,3.0,0.0,82.0,145.0,1298.0,1,63.0,0.020689655172413793,3
2024-10-15,Mali,0.0,0.0,54.0,115.0,1455.0,2,61.0,0.008695652173913044,1
2024-10-15,Uganda,2.0,1.0,90.0,172.0,1258.0,1,82.0,0.01744186046511628,3
2024-10-15,Antigua and Barbuda,0.0,5.0,151.0,146.0,1035.0,0,-5.0,0.0,0
2024-10-15,Guatemala,0.0,3.0,107.0,50.0,1200.0,0,-57.0,0.0,0
2024-10-15,Guyana,1.0,5.0,156.0,138.0,1020.0,0,-18.0,0.0,0
2024-10-15,Ivory Coast,0.0,1.0,33.0,125.0,1509.0,0,92.0,0.0,0
2024-10-15,Bahamas,2.0,6.0,205.0,175.0,817.0,0,-30.0,0.0,0
2024-10-15,DR Congo,2.0,0.0,58.0,110.0,1417.0,1,52.0,0.02727272727272727,3
2024-10-15,Dominica,2.0,3.0,181.0,170.0,917.0,0,-11.0,0.0,0
2024-10-15,Gabon,2.0,0.0,84.0,153.0,1293.0,1,69.0,0.0196078431372549,3
2024-10-15,Turks and Caicos Islands,0.0,3.0,206.0,182.0,803.0,0,-24.0,0.0,0
2024-10-15,Denmark,2.0,2.0,20.0,15.0,1622.0,2,-5.0,0.06666666666666667,1
2024-10-15,Chile,0.0,4.0,49.0,9.0,1468.0,0,-40.0,0.0,0
2024-10-15,Luxembourg,1.0,1.0,87.0,97.0,1262.0,2,10.0,0.010309278350515464,1
2024-10-15,Bulgaria,0.0,5.0,81.0,73.0,1303.0,0,-8.0,0.0,0
2024-10-15,Portugal,0.0,0.0,8.0,52.0,1752.0,2,44.0,0.019230769230769232,1
2024-10-15,Cyprus,0.0,3.0,123.0,104.0,1137.0,0,-19.0,0.0,0
2024-10-15,Serbia,0.0,3.0,35.0,3.0,1505.0,0,-32.0,0.0,0
2024-10-15,Croatia,3.0,3.0,12.0,30.0,1700.0,2,18.0,0.03333333333333333,1
2024-10-15,Ecuador,0.0,0.0,27.0,11.0,1535.0,2,-16.0,0.09090909090909091,1
2024-10-15,Romania,2.0,1.0,45.0,139.0,1481.0,1,94.0,0.02158273381294964,3
2024-10-15,Bolivia,0.0,6.0,83.0,1.0,1294.0,0,-82.0,0.0,0
2024-10-15,Kuwait,2.0,2.0,134.0,98.0,1112.0,2,-36.0,0.01020408163265306,1
2024-10-15,Venezuela,1.0,2.0,40.0,57.0,1489.0,0,17.0,0.0,0
2024-10-15,Qatar,1.0,4.0,44.0,19.0,1482.0,0,-25.0,0.0,0
2024-10-15,North Korea,0.0,1.0,111.0,106.0,1183.0,0,-5.0,0.0,0
2024-10-15,Oman,0.0,4.0,78.0,68.0,1309.0,0,-10.0,0.0,0
2024-10-15,Iraq,2.0,3.0,55.0,23.0,1436.0,0,-32.0,0.0,0
2024-10-15,Australia,1.0,1.0,25.0,16.0,1544.0,2,-9.0,0.0625,1
2024-10-15,Peru,0.0,4.0,43.0,5.0,1483.0,0,-38.0,0.0,0
2024-10-15,Bahrain,0.0,0.0,76.0,56.0,1315.0,2,-20.0,0.017857142857142856,1
2024-10-15,Brunei,0.0,0.0,183.0,196.0,907.0,2,13.0,0.00510204081632653,1
2024-10-15,Cayman Islands,1.0,1.0,195.0,141.0,857.0,2,-54.0,0.0070921985815602835,1
2024-10-15,United Arab Emirates,0.0,1.0,69.0,60.0,1377.0,0,-9.0,0.0,0
2024-11-13,Togo,0.0,1.0,123.0,149.0,1148.0,0,26.0,0.0,0
2024-11-13,Nepal,0.0,4.0,176.0,105.0,936.0,0,-71.0,0.0,0
2024-11-13,Cameroon,0.0,0.0,49.0,113.0,1472.0,2,64.0,0.008849557522123894,1
2024-11-13,Sierra Leone,1.0,1.0,121.0,177.0,1150.0,2,56.0,0.005649717514124294,1
2024-11-13,Maldives,1.0,0.0,163.0,185.0,1003.0,1,22.0,0.016216216216216217,3
2024-11-14,Faroe Islands,1.0,0.0,138.0,99.0,1092.0,1,-39.0,0.030303030303030304,3
2024-11-14,Finland,0.0,1.0,66.0,63.0,1375.0,0,-3.0,0.0,0
2024-11-14,Italy,1.0,0.0,9.0,6.0,1729.0,1,-3.0,0.5,3
2024-11-14,Brazil,1.0,1.0,5.0,44.0,1784.0,2,39.0,0.022727272727272728,1
2024-11-14,Austria,2.0,0.0,23.0,107.0,1589.0,1,84.0,0.028037383177570093,3
2024-11-14,Norway,4.0,1.0,48.0,52.0,1474.0,1,4.0,0.057692307692307696,3
2024-11-14,Latvia,0.0,1.0,137.0,69.0,1094.0,0,-68.0,0.0,0
2024-11-14,Saint Vincent and the Grenadines,2.0,1.0,174.0,180.0,955.0,1,6.0,0.016666666666666666,3
2024-11-14,Liechtenstein,0.0,2.0,200.0,169.0,834.0,0,-31.0,0.0,0
2024-11-14,Cuba,1.0,2.0,166.0,143.0,990.0,0,-23.0,0.0,0
2024-11-14,Panama,1.0,0.0,39.0,50.0,1494.0,1,11.0,0.06,3
2024-11-14,United States,1.0,0.0,18.0,61.0,1631.0,1,43.0,0.04918032786885246,3
2024-11-14,Philippines,1.0,3.0,145.0,158.0,1053.0,0,13.0,0.0,0
2024-11-14,Laos,1.0,3.0,187.0,133.0,890.0,0,-54.0,0.0,0
2024-11-14,Myanmar,2.0,3.0,165.0,162.0,991.0,0,-3.0,0.0,0
2024-11-14,Lebanon,0.0,0.0,115.0,96.0,1167.0,2,-19.0,0.010416666666666666,1
2024-11-14,Israel,0.0,0.0,81.0,2.0,1304.0,2,-79.0,0.5,1
2024-11-14,Uzbekistan,2.0,3.0,58.0,46.0,1429.0,0,-12.0,0.0,0
2024-11-14,England,3.0,0.0,4.0,42.0,1808.0,1,38.0,0.07142857142857142,3
2024-11-14,Saudi Arabia,0.0,0.0,59.0,24.0,1423.0,2,-35.0,0.041666666666666664,1
2024-11-14,Bolivia,0.0,4.0,79.0,27.0,1312.0,0,-52.0,0.0,0
2024-11-14,Palestine,0.0,1.0,100.0,80.0,1218.0,0,-20.0,0.0,0
2024-11-14,Fiji,3.0,3.0,146.0,171.0,1051.0,2,25.0,0.005847953216374269,1
2024-11-14,New Caledonia,3.0,2.0,155.0,147.0,1021.0,1,-8.0,0.02040816326530612,3
2024-11-14,Kyrgyzstan,0.0,3.0,103.0,68.0,1207.0,0,-35.0,0.0,0
2024-11-14,South Korea,3.0,1.0,22.0,135.0,1590.0,1,113.0,0.022222222222222223,3
2024-11-14,Jordan,0.0,0.0,64.0,56.0,1381.0,2,-8.0,0.017857142857142856,1
2024-11-14,Iran,3.0,2.0,19.0,111.0,1628.0,1,92.0,0.02702702702702703,3
2024-11-14,Central African Republic,0.0,1.0,129.0,152.0,1125.0,0,23.0,0.0,0
2024-11-14,Libya,1.0,0.0,122.0,126.0,1149.0,1,4.0,0.023809523809523808,3
2024-11-14,Nigeria,1.0,1.0,36.0,95.0,1503.0,2,59.0,0.010526315789473684,1
2024-11-14,Algeria,0.0,0.0,37.0,88.0,1497.0,2,51.0,0.011363636363636364,1
2024-11-14,Sudan,0.0,4.0,110.0,131.0,1176.0,0,21.0,0.0,0
2024-11-14,Malawi,0.0,0.0,134.0,139.0,1111.0,2,5.0,0.007194244604316547,1
2024-11-14,Argentina,1.0,2.0,1.0,55.0,1884.0,0,54.0,0.0,0
2024-11-14,Senegal,1.0,0.0,20.0,62.0,1627.0,1,42.0,0.04838709677419355,3
2024-11-14,Tunisia,3.0,2.0,47.0,109.0,1479.0,1,62.0,0.027522935779816515,3
2024-11-15,Croatia,0.0,1.0,12.0,51.0,1701.0,0,39.0,0.0,0
2024-11-15,Spain,2.0,1.0,3.0,21.0,1844.0,1,18.0,0.14285714285714285,3
2024-11-15,Canada,1.0,0.0,35.0,136.0,1507.0,1,101.0,0.022058823529411766,3
2024-11-15,Lithuania,1.0,2.0,141.0,127.0,1082.0,0,-14.0,0.0,0
2024-11-15,Kosovo,0.0,0.0,101.0,43.0,1218.0,2,-58.0,0.023255813953488372,1
2024-11-15,Belarus,0.0,2.0,97.0,71.0,1231.0,0,-26.0,0.0,0
2024-11-15,Aruba,1.0,5.0,195.0,153.0,863.0,0,-42.0,0.0,0
2024-11-15,Gibraltar,1.0,1.0,197.0,210.0,848.0,2,13.0,0.004761904761904762,1
2024-11-15,Guyana,4.0,1.0,161.0,173.0,1009.0,1,12.0,0.017341040462427744,3
2024-11-15,Bulgaria,1.0,0.0,84.0,89.0,1295.0,1,5.0,0.033707865168539325,3
2024-11-15,Poland,1.0,5.0,31.0,7.0,1523.0,0,-24.0,0.0,0
2024-11-15,Serbia,1.0,1.0,33.0,17.0,1511.0,2,-16.0,0.058823529411764705,1
2024-11-15,Mexico,0.0,2.0,16.0,77.0,1641.0,0,61.0,0.0,0
2024-11-15,Guinea-Bissau,1.0,1.0,116.0,160.0,1166.0,2,44.0,0.00625,1
2024-11-15,Chile,0.0,0.0,53.0,38.0,1455.0,2,-15.0,0.02631578947368421,1
2024-11-15,Tahiti,3.0,0.0,159.0,186.0,1010.0,1,27.0,0.016129032258064516,3
2024-11-15,Vanuatu,1.0,8.0,157.0,91.0,1016.0,0,-66.0,0.0,0
2024-11-15,Japan,4.0,0.0,15.0,130.0,1645.0,1,115.0,0.023076923076923078,3
2024-11-15,Grenada,4.0,0.0,175.0,164.0,947.0,1,-11.0,0.018292682926829267,3
2024-11-15,Comoros,2.0,1.0,108.0,128.0,1186.0,1,20.0,0.0234375,3
2024-11-15,Morocco,5.0,1.0,13.0,85.0,1682.0,1,72.0,0.03529411764705882,3
2024-11-15,Ivory Coast,0.0,1.0,40.0,94.0,1494.0,0,54.0,0.0,0
2024-11-15,Brunei,1.0,2.0,184.0,34.0,901.0,0,-150.0,0.0,0
2024-11-15,Ghana,1.0,1.0,73.0,82.0,1339.0,2,9.0,0.012195121951219513,1
2024-11-15,Mali,1.0,0.0,54.0,98.0,1455.0,1,44.0,0.030612244897959183,3
2024-11-15,Kenya,1.0,1.0,106.0,117.0,1195.0,2,11.0,0.008547008547008548,1
2024-11-15,South Africa,2.0,0.0,60.0,87.0,1416.0,1,27.0,0.034482758620689655,3
2024-11-15,Colombia,2.0,3.0,10.0,14.0,1724.0,0,4.0,0.0,0
2024-11-15,Mauritania,1.0,1.0,114.0,140.0,1168.0,2,26.0,0.007142857142857143,1
2024-11-15,Egypt,1.0,1.0,30.0,72.0,1526.0,2,42.0,0.013888888888888888,1
2024-11-16,Wales,0.0,0.0,29.0,26.0,1529.0,2,-3.0,0.038461538461538464,1
2024-11-16,Czech Republic,0.0,0.0,45.0,65.0,1480.0,2,20.0,0.015384615384615385,1
2024-11-16,Ukraine,1.0,1.0,25.0,67.0,1552.0,2,42.0,0.014925373134328358,1
2024-11-16,Dominica,1.0,6.0,183.0,142.0,904.0,0,-41.0,0.0,0
2024-11-16,Hungary,0.0,4.0,32.0,8.0,1519.0,0,-24.0,0.0,0
2024-11-16,Estonia,0.0,0.0,124.0,118.0,1146.0,2,-6.0,0.00847457627118644,1
2024-11-16,DR Congo,0.0,1.0,57.0,78.0,1431.0,0,21.0,0.0,0
2024-11-16,Iceland,2.0,0.0,70.0,75.0,1353.0,1,5.0,0.04,3
2024-11-16,Antigua and Barbuda,1.0,2.0,156.0,167.0,1021.0,0,11.0,0.0,0
2024-11-16,Slovakia,1.0,2.0,41.0,28.0,1490.0,0,-13.0,0.0,0
2024-11-16,Moldova,1.0,0.0,150.0,170.0,1041.0,1,20.0,0.01764705882352941,3
2024-11-16,Tanzania,2.0,0.0,112.0,148.0,1174.0,1,36.0,0.02027027027027027,3
2024-11-16,Bosnia and Herzegovina,0.0,7.0,74.0,11.0,1324.0,0,-63.0,0.0,0
2024-11-16,Afghanistan,0.0,2.0,151.0,176.0,1034.0,0,25.0,0.0,0
2024-11-16,Yemen,0.0,1.0,154.0,203.0,1021.0,0,49.0,0.0,0
2024-11-16,Maldives,1.0,2.0,163.0,185.0,1003.0,0,22.0,0.0,0
2024-11-17,Faroe Islands,0.0,1.0,138.0,69.0,1092.0,0,-69.0,0.0,0
2024-11-17,Belgium,0.0,1.0,6.0,81.0,1761.0,0,75.0,0.0,0
2024-11-17,Republic of Ireland,0.0,5.0,63.0,4.0,1396.0,0,-59.0,0.0,0
2024-11-17,Greece,2.0,0.0,42.0,66.0,1487.0,1,24.0,0.045454545454545456,3
2024-11-17,Kazakhstan,0.0,5.0,107.0,48.0,1186.0,0,-59.0,0.0,0
2024-11-17,Slovenia,1.0,1.0,52.0,23.0,1460.0,2,-29.0,0.043478260869565216,1
2024-11-17,Solomon Islands,2.0,1.0,147.0,171.0,1051.0,1,24.0,0.017543859649122806,3
2024-11-17,France,3.0,1.0,2.0,9.0,1860.0,1,7.0,0.3333333333333333,3
2024-11-17,Montserrat,0.0,1.0,180.0,83.0,924.0,0,-97.0,0.0,0
2024-11-17,Laos,1.0,1.0,187.0,96.0,890.0,2,-91.0,0.010416666666666666,1
2024-11-17,New Caledonia,1.0,1.0,155.0,146.0,1021.0,2,-9.0,0.00684931506849315,1
2024-11-17,Liberia,1.0,5.0,149.0,37.0,1049.0,0,-112.0,0.0,0
2024-11-17,Equatorial Guinea,0.0,3.0,88.0,123.0,1267.0,0,35.0,0.0,0
2024-11-17,Armenia,2.0,1.0,99.0,137.0,1223.0,1,38.0,0.021897810218978103,3
2024-11-18,Saint Kitts and Nevis,0.0,4.0,143.0,166.0,1069.0,0,23.0,0.0,0
2024-11-18,Denmark,0.0,0.0,21.0,33.0,1617.0,2,12.0,0.030303030303030304,1
2024-11-18,Switzerland,2.0,3.0,17.0,3.0,1631.0,0,-14.0,0.0,0
2024-11-18,Lithuania,0.0,1.0,141.0,101.0,1082.0,0,-40.0,0.0,0
2024-11-18,Cyprus,1.0,4.0,127.0,43.0,1128.0,0,-84.0,0.0,0
2024-11-18,Scotland,2.0,1.0,51.0,31.0,1461.0,1,-20.0,0.0967741935483871,3
2024-11-18,San Marino,3.0,1.0,210.0,200.0,737.0,1,-10.0,0.015,3
2024-11-18,Curaçao,4.0,1.0,90.0,164.0,1261.0,1,74.0,0.018292682926829267,3
2024-11-18,Northern Ireland,2.0,2.0,71.0,89.0,1345.0,2,18.0,0.011235955056179775,1
2024-11-18,Haiti,3.0,0.0,86.0,153.0,1284.0,1,67.0,0.0196078431372549,3
2024-11-18,Belarus,1.0,1.0,97.0,84.0,1231.0,2,-13.0,0.011904761904761904,1
2024-11-18,Portugal,1.0,1.0,7.0,12.0,1753.0,2,5.0,0.08333333333333333,1
2024-11-18,Gabon,1.0,0.0,85.0,129.0,1294.0,1,44.0,0.023255813953488372,3
2024-11-18,Costa Rica,2.0,2.0,50.0,39.0,1466.0,2,-11.0,0.02564102564102564,1
2024-11-18,Malaysia,1.0,1.0,133.0,125.0,1114.0,2,-8.0,0.008,1
2024-11-18,Samoa,0.0,8.0,186.0,91.0,891.0,0,-95.0,0.0,0
2024-11-18,Gambia,1.0,0.0,128.0,47.0,1126.0,1,-81.0,0.06382978723404255,3
2024-11-18,Madagascar,0.0,1.0,109.0,108.0,1180.0,0,-1.0,0.0,0
2024-11-18,Lesotho,0.0,7.0,152.0,13.0,1033.0,0,-139.0,0.0,0
2024-11-18,Vanuatu,0.0,2.0,157.0,159.0,1016.0,0,2.0,0.0,0
2024-11-18,Rwanda,2.0,1.0,126.0,36.0,1130.0,1,-90.0,0.08333333333333333,3
2024-11-18,Niger,2.0,1.0,131.0,73.0,1115.0,1,-58.0,0.0410958904109589,3
2024-11-18,Angola,0.0,0.0,82.0,110.0,1299.0,2,28.0,0.00909090909090909,1
2024-11-18,Burkina Faso,0.0,3.0,62.0,134.0,1400.0,0,72.0,0.0,0
2024-11-18,Benin,0.0,0.0,95.0,122.0,1251.0,2,27.0,0.00819672131147541,1
2024-11-18,Jamaica,2.0,4.0,61.0,18.0,1405.0,0,-43.0,0.0,0
2024-11-19,Bermuda,1.0,6.0,167.0,142.0,987.0,0,-25.0,0.0,0
2024-11-19,Andorra,0.0,0.0,170.0,169.0,978.0,2,-1.0,0.005917159763313609,1
2024-11-19,Azerbaijan,0.0,6.0,118.0,28.0,1162.0,0,-90.0,0.0,0
2024-11-19,Estonia,0.0,1.0,124.0,41.0,1146.0,0,-83.0,0.0,0
2024-11-19,Iceland,1.0,4.0,70.0,29.0,1353.0,0,-41.0,0.0,0
2024-11-19,Peru,0.0,1.0,38.0,1.0,1494.0,0,-37.0,0.0,0
2024-11-19,Ukraine,2.0,1.0,25.0,65.0,1552.0,1,40.0,0.046153846153846156,3
2024-11-19,Germany,1.0,1.0,11.0,32.0,1704.0,2,21.0,0.03125,1
2024-11-19,Turkey,1.0,3.0,26.0,75.0,1548.0,0,49.0,0.0,0
2024-11-19,Georgia,1.0,2.0,67.0,45.0,1366.0,0,-22.0,0.0,0
2024-11-19,Lebanon,3.0,2.0,115.0,165.0,1167.0,1,50.0,0.01818181818181818,3
2024-11-19,Suriname,0.0,3.0,136.0,35.0,1105.0,0,-101.0,0.0,0
2024-11-19,Honduras,0.0,4.0,77.0,16.0,1313.0,0,-61.0,0.0,0
2024-11-19,Moldova,1.0,1.0,150.0,197.0,1041.0,2,47.0,0.005076142131979695,1
2024-11-19,Mauritius,0.0,1.0,178.0,158.0,928.0,0,-20.0,0.0,0
2024-11-19,Syria,0.0,4.0,93.0,34.0,1252.0,0,-59.0,0.0,0
2024-11-19,Yemen,2.0,0.0,154.0,203.0,1021.0,1,49.0,0.014778325123152709,3
2024-11-19,Afghanistan,1.0,3.0,151.0,105.0,1034.0,0,-46.0,0.0,0
2024-11-19,Paraguay,2.0,2.0,55.0,79.0,1441.0,2,24.0,0.012658227848101266,1
2024-11-19,Netherlands,1.0,1.0,8.0,74.0,1748.0,2,66.0,0.013513513513513514,1
2024-11-19,Barbados,3.0,5.0,173.0,161.0,955.0,0,-12.0,0.0,0
2024-11-19,Ecuador,1.0,0.0,27.0,10.0,1536.0,1,-17.0,0.3,3
2024-11-19,Iraq,1.0,0.0,56.0,80.0,1434.0,1,24.0,0.0375,3
2024-11-19,Venezuela,2.0,4.0,44.0,53.0,1482.0,0,9.0,0.0,0
2024-11-19,Saudi Arabia,0.0,2.0,59.0,130.0,1423.0,0,71.0,0.0,0
2024-11-19,Australia,2.0,2.0,24.0,76.0,1553.0,2,52.0,0.013157894736842105,1
2024-11-19,Dominica,0.0,0.0,183.0,156.0,904.0,2,-27.0,0.00641025641025641,1
2024-11-19,South Korea,1.0,1.0,22.0,100.0,1590.0,2,78.0,0.01,1
2024-11-19,Qatar,0.0,5.0,46.0,68.0,1479.0,0,22.0,0.0,0
2024-11-19,Iran,3.0,2.0,19.0,103.0,1628.0,1,84.0,0.02912621359223301,3
2024-11-19,Uzbekistan,1.0,0.0,58.0,111.0,1429.0,1,53.0,0.02702702702702703,3
2024-11-19,Botswana,1.0,1.0,140.0,30.0,1088.0,2,-110.0,0.03333333333333333,1
2024-11-19,Cape Verde,0.0,1.0,72.0,114.0,1341.0,0,42.0,0.0,0
2024-11-19,Zimbabwe,1.0,2.0,117.0,49.0,1162.0,0,-68.0,0.0,0
2024-11-19,Jordan,1.0,1.0,64.0,135.0,1381.0,2,71.0,0.007407407407407408,1
2024-11-19,Ethiopia,2.0,1.0,148.0,57.0,1049.0,1,-91.0,0.05263157894736842,3
2024-11-19,Zambia,2.0,0.0,94.0,121.0,1252.0,1,27.0,0.024793388429752067,3
2024-11-19,Guinea,0.0,1.0,78.0,112.0,1312.0,0,34.0,0.0,0
2024-11-19,Eswatini,0.0,6.0,160.0,54.0,1009.0,0,-106.0,0.0,0
2024-11-19,Mozambique,2.0,1.0,98.0,116.0,1229.0,1,18.0,0.02586206896551724,3
2024-11-19,Namibia,0.0,0.0,113.0,106.0,1174.0,2,-7.0,0.009433962264150943,1
2024-11-19,South Sudan,0.0,3.0,172.0,60.0,956.0,0,-112.0,0.0,0
2024-11-19,Burundi,0.0,2.0,139.0,20.0,1089.0,0,-119.0,0.0,0
2024-11-19,Uruguay,1.0,1.0,14.0,5.0,1680.0,2,-9.0,0.2,1
2024-11-19,Chad,0.0,4.0,177.0,40.0,933.0,0,-137.0,0.0,0
2024-12-08,Mongolia,0.0,3.0,187.0,156.0,884.0,0,-31.0,0.0,0
2024-12-08,Malaysia,2.0,2.0,132.0,180.0,1117.0,2,48.0,0.005555555555555556,1
2024-12-08,Thailand,10.0,0.0,97.0,196.0,1228.0,1,99.0,0.015306122448979591,3
2024-12-09,Indonesia,1.0,0.0,125.0,167.0,1135.0,1,42.0,0.017964071856287425,3
2024-12-09,Vietnam,4.0,1.0,116.0,186.0,1161.0,1,70.0,0.016129032258064516,3
2024-12-09,Vanuatu,1.0,4.0,163.0,148.0,996.0,0,-15.0,0.0,0
2024-12-11,Cambodia,1.0,2.0,180.0,161.0,921.0,0,-19.0,0.0,0
2024-12-11,Timor-Leste,2.0,3.0,196.0,132.0,851.0,0,-64.0,0.0,0
2024-12-12,Myanmar,1.0,1.0,167.0,149.0,986.0,2,-18.0,0.006711409395973154,1
2024-12-12,Laos,3.0,3.0,186.0,125.0,890.0,2,-61.0,0.008,1
2024-12-12,Vanuatu,1.0,1.0,163.0,147.0,996.0,2,-16.0,0.006802721088435374,1
2024-12-14,Guam,2.0,1.0,203.0,193.0,822.0,1,-10.0,0.015544041450777202,3
2024-12-14,Singapore,3.0,0.0,161.0,196.0,1008.0,1,35.0,0.015306122448979591,3
2024-12-14,Malaysia,0.0,1.0,132.0,97.0,1117.0,0,-35.0,0.0,0
2024-12-15,Philippines,1.0,1.0,149.0,186.0,1048.0,2,37.0,0.005376344086021506,1
2024-12-15,Indonesia,0.0,1.0,125.0,116.0,1135.0,0,-9.0,0.0,0
2024-12-15,Fiji,1.0,1.0,147.0,172.0,1049.0,2,25.0,0.005813953488372093,1
2024-12-17,Timor-Leste,1.0,2.0,196.0,180.0,851.0,0,-16.0,0.0,0
2024-12-17,Thailand,4.0,2.0,97.0,161.0,1228.0,1,64.0,0.018633540372670808,3
2024-12-17,Guam,0.0,5.0,203.0,156.0,822.0,0,-47.0,0.0,0
2024-12-18,Laos,2.0,3.0,186.0,167.0,890.0,0,-19.0,0.0,0
2024-12-18,Vietnam,1.0,1.0,116.0,149.0,1161.0,2,33.0,0.006711409395973154,1
2024-12-18,Papua New Guinea,3.0,2.0,172.0,148.0,963.0,1,-24.0,0.02027027027027027,3
2024-12-20,Cambodia,2.0,3.0,180.0,97.0,920.0,0,-83.0,0.0,0
2024-12-20,Singapore,0.0,0.0,160.0,132.0,1012.0,2,-28.0,0.007575757575757576,1
2024-12-21,Oman,1.0,1.0,80.0,134.0,1307.0,2,54.0,0.007462686567164179,1
2024-12-21,Philippines,1.0,0.0,150.0,127.0,1047.0,1,-23.0,0.023622047244094488,3
2024-12-21,Myanmar,0.0,5.0,169.0,114.0,981.0,0,-55.0,0.0,0
2024-12-21,United Arab Emirates,1.0,1.0,63.0,48.0,1386.0,2,-15.0,0.020833333333333332,1
2024-12-21,Fiji,3.0,1.0,148.0,147.0,1048.0,1,-1.0,0.02040816326530612,3
2024-12-21,Papua New Guinea,2.0,1.0,172.0,164.0,964.0,1,-8.0,0.018292682926829267,3
2024-12-22,Yemen,0.0,1.0,158.0,56.0,1018.0,0,-102.0,0.0,0
2024-12-22,Bahrain,3.0,2.0,81.0,59.0,1306.0,1,-22.0,0.05084745762711865,3
2024-12-24,Qatar,1.0,2.0,48.0,80.0,1475.0,0,32.0,0.0,0
2024-12-24,United Arab Emirates,1.0,2.0,63.0,134.0,1386.0,0,71.0,0.0,0
2024-12-25,Saudi Arabia,3.0,2.0,59.0,158.0,1407.0,1,99.0,0.0189873417721519,3
2024-12-25,Iraq,0.0,2.0,56.0,81.0,1443.0,0,25.0,0.0,0
2024-12-26,Vietnam,2.0,0.0,114.0,160.0,1165.0,1,46.0,0.01875,3
2024-12-27,Thailand,1.0,2.0,97.0,150.0,1231.0,0,53.0,0.0,0
2024-12-27,Qatar,1.0,1.0,48.0,134.0,1475.0,2,86.0,0.007462686567164179,1
2024-12-27,Oman,1.0,1.0,80.0,63.0,1307.0,2,-17.0,0.015873015873015872,1
2024-12-28,Saudi Arabia,3.0,1.0,59.0,56.0,1407.0,1,-3.0,0.05357142857142857,3
2024-12-28,Yemen,2.0,1.0,158.0,81.0,1018.0,1,-77.0,0.037037037037037035,3
2024-12-29,Singapore,1.0,3.0,160.0,114.0,1012.0,0,-46.0,0.0,0
2024-12-30,Philippines,1.0,3.0,150.0,97.0,1047.0,0,-53.0,0.0,0
2024-12-31,Saudi Arabia,1.0,2.0,59.0,80.0,1407.0,0,21.0,0.0,0
2024-12-31,Bahrain,1.0,0.0,81.0,134.0,1306.0,1,53.0,0.022388059701492536,3
2025-01-02,Thailand,1.0,2.0,97.0,114.0,1231.0,0,17.0,0.0,0
2025-01-04,Bahrain,2.0,1.0,81.0,80.0,1306.0,1,-1.0,0.0375,3
2025-01-04,Kenya,1.0,1.0,108.0,66.0,1190.0,2,-42.0,0.015151515151515152,1
2025-01-05,Vietnam,3.0,2.0,114.0,97.0,1165.0,1,-17.0,0.030927835051546393,3
2025-01-07,Kenya,2.0,0.0,108.0,106.0,1190.0,1,-2.0,0.02830188679245283,3
2025-01-09,Burkina Faso,2.0,0.0,66.0,106.0,1374.0,1,40.0,0.02830188679245283,3
2025-01-18,Venezuela,1.0,3.0,47.0,16.0,1476.0,0,-31.0,0.0,0
2025-01-22,Costa Rica,0.0,3.0,54.0,16.0,1455.0,0,-38.0,0.0,0
2025-01-22,Jordan,0.0,0.0,64.0,58.0,1376.0,2,-6.0,0.017241379310344827,1
2025-02-07,Trinidad and Tobago,0.0,1.0,102.0,62.0,1215.0,0,-40.0,0.0,0
2025-02-08,Panama,1.0,6.0,36.0,50.0,1504.0,0,14.0,0.0,0
2025-02-10,Trinidad and Tobago,1.0,1.0,102.0,62.0,1215.0,2,-40.0,0.016129032258064516,1
2025-02-13,Sudan,0.0,0.0,113.0,80.0,1165.0,2,-33.0,0.0125,1
2025-03-09,Grenada,1.0,1.0,174.0,173.0,955.0,2,-1.0,0.005780346820809248,1
2025-03-13,Sudan,0.0,0.0,113.0,80.0,1165.0,2,-33.0,0.0125,1
2025-03-14,North Korea,1.0,1.0,115.0,64.0,1164.0,2,-51.0,0.015625,1
2025-03-16,Guatemala,2.0,1.0,105.0,75.0,1201.0,1,-30.0,0.04,3
2025-03-19,Cameroon,0.0,0.0,49.0,159.0,1471.0,2,110.0,0.006289308176100629,1
2025-03-19,Macau,0.0,2.0,193.0,155.0,869.0,0,-38.0,0.0,0
2025-03-19,Maldives,0.0,3.0,162.0,126.0,1001.0,0,-36.0,0.0,0
2025-03-19,Cambodia,1.0,2.0,180.0,114.0,920.0,0,-66.0,0.0,0
2025-03-19,Madagascar,4.0,1.0,116.0,135.0,1162.0,1,19.0,0.022222222222222223,3
2025-03-19,Curaçao,0.0,2.0,91.0,110.0,1265.0,0,19.0,0.0,0
2025-03-19,Grenada,0.0,5.0,174.0,34.0,955.0,0,-140.0,0.0,0
2025-03-19,Tunisia,1.0,0.0,52.0,145.0,1464.0,1,93.0,0.020689655172413793,3
2025-03-20,Germany,2.0,1.0,10.0,9.0,1704.0,1,-1.0,0.3333333333333333,3
2025-03-20,France,0.0,2.0,2.0,13.0,1860.0,0,11.0,0.0,0
2025-03-20,Portugal,0.0,1.0,6.0,21.0,1756.0,0,15.0,0.0,0
2025-03-20,Spain,2.0,2.0,3.0,7.0,1853.0,2,4.0,0.14285714285714285,1
2025-03-20,Colombia,1.0,2.0,12.0,5.0,1694.0,0,-7.0,0.0,0
2025-03-20,Scotland,1.0,0.0,45.0,39.0,1480.0,1,-6.0,0.07692307692307693,3
2025-03-20,Hungary,1.0,3.0,30.0,28.0,1518.0,0,-2.0,0.0,0
2025-03-20,Serbia,1.0,1.0,32.0,22.0,1514.0,2,-10.0,0.045454545454545456,1
2025-03-20,Republic of Ireland,2.0,1.0,60.0,82.0,1400.0,1,22.0,0.036585365853658534,3
2025-03-20,Panama,1.0,0.0,36.0,16.0,1504.0,1,-20.0,0.1875,3
2025-03-20,Iceland,1.0,2.0,70.0,99.0,1355.0,0,29.0,0.0,0
2025-03-20,Slovenia,0.0,0.0,55.0,41.0,1454.0,2,-14.0,0.024390243902439025,1
2025-03-20,Sri Lanka,2.0,1.0,200.0,186.0,833.0,1,-14.0,0.016129032258064516,3
2025-03-20,Belarus,5.0,0.0,98.0,104.0,1226.0,1,6.0,0.028846153846153848,3
2025-03-20,Chile,0.0,1.0,50.0,53.0,1469.0,0,3.0,0.0,0
2025-03-20,Belgium,1.0,3.0,8.0,25.0,1741.0,0,17.0,0.0,0
2025-03-20,Georgia,3.0,0.0,68.0,100.0,1362.0,1,32.0,0.03,3
2025-03-20,Bolivia,1.0,3.0,79.0,40.0,1309.0,0,-39.0,0.0,0
2025-03-20,Mexico,2.0,0.0,19.0,31.0,1627.0,1,12.0,0.0967741935483871,3
2025-03-20,United Arab Emirates,0.0,2.0,63.0,18.0,1386.0,0,-45.0,0.0,0
2025-03-20,Palestine,1.0,3.0,101.0,64.0,1216.0,0,-37.0,0.0,0
2025-03-20,Oman,1.0,1.0,80.0,23.0,1307.0,2,-57.0,0.043478260869565216,1
2025-03-20,Kuwait,2.0,2.0,134.0,56.0,1109.0,2,-78.0,0.017857142857142856,1
2025-03-20,Bahrain,0.0,2.0,81.0,15.0,1306.0,0,-66.0,0.0,0
2025-03-20,Indonesia,1.0,5.0,127.0,26.0,1133.0,0,-101.0,0.0,0
2025-03-20,Kyrgyzstan,0.0,1.0,107.0,58.0,1194.0,0,-49.0,0.0,0
2025-03-20,Benin,2.0,2.0,94.0,121.0,1251.0,2,27.0,0.008264462809917356,1
2025-03-20,Angola,1.0,1.0,85.0,118.0,1296.0,2,33.0,0.00847457627118644,1
2025-03-20,Guinea-Bissau,1.0,3.0,120.0,129.0,1152.0,0,9.0,0.0,0
2025-03-20,Kenya,3.0,3.0,108.0,125.0,1190.0,2,17.0,0.008,1
2025-03-20,Seychelles,0.0,3.0,201.0,84.0,831.0,0,-117.0,0.0,0
2025-03-20,Uganda,1.0,3.0,88.0,96.0,1270.0,0,8.0,0.0,0
2025-03-20,Namibia,1.0,0.0,111.0,131.0,1179.0,1,20.0,0.022900763358778626,3
2025-03-20,Mali,3.0,0.0,51.0,103.0,1466.0,1,52.0,0.02912621359223301,3
2025-03-20,Timor-Leste,0.0,4.0,197.0,112.0,847.0,0,-85.0,0.0,0
2025-03-20,Mauritius,0.0,1.0,179.0,72.0,923.0,0,-107.0,0.0,0
2025-03-20,North Korea,1.0,5.0,115.0,48.0,1164.0,0,-67.0,0.0,0
2025-03-21,Trinidad and Tobago,2.0,1.0,102.0,163.0,1215.0,1,61.0,0.018404907975460124,3
2025-03-21,Djibouti,1.0,4.0,191.0,66.0,877.0,0,-125.0,0.0,0
2025-03-21,Costa Rica,7.0,0.0,54.0,178.0,1455.0,1,124.0,0.016853932584269662,3
2025-03-21,Guatemala,2.0,3.0,105.0,154.0,1201.0,0,49.0,0.0,0
2025-03-21,Jamaica,1.0,1.0,62.0,173.0,1391.0,2,111.0,0.005780346820809248,1
2025-03-21,Honduras,5.0,3.0,75.0,166.0,1326.0,1,91.0,0.018072289156626505,3
2025-03-21,Fiji,0.0,7.0,148.0,89.0,1048.0,0,-59.0,0.0,0
2025-03-21,Nepal,1.0,0.0,175.0,160.0,939.0,1,-15.0,0.01875,3
2025-03-21,Switzerland,1.0,1.0,20.0,71.0,1625.0,2,51.0,0.014084507042253521,1
2025-03-21,Afghanistan,0.0,2.0,156.0,97.0,1025.0,0,-59.0,0.0,0
2025-03-21,Tahiti,0.0,3.0,153.0,152.0,1031.0,0,-1.0,0.0,0
2025-03-21,Venezuela,1.0,2.0,47.0,24.0,1476.0,0,-23.0,0.0,0
2025-03-21,Argentina,1.0,0.0,1.0,11.0,1867.0,1,10.0,0.2727272727272727,3
2025-03-21,Dominican Republic,2.0,2.0,141.0,157.0,1083.0,2,16.0,0.006369426751592357,1
2025-03-21,Ivory Coast,1.0,0.0,46.0,139.0,1478.0,1,93.0,0.02158273381294964,3
2025-03-21,Chad,0.0,5.0,176.0,77.0,935.0,0,-99.0,0.0,0
2025-03-21,Egypt,2.0,0.0,33.0,146.0,1513.0,1,113.0,0.02054794520547945,3
2025-03-21,Somalia,0.0,0.0,202.0,78.0,830.0,2,-124.0,0.01282051282051282,1
2025-03-21,Nigeria,2.0,0.0,44.0,124.0,1482.0,1,80.0,0.024193548387096774,3
2025-03-21,Niger,1.0,2.0,122.0,14.0,1146.0,0,-108.0,0.0,0
2025-03-21,Algeria,3.0,1.0,37.0,136.0,1496.0,1,99.0,0.022058823529411766,3
2025-03-21,Lesotho,3.0,0.0,149.0,57.0,1047.0,1,-92.0,0.05263157894736842,3
2025-03-21,Finland,1.0,0.0,69.0,168.0,1362.0,1,99.0,0.017857142857142856,3
2025-03-21,Latvia,1.0,0.0,140.0,171.0,1084.0,1,31.0,0.017543859649122806,3
2025-03-21,Lithuania,0.0,1.0,142.0,35.0,1070.0,0,-107.0,0.0,0
2025-03-21,Albania,0.0,2.0,65.0,4.0,1376.0,0,-61.0,0.0,0
2025-03-21,San Marino,0.0,2.0,210.0,130.0,747.0,0,-80.0,0.0,0
2025-03-21,Bosnia and Herzegovina,1.0,0.0,74.0,38.0,1327.0,1,-36.0,0.07894736842105263,3
2025-03-21,South Sudan,0.0,1.0,170.0,61.0,974.0,0,-109.0,0.0,0
2025-03-22,Norway,5.0,0.0,43.0,151.0,1484.0,1,108.0,0.019867549668874173,3
2025-03-22,Haiti,3.0,0.0,86.0,117.0,1288.0,1,31.0,0.02564102564102564,3
2025-03-22,Sweden,0.0,1.0,27.0,92.0,1540.0,0,65.0,0.0,0
2025-03-22,Mauritania,2.0,2.0,109.0,119.0,1183.0,2,10.0,0.008403361344537815,1
2025-03-22,Senegal,0.0,0.0,17.0,113.0,1637.0,2,96.0,0.008849557522123894,1
2025-03-22,North Macedonia,3.0,0.0,67.0,204.0,1369.0,1,137.0,0.014705882352941176,3
2025-03-22,Kazakhstan,1.0,3.0,110.0,29.0,1180.0,0,-81.0,0.0,0
2025-03-22,Gibraltar,1.0,3.0,196.0,73.0,849.0,0,-123.0,0.0,0
2025-03-22,Faroe Islands,1.0,2.0,137.0,42.0,1097.0,0,-95.0,0.0,0
2025-03-22,Estonia,1.0,2.0,123.0,76.0,1143.0,0,-47.0,0.0,0
2025-03-23,Ukraine,0.0,3.0,25.0,8.0,1555.0,0,-17.0,0.0,0
2025-03-23,Turkey,3.0,0.0,28.0,30.0,1537.0,1,2.0,0.1,3
2025-03-23,Canada,2.0,1.0,31.0,16.0,1516.0,1,-15.0,0.1875,3
2025-03-23,Mexico,2.0,1.0,19.0,36.0,1627.0,1,17.0,0.08333333333333333,3
2025-03-23,Italy,3.0,3.0,9.0,10.0,1732.0,2,1.0,0.1,1
2025-03-23,Denmark,2.0,5.0,21.0,6.0,1611.0,0,-15.0,0.0,0
2025-03-23,Netherlands,3.0,3.0,7.0,3.0,1748.0,2,-4.0,0.3333333333333333,1
2025-03-23,Croatia,0.0,2.0,13.0,2.0,1692.0,0,-11.0,0.0,0
2025-03-23,Mauritius,3.0,3.0,179.0,159.0,923.0,2,-20.0,0.006289308176100629,1
2025-03-23,Armenia,1.0,6.0,100.0,68.0,1219.0,0,-32.0,0.0,0
2025-03-23,Kosovo,3.0,1.0,99.0,70.0,1220.0,1,-29.0,0.04285714285714286,3
2025-03-23,Bulgaria,1.0,2.0,82.0,60.0,1301.0,0,-22.0,0.0,0
2025-03-23,Slovakia,0.0,1.0,41.0,55.0,1486.0,0,14.0,0.0,0
2025-03-23,Gabon,2.0,1.0,84.0,108.0,1298.0,1,24.0,0.027777777777777776,3
2025-03-23,Austria,0.0,2.0,22.0,32.0,1590.0,0,10.0,0.0,0
2025-03-23,Greece,3.0,0.0,39.0,45.0,1490.0,1,6.0,0.06666666666666667,3
2025-03-24,Mali,0.0,0.0,51.0,135.0,1466.0,2,84.0,0.007407407407407408,1
2025-03-24,New Caledonia,0.0,3.0,152.0,89.0,1034.0,0,-63.0,0.0,0
2025-03-24,Burkina Faso,2.0,1.0,66.0,120.0,1374.0,1,54.0,0.025,3
2025-03-24,Djibouti,1.0,6.0,191.0,146.0,877.0,0,-45.0,0.0,0
2025-03-24,Gambia,0.0,1.0,125.0,46.0,1135.0,0,-79.0,0.0,0
2025-03-24,Equatorial Guinea,1.0,1.0,93.0,111.0,1256.0,2,18.0,0.009009009009009009,1
2025-03-24,Malawi,0.0,2.0,131.0,52.0,1129.0,0,-79.0,0.0,0
2025-03-24,Malta,0.0,2.0,168.0,35.0,984.0,0,-133.0,0.0,0
2025-03-24,Ghana,3.0,0.0,77.0,116.0,1321.0,1,39.0,0.02586206896551724,3
2025-03-24,Cyprus,1.0,2.0,130.0,74.0,1131.0,0,-56.0,0.0,0
2025-03-24,Romania,5.0,1.0,38.0,210.0,1494.0,1,172.0,0.014285714285714285,3
2025-03-24,Latvia,0.0,3.0,140.0,4.0,1084.0,0,-136.0,0.0,0
2025-03-24,Andorra,0.0,3.0,171.0,65.0,972.0,0,-106.0,0.0,0
2025-03-24,Finland,2.0,2.0,69.0,142.0,1362.0,2,73.0,0.007042253521126761,1
2025-03-25,Laos,0.0,5.0,186.0,114.0,890.0,0,-72.0,0.0,0
2025-03-25,Pakistan,0.0,2.0,198.0,95.0,843.0,0,-103.0,0.0,0
2025-03-25,Afghanistan,1.0,2.0,156.0,169.0,1025.0,0,13.0,0.0,0
2025-03-25,Sri Lanka,0.0,1.0,200.0,97.0,833.0,0,-103.0,0.0,0
2025-03-25,Brunei,0.0,5.0,184.0,112.0,900.0,0,-72.0,0.0,0
2025-03-25,Bangladesh,0.0,0.0,185.0,126.0,899.0,2,-59.0,0.007936507936507936,1
2025-03-25,Nepal,0.0,2.0,175.0,132.0,939.0,0,-43.0,0.0,0
2025-03-25,Yemen,0.0,0.0,158.0,182.0,1018.0,2,24.0,0.005494505494505495,1
2025-03-25,Maldives,1.0,4.0,162.0,150.0,1001.0,0,-12.0,0.0,0
2025-03-25,Timor-Leste,0.0,1.0,197.0,104.0,847.0,0,-93.0,0.0,0
2025-03-25,Hong Kong,0.0,0.0,155.0,160.0,1029.0,2,5.0,0.00625,1
2025-03-25,Belize,1.0,6.0,178.0,54.0,925.0,0,-124.0,0.0,0
2025-03-25,Uruguay,0.0,0.0,11.0,79.0,1696.0,2,68.0,0.012658227848101266,1
2025-03-25,Aruba,2.0,1.0,195.0,180.0,858.0,1,-15.0,0.016666666666666666,3
2025-03-25,Paraguay,2.0,2.0,53.0,12.0,1458.0,2,-41.0,0.08333333333333333,1
2025-03-25,Luxembourg,1.0,3.0,92.0,20.0,1256.0,0,-72.0,0.0,0
2025-03-25,Saint Vincent and the Grenadines,0.0,3.0,173.0,62.0,962.0,0,-111.0,0.0,0
2025-03-25,Puerto Rico,0.0,2.0,157.0,141.0,1023.0,0,-16.0,0.0,0
2025-03-25,Guyana,0.0,2.0,154.0,105.0,1031.0,0,-49.0,0.0,0
2025-03-25,Zambia,0.0,5.0,87.0,34.0,1279.0,0,-53.0,0.0,0
2025-03-25,Belarus,2.0,0.0,98.0,117.0,1226.0,1,19.0,0.02564102564102564,3
2025-03-25,Cuba,0.0,4.0,163.0,102.0,994.0,0,-61.0,0.0,0
2025-03-25,Brazil,1.0,4.0,5.0,1.0,1776.0,0,-4.0,0.0,0
2025-03-25,Lesotho,1.0,1.0,149.0,124.0,1047.0,2,-25.0,0.008064516129032258,1
2025-03-25,Peru,0.0,1.0,40.0,47.0,1488.0,0,7.0,0.0,0
2025-03-25,Northern Ireland,1.0,5.0,71.0,27.0,1350.0,0,-44.0,0.0,0
2025-03-25,Ecuador,0.0,0.0,24.0,50.0,1560.0,2,26.0,0.02,1
2025-03-25,Seychelles,0.0,5.0,201.0,139.0,831.0,0,-62.0,0.0,0
2025-03-25,Togo,0.0,2.0,119.0,17.0,1152.0,0,-102.0,0.0,0
2025-03-25,DR Congo,2.0,0.0,61.0,109.0,1396.0,1,48.0,0.027522935779816515,3
2025-03-25,Sierra Leone,0.0,1.0,129.0,33.0,1132.0,0,-96.0,0.0,0
2025-03-25,Bahrain,0.0,1.0,81.0,127.0,1306.0,0,46.0,0.0,0
2025-03-25,Saudi Arabia,0.0,0.0,59.0,15.0,1407.0,2,-44.0,0.06666666666666667,1
2025-03-25,Oman,1.0,0.0,80.0,134.0,1307.0,1,54.0,0.022388059701492536,3
2025-03-25,Iraq,1.0,2.0,56.0,101.0,1443.0,0,45.0,0.0,0
2025-03-25,South Sudan,1.0,1.0,170.0,113.0,974.0,2,-57.0,0.008849557522123894,1
2025-03-25,Jordan,1.0,1.0,64.0,23.0,1376.0,2,-41.0,0.043478260869565216,1
2025-03-25,United Arab Emirates,2.0,1.0,63.0,115.0,1386.0,1,52.0,0.02608695652173913,3
2025-03-25,Qatar,1.0,3.0,48.0,107.0,1475.0,0,59.0,0.0,0
2025-03-25,South Africa,2.0,0.0,57.0,94.0,1429.0,1,37.0,0.031914893617021274,3
2025-03-25,Bermuda,0.0,2.0,166.0,75.0,988.0,0,-91.0,0.0,0
2025-03-25,Faroe Islands,0.0,1.0,137.0,73.0,1097.0,0,-64.0,0.0,0
2025-03-25,Zimbabwe,1.0,1.0,121.0,44.0,1151.0,2,-77.0,0.022727272727272728,1
2025-03-25,Uzbekistan,2.0,2.0,58.0,18.0,1425.0,2,-40.0,0.05555555555555555,1
2025-03-25,Wales,1.0,1.0,29.0,67.0,1534.0,2,38.0,0.014925373134328358,1
2025-03-25,Kazakhstan,2.0,0.0,110.0,204.0,1180.0,1,94.0,0.014705882352941176,3
2025-03-25,Norway,4.0,2.0,43.0,76.0,1484.0,1,33.0,0.039473684210526314,3
2025-03-25,Estonia,3.0,2.0,123.0,151.0,1143.0,1,28.0,0.019867549668874173,3
2025-03-25,Libya,1.0,3.0,118.0,49.0,1158.0,0,-69.0,0.0,0
2025-03-25,Mozambique,1.0,5.0,96.0,37.0,1233.0,0,-59.0,0.0,0
2025-03-25,Somalia,0.0,2.0,202.0,136.0,830.0,0,-66.0,0.0,0
2025-03-25,Guinea,0.0,1.0,78.0,88.0,1312.0,0,10.0,0.0,0
2025-03-25,Czech Republic,4.0,0.0,42.0,196.0,1485.0,1,154.0,0.015306122448979591,3
2025-03-25,Tanzania,0.0,2.0,106.0,14.0,1199.0,0,-92.0,0.0,0
2025-03-25,Cape Verde,2.0,1.0,72.0,85.0,1329.0,1,13.0,0.03529411764705882,3
2025-03-25,Chad,0.0,1.0,176.0,103.0,935.0,0,-73.0,0.0,0
2025-05-09,Barbados,0.0,0.0,176.0,184.0,933.0,2,8.0,0.005434782608695652,1
2025-05-11,Barbados,0.0,0.0,176.0,184.0,933.0,2,8.0,0.005434782608695652,1
2025-05-21,Saint Vincent and the Grenadines,3.0,1.0,172.0,145.0,966.0,1,-27.0,0.020689655172413793,3
2025-05-25,Saint Kitts and Nevis,4.0,2.0,145.0,209.0,1065.0,1,64.0,0.014354066985645933,3
2025-05-25,Saint Kitts and Nevis,0.0,3.0,145.0,172.0,1065.0,0,27.0,0.0,0
2025-05-27,Trinidad and Tobago,2.0,3.0,100.0,63.0,1230.0,0,-37.0,0.0,0
2025-05-28,Ghana,1.0,2.0,76.0,43.0,1333.0,0,-33.0,0.0,0
2025-05-28,Lebanon,0.0,1.0,112.0,77.0,1178.0,0,-35.0,0.0,0
2025-05-29,Cape Verde,1.0,1.0,72.0,131.0,1344.0,2,59.0,0.007633587786259542,1
2025-05-30,British Virgin Islands,1.0,1.0,207.0,172.0,780.0,2,-35.0,0.005813953488372093,1
2025-05-30,Jordan,0.0,2.0,62.0,58.0,1389.0,0,-4.0,0.0,0
2025-05-31,Ghana,4.0,0.0,76.0,100.0,1333.0,1,24.0,0.03,3
2025-05-31,Nigeria,2.0,2.0,43.0,63.0,1481.0,2,20.0,0.015873015873015872,1
2025-06-01,Anguilla,0.0,2.0,209.0,174.0,769.0,0,-35.0,0.0,0
2025-06-01,Guatemala,1.0,1.0,106.0,81.0,1197.0,2,-25.0,0.012345679012345678,1
2025-06-01,Nicaragua,1.0,1.0,133.0,157.0,1114.0,2,24.0,0.006369426751592357,1
2025-06-02,Burkina Faso,0.0,2.0,64.0,49.0,1385.0,0,-15.0,0.0,0
2025-06-03,Cape Verde,3.0,0.0,72.0,131.0,1344.0,1,59.0,0.022900763358778626,3
2025-06-04,Cayman Islands,0.0,5.0,191.0,168.0,867.0,0,-23.0,0.0,0
2025-06-04,Portugal,2.0,1.0,7.0,10.0,1750.0,1,3.0,0.3,3
2025-06-04,India,0.0,2.0,127.0,99.0,1132.0,0,-28.0,0.0,0
2025-06-04,Aruba,1.0,1.0,195.0,176.0,864.0,2,-19.0,0.005681818181818182,1
2025-06-04,Bhutan,0.0,2.0,182.0,183.0,907.0,0,1.0,0.0,0
2025-06-04,Belize,0.0,1.0,179.0,180.0,919.0,0,1.0,0.0,0
2025-06-04,British Virgin Islands,0.0,3.0,207.0,184.0,780.0,0,-23.0,0.0,0
2025-06-04,Anguilla,0.0,6.0,209.0,172.0,769.0,0,-37.0,0.0,0
2025-06-04,Bahamas,0.0,6.0,204.0,174.0,819.0,0,-30.0,0.0,0
2025-06-05,Maldives,1.0,3.0,164.0,161.0,986.0,0,-3.0,0.0,0
2025-06-05,Mali,0.0,1.0,53.0,61.0,1460.0,0,8.0,0.0,0
2025-06-05,Nepal,0.0,0.0,175.0,153.0,936.0,2,-22.0,0.006535947712418301,1
2025-06-05,Faroe Islands,0.0,1.0,141.0,68.0,1085.0,0,-73.0,0.0,0
2025-06-05,Rwanda,0.0,2.0,130.0,36.0,1127.0,0,-94.0,0.0,0
2025-06-05,Tajikistan,2.0,1.0,104.0,181.0,1203.0,1,77.0,0.016574585635359115,3
2025-06-05,Kazakhstan,1.0,4.0,113.0,98.0,1178.0,0,-15.0,0.0,0
2025-06-05,France,4.0,5.0,3.0,2.0,1853.0,0,-1.0,0.0,0
2025-06-05,Argentina,1.0,0.0,1.0,52.0,1886.0,1,51.0,0.057692307692307696,3
2025-06-05,Brazil,0.0,0.0,5.0,24.0,1776.0,2,19.0,0.041666666666666664,1
2025-06-05,Uzbekistan,0.0,0.0,57.0,65.0,1437.0,2,8.0,0.015384615384615385,1
2025-06-05,Kyrgyzstan,2.0,2.0,103.0,118.0,1206.0,2,15.0,0.00847457627118644,1
2025-06-05,Uruguay,0.0,2.0,13.0,48.0,1679.0,0,35.0,0.0,0
2025-06-05,Brunei,0.0,1.0,185.0,200.0,893.0,0,15.0,0.0,0
2025-06-05,Saudi Arabia,2.0,0.0,58.0,84.0,1419.0,1,26.0,0.03571428571428571,3
2025-06-05,Japan,0.0,1.0,15.0,26.0,1653.0,0,11.0,0.0,0
2025-06-05,South Korea,2.0,0.0,23.0,59.0,1575.0,1,36.0,0.05084745762711865,3
2025-06-05,Palestine,2.0,0.0,101.0,134.0,1225.0,1,33.0,0.022388059701492536,3
2025-06-05,Iran,0.0,1.0,18.0,55.0,1637.0,0,37.0,0.0,0
2025-06-05,Jordan,3.0,0.0,62.0,77.0,1389.0,1,15.0,0.03896103896103896,3
2025-06-06,Gabon,3.0,4.0,79.0,122.0,1310.0,0,43.0,0.0,0
2025-06-06,Moldova,0.0,2.0,154.0,34.0,1031.0,0,-120.0,0.0,0
2025-06-06,Burkina Faso,2.0,0.0,64.0,116.0,1385.0,1,52.0,0.02586206896551724,3
2025-06-06,Iceland,3.0,1.0,74.0,44.0,1337.0,1,-30.0,0.06818181818181818,3
2025-06-06,Slovenia,1.0,0.0,51.0,91.0,1463.0,1,40.0,0.03296703296703297,3
2025-06-06,Tanzania,0.0,0.0,107.0,56.0,1196.0,2,-51.0,0.017857142857142856,1
2025-06-06,Cyprus,2.0,2.0,129.0,85.0,1128.0,2,-44.0,0.011764705882352941,1
2025-06-06,Armenia,2.0,5.0,102.0,97.0,1208.0,0,-5.0,0.0,0
2025-06-06,Sweden,2.0,0.0,28.0,37.0,1536.0,1,9.0,0.08108108108108109,3
2025-06-06,Gambia,2.0,1.0,126.0,92.0,1133.0,1,-34.0,0.03260869565217391,3
2025-06-06,Mauritania,1.0,2.0,110.0,135.0,1180.0,0,25.0,0.0,0
2025-06-06,Cameroon,3.0,0.0,50.0,89.0,1466.0,1,39.0,0.033707865168539325,3
2025-06-06,Senegal,1.0,1.0,19.0,60.0,1630.0,2,41.0,0.016666666666666666,1
2025-06-06,Tunisia,0.0,2.0,49.0,12.0,1474.0,0,-37.0,0.0,0
2025-06-06,Guinea-Bissau,0.0,1.0,128.0,140.0,1128.0,0,12.0,0.0,0
2025-06-06,Puerto Rico,0.0,1.0,157.0,137.0,1019.0,0,-20.0,0.0,0
2025-06-06,Croatia,7.0,0.0,11.0,196.0,1699.0,1,185.0,0.015306122448979591,3
2025-06-06,Guyana,0.0,1.0,152.0,133.0,1038.0,0,-19.0,0.0,0
2025-06-06,Saint Lucia,0.0,4.0,165.0,90.0,986.0,0,-75.0,0.0,0
2025-06-06,Saint Kitts and Nevis,2.0,6.0,145.0,100.0,1065.0,0,-45.0,0.0,0
2025-06-06,Cuba,1.0,0.0,167.0,159.0,980.0,1,-8.0,0.018867924528301886,3
2025-06-06,Nigeria,1.0,1.0,43.0,35.0,1481.0,2,-8.0,0.02857142857142857,1
2025-06-06,Dominican Republic,2.0,4.0,139.0,106.0,1087.0,0,-33.0,0.0,0
2025-06-06,Belgium,1.0,1.0,8.0,67.0,1736.0,2,59.0,0.014925373134328358,1
2025-06-06,Montenegro,0.0,2.0,73.0,39.0,1337.0,0,-34.0,0.0,0
2025-06-06,Peru,0.0,0.0,42.0,14.0,1483.0,2,-28.0,0.07142857142857142,1
2025-06-06,Bolivia,0.0,2.0,80.0,47.0,1308.0,0,-33.0,0.0,0
2025-06-06,Israel,3.0,1.0,78.0,121.0,1322.0,1,43.0,0.024793388429752067,3
2025-06-06,Liechtenstein,0.0,3.0,205.0,29.0,814.0,0,-176.0,0.0,0
2025-06-06,Italy,0.0,3.0,9.0,38.0,1718.0,0,29.0,0.0,0
2025-06-07,England,1.0,0.0,4.0,173.0,1819.0,1,169.0,0.017341040462427744,3
2025-06-07,Romania,1.0,2.0,45.0,22.0,1479.0,0,-23.0,0.0,0
2025-06-07,Northern Ireland,1.0,2.0,71.0,21.0,1349.0,0,-50.0,0.0,0
2025-06-07,Azerbaijan,0.0,0.0,119.0,138.0,1151.0,2,19.0,0.007246376811594203,1
2025-06-07,Switzerland,4.0,2.0,20.0,17.0,1625.0,1,-3.0,0.17647058823529413,3
2025-06-07,Turkey,2.0,1.0,27.0,16.0,1551.0,1,-11.0,0.1875,3
2025-06-07,Lithuania,0.0,0.0,143.0,169.0,1073.0,2,26.0,0.005917159763313609,1
2025-06-07,Netherlands,2.0,0.0,6.0,69.0,1752.0,1,63.0,0.043478260869565216,3
2025-06-07,San Marino,0.0,1.0,210.0,70.0,741.0,0,-140.0,0.0,0
2025-06-07,Slovakia,1.0,4.0,46.0,40.0,1478.0,0,-6.0,0.0,0
2025-06-07,Panama,2.0,0.0,33.0,179.0,1518.0,1,146.0,0.01675977653631285,3
2025-06-07,New Zealand,1.0,0.0,86.0,41.0,1285.0,1,-45.0,0.07317073170731707,3
2025-06-07,Chad,0.0,0.0,177.0,111.0,925.0,2,-66.0,0.009009009009009009,1
2025-06-07,Honduras,1.0,0.0,75.0,191.0,1334.0,1,116.0,0.015706806282722512,3
2025-06-07,Costa Rica,8.0,0.0,54.0,204.0,1459.0,1,150.0,0.014705882352941176,3
2025-06-07,Haiti,5.0,0.0,83.0,195.0,1292.0,1,112.0,0.015384615384615385,3
2025-06-07,Jamaica,1.0,0.0,63.0,207.0,1387.0,1,144.0,0.014492753623188406,3
2025-06-07,El Salvador,3.0,0.0,81.0,209.0,1301.0,1,128.0,0.014354066985645933,3
2025-06-07,Serbia,0.0,0.0,31.0,66.0,1524.0,2,35.0,0.015151515151515152,1
2025-06-07,Ukraine,2.0,4.0,25.0,30.0,1560.0,0,5.0,0.0,0
2025-06-08,Spain,2.0,2.0,2.0,7.0,1855.0,2,5.0,0.14285714285714285,1
2025-06-08,France,2.0,0.0,3.0,10.0,1853.0,1,7.0,0.3,3
2025-06-08,Cape Verde,1.0,1.0,72.0,68.0,1344.0,2,-4.0,0.014705882352941176,1
2025-06-08,Madagascar,1.0,3.0,115.0,61.0,1163.0,0,-54.0,0.0,0
2025-06-09,Comoros,2.0,4.0,105.0,97.0,1203.0,0,-8.0,0.0,0
2025-06-09,Benin,0.0,1.0,95.0,12.0,1240.0,0,-83.0,0.0,0
2025-06-09,Rwanda,0.0,2.0,130.0,36.0,1127.0,0,-94.0,0.0,0
2025-06-09,Cameroon,1.0,1.0,50.0,92.0,1466.0,2,42.0,0.010869565217391304,1
2025-06-09,Guinea-Bissau,0.0,2.0,128.0,79.0,1128.0,0,-49.0,0.0,0
2025-06-09,Scotland,4.0,0.0,44.0,205.0,1480.0,1,161.0,0.014634146341463415,3
2025-06-09,Armenia,2.0,2.0,102.0,73.0,1208.0,2,-29.0,0.0136986301369863,1
2025-06-09,Moldova,0.0,2.0,154.0,9.0,1031.0,0,-145.0,0.0,0
2025-06-09,North Macedonia,1.0,0.0,67.0,113.0,1376.0,1,46.0,0.02654867256637168,3
2025-06-09,Wales,3.0,4.0,29.0,8.0,1536.0,0,-21.0,0.0,0
2025-06-09,Gibraltar,1.0,2.0,196.0,141.0,843.0,0,-55.0,0.0,0
2025-06-09,Czech Republic,1.0,5.0,39.0,11.0,1491.0,0,-28.0,0.0,0
2025-06-09,Norway,1.0,0.0,38.0,121.0,1497.0,1,83.0,0.024793388429752067,3
2025-06-09,Gambia,1.0,1.0,126.0,89.0,1133.0,2,-37.0,0.011235955056179775,1
2025-06-10,Hungary,2.0,1.0,37.0,119.0,1503.0,1,82.0,0.025210084033613446,3
2025-06-10,Vietnam,0.0,4.0,109.0,131.0,1184.0,0,22.0,0.0,0
2025-06-10,Nepal,1.0,2.0,175.0,190.0,936.0,0,15.0,0.0,0
2025-06-10,Syria,1.0,0.0,93.0,160.0,1254.0,1,67.0,0.01875,3
2025-06-10,Pakistan,0.0,1.0,198.0,162.0,838.0,0,-36.0,0.0,0
2025-06-10,Thailand,1.0,3.0,99.0,142.0,1234.0,0,43.0,0.0,0
2025-06-10,Lebanon,0.0,0.0,112.0,158.0,1178.0,2,46.0,0.006329113924050633,1
2025-06-10,India,0.0,1.0,127.0,153.0,1132.0,0,26.0,0.0,0
2025-06-10,Colombia,1.0,1.0,14.0,1.0,1679.0,2,-13.0,1.0,1
2025-06-10,Bhutan,1.0,2.0,182.0,185.0,907.0,0,3.0,0.0,0
2025-06-10,Tajikistan,2.0,2.0,104.0,146.0,1203.0,2,42.0,0.00684931506849315,1
2025-06-10,Maldives,0.0,1.0,164.0,197.0,986.0,0,33.0,0.0,0
2025-06-10,Mauritania,0.0,0.0,110.0,140.0,1180.0,2,30.0,0.007142857142857143,1
2025-06-10,Chile,0.0,2.0,52.0,80.0,1462.0,0,28.0,0.0,0
2025-06-10,Lithuania,0.0,5.0,143.0,21.0,1073.0,0,-122.0,0.0,0
2025-06-10,Senegal,3.0,1.0,19.0,4.0,1630.0,1,-15.0,0.75,3
2025-06-10,Bulgaria,0.0,4.0,85.0,40.0,1289.0,0,-45.0,0.0,0
2025-06-10,Slovakia,0.0,1.0,46.0,78.0,1478.0,0,32.0,0.0,0
2025-06-10,Republic of Ireland,0.0,0.0,60.0,91.0,1412.0,2,31.0,0.01098901098901099,1
2025-06-10,Turkey,0.0,1.0,27.0,17.0,1551.0,0,-10.0,0.0,0
2025-06-10,Zimbabwe,1.0,1.0,116.0,122.0,1161.0,2,6.0,0.00819672131147541,1
2025-06-10,Iceland,0.0,1.0,74.0,71.0,1337.0,0,-3.0,0.0,0
2025-06-10,Bosnia and Herzegovina,1.0,2.0,70.0,51.0,1351.0,0,-19.0,0.0,0
2025-06-10,Mozambique,0.0,2.0,96.0,56.0,1239.0,0,-40.0,0.0,0
2025-06-10,Algeria,3.0,4.0,36.0,28.0,1507.0,0,-8.0,0.0,0
2025-06-10,Switzerland,4.0,0.0,20.0,16.0,1625.0,1,-4.0,0.1875,3
2025-06-10,Ecuador,0.0,0.0,24.0,42.0,1568.0,2,18.0,0.023809523809523808,1
2025-06-10,Kenya,2.0,1.0,111.0,177.0,1179.0,1,66.0,0.01694915254237288,3
2025-06-10,Singapore,2.0,1.0,161.0,183.0,1002.0,1,22.0,0.01639344262295082,3
2025-06-10,Venezuela,0.0,2.0,47.0,13.0,1477.0,0,-34.0,0.0,0
2025-06-10,Suriname,1.0,1.0,137.0,81.0,1097.0,2,-56.0,0.012345679012345678,1
2025-06-10,Ukraine,2.0,1.0,25.0,86.0,1560.0,1,61.0,0.03488372093023256,3
2025-06-10,Andorra,0.0,3.0,173.0,31.0,957.0,0,-142.0,0.0,0
2025-06-10,Cyprus,0.0,2.0,129.0,45.0,1128.0,0,-84.0,0.0,0
2025-06-10,Austria,4.0,0.0,22.0,210.0,1580.0,1,188.0,0.014285714285714285,3
2025-06-10,Poland,1.0,2.0,34.0,69.0,1517.0,0,35.0,0.0,0
2025-06-10,Paraguay,0.0,1.0,48.0,5.0,1476.0,0,-43.0,0.0,0
2025-06-10,Australia,2.0,1.0,26.0,58.0,1555.0,1,32.0,0.05172413793103448,3
2025-06-10,Iraq,1.0,0.0,59.0,62.0,1413.0,1,3.0,0.04838709677419355,3
2025-06-10,Oman,1.0,1.0,77.0,101.0,1324.0,2,24.0,0.009900990099009901,1
2025-06-10,Kuwait,0.0,4.0,134.0,23.0,1112.0,0,-111.0,0.0,0
2025-06-10,United Arab Emirates,1.0,1.0,65.0,103.0,1383.0,2,38.0,0.009708737864077669,1
2025-06-10,North Korea,0.0,3.0,118.0,18.0,1153.0,0,-100.0,0.0,0
2025-06-10,Indonesia,0.0,6.0,123.0,15.0,1143.0,0,-108.0,0.0,0
2025-06-10,Albania,1.0,1.0,66.0,138.0,1376.0,2,72.0,0.007246376811594203,1
2025-06-10,Malta,0.0,8.0,169.0,6.0,976.0,0,-163.0,0.0,0
2025-06-10,Ivory Coast,0.0,0.0,41.0,30.0,1487.0,2,-11.0,0.03333333333333333,1
2025-06-10,Russia,4.0,1.0,35.0,98.0,1516.0,1,63.0,0.030612244897959183,3
2025-06-10,Bermuda,2.0,1.0,168.0,167.0,978.0,1,-1.0,0.017964071856287425,3
2025-06-10,Antigua and Barbuda,0.0,2.0,159.0,75.0,1011.0,0,-84.0,0.0,0
2025-06-10,Grenada,3.0,2.0,174.0,145.0,954.0,1,-29.0,0.020689655172413793,3
2025-06-10,Trinidad and Tobago,1.0,2.0,100.0,54.0,1230.0,0,-46.0,0.0,0
2025-06-10,Barbados,1.0,2.0,176.0,165.0,933.0,0,-11.0,0.0,0
2025-06-10,Curaçao,5.0,1.0,90.0,83.0,1265.0,1,-7.0,0.03614457831325301,3
2025-06-10,Montserrat,0.0,3.0,180.0,152.0,914.0,0,-28.0,0.0,0
2025-06-10,Nicaragua,0.0,3.0,133.0,33.0,1114.0,0,-100.0,0.0,0
2025-06-10,Dominica,0.0,5.0,184.0,139.0,900.0,0,-45.0,0.0,0
2025-06-10,Guatemala,0.0,3.0,106.0,63.0,1197.0,0,-43.0,0.0,0
2025-06-10,Qatar,0.0,3.0,55.0,57.0,1457.0,0,2.0,0.0,0
2025-06-10,Saint Vincent and the Grenadines,1.0,2.0,172.0,157.0,966.0,0,-15.0,0.0,0
2025-06-14,Dominican Republic,2.0,3.0,139.0,17.0,1087.0,0,-122.0,0.0,0
2025-06-15,Saudi Arabia,1.0,0.0,58.0,83.0,1419.0,1,25.0,0.03614457831325301,3
2025-06-15,Suriname,3.0,4.0,137.0,54.0,1097.0,0,-83.0,0.0,0
2025-06-15,Trinidad and Tobago,0.0,5.0,100.0,16.0,1230.0,0,-84.0,0.0,0
2025-06-16,Guatemala,1.0,0.0,106.0,63.0,1197.0,1,-43.0,0.047619047619047616,3
2025-06-17,El Salvador,0.0,0.0,81.0,90.0,1301.0,2,9.0,0.011111111111111112,1
2025-06-17,Honduras,0.0,6.0,75.0,30.0,1334.0,0,-45.0,0.0,0
2025-06-18,Dominican Republic,1.0,2.0,139.0,54.0,1087.0,0,-85.0,0.0,0
2025-06-18,Mexico,2.0,0.0,17.0,137.0,1647.0,1,120.0,0.021897810218978103,3
2025-06-19,Haiti,1.0,1.0,83.0,100.0,1292.0,2,17.0,0.01,1
2025-06-19,Saudi Arabia,0.0,1.0,58.0,16.0,1419.0,0,-42.0,0.0,0
2025-06-20,Panama,1.0,0.0,33.0,106.0,1518.0,1,73.0,0.02830188679245283,3
2025-06-21,Canada,1.0,1.0,30.0,90.0,1532.0,2,60.0,0.011111111111111112,1
2025-06-21,El Salvador,0.0,2.0,81.0,75.0,1301.0,0,-6.0,0.0,0
2025-06-22,Costa Rica,0.0,0.0,54.0,17.0,1459.0,2,-37.0,0.058823529411764705,1
2025-06-22,Suriname,0.0,0.0,137.0,139.0,1097.0,2,2.0,0.007194244604316547,1
2025-06-22,Trinidad and Tobago,1.0,1.0,100.0,58.0,1230.0,2,-42.0,0.017241379310344827,1
2025-06-22,Haiti,1.0,2.0,83.0,16.0,1292.0,0,-67.0,0.0,0
2025-06-24,Curaçao,1.0,2.0,90.0,75.0,1265.0,0,-15.0,0.0,0
2025-06-24,El Salvador,0.0,2.0,81.0,30.0,1301.0,0,-51.0,0.0,0
2025-06-24,Jamaica,1.0,4.0,63.0,33.0,1387.0,0,-30.0,0.0,0
2025-06-28,Honduras,1.0,1.0,75.0,33.0,1334.0,2,-42.0,0.030303030303030304,1
2025-06-28,Saudi Arabia,0.0,2.0,58.0,17.0,1419.0,0,-41.0,0.0,0
2025-06-29,Guatemala,1.0,1.0,106.0,30.0,1197.0,2,-76.0,0.03333333333333333,1
2025-06-29,Costa Rica,2.0,2.0,54.0,16.0,1459.0,2,-38.0,0.0625,1
2025-07-02,Guatemala,1.0,2.0,106.0,16.0,1197.0,0,-90.0,0.0,0
2025-07-02,Honduras,0.0,1.0,75.0,17.0,1334.0,0,-58.0,0.0,0
2025-07-06,Mexico,2.0,1.0,17.0,16.0,1647.0,1,-1.0,0.1875,3
2025-08-24,Lebanon,2.0,2.0,112.0,53.0,1172.0,2,-59.0,0.018867924528301886,1
2025-09-03,Bahrain,2.0,2.0,89.0,53.0,1267.0,2,-36.0,0.018867924528301886,1
2025-09-03,Gabon,4.0,0.0,80.0,203.0,1307.0,1,123.0,0.014778325123152709,3
2025-09-04,Singapore,1.0,2.0,159.0,125.0,1017.0,0,-34.0,0.0,0
2025-09-04,Finland,0.0,1.0,69.0,33.0,1372.0,0,-36.0,0.0,0
2025-09-04,Jordan,0.0,0.0,64.0,35.0,1388.0,2,-29.0,0.02857142857142857,1
2025-09-04,North Macedonia,1.0,2.0,62.0,59.0,1391.0,0,-3.0,0.0,0
2025-09-04,Syria,1.0,3.0,91.0,65.0,1261.0,0,-26.0,0.0,0
2025-09-04,Bolivia,0.0,3.0,78.0,14.0,1316.0,0,-64.0,0.0,0
2025-09-04,Albania,1.0,0.0,68.0,199.0,1373.0,1,131.0,0.01507537688442211,3
2025-09-04,Chile,0.0,3.0,57.0,5.0,1442.0,0,-52.0,0.0,0
2025-09-04,Peru,0.0,3.0,42.0,16.0,1490.0,0,-26.0,0.0,0
2025-09-04,Cape Verde,2.0,0.0,73.0,177.0,1344.0,1,104.0,0.01694915254237288,3
2025-09-04,Sierra Leone,1.0,1.0,124.0,131.0,1140.0,2,7.0,0.007633587786259542,1
2025-09-04,Libya,1.0,0.0,117.0,85.0,1155.0,1,-32.0,0.03529411764705882,3
2025-09-04,Eswatini,0.0,3.0,155.0,51.0,1023.0,0,-104.0,0.0,0
2025-09-04,Venezuela,0.0,3.0,46.0,1.0,1477.0,0,-45.0,0.0,0
2025-09-04,Ecuador,0.0,0.0,25.0,43.0,1571.0,2,18.0,0.023255813953488372,1
2025-09-04,Malta,1.0,1.0,168.0,143.0,977.0,2,-25.0,0.006993006993006993,1
2025-09-04,Botswana,1.0,3.0,135.0,36.0,1101.0,0,-99.0,0.0,0
2025-09-04,Poland,1.0,1.0,37.0,7.0,1502.0,2,-30.0,0.14285714285714285,1
2025-09-04,Central African Republic,0.0,2.0,134.0,115.0,1108.0,0,-19.0,0.0,0
2025-09-04,Comoros,0.0,3.0,107.0,54.0,1199.0,0,-53.0,0.0,0
2025-09-04,Northern Ireland,3.0,1.0,71.0,92.0,1351.0,1,21.0,0.03260869565217391,3
2025-09-04,Germany,0.0,2.0,9.0,52.0,1717.0,0,43.0,0.0,0
2025-09-04,Turkey,3.0,2.0,27.0,67.0,1553.0,1,40.0,0.04477611940298507,3
2025-09-04,Spain,3.0,0.0,2.0,84.0,1867.0,1,82.0,0.03571428571428571,3
2025-09-04,Ghana,1.0,1.0,76.0,175.0,1333.0,2,99.0,0.005714285714285714,1
2025-09-04,Wales,1.0,0.0,31.0,114.0,1529.0,1,83.0,0.02631578947368421,3
2025-09-04,Liberia,0.0,3.0,144.0,49.0,1068.0,0,-95.0,0.0,0
2025-09-04,Hong Kong,1.0,2.0,147.0,58.0,1047.0,0,-89.0,0.0,0
2025-09-04,Fiji,0.0,3.0,150.0,102.0,1043.0,0,-48.0,0.0,0
2025-09-04,Panama,0.0,0.0,30.0,136.0,1545.0,2,106.0,0.007352941176470588,1
2025-09-04,El Salvador,1.0,0.0,87.0,100.0,1273.0,1,13.0,0.03,3
2025-09-04,Belgium,6.0,0.0,8.0,204.0,1736.0,1,196.0,0.014705882352941176,3
2025-09-05,Guinea,3.0,0.0,81.0,200.0,1293.0,1,119.0,0.015,3
2025-09-05,New Zealand,0.0,1.0,82.0,24.0,1289.0,0,-58.0,0.0,0
2025-09-05,Canada,3.0,0.0,28.0,48.0,1549.0,1,20.0,0.0625,3
2025-09-05,Burkina Faso,6.0,0.0,63.0,191.0,1388.0,1,128.0,0.015706806282722512,3
2025-09-05,DR Congo,4.0,1.0,61.0,169.0,1412.0,1,108.0,0.01775147928994083,3
2025-09-05,Togo,0.0,2.0,120.0,111.0,1149.0,0,-9.0,0.0,0
2025-09-05,Sudan,0.0,2.0,110.0,18.0,1174.0,0,-92.0,0.0,0
2025-09-05,Zimbabwe,0.0,1.0,116.0,96.0,1157.0,0,-20.0,0.0,0
2025-09-05,Niger,0.0,5.0,121.0,12.0,1148.0,0,-109.0,0.0,0
2025-09-05,Gambia,3.0,1.0,123.0,109.0,1141.0,1,-14.0,0.027522935779816515,3
2025-09-05,Burundi,0.0,1.0,139.0,45.0,1093.0,0,-94.0,0.0,0
2025-09-05,Ethiopia,0.0,2.0,146.0,34.0,1061.0,0,-112.0,0.0,0
2025-09-05,Lesotho,0.0,3.0,148.0,56.0,1046.0,0,-92.0,0.0,0
2025-09-05,Mozambique,0.0,4.0,99.0,88.0,1236.0,0,-11.0,0.0,0
2025-09-05,Estonia,0.0,5.0,126.0,11.0,1131.0,0,-115.0,0.0,0
2025-09-05,Czech Republic,2.0,0.0,41.0,77.0,1492.0,1,36.0,0.03896103896103896,3
2025-09-05,Sweden,2.0,2.0,29.0,50.0,1545.0,2,21.0,0.02,1
2025-09-05,Kosovo,0.0,4.0,95.0,19.0,1248.0,0,-76.0,0.0,0
2025-09-05,Scotland,0.0,0.0,47.0,21.0,1475.0,2,-26.0,0.047619047619047616,1
2025-09-05,Belarus,1.0,5.0,97.0,39.0,1237.0,0,-58.0,0.0,0
2025-09-05,France,2.0,0.0,3.0,26.0,1862.0,1,23.0,0.11538461538461539,3
2025-09-05,Azerbaijan,0.0,5.0,122.0,74.0,1148.0,0,-48.0,0.0,0
2025-09-05,Israel,4.0,0.0,75.0,154.0,1337.0,1,79.0,0.01948051948051948,3
2025-09-05,Croatia,1.0,0.0,10.0,141.0,1708.0,1,131.0,0.02127659574468085,3
2025-09-05,Jamaica,4.0,0.0,70.0,162.0,1363.0,1,92.0,0.018518518518518517,3
2025-09-05,Curaçao,0.0,0.0,86.0,101.0,1277.0,2,15.0,0.009900990099009901,1
2025-09-05,Honduras,0.0,0.0,66.0,90.0,1380.0,2,24.0,0.011111111111111112,1
2025-09-05,Malawi,2.0,1.0,129.0,108.0,1121.0,1,-21.0,0.027777777777777776,3
2025-09-05,Costa Rica,1.0,1.0,40.0,130.0,1494.0,2,90.0,0.007692307692307693,1
2025-09-06,South Korea,2.0,0.0,23.0,15.0,1587.0,1,-8.0,0.2,3
2025-09-06,Hungary,2.0,2.0,38.0,60.0,1501.0,2,22.0,0.016666666666666666,1
2025-09-06,Japan,0.0,0.0,17.0,13.0,1641.0,2,-4.0,0.07692307692307693,1
2025-09-06,Bangladesh,0.0,0.0,184.0,176.0,899.0,2,-8.0,0.005681818181818182,1
2025-09-06,Rwanda,0.0,1.0,127.0,44.0,1125.0,0,-83.0,0.0,0
2025-09-06,Cyprus,0.0,1.0,128.0,22.0,1124.0,0,-106.0,0.0,0
2025-09-06,Portugal,5.0,0.0,6.0,105.0,1771.0,1,99.0,0.02857142857142857,3
2025-09-06,Bosnia and Herzegovina,6.0,0.0,72.0,210.0,1349.0,1,138.0,0.014285714285714285,3
2025-09-06,Serbia,1.0,0.0,32.0,137.0,1523.0,1,105.0,0.021897810218978103,3
2025-09-06,Andorra,0.0,2.0,174.0,4.0,954.0,0,-170.0,0.0,0
2025-09-06,Maldives,3.0,0.0,171.0,196.0,966.0,1,25.0,0.015306122448979591,3
2025-09-07,Bulgaria,0.0,3.0,84.0,67.0,1284.0,0,-17.0,0.0,0
2025-09-07,Comoros,2.0,0.0,107.0,134.0,1199.0,1,27.0,0.022388059701492536,3
2025-09-07,Northern Ireland,1.0,3.0,71.0,9.0,1351.0,0,-62.0,0.0,0
2025-09-07,Slovakia,1.0,0.0,52.0,92.0,1467.0,1,40.0,0.03260869565217391,3
2025-09-07,Spain,6.0,0.0,2.0,27.0,1867.0,1,25.0,0.1111111111111111,3
2025-09-07,Netherlands,3.0,2.0,7.0,143.0,1758.0,1,136.0,0.02097902097902098,3
2025-09-07,Finland,1.0,3.0,69.0,37.0,1372.0,0,-32.0,0.0,0
2025-09-07,Liechtenstein,0.0,5.0,204.0,62.0,812.0,0,-142.0,0.0,0
2025-09-07,Russia,4.0,1.0,35.0,53.0,1519.0,1,18.0,0.05660377358490566,3
2025-09-07,Hong Kong,8.0,0.0,147.0,150.0,1047.0,1,3.0,0.02,3
2025-09-07,Iraq,1.0,0.0,58.0,102.0,1417.0,1,44.0,0.029411764705882353,3
2025-09-07,Kazakhstan,0.0,6.0,114.0,8.0,1165.0,0,-106.0,0.0,0
2025-09-08,Saudi Arabia,1.0,1.0,59.0,41.0,1415.0,2,-18.0,0.024390243902439025,1
2025-09-08,Palestine,0.0,1.0,98.0,125.0,1236.0,0,27.0,0.0,0
2025-09-08,Kuwait,2.0,2.0,138.0,91.0,1099.0,2,-47.0,0.01098901098901099,1
2025-09-08,Bahrain,0.0,1.0,89.0,65.0,1267.0,0,-24.0,0.0,0
2025-09-08,Morocco,2.0,0.0,12.0,83.0,1699.0,1,71.0,0.03614457831325301,3
2025-09-08,Eswatini,0.0,2.0,155.0,117.0,1023.0,0,-38.0,0.0,0
2025-09-08,Tunisia,1.0,0.0,49.0,93.0,1471.0,1,44.0,0.03225806451612903,3
2025-09-08,Botswana,0.0,2.0,135.0,99.0,1101.0,0,-36.0,0.0,0
2025-09-08,Algeria,0.0,0.0,36.0,81.0,1504.0,2,45.0,0.012345679012345678,1
2025-09-08,Djibouti,0.0,2.0,191.0,131.0,866.0,0,-60.0,0.0,0
2025-09-08,Somalia,0.0,2.0,200.0,88.0,832.0,0,-112.0,0.0,0
2025-09-08,Lebanon,0.0,0.0,112.0,118.0,1172.0,2,6.0,0.00847457627118644,1
2025-09-08,Liberia,2.0,2.0,144.0,129.0,1068.0,2,-15.0,0.007751937984496124,1
2025-09-08,Denmark,3.0,0.0,21.0,39.0,1621.0,1,18.0,0.07692307692307693,3
2025-09-08,Mali,0.0,1.0,54.0,76.0,1455.0,0,22.0,0.0,0
2025-09-08,Slovenia,0.0,3.0,50.0,19.0,1470.0,0,-31.0,0.0,0
2025-09-08,Scotland,2.0,0.0,47.0,97.0,1475.0,1,50.0,0.030927835051546393,3
2025-09-08,Faroe Islands,1.0,0.0,141.0,199.0,1090.0,1,58.0,0.01507537688442211,3
2025-09-08,Sweden,0.0,2.0,29.0,95.0,1545.0,0,66.0,0.0,0
2025-09-08,Montenegro,0.0,4.0,77.0,10.0,1327.0,0,-67.0,0.0,0
2025-09-08,Chad,1.0,3.0,175.0,115.0,925.0,0,-60.0,0.0,0
2025-09-08,Suriname,2.0,1.0,136.0,87.0,1100.0,1,-49.0,0.034482758620689655,3
2025-09-08,Guatemala,1.0,1.0,100.0,30.0,1236.0,2,-70.0,0.03333333333333333,1
2025-09-08,Italy,5.0,4.0,11.0,75.0,1703.0,1,64.0,0.04,3
2025-09-09,Argentina,0.0,1.0,1.0,25.0,1885.0,0,24.0,0.0,0
2025-09-09,San Marino,1.0,3.0,210.0,168.0,738.0,0,-42.0,0.0,0
2025-09-09,South Korea,2.0,2.0,23.0,13.0,1587.0,2,-10.0,0.07692307692307693,1
2025-09-09,Australia,3.0,1.0,24.0,82.0,1579.0,1,58.0,0.036585365853658534,3
2025-09-09,Maldives,1.0,1.0,171.0,196.0,966.0,2,25.0,0.00510204081632653,1
2025-09-09,Japan,0.0,2.0,17.0,15.0,1641.0,0,-2.0,0.0,0
2025-09-09,Canada,1.0,0.0,28.0,31.0,1549.0,1,3.0,0.0967741935483871,3
2025-09-09,Dominican Republic,0.0,3.0,142.0,64.0,1077.0,0,-78.0,0.0,0
2025-09-09,Myanmar,1.0,1.0,160.0,159.0,1004.0,2,-1.0,0.006289308176100629,1
2025-09-09,Egypt,0.0,0.0,34.0,63.0,1519.0,2,29.0,0.015873015873015872,1
2025-09-09,Colombia,6.0,3.0,14.0,46.0,1679.0,1,32.0,0.06521739130434782,3
2025-09-09,Uruguay,0.0,0.0,16.0,57.0,1671.0,2,41.0,0.017543859649122806,1
2025-09-09,Paraguay,1.0,0.0,43.0,42.0,1487.0,1,-1.0,0.07142857142857142,3
2025-09-09,Ethiopia,0.0,2.0,146.0,124.0,1061.0,0,-22.0,0.0,0
2025-09-09,Sudan,0.0,1.0,110.0,120.0,1174.0,0,10.0,0.0,0
2025-09-09,Senegal,3.0,2.0,18.0,61.0,1635.0,1,43.0,0.04918032786885246,3
2025-09-09,South Sudan,0.0,0.0,169.0,111.0,976.0,2,-58.0,0.009009009009009009,1
2025-09-09,Andorra,0.0,0.0,174.0,126.0,954.0,2,-48.0,0.007936507936507936,1
2025-09-09,Brazil,0.0,1.0,5.0,78.0,1778.0,0,73.0,0.0,0
2025-09-09,Rwanda,1.0,0.0,127.0,116.0,1125.0,1,-11.0,0.02586206896551724,3
2025-09-09,Nigeria,1.0,1.0,44.0,56.0,1484.0,2,12.0,0.017857142857142856,1
2025-09-09,Lesotho,0.0,4.0,148.0,96.0,1046.0,0,-52.0,0.0,0
2025-09-09,Cameroon,0.0,1.0,51.0,73.0,1467.0,0,22.0,0.0,0
2025-09-09,Republic of Ireland,1.0,2.0,60.0,105.0,1413.0,0,45.0,0.0,0
2025-09-09,Seychelles,0.0,5.0,203.0,109.0,821.0,0,-94.0,0.0,0
2025-09-09,Ivory Coast,0.0,0.0,45.0,80.0,1483.0,2,35.0,0.0125,1
2025-09-09,Burundi,0.0,2.0,139.0,123.0,1093.0,0,-16.0,0.0,0
2025-09-09,Iceland,1.0,2.0,74.0,3.0,1338.0,0,-71.0,0.0,0
2025-09-09,Niger,1.0,0.0,121.0,103.0,1148.0,1,-18.0,0.02912621359223301,3
2025-09-09,Portugal,3.0,2.0,6.0,38.0,1771.0,1,32.0,0.07894736842105263,3
2025-09-09,Trinidad and Tobago,0.0,2.0,101.0,70.0,1229.0,0,-31.0,0.0,0
2025-09-09,Ukraine,1.0,1.0,26.0,122.0,1557.0,2,96.0,0.00819672131147541,1
2025-09-09,Moldova,1.0,11.0,154.0,33.0,1028.0,0,-121.0,0.0,0
2025-09-09,Latvia,0.0,1.0,137.0,68.0,1099.0,0,-69.0,0.0,0
2025-09-09,England,5.0,0.0,4.0,32.0,1813.0,1,28.0,0.09375,3
2025-09-09,Romania,2.0,2.0,48.0,128.0,1474.0,2,80.0,0.0078125,1
2025-09-09,Bermuda,2.0,3.0,162.0,86.0,1000.0,0,-76.0,0.0,0
2025-09-09,Haiti,3.0,3.0,90.0,40.0,1261.0,2,-50.0,0.025,1
2025-09-09,Nicaragua,0.0,2.0,130.0,66.0,1120.0,0,-64.0,0.0,0
2025-09-09,Mauritius,1.0,3.0,177.0,85.0,922.0,0,-92.0,0.0,0
2025-09-09,Austria,2.0,1.0,22.0,72.0,1591.0,1,50.0,0.041666666666666664,3
2025-10-05,Cuba,0.0,7.0,167.0,172.0,980.0,0,5.0,0.0,0
2025-10-08,Oman,0.0,0.0,78.0,53.0,1320.0,2,-25.0,0.018867924528301886,1
2025-10-08,Indonesia,2.0,3.0,119.0,59.0,1158.0,0,-60.0,0.0,0
2025-10-08,Guinea-Bissau,0.0,1.0,130.0,147.0,1127.0,0,17.0,0.0,0
2025-10-08,Cameroon,2.0,0.0,52.0,179.0,1455.0,1,127.0,0.01675977653631285,3
2025-10-08,Egypt,3.0,0.0,35.0,193.0,1519.0,1,158.0,0.015544041450777202,3
2025-10-08,Cape Verde,3.0,3.0,70.0,112.0,1363.0,2,42.0,0.008928571428571428,1
2025-10-08,Angola,2.0,2.0,89.0,159.0,1269.0,2,70.0,0.006289308176100629,1
2025-10-08,Cuba,0.0,1.0,167.0,172.0,980.0,0,5.0,0.0,0
2025-10-08,Zambia,1.0,0.0,85.0,107.0,1273.0,1,22.0,0.028037383177570093,3
2025-10-08,Madagascar,2.0,1.0,108.0,105.0,1188.0,1,-3.0,0.02857142857142857,3
2025-10-08,Ghana,5.0,0.0,75.0,140.0,1341.0,1,65.0,0.02142857142857143,3
2025-10-08,Mali,2.0,0.0,56.0,175.0,1446.0,1,119.0,0.017142857142857144,3
2025-10-08,New Caledonia,2.0,0.0,150.0,200.0,1040.0,1,50.0,0.015,3
2025-10-08,Burkina Faso,1.0,0.0,64.0,122.0,1385.0,1,58.0,0.02459016393442623,3
2025-10-09,Wales,0.0,3.0,30.0,4.0,1529.0,0,-26.0,0.0,0
2025-10-09,New Zealand,0.0,1.0,83.0,36.0,1284.0,0,-47.0,0.0,0
2025-10-09,Moldova,1.0,2.0,156.0,51.0,1019.0,0,-105.0,0.0,0
2025-10-09,Bahrain,0.0,1.0,88.0,11.0,1269.0,0,-77.0,0.0,0
2025-10-09,Uganda,1.0,0.0,82.0,139.0,1288.0,1,57.0,0.02158273381294964,3
2025-10-09,Kenya,1.0,0.0,111.0,141.0,1182.0,1,30.0,0.02127659574468085,3
2025-10-09,Somalia,0.0,3.0,201.0,38.0,825.0,0,-163.0,0.0,0
2025-10-09,Equatorial Guinea,0.0,3.0,95.0,126.0,1249.0,0,31.0,0.0,0
2025-10-09,Guinea,2.0,1.0,81.0,97.0,1299.0,1,16.0,0.030927835051546393,3
2025-10-09,Greece,1.0,3.0,40.0,43.0,1495.0,0,3.0,0.0,0
2025-10-09,Denmark,6.0,0.0,20.0,100.0,1628.0,1,80.0,0.03,3
2025-10-09,Netherlands,4.0,0.0,7.0,166.0,1754.0,1,159.0,0.018072289156626505,3
2025-10-09,Lithuania,1.0,2.0,145.0,71.0,1065.0,0,-74.0,0.0,0
2025-10-09,San Marino,0.0,10.0,210.0,22.0,733.0,0,-188.0,0.0,0
2025-10-09,Bosnia and Herzegovina,2.0,2.0,73.0,128.0,1344.0,2,55.0,0.0078125,1
2025-10-09,India,1.0,1.0,134.0,158.0,1114.0,2,24.0,0.006329113924050633,1
2025-10-09,British Virgin Islands,1.0,4.0,208.0,168.0,768.0,0,-40.0,0.0,0
2025-10-09,Maldives,0.0,2.0,171.0,104.0,969.0,0,-67.0,0.0,0
2025-10-09,Philippines,4.0,1.0,143.0,194.0,1066.0,1,51.0,0.015463917525773196,3
2025-10-09,Yemen,2.0,0.0,154.0,183.0,1021.0,1,29.0,0.01639344262295082,3
2025-10-09,Bhutan,0.0,2.0,186.0,113.0,889.0,0,-73.0,0.0,0
2025-10-09,Costa Rica,0.0,0.0,47.0,65.0,1481.0,2,18.0,0.015384615384615385,1
2025-10-09,Hong Kong,4.0,3.0,146.0,184.0,1047.0,1,38.0,0.016304347826086956,3
2025-10-09,Turkmenistan,0.0,1.0,138.0,197.0,1088.0,0,59.0,0.0,0
2025-10-09,Montenegro,0.0,4.0,80.0,136.0,1314.0,0,56.0,0.0,0
2025-10-09,Afghanistan,0.0,0.0,161.0,199.0,999.0,2,38.0,0.005025125628140704,1
2025-10-09,Malaysia,3.0,0.0,123.0,185.0,1148.0,1,62.0,0.016216216216216217,3
2025-10-09,Nepal,1.0,3.0,176.0,114.0,923.0,0,-62.0,0.0,0
2025-10-09,Namibia,1.0,3.0,109.0,144.0,1184.0,0,35.0,0.0,0
2025-10-09,Haiti,3.0,0.0,87.0,132.0,1269.0,1,45.0,0.022727272727272728,3
2025-10-09,Croatia,0.0,0.0,9.0,39.0,1714.0,2,30.0,0.02564102564102564,1
2025-10-09,Myanmar,1.0,5.0,160.0,92.0,1004.0,0,-68.0,0.0,0
2025-10-10,Peru,1.0,2.0,48.0,57.0,1469.0,0,9.0,0.0,0
2025-10-10,Australia,1.0,0.0,25.0,26.0,1583.0,1,1.0,0.11538461538461539,3
2025-10-10,Iran,1.0,2.0,21.0,33.0,1623.0,0,12.0,0.0,0
2025-10-10,Paraguay,2.0,2.0,37.0,19.0,1501.0,2,-18.0,0.05263157894736842,1
2025-10-10,Zimbabwe,0.0,0.0,125.0,55.0,1134.0,2,-70.0,0.01818181818181818,1
2025-10-10,Bolivia,1.0,0.0,77.0,62.0,1332.0,1,-15.0,0.04838709677419355,3
2025-10-10,Senegal,5.0,0.0,18.0,169.0,1645.0,1,151.0,0.01775147928994083,3
2025-10-10,Dominican Republic,0.0,1.0,142.0,15.0,1074.0,0,-127.0,0.0,0
2025-10-10,DR Congo,1.0,0.0,60.0,120.0,1408.0,1,60.0,0.025,3
2025-10-10,Mauritania,0.0,0.0,110.0,116.0,1183.0,2,6.0,0.008620689655172414,1
2025-10-10,Nigeria,2.0,1.0,45.0,153.0,1484.0,1,108.0,0.0196078431372549,3
2025-10-10,Brazil,5.0,0.0,6.0,23.0,1762.0,1,17.0,0.13043478260869565,3
2025-10-10,Venezuela,0.0,1.0,49.0,3.0,1465.0,0,-46.0,0.0,0
2025-10-10,Kuwait,0.0,2.0,135.0,54.0,1100.0,0,-81.0,0.0,0
2025-10-10,Benin,1.0,0.0,93.0,127.0,1257.0,1,34.0,0.023622047244094488,3
2025-10-10,Panama,1.0,0.0,29.0,90.0,1530.0,1,61.0,0.03333333333333333,3
2025-10-10,Gabon,4.0,3.0,79.0,115.0,1314.0,1,36.0,0.02608695652173913,3
2025-10-10,Slovakia,0.0,2.0,42.0,72.0,1492.0,0,30.0,0.0,0
2025-10-10,Luxembourg,0.0,4.0,96.0,12.0,1243.0,0,-84.0,0.0,0
2025-10-10,Slovenia,0.0,0.0,50.0,91.0,1463.0,2,41.0,0.01098901098901099,1
2025-10-10,Switzerland,2.0,0.0,17.0,32.0,1648.0,1,15.0,0.09375,3
2025-10-10,Ecuador,1.0,1.0,24.0,16.0,1588.0,2,-8.0,0.0625,1
2025-10-10,Guatemala,1.0,1.0,98.0,131.0,1231.0,2,33.0,0.007633587786259542,1
2025-10-10,Ukraine,5.0,3.0,28.0,74.0,1543.0,1,46.0,0.04054054054054054,3
2025-10-10,North Macedonia,0.0,0.0,63.0,8.0,1388.0,2,-55.0,0.125,1
2025-10-10,Trinidad and Tobago,3.0,0.0,102.0,165.0,1221.0,1,63.0,0.01818181818181818,3
2025-10-10,Jamaica,0.0,2.0,69.0,84.0,1377.0,0,15.0,0.0,0
2025-10-10,Ivory Coast,7.0,0.0,44.0,203.0,1484.0,1,159.0,0.014778325123152709,3
2025-10-10,Azerbaijan,0.0,3.0,124.0,2.0,1148.0,0,-122.0,0.0,0
2025-10-10,Liechtenstein,0.0,4.0,204.0,118.0,808.0,0,-86.0,0.0,0
2025-10-11,Cuba,0.0,2.0,167.0,168.0,980.0,0,1.0,0.0,0
2025-10-11,Indonesia,0.0,1.0,119.0,58.0,1158.0,0,-61.0,0.0,0
2025-10-11,Turkey,6.0,1.0,27.0,86.0,1556.0,1,59.0,0.03488372093023256,3
2025-10-11,Colombia,4.0,0.0,13.0,14.0,1692.0,1,1.0,0.21428571428571427,3
2025-10-11,Georgia,0.0,2.0,68.0,1.0,1377.0,0,-67.0,0.0,0
2025-10-11,Oman,1.0,2.0,78.0,67.0,1320.0,0,-11.0,0.0,0
2025-10-11,Armenia,0.0,2.0,103.0,41.0,1220.0,0,-62.0,0.0,0
2025-10-11,Republic of Ireland,0.0,1.0,61.0,5.0,1398.0,0,-56.0,0.0,0
2025-10-11,Andorra,2.0,2.0,174.0,137.0,955.0,2,-37.0,0.0072992700729927005,1
2025-10-11,Albania,1.0,0.0,66.0,34.0,1381.0,1,-32.0,0.08823529411764706,3
2025-10-11,Israel,0.0,5.0,76.0,31.0,1337.0,0,-45.0,0.0,0
2025-10-11,Italy,3.0,1.0,10.0,129.0,1710.0,1,119.0,0.023255813953488372,3
2025-10-12,Sierra Leone,2.0,1.0,122.0,193.0,1150.0,1,71.0,0.015544041450777202,3
2025-10-12,Niger,1.0,0.0,117.0,85.0,1160.0,1,-32.0,0.03529411764705882,3
2025-10-12,Guinea-Bissau,0.0,1.0,130.0,35.0,1127.0,0,-95.0,0.0,0
2025-10-12,Greece,1.0,3.0,40.0,20.0,1495.0,0,-20.0,0.0,0
2025-10-12,Bosnia and Herzegovina,4.0,1.0,73.0,166.0,1344.0,1,93.0,0.018072289156626505,3
2025-10-12,Central African Republic,3.0,2.0,140.0,175.0,1081.0,1,35.0,0.017142857142857144,3
2025-10-12,Poland,2.0,0.0,36.0,145.0,1517.0,1,109.0,0.020689655172413793,3
2025-10-12,Ethiopia,1.0,3.0,147.0,64.0,1046.0,0,-83.0,0.0,0
2025-10-12,Belarus,1.0,2.0,100.0,43.0,1224.0,0,-57.0,0.0,0
2025-10-12,Madagascar,1.0,4.0,108.0,56.0,1188.0,0,-52.0,0.0,0
2025-10-12,Gibraltar,0.0,3.0,200.0,9.0,827.0,0,-191.0,0.0,0
2025-10-12,Czech Republic,1.0,2.0,39.0,136.0,1500.0,0,97.0,0.0,0
2025-10-12,Comoros,0.0,1.0,105.0,75.0,1202.0,0,-30.0,0.0,0
2025-10-12,Cyprus,4.0,0.0,128.0,210.0,1128.0,1,82.0,0.014285714285714285,3
2025-10-12,Finland,0.0,4.0,71.0,7.0,1359.0,0,-64.0,0.0,0
2025-10-12,Austria,0.0,1.0,22.0,51.0,1602.0,0,29.0,0.0,0
2025-10-13,Namibia,0.0,3.0,109.0,46.0,1184.0,0,-63.0,0.0,0
2025-10-13,Liberia,1.0,1.0,144.0,95.0,1066.0,2,-49.0,0.010526315789473684,1
2025-10-13,Uruguay,2.0,1.0,15.0,54.0,1674.0,1,39.0,0.05555555555555555,3
2025-10-13,Togo,0.0,0.0,120.0,169.0,1151.0,2,49.0,0.005917159763313609,1
2025-10-13,Zimbabwe,0.0,1.0,125.0,153.0,1134.0,0,28.0,0.0,0
2025-10-13,Eswatini,0.0,3.0,159.0,70.0,1010.0,0,-89.0,0.0,0
2025-10-13,Angola,0.0,0.0,89.0,52.0,1269.0,2,-37.0,0.019230769230769232,1
2025-10-13,Libya,0.0,0.0,112.0,179.0,1180.0,2,67.0,0.00558659217877095,1
2025-10-13,Liechtenstein,1.0,2.0,204.0,80.0,808.0,0,-124.0,0.0,0
2025-10-13,Haiti,0.0,3.0,87.0,65.0,1269.0,0,-22.0,0.0,0
2025-10-13,Switzerland,0.0,0.0,17.0,50.0,1648.0,2,33.0,0.02,1
2025-10-13,Kosovo,1.0,0.0,91.0,32.0,1262.0,1,-59.0,0.09375,3
2025-10-13,France,2.0,2.0,2.0,74.0,1871.0,2,72.0,0.013513513513513514,1
2025-10-13,Azerbaijan,1.0,2.0,124.0,28.0,1148.0,0,-96.0,0.0,0
2025-10-13,Belgium,4.0,2.0,8.0,30.0,1740.0,1,22.0,0.1,3
2025-10-13,Kazakhstan,1.0,1.0,118.0,63.0,1158.0,2,-55.0,0.015873015873015872,1
2025-10-13,Luxembourg,0.0,2.0,96.0,42.0,1243.0,0,-54.0,0.0,0
2025-10-13,Nicaragua,1.0,4.0,132.0,47.0,1121.0,0,-85.0,0.0,0
2025-10-13,Germany,1.0,0.0,12.0,72.0,1704.0,1,60.0,0.041666666666666664,3
2025-10-14,Bolivia,0.0,3.0,77.0,33.0,1332.0,0,-44.0,0.0,0
2025-10-14,Argentina,6.0,0.0,3.0,155.0,1870.0,1,152.0,0.01935483870967742,3
2025-10-14,New Zealand,1.0,1.0,83.0,31.0,1284.0,2,-52.0,0.03225806451612903,1
2025-10-14,Brazil,2.0,3.0,6.0,19.0,1762.0,0,13.0,0.0,0
2025-10-14,Paraguay,0.0,2.0,37.0,23.0,1501.0,0,-14.0,0.0,0
2025-10-14,Colombia,0.0,0.0,13.0,26.0,1692.0,2,13.0,0.038461538461538464,1
2025-10-14,Tanzania,0.0,2.0,107.0,21.0,1199.0,0,-86.0,0.0,0
2025-10-14,Australia,1.0,2.0,25.0,16.0,1583.0,0,-9.0,0.0,0
2025-10-14,Ecuador,1.0,1.0,24.0,14.0,1588.0,2,-10.0,0.07142857142857142,1
2025-10-14,United Arab Emirates,1.0,2.0,67.0,53.0,1380.0,0,-14.0,0.0,0
2025-10-14,Rwanda,0.0,3.0,127.0,55.0,1134.0,0,-72.0,0.0,0
2025-10-14,Mauritania,0.0,4.0,110.0,18.0,1183.0,0,-92.0,0.0,0
2025-10-14,Sudan,0.0,1.0,116.0,60.0,1164.0,0,-56.0,0.0,0
2025-10-14,Benin,0.0,4.0,93.0,45.0,1257.0,0,-48.0,0.0,0
2025-10-14,Gambia,7.0,0.0,115.0,203.0,1166.0,1,88.0,0.014778325123152709,3
2025-10-14,Kenya,0.0,3.0,111.0,44.0,1182.0,0,-67.0,0.0,0
2025-10-14,Burundi,0.0,2.0,141.0,79.0,1077.0,0,-62.0,0.0,0
2025-10-14,Uganda,1.0,2.0,82.0,38.0,1288.0,0,-44.0,0.0,0
2025-10-14,Botswana,2.0,2.0,139.0,81.0,1087.0,2,-58.0,0.012345679012345678,1
2025-10-14,Jordan,2.0,4.0,62.0,66.0,1391.0,0,4.0,0.0,0
2025-10-14,Bulgaria,0.0,4.0,86.0,1.0,1272.0,0,-85.0,0.0,0
2025-10-14,Mozambique,1.0,0.0,97.0,201.0,1234.0,1,104.0,0.014925373134328358,3
2025-10-14,Bangladesh,1.0,1.0,184.0,146.0,899.0,2,-38.0,0.00684931506849315,1
2025-10-14,Georgia,1.0,4.0,68.0,27.0,1377.0,0,-41.0,0.0,0
2025-10-14,Lebanon,4.0,0.0,113.0,186.0,1172.0,1,73.0,0.016129032258064516,3
2025-10-14,Timor-Leste,1.0,3.0,194.0,143.0,855.0,0,-51.0,0.0,0
2025-10-14,Tajikistan,3.0,0.0,104.0,171.0,1206.0,1,67.0,0.017543859649122806,3
2025-10-14,Armenia,0.0,1.0,103.0,61.0,1220.0,0,-42.0,0.0,0
2025-10-14,Serbia,3.0,1.0,34.0,174.0,1521.0,1,140.0,0.017241379310344827,3
2025-10-14,Israel,0.0,3.0,76.0,10.0,1337.0,0,-66.0,0.0,0
2025-10-14,Moldova,1.0,1.0,156.0,129.0,1019.0,2,-27.0,0.007751937984496124,1
2025-10-14,Brunei,0.0,9.0,183.0,154.0,901.0,0,-29.0,0.0,0
2025-10-14,England,5.0,0.0,4.0,137.0,1820.0,1,133.0,0.021897810218978103,3
2025-10-14,Bermuda,0.0,4.0,165.0,69.0,989.0,0,-96.0,0.0,0
2025-10-14,Iraq,0.0,0.0,58.0,59.0,1422.0,2,1.0,0.01694915254237288,1
2025-10-14,Sri Lanka,1.0,2.0,197.0,138.0,852.0,0,-59.0,0.0,0
2025-10-14,Pakistan,1.0,1.0,199.0,161.0,829.0,2,-38.0,0.006211180124223602,1
2025-10-14,Nepal,0.0,1.0,176.0,114.0,923.0,0,-62.0,0.0,0
2025-10-14,Laos,1.0,5.0,185.0,123.0,890.0,0,-62.0,0.0,0
2025-10-14,Suriname,1.0,1.0,131.0,29.0,1125.0,2,-102.0,0.034482758620689655,1
2025-10-14,Guatemala,1.0,0.0,98.0,90.0,1231.0,1,-8.0,0.03333333333333333,3
2025-10-14,Trinidad and Tobago,1.0,1.0,102.0,84.0,1221.0,2,-18.0,0.011904761904761904,1
2025-10-14,Hungary,2.0,2.0,41.0,5.0,1492.0,2,-36.0,0.2,1
2025-10-14,Singapore,2.0,1.0,158.0,134.0,1013.0,1,-24.0,0.022388059701492536,3
2025-10-14,Syria,3.0,0.0,92.0,160.0,1259.0,1,68.0,0.01875,3
2025-11-12,Mauritania,1.0,1.0,113.0,43.0,1179.0,2,-70.0,0.023255813953488372,1
2025-11-12,Peru,1.0,1.0,49.0,30.0,1464.0,2,-19.0,0.03333333333333333,1
2025-11-12,Saint Lucia,0.0,3.0,164.0,169.0,991.0,0,5.0,0.0,0
2025-11-12,Saint Vincent and the Grenadines,0.0,2.0,171.0,143.0,962.0,0,-28.0,0.0,0
2025-11-12,Aruba,0.0,0.0,194.0,160.0,861.0,2,-34.0,0.00625,1
2025-11-12,Anguilla,2.0,1.0,209.0,203.0,759.0,1,-6.0,0.014778325123152709,3
2025-11-12,British Virgin Islands,2.0,1.0,208.0,195.0,765.0,1,-13.0,0.015384615384615385,3
2025-11-13,Nepal,2.0,2.0,180.0,183.0,909.0,2,3.0,0.00546448087431694,1
2025-11-13,San Marino,0.0,1.0,210.0,44.0,728.0,0,-166.0,0.0,0
2025-11-13,Cambodia,1.0,1.0,179.0,148.0,910.0,2,-31.0,0.006756756756756757,1
2025-11-13,Israel,0.0,0.0,78.0,146.0,1325.0,2,68.0,0.00684931506849315,1
2025-11-13,Portugal,0.0,2.0,5.0,62.0,1778.0,0,57.0,0.0,0
2025-11-13,DR Congo,1.0,0.0,60.0,54.0,1421.0,1,-6.0,0.05555555555555555,3
2025-11-13,Iraq,1.0,1.0,57.0,67.0,1429.0,2,10.0,0.014925373134328358,1
2025-11-13,Gabon,1.0,4.0,77.0,41.0,1330.0,0,-36.0,0.0,0
2025-11-13,Ukraine,0.0,4.0,27.0,3.0,1555.0,0,-24.0,0.0,0
2025-11-13,Latvia,0.0,0.0,139.0,65.0,1084.0,2,-74.0,0.015384615384615385,1
2025-11-13,Zimbabwe,1.0,3.0,129.0,35.0,1126.0,0,-94.0,0.0,0
2025-11-13,Singapore,2.0,3.0,155.0,96.0,1030.0,0,-59.0,0.0,0
2025-11-13,Ecuador,0.0,0.0,23.0,28.0,1590.0,2,5.0,0.03571428571428571,1
2025-11-13,Hungary,1.0,0.0,37.0,104.0,1505.0,1,67.0,0.028846153846153848,3
2025-11-13,Albania,1.0,0.0,61.0,172.0,1401.0,1,111.0,0.01744186046511628,3
2025-11-13,Italy,2.0,0.0,9.0,156.0,1717.0,1,147.0,0.019230769230769232,3
2025-11-13,Serbia,0.0,2.0,36.0,4.0,1508.0,0,-32.0,0.0,0
2025-11-13,Cape Verde,0.0,0.0,71.0,21.0,1364.0,2,-50.0,0.047619047619047616,1
2025-11-13,Solomon Islands,0.0,1.0,149.0,170.0,1046.0,0,21.0,0.0,0
2025-11-13,Curaçao,7.0,0.0,82.0,168.0,1296.0,1,86.0,0.017857142857142856,3
2025-11-13,Iceland,2.0,0.0,74.0,123.0,1345.0,1,49.0,0.024390243902439025,3
2025-11-13,Jamaica,1.0,1.0,68.0,100.0,1367.0,2,32.0,0.01,1
2025-11-13,Costa Rica,0.0,1.0,45.0,88.0,1484.0,0,43.0,0.0,0
2025-11-13,Honduras,0.0,2.0,64.0,133.0,1396.0,0,69.0,0.0,0
2025-11-13,Estonia,1.0,4.0,130.0,29.0,1122.0,0,-101.0,0.0,0
2025-11-13,El Salvador,0.0,4.0,94.0,126.0,1248.0,0,32.0,0.0,0
2025-11-13,Panama,3.0,2.0,31.0,95.0,1528.0,1,64.0,0.031578947368421054,3
2025-11-14,Niger,2.0,3.0,108.0,63.0,1187.0,0,-45.0,0.0,0
2025-11-14,Ivory Coast,0.0,1.0,42.0,58.0,1492.0,0,16.0,0.0,0
2025-11-14,Argentina,2.0,0.0,2.0,89.0,1872.0,1,87.0,0.033707865168539325,3
2025-11-14,Venezuela,1.0,0.0,50.0,25.0,1463.0,1,-25.0,0.12,3
2025-11-14,Bolivia,0.0,2.0,76.0,22.0,1335.0,0,-54.0,0.0,0
2025-11-14,Mozambique,0.0,1.0,101.0,12.0,1228.0,0,-89.0,0.0,0
2025-11-14,Namibia,0.0,1.0,116.0,112.0,1163.0,0,-4.0,0.0,0
2025-11-14,Chad,1.0,2.0,178.0,83.0,914.0,0,-95.0,0.0,0
2025-11-14,Ghana,0.0,2.0,73.0,19.0,1356.0,0,-54.0,0.0,0
2025-11-14,Netherlands,1.0,1.0,6.0,33.0,1760.0,2,27.0,0.030303030303030304,1
2025-11-14,Germany,2.0,0.0,10.0,97.0,1713.0,1,87.0,0.030927835051546393,3
2025-11-14,Northern Ireland,0.0,1.0,69.0,46.0,1366.0,0,-23.0,0.0,0
2025-11-14,Malta,1.0,0.0,166.0,72.0,979.0,1,-94.0,0.041666666666666664,3
2025-11-14,Faroe Islands,1.0,3.0,127.0,11.0,1132.0,0,-116.0,0.0,0
2025-11-14,Montenegro,2.0,1.0,81.0,200.0,1298.0,1,119.0,0.015,3
2025-11-14,Egypt,0.0,2.0,32.0,55.0,1525.0,0,23.0,0.0,0
2025-11-14,Jordan,2.0,3.0,66.0,43.0,1381.0,0,-23.0,0.0,0
2025-11-14,Sudan,0.0,2.0,119.0,79.0,1157.0,0,-40.0,0.0,0
2025-11-15,Malawi,0.0,0.0,128.0,144.0,1130.0,2,16.0,0.006944444444444444,1
2025-11-15,Scotland,2.0,3.0,38.0,48.0,1504.0,0,10.0,0.0,0
2025-11-15,Mauritania,0.0,1.0,113.0,114.0,1179.0,0,1.0,0.0,0
2025-11-15,Tanzania,3.0,4.0,107.0,135.0,1187.0,0,28.0,0.0,0
2025-11-15,Senegal,0.0,2.0,18.0,7.0,1651.0,0,-11.0,0.0,0
2025-11-15,Chile,2.0,0.0,56.0,30.0,1447.0,1,-26.0,0.1,3
2025-11-15,Uruguay,0.0,0.0,15.0,14.0,1678.0,2,-1.0,0.07142857142857142,1
2025-11-15,Zambia,1.0,3.0,87.0,59.0,1269.0,0,-28.0,0.0,0
2025-11-15,Paraguay,1.0,2.0,39.0,16.0,1498.0,0,-23.0,0.0,0
2025-11-15,Kosovo,2.0,0.0,84.0,51.0,1285.0,1,-33.0,0.058823529411764705,3
2025-11-15,New Zealand,1.0,2.0,85.0,13.0,1283.0,0,-72.0,0.0,0
2025-11-15,Liberia,0.0,2.0,138.0,80.0,1084.0,0,-58.0,0.0,0
2025-11-15,Belarus,2.0,2.0,103.0,20.0,1213.0,2,-83.0,0.05,1
2025-11-15,Sweden,1.0,4.0,40.0,17.0,1497.0,0,-23.0,0.0,0
2025-11-15,Bulgaria,0.0,2.0,91.0,26.0,1263.0,0,-65.0,0.0,0
2025-11-15,Belgium,1.0,1.0,8.0,115.0,1740.0,2,107.0,0.008695652173913044,1
2025-11-15,British Virgin Islands,6.0,0.0,208.0,203.0,765.0,1,-5.0,0.014778325123152709,3
2025-11-15,Austria,2.0,0.0,24.0,125.0,1587.0,1,101.0,0.024,3
2025-11-15,Romania,1.0,3.0,47.0,75.0,1480.0,0,28.0,0.0,0
2025-11-15,Wales,1.0,0.0,34.0,206.0,1519.0,1,172.0,0.014563106796116505,3
2025-11-15,Spain,4.0,0.0,1.0,70.0,1881.0,1,69.0,0.04285714285714286,3
2025-11-15,Aruba,3.0,0.0,194.0,175.0,861.0,1,-19.0,0.017142857142857144,3
2025-11-15,Anguilla,0.0,4.0,209.0,195.0,759.0,0,-14.0,0.0,0
2025-11-15,Saint Lucia,1.0,3.0,164.0,171.0,991.0,0,7.0,0.0,0
2025-11-16,France,3.0,1.0,3.0,123.0,1863.0,1,120.0,0.024390243902439025,3
2025-11-16,Republic of Ireland,3.0,2.0,62.0,37.0,1401.0,1,-25.0,0.08108108108108109,3
2025-11-16,Iceland,0.0,2.0,74.0,27.0,1345.0,0,-47.0,0.0,0
2025-11-16,Armenia,1.0,9.0,104.0,5.0,1205.0,0,-99.0,0.0,0
2025-11-16,Norway,4.0,1.0,29.0,9.0,1532.0,1,-20.0,0.3333333333333333,3
2025-11-16,Israel,4.0,1.0,78.0,156.0,1325.0,1,78.0,0.019230769230769232,3
2025-11-16,England,2.0,0.0,4.0,61.0,1824.0,1,57.0,0.04918032786885246,3
2025-11-16,Latvia,1.0,2.0,139.0,36.0,1084.0,0,-103.0,0.0,0
2025-11-16,DR Congo,1.0,1.0,60.0,41.0,1421.0,2,-19.0,0.024390243902439025,1
2025-11-17,Zimbabwe,2.0,1.0,129.0,52.0,1126.0,1,-77.0,0.057692307692307696,3
2025-11-17,Namibia,0.0,4.0,116.0,112.0,1163.0,0,-4.0,0.0,0
2025-11-17,Chad,2.0,2.0,178.0,101.0,914.0,2,-77.0,0.009900990099009901,1
2025-11-17,Equatorial Guinea,0.0,2.0,99.0,106.0,1230.0,0,7.0,0.0,0
2025-11-17,Andorra,0.0,4.0,172.0,72.0,955.0,0,-100.0,0.0,0
2025-11-17,Somalia,2.0,1.0,202.0,90.0,819.0,1,-112.0,0.03333333333333333,3
2025-11-17,Luxembourg,0.0,1.0,97.0,69.0,1232.0,0,-28.0,0.0,0
2025-11-17,Slovakia,0.0,6.0,46.0,10.0,1483.0,0,-36.0,0.0,0
2025-11-17,Poland,3.0,2.0,33.0,166.0,1524.0,1,133.0,0.018072289156626505,3
2025-11-17,Gibraltar,0.0,6.0,200.0,44.0,823.0,0,-156.0,0.0,0
2025-11-17,Croatia,3.0,2.0,11.0,81.0,1710.0,1,70.0,0.037037037037037035,3
2025-11-17,Egypt,1.0,1.0,32.0,71.0,1525.0,2,39.0,0.014084507042253521,1
2025-11-17,Fiji,0.0,2.0,154.0,161.0,1035.0,0,7.0,0.0,0
2025-11-17,Lithuania,0.0,4.0,146.0,6.0,1056.0,0,-140.0,0.0,0
2025-11-18,Jordan,2.0,3.0,66.0,53.0,1381.0,0,-13.0,0.0,0
2025-11-18,Bolivia,0.0,3.0,76.0,19.0,1335.0,0,-57.0,0.0,0
2025-11-18,Burkina Faso,3.0,0.0,63.0,92.0,1398.0,1,29.0,0.03260869565217391,3
2025-11-18,Senegal,8.0,0.0,18.0,109.0,1651.0,1,91.0,0.027522935779816515,3
2025-11-18,Ivory Coast,2.0,0.0,42.0,79.0,1492.0,1,37.0,0.0379746835443038,3
2025-11-18,Algeria,2.0,0.0,35.0,58.0,1510.0,1,23.0,0.05172413793103448,3
2025-11-18,Gambia,2.0,2.0,117.0,135.0,1162.0,2,18.0,0.007407407407407408,1
2025-11-18,Estonia,4.0,2.0,130.0,125.0,1122.0,1,-5.0,0.024,3
2025-11-18,Uganda,0.0,4.0,83.0,12.0,1288.0,0,-71.0,0.0,0
2025-11-18,Zambia,2.0,3.0,87.0,89.0,1269.0,0,2.0,0.0,0
2025-11-18,Niger,1.0,1.0,108.0,80.0,1187.0,2,-28.0,0.0125,1
2025-11-18,Philippines,2.0,0.0,141.0,173.0,1081.0,1,32.0,0.017341040462427744,3
2025-11-18,Lebanon,3.0,0.0,110.0,185.0,1185.0,1,75.0,0.016216216216216217,3
2025-11-18,Bhutan,1.0,7.0,189.0,152.0,877.0,0,-37.0,0.0,0
2025-11-18,India,0.0,1.0,136.0,183.0,1097.0,0,47.0,0.0,0
2025-11-18,Singapore,2.0,1.0,155.0,148.0,1030.0,1,-7.0,0.02027027027027027,3
2025-11-18,Thailand,4.0,0.0,96.0,193.0,1235.0,1,97.0,0.015544041450777202,3
2025-11-18,Syria,5.0,0.0,86.0,198.0,1274.0,1,112.0,0.015151515151515152,3
2025-11-18,Nepal,0.0,1.0,180.0,118.0,909.0,0,-62.0,0.0,0
2025-11-18,Venezuela,0.0,2.0,50.0,28.0,1463.0,0,-22.0,0.0,0
2025-11-18,Peru,1.0,2.0,49.0,56.0,1464.0,0,7.0,0.0,0
2025-11-18,Tajikistan,5.0,0.0,102.0,197.0,1220.0,1,95.0,0.015228426395939087,3
2025-11-18,Australia,0.0,3.0,25.0,13.0,1584.0,0,-12.0,0.0,0
2025-11-18,Malawi,1.0,0.0,128.0,144.0,1130.0,1,16.0,0.020833333333333332,3
2025-11-18,Tunisia,1.0,1.0,43.0,7.0,1491.0,2,-36.0,0.14285714285714285,1
2025-11-18,Bermuda,2.0,2.0,168.0,100.0,977.0,2,-68.0,0.01,1
2025-11-18,San Marino,1.0,7.0,210.0,47.0,728.0,0,-163.0,0.0,0
2025-11-18,Turkey,2.0,2.0,26.0,1.0,1570.0,2,-25.0,1.0,1
2025-11-18,Greece,0.0,0.0,48.0,103.0,1473.0,2,55.0,0.009708737864077669,1
2025-11-18,Denmark,2.0,4.0,20.0,38.0,1641.0,0,18.0,0.0,0
2025-11-18,Slovenia,1.0,1.0,51.0,40.0,1463.0,2,-11.0,0.025,1
2025-11-18,Uruguay,1.0,5.0,15.0,16.0,1678.0,0,1.0,0.0,0
2025-11-18,United Arab Emirates,1.0,2.0,67.0,57.0,1380.0,0,-10.0,0.0,0
2025-11-18,Georgia,1.0,2.0,70.0,91.0,1366.0,0,21.0,0.0,0
2025-11-18,Nicaragua,0.0,2.0,133.0,88.0,1107.0,0,-45.0,0.0,0
2025-11-18,Paraguay,2.0,1.0,39.0,14.0,1498.0,1,-25.0,0.21428571428571427,3
2025-11-18,Ghana,0.0,1.0,73.0,22.0,1356.0,0,-51.0,0.0,0
2025-11-18,Bosnia and Herzegovina,1.0,1.0,75.0,24.0,1341.0,2,-51.0,0.041666666666666664,1
2025-11-18,Switzerland,1.0,1.0,17.0,84.0,1653.0,2,67.0,0.011904761904761904,1
2025-11-18,North Macedonia,1.0,7.0,65.0,34.0,1391.0,0,-31.0,0.0,0
2025-11-18,Belize,6.0,2.0,181.0,151.0,904.0,1,-30.0,0.019867549668874173,3
2025-11-18,Guyana,4.0,1.0,153.0,160.0,1037.0,1,7.0,0.01875,3
2025-11-18,Uzbekistan,0.0,0.0,55.0,21.0,1452.0,2,-34.0,0.047619047619047616,1
2025-11-18,Suriname,1.0,3.0,126.0,95.0,1136.0,0,-31.0,0.0,0
2025-11-18,El Salvador,0.0,3.0,94.0,31.0,1248.0,0,-63.0,0.0,0
2025-11-18,Curaçao,0.0,0.0,82.0,68.0,1296.0,2,-14.0,0.014705882352941176,1
2025-11-18,Honduras,0.0,0.0,64.0,45.0,1396.0,2,-19.0,0.022222222222222223,1
2025-11-18,Kazakhstan,0.0,1.0,115.0,127.0,1168.0,0,12.0,0.0,0
2025-11-18,Liechtenstein,0.0,7.0,206.0,8.0,802.0,0,-198.0,0.0,0
2025-11-18,New Zealand,0.0,2.0,85.0,23.0,1283.0,0,-62.0,0.0,0
2025-11-19,Vietnam,2.0,0.0,110.0,187.0,1184.0,1,77.0,0.016042780748663103,3
2025-11-20,Solomon Islands,1.0,2.0,152.0,160.0,1040.0,0,8.0,0.0,0
2025-11-20,Fiji,0.0,2.0,155.0,170.0,1030.0,0,15.0,0.0,0
2025-11-23,Vanuatu,2.0,2.0,160.0,170.0,997.0,2,10.0,0.0058823529411764705,1
2025-11-25,Kuwait,2.0,0.0,135.0,114.0,1103.0,1,-21.0,0.02631578947368421,3
2025-11-25,South Sudan,0.0,2.0,168.0,87.0,979.0,0,-81.0,0.0,0
2025-11-25,Libya,0.0,0.0,111.0,96.0,1183.0,2,-15.0,0.010416666666666666,1
2025-11-26,Somalia,0.0,0.0,200.0,79.0,827.0,2,-121.0,0.012658227848101266,1
2025-11-26,Djibouti,0.0,1.0,196.0,91.0,848.0,0,-105.0,0.0,0
2025-11-26,Lebanon,1.0,2.0,107.0,118.0,1191.0,0,11.0,0.0,0
2025-11-26,Yemen,4.0,4.0,148.0,108.0,1049.0,2,-40.0,0.009259259259259259,1
2025-12-01,Syria,1.0,0.0,87.0,40.0,1278.0,1,-47.0,0.075,3
2025-12-01,Palestine,1.0,0.0,96.0,51.0,1231.0,1,-45.0,0.058823529411764705,3
2025-12-02,Kuwait,1.0,1.0,135.0,34.0,1103.0,2,-101.0,0.029411764705882353,1
2025-12-02,Comoros,1.0,3.0,108.0,11.0,1190.0,0,-97.0,0.0,0
2025-12-02,Oman,1.0,2.0,79.0,60.0,1312.0,0,-19.0,0.0,0
2025-12-03,United Arab Emirates,1.0,2.0,67.0,66.0,1370.0,0,-1.0,0.0,0
2025-12-03,Sudan,0.0,0.0,118.0,35.0,1154.0,2,-83.0,0.02857142857142857,1
2025-12-03,Bahrain,1.0,2.0,91.0,58.0,1259.0,0,-33.0,0.0,0
2025-12-04,Tunisia,2.0,2.0,40.0,96.0,1497.0,2,56.0,0.010416666666666666,1
2025-12-04,Syria,1.0,1.0,87.0,51.0,1278.0,2,-36.0,0.0196078431372549,1
2025-12-05,Morocco,0.0,0.0,11.0,79.0,1713.0,2,68.0,0.012658227848101266,1
2025-12-05,Saudi Arabia,3.0,1.0,60.0,108.0,1429.0,1,48.0,0.027777777777777776,3
2025-12-06,Jordan,3.0,1.0,66.0,135.0,1378.0,1,69.0,0.022222222222222223,3
2025-12-06,Egypt,1.0,1.0,34.0,67.0,1521.0,2,33.0,0.014925373134328358,1
2025-12-06,Algeria,5.0,1.0,35.0,91.0,1516.0,1,56.0,0.03296703296703297,3
2025-12-06,Iraq,2.0,0.0,58.0,118.0,1439.0,1,60.0,0.025423728813559324,3
2025-12-07,Tunisia,3.0,0.0,40.0,51.0,1497.0,1,11.0,0.058823529411764705,3
2025-12-07,Palestine,0.0,0.0,96.0,87.0,1231.0,2,-9.0,0.011494252873563218,1
2025-12-08,Saudi Arabia,0.0,1.0,60.0,11.0,1429.0,0,-49.0,0.0,0
2025-12-08,Comoros,1.0,2.0,108.0,79.0,1190.0,0,-29.0,0.0,0
2025-12-09,Jordan,3.0,0.0,66.0,34.0,1378.0,1,-32.0,0.08823529411764706,3
2025-12-09,Kuwait,1.0,3.0,135.0,67.0,1103.0,0,-68.0,0.0,0
2025-12-09,Iraq,0.0,2.0,58.0,35.0,1439.0,0,-23.0,0.0,0
2025-12-09,Sudan,1.0,3.0,118.0,91.0,1154.0,0,-27.0,0.0,0
2025-12-11,Syria,0.0,1.0,87.0,11.0,1278.0,0,-76.0,0.0,0
2025-12-11,Saudi Arabia,2.0,1.0,60.0,96.0,1429.0,1,36.0,0.03125,3
2025-12-12,Iraq,0.0,1.0,58.0,66.0,1439.0,0,8.0,0.0,0
2025-12-12,United Arab Emirates,1.0,1.0,67.0,35.0,1370.0,2,-32.0,0.02857142857142857,1
2025-12-15,United Arab Emirates,0.0,3.0,67.0,11.0,1370.0,0,-56.0,0.0,0
2025-12-15,Jordan,1.0,0.0,66.0,60.0,1378.0,1,-6.0,0.05,3
2025-12-18,Morocco,3.0,2.0,11.0,66.0,1713.0,1,55.0,0.045454545454545456,3
2025-12-21,Comoros,0.0,2.0,108.0,11.0,1190.0,0,-97.0,0.0,0
2025-12-22,Zambia,1.0,1.0,91.0,53.0,1258.0,2,-38.0,0.018867924528301886,1
2025-12-22,Angola,1.0,2.0,89.0,61.0,1272.0,0,-28.0,0.0,0
2025-12-22,Zimbabwe,1.0,2.0,129.0,35.0,1124.0,0,-94.0,0.0,0
2025-12-23,Benin,0.0,1.0,92.0,56.0,1256.0,0,-36.0,0.0,0
2025-12-23,Botswana,0.0,3.0,138.0,19.0,1085.0,0,-119.0,0.0,0
2025-12-23,Tanzania,1.0,2.0,112.0,38.0,1181.0,0,-74.0,0.0,0
2025-12-23,Uganda,1.0,3.0,85.0,41.0,1288.0,0,-44.0,0.0,0
2025-12-24,Gabon,0.0,1.0,78.0,57.0,1321.0,0,-21.0,0.0,0
2025-12-24,Mozambique,0.0,1.0,102.0,42.0,1223.0,0,-60.0,0.0,0
2025-12-24,Sudan,0.0,3.0,117.0,34.0,1154.0,0,-83.0,0.0,0
2025-12-24,Equatorial Guinea,1.0,2.0,97.0,62.0,1229.0,0,-35.0,0.0,0
2025-12-26,Comoros,0.0,0.0,109.0,91.0,1186.0,2,-18.0,0.01098901098901099,1
2025-12-26,Mali,1.0,1.0,53.0,11.0,1455.0,2,-42.0,0.09090909090909091,1
2025-12-26,Zimbabwe,1.0,1.0,129.0,89.0,1124.0,2,-40.0,0.011235955056179775,1
2025-12-26,South Africa,0.0,1.0,61.0,35.0,1427.0,0,-26.0,0.0,0
2025-12-27,Tanzania,1.0,1.0,112.0,85.0,1181.0,2,-27.0,0.011764705882352941,1
2025-12-27,Tunisia,2.0,3.0,41.0,38.0,1495.0,0,-3.0,0.0,0
2025-12-27,Botswana,0.0,1.0,138.0,92.0,1085.0,0,-46.0,0.0,0
2025-12-27,DR Congo,1.0,1.0,56.0,19.0,1444.0,2,-37.0,0.05263157894736842,1
2025-12-28,Sudan,1.0,0.0,117.0,97.0,1154.0,1,-20.0,0.030927835051546393,3
2025-12-28,Burkina Faso,0.0,1.0,62.0,34.0,1405.0,0,-28.0,0.0,0
2025-12-28,Mozambique,3.0,2.0,102.0,78.0,1223.0,1,-24.0,0.038461538461538464,3
2025-12-28,Cameroon,1.0,1.0,57.0,42.0,1440.0,2,-15.0,0.023809523809523808,1
2025-12-29,Egypt,0.0,0.0,35.0,89.0,1515.0,2,54.0,0.011235955056179775,1
2025-12-29,South Africa,3.0,2.0,61.0,129.0,1427.0,1,68.0,0.023255813953488372,3
2025-12-29,Zambia,0.0,3.0,91.0,11.0,1258.0,0,-80.0,0.0,0
2025-12-29,Mali,0.0,0.0,53.0,109.0,1455.0,2,56.0,0.009174311926605505,1
2025-12-30,Nigeria,3.0,1.0,38.0,85.0,1502.0,1,47.0,0.03529411764705882,3
2025-12-30,Tunisia,1.0,1.0,41.0,112.0,1495.0,2,71.0,0.008928571428571428,1
2025-12-30,Senegal,3.0,0.0,19.0,92.0,1648.0,1,73.0,0.03260869565217391,3
2025-12-30,DR Congo,3.0,0.0,56.0,138.0,1444.0,1,82.0,0.021739130434782608,3
2025-12-31,Algeria,3.0,1.0,34.0,97.0,1518.0,1,63.0,0.030927835051546393,3
2025-12-31,Burkina Faso,2.0,0.0,62.0,117.0,1405.0,1,55.0,0.02564102564102564,3
2025-12-31,Ivory Coast,3.0,2.0,42.0,78.0,1490.0,1,36.0,0.038461538461538464,3
2025-12-31,Cameroon,2.0,1.0,57.0,102.0,1440.0,1,45.0,0.029411764705882353,3
2026-01-03,Sudan,1.0,3.0,117.0,19.0,1154.0,0,-98.0,0.0,0
2026-01-03,Tunisia,1.0,1.0,41.0,53.0,1495.0,2,12.0,0.018867924528301886,1
2026-01-04,Tanzania,0.0,1.0,112.0,11.0,1181.0,0,-101.0,0.0,0
2026-01-04,Cameroon,2.0,1.0,57.0,61.0,1440.0,1,4.0,0.04918032786885246,3
2026-01-05,Benin,1.0,3.0,92.0,35.0,1256.0,0,-57.0,0.0,0
2026-01-05,Mozambique,0.0,4.0,102.0,38.0,1223.0,0,-64.0,0.0,0
2026-01-06,DR Congo,0.0,1.0,56.0,34.0,1444.0,0,-22.0,0.0,0
2026-01-06,Burkina Faso,0.0,3.0,62.0,42.0,1405.0,0,-20.0,0.0,0
2026-01-09,Senegal,1.0,0.0,19.0,53.0,1648.0,1,34.0,0.05660377358490566,3
2026-01-09,Cameroon,0.0,2.0,57.0,11.0,1440.0,0,-46.0,0.0,0
2026-01-10,Nigeria,2.0,0.0,38.0,34.0,1502.0,1,-4.0,0.08823529411764706,3
2026-01-10,Ivory Coast,2.0,3.0,42.0,35.0,1490.0,0,-7.0,0.0,0
2026-01-14,Egypt,0.0,1.0,35.0,19.0,1515.0,0,-16.0,0.0,0
2026-01-14,Nigeria,0.0,0.0,38.0,11.0,1502.0,2,-27.0,0.09090909090909091,1
2026-01-17,Nigeria,0.0,0.0,38.0,35.0,1502.0,2,-3.0,0.02857142857142857,1
2026-01-18,Senegal,0.0,3.0,19.0,11.0,1648.0,0,-8.0,0.0,0
2026-01-18,Panama,1.0,1.0,30.0,76.0,1540.0,2,46.0,0.013157894736842105,1
2026-01-18,Jamaica,1.0,0.0,70.0,164.0,1362.0,1,94.0,0.018292682926829267,3
2026-01-22,Mexico,1.0,0.0,16.0,33.0,1676.0,1,17.0,0.09090909090909091,3
2026-01-25,Mexico,1.0,0.0,16.0,76.0,1676.0,1,60.0,0.039473684210526314,3
2026-02-25,Iceland,0.0,4.0,74.0,16.0,1345.0,0,-58.0,0.0,0
2026-03-15,Trinidad and Tobago,0.0,3.0,97.0,76.0,1227.0,0,-21.0,0.0,0
2026-03-25,Namibia,0.0,2.0,118.0,114.0,1153.0,0,-4.0,0.0,0
2026-03-25,Kyrgyzstan,0.0,1.0,103.0,107.0,1201.0,0,4.0,0.0,0
2026-03-25,Guam,0.0,4.0,201.0,156.0,823.0,0,-45.0,0.0,0
2026-03-25,DR Congo,2.0,0.0,48.0,169.0,1468.0,1,121.0,0.01775147928994083,3
2026-03-26,Belarus,1.0,0.0,98.0,128.0,1227.0,1,30.0,0.0234375,3
2026-03-26,France,2.0,1.0,3.0,5.0,1870.0,1,2.0,0.6,3
2026-03-26,Croatia,2.0,1.0,11.0,14.0,1717.0,1,3.0,0.21428571428571427,3
2026-03-26,Lithuania,2.0,0.0,146.0,158.0,1056.0,1,12.0,0.0189873417721519,3
2026-03-26,Sweden,3.0,1.0,42.0,30.0,1487.0,1,-12.0,0.1,3
2026-03-26,Jamaica,1.0,0.0,70.0,150.0,1362.0,1,80.0,0.02,3
2026-03-26,Suriname,1.0,2.0,123.0,76.0,1141.0,0,-47.0,0.0,0
2026-03-26,Northern Ireland,0.0,2.0,69.0,13.0,1366.0,0,-56.0,0.0,0
2026-03-26,Bosnia and Herzegovina,1.0,1.0,71.0,35.0,1362.0,2,-36.0,0.02857142857142857,1
2026-03-26,Bangladesh,0.0,3.0,180.0,108.0,911.0,0,-72.0,0.0,0
2026-03-26,Albania,1.0,2.0,63.0,34.0,1401.0,0,-29.0,0.0,0
2026-03-26,Israel,2.0,2.0,77.0,73.0,1328.0,2,-4.0,0.0136986301369863,1
2026-03-26,Kosovo,4.0,3.0,79.0,44.0,1309.0,1,-35.0,0.06818181818181818,3
2026-03-26,Macau,1.0,4.0,193.0,191.0,865.0,0,-2.0,0.0,0
2026-03-26,Republic of Ireland,2.0,2.0,59.0,43.0,1436.0,2,-16.0,0.023255813953488372,1
2026-03-26,North Macedonia,0.0,4.0,66.0,21.0,1379.0,0,-45.0,0.0,0
2026-03-26,Romania,0.0,1.0,49.0,25.0,1466.0,0,-24.0,0.0,0
2026-03-26,Liechtenstein,1.0,0.0,205.0,110.0,800.0,1,-95.0,0.02727272727272727,3
2026-03-26,Anguilla,3.0,1.0,209.0,206.0,760.0,1,-3.0,0.014563106796116505,3
2026-03-26,British Virgin Islands,1.0,1.0,208.0,195.0,777.0,2,-13.0,0.005128205128205128,1
2026-03-26,El Salvador,2.0,2.0,99.0,142.0,1227.0,2,43.0,0.007042253521126761,1
2026-03-27,Togo,2.0,2.0,124.0,80.0,1140.0,2,-44.0,0.0125,1
2026-03-27,Mauritania,1.0,2.0,115.0,2.0,1171.0,0,-113.0,0.0,0
2026-03-27,Ghana,1.0,5.0,72.0,24.0,1351.0,0,-48.0,0.0,0
2026-03-27,Paraguay,1.0,0.0,40.0,46.0,1502.0,1,6.0,0.06521739130434782,3
2026-03-27,Guatemala,0.0,7.0,94.0,28.0,1246.0,0,-66.0,0.0,0
2026-03-27,Uruguay,1.0,1.0,17.0,4.0,1673.0,2,-13.0,0.25,1
2026-03-27,Panama,1.0,1.0,33.0,60.0,1539.0,2,27.0,0.016666666666666666,1
2026-03-27,Andorra,0.0,2.0,172.0,82.0,949.0,0,-90.0,0.0,0
2026-03-27,Ecuador,1.0,1.0,23.0,8.0,1592.0,2,-15.0,0.125,1
2026-03-27,Norway,1.0,2.0,32.0,7.0,1553.0,0,-25.0,0.0,0
2026-03-27,Egypt,4.0,0.0,31.0,61.0,1557.0,1,30.0,0.04918032786885246,3
2026-03-27,Serbia,0.0,3.0,39.0,1.0,1506.0,0,-38.0,0.0,0
2026-03-27,Niger,0.0,0.0,111.0,112.0,1185.0,2,1.0,0.008928571428571428,1
2026-03-27,Germany,4.0,3.0,10.0,18.0,1724.0,1,8.0,0.16666666666666666,3
2026-03-27,Nicaragua,1.0,3.0,131.0,36.0,1117.0,0,-95.0,0.0,0
2026-03-27,Gabon,1.0,3.0,86.0,52.0,1276.0,0,-34.0,0.0,0
2026-03-27,Jordan,2.0,2.0,64.0,51.0,1389.0,2,-13.0,0.0196078431372549,1
2026-03-27,Benin,1.0,0.0,92.0,140.0,1250.0,1,48.0,0.02142857142857143,3
2026-03-27,Saint Kitts and Nevis,0.0,4.0,154.0,122.0,1035.0,0,-32.0,0.0,0
2026-03-27,Cameroon,0.0,1.0,45.0,27.0,1482.0,0,-18.0,0.0,0
2026-03-27,Saint Lucia,1.0,6.0,167.0,127.0,980.0,0,-40.0,0.0,0
2026-03-27,Cape Verde,2.0,4.0,67.0,55.0,1370.0,0,-12.0,0.0,0
2026-03-27,Bulgaria,10.0,2.0,87.0,152.0,1272.0,1,65.0,0.019736842105263157,3
2026-03-27,Estonia,1.0,1.0,129.0,113.0,1123.0,2,-16.0,0.008849557522123894,1
2026-03-27,Grenada,0.0,4.0,164.0,130.0,990.0,0,-34.0,0.0,0
2026-03-27,Trinidad and Tobago,1.0,4.0,97.0,50.0,1227.0,0,-47.0,0.0,0
2026-03-27,Dominica,0.0,2.0,183.0,151.0,901.0,0,-32.0,0.0,0
2026-03-27,Nigeria,2.0,1.0,26.0,20.0,1582.0,1,-6.0,0.15,3
2026-03-27,Finland,2.0,0.0,75.0,85.0,1342.0,1,10.0,0.03529411764705882,3
2026-03-28,Portugal,0.0,0.0,6.0,16.0,1760.0,2,10.0,0.0625,1
2026-03-28,Japan,1.0,0.0,19.0,38.0,1650.0,1,19.0,0.07894736842105263,3
2026-03-28,Guinea-Bissau,0.0,5.0,133.0,62.0,1108.0,0,-71.0,0.0,0
2026-03-28,Iceland,2.0,2.0,74.0,29.0,1345.0,2,-45.0,0.034482758620689655,1
2026-03-28,Slovenia,0.0,1.0,57.0,41.0,1447.0,0,-16.0,0.0,0
2026-03-28,South Korea,0.0,4.0,22.0,37.0,1599.0,0,15.0,0.0,0
2026-03-28,Faroe Islands,2.0,1.0,125.0,210.0,1135.0,1,85.0,0.014285714285714285,3
2026-03-28,Guam,6.0,0.0,201.0,184.0,823.0,1,-17.0,0.016304347826086956,3
2026-03-28,Peru,0.0,2.0,53.0,12.0,1460.0,0,-41.0,0.0,0
2026-03-28,Madagascar,5.0,2.0,104.0,103.0,1199.0,1,-1.0,0.02912621359223301,3
2026-03-28,Zimbabwe,3.0,0.0,132.0,144.0,1114.0,1,12.0,0.020833333333333332,3
2026-03-28,Comoros,0.0,0.0,106.0,118.0,1193.0,2,12.0,0.00847457627118644,1
2026-03-28,Belgium,5.0,2.0,9.0,15.0,1731.0,1,6.0,0.2,3
2026-03-28,Tunisia,1.0,0.0,47.0,83.0,1479.0,1,36.0,0.03614457831325301,3
2026-03-29,Liechtenstein,1.0,4.0,205.0,191.0,800.0,0,-14.0,0.0,0
2026-03-29,Belarus,2.0,1.0,98.0,105.0,1227.0,1,7.0,0.02857142857142857,3
2026-03-29,France,3.0,1.0,3.0,14.0,1870.0,1,11.0,0.21428571428571427,3
2026-03-29,Georgia,2.0,0.0,73.0,146.0,1348.0,1,73.0,0.02054794520547945,3
2026-03-29,Cuba,1.0,1.0,166.0,142.0,980.0,2,-24.0,0.007042253521126761,1
2026-03-29,Tanzania,6.0,0.0,110.0,193.0,1186.0,1,83.0,0.015544041450777202,3
2026-03-29,Saint Vincent and the Grenadines,3.0,2.0,171.0,178.0,964.0,1,7.0,0.016853932584269662,3
2026-03-29,Anguilla,0.0,4.0,209.0,208.0,760.0,0,-1.0,0.0,0
2026-03-29,Bahamas,0.0,1.0,206.0,195.0,797.0,0,-11.0,0.0,0
2026-03-30,Finland,1.0,1.0,75.0,67.0,1342.0,2,-8.0,0.014925373134328358,1
2026-03-30,Moldova,2.0,3.0,158.0,128.0,1013.0,0,-30.0,0.0,0
2026-03-30,Ghana,1.0,2.0,72.0,10.0,1351.0,0,-62.0,0.0,0
2026-03-30,Sierra Leone,1.0,1.0,120.0,127.0,1149.0,2,7.0,0.007874015748031496,1
2026-03-30,Bulgaria,1.0,0.0,87.0,122.0,1272.0,1,35.0,0.02459016393442623,3
2026-03-30,Estonia,0.0,2.0,129.0,130.0,1123.0,0,1.0,0.0,0
2026-03-30,Solomon Islands,2.0,4.0,152.0,154.0,1040.0,0,2.0,0.0,0
2026-03-30,Kenya,3.0,0.0,113.0,164.0,1180.0,1,51.0,0.018292682926829267,3
2026-03-30,Trinidad and Tobago,2.0,2.0,97.0,86.0,1227.0,2,-11.0,0.011627906976744186,1
2026-03-30,Venezuela,0.0,0.0,50.0,52.0,1465.0,2,2.0,0.019230769230769232,1
2026-03-30,Belize,1.0,3.0,181.0,151.0,911.0,0,-30.0,0.0,0
2026-03-30,Chile,1.0,4.0,55.0,85.0,1458.0,0,30.0,0.0,0
2026-03-31,Japan,1.0,0.0,19.0,4.0,1650.0,1,-15.0,0.75,3
2026-03-31,Zambia,0.0,5.0,91.0,2.0,1257.0,0,-89.0,0.0,0
2026-03-31,South Korea,0.0,1.0,22.0,24.0,1599.0,0,2.0,0.0,0
2026-03-31,Guinea,0.0,1.0,80.0,92.0,1307.0,0,12.0,0.0,0
2026-03-31,Croatia,1.0,3.0,11.0,5.0,1717.0,0,-6.0,0.0,0
2026-03-31,Guinea-Bissau,1.0,1.0,133.0,62.0,1108.0,2,-71.0,0.016129032258064516,1
2026-03-31,Tunisia,0.0,0.0,47.0,29.0,1479.0,2,-18.0,0.034482758620689655,1
2026-03-31,Iran,5.0,0.0,20.0,51.0,1617.0,1,31.0,0.058823529411764705,3
2026-03-31,Madagascar,1.0,1.0,104.0,107.0,1199.0,2,3.0,0.009345794392523364,1
2026-03-31,Paraguay,1.0,2.0,40.0,8.0,1502.0,0,-32.0,0.0,0
2026-03-31,Greece,0.0,0.0,46.0,41.0,1480.0,2,-5.0,0.024390243902439025,1
2026-03-31,Scotland,0.0,1.0,38.0,37.0,1507.0,0,-1.0,0.0,0
2026-03-31,Nigeria,2.0,2.0,26.0,64.0,1582.0,2,38.0,0.015625,1
2026-03-31,Libya,2.0,2.0,112.0,140.0,1183.0,2,28.0,0.007142857142857143,1
2026-03-31,Malawi,0.0,1.0,126.0,144.0,1134.0,0,18.0,0.0,0
2026-03-31,Belgium,1.0,1.0,9.0,16.0,1731.0,2,7.0,0.0625,1
2026-03-31,Slovenia,3.0,2.0,57.0,82.0,1447.0,1,25.0,0.036585365853658534,3
2026-03-31,Uruguay,0.0,0.0,17.0,28.0,1673.0,2,11.0,0.03571428571428571,1
2026-03-31,Iceland,1.0,1.0,74.0,83.0,1345.0,2,9.0,0.012048192771084338,1
2026-03-31,Ecuador,1.0,1.0,23.0,7.0,1592.0,2,-16.0,0.14285714285714285,1
2026-03-31,Togo,1.0,0.0,124.0,111.0,1140.0,1,-13.0,0.02702702702702703,3
2026-03-31,Switzerland,0.0,0.0,18.0,32.0,1655.0,2,14.0,0.03125,1
2026-03-31,Egypt,0.0,0.0,31.0,1.0,1557.0,2,-30.0,1.0,1
2026-03-31,Mali,0.0,0.0,54.0,36.0,1458.0,2,-18.0,0.027777777777777776,1
2026-03-31,North Macedonia,0.0,0.0,66.0,59.0,1379.0,2,-7.0,0.01694915254237288,1
2026-03-31,Andorra,0.0,0.0,172.0,210.0,949.0,2,38.0,0.004761904761904762,1
2026-03-31,Gambia,1.0,3.0,116.0,12.0,1162.0,0,-104.0,0.0,0
2026-03-31,Saudi Arabia,1.0,2.0,61.0,39.0,1429.0,0,-22.0,0.0,0
2026-03-31,Romania,0.0,2.0,49.0,44.0,1466.0,0,-5.0,0.0,0
2026-03-31,Panama,2.0,1.0,33.0,60.0,1539.0,1,27.0,0.05,3
2026-03-31,Albania,0.0,1.0,63.0,30.0,1401.0,0,-33.0,0.0,0
2026-03-31,Northern Ireland,1.0,1.0,69.0,35.0,1366.0,2,-34.0,0.02857142857142857,1
2026-03-31,Jamaica,0.0,1.0,70.0,48.0,1362.0,0,-22.0,0.0,0
2026-03-31,Bolivia,1.0,2.0,76.0,58.0,1331.0,0,-18.0,0.0,0
2026-03-31,Italy,1.0,1.0,13.0,71.0,1702.0,2,58.0,0.014084507042253521,1
2026-03-31,Poland,2.0,3.0,34.0,42.0,1532.0,0,8.0,0.0,0
2026-03-31,Turkey,1.0,0.0,25.0,79.0,1583.0,1,54.0,0.0379746835443038,3
2026-03-31,Denmark,2.0,2.0,21.0,43.0,1617.0,2,22.0,0.023255813953488372,1
2026-03-31,Honduras,2.0,2.0,65.0,53.0,1380.0,2,-12.0,0.018867924528301886,1
2026-03-31,Portugal,2.0,0.0,6.0,15.0,1760.0,1,9.0,0.2,3
2026-03-31,Curaçao,1.0,5.0,81.0,27.0,1303.0,0,-54.0,0.0,0
2026-03-31,Comoros,0.0,1.0,106.0,114.0,1193.0,0,8.0,0.0,0
